Date,Open,High,Low,Close,Volume,Daily_Return,Log_Return,Volatility_7D,Volatility_30D,Annualized_Volatility_7D,Annualized_Volatility_30D,Absolute_Return
2010-01-04,1117.699951171875,1122.300048828125,1097.0999755859375,1117.699951171875,184,,,,,,,
2010-01-05,1118.0999755859375,1126.5,1115.0,1118.0999755859375,53,0.0003578996434983,0.0003578356126981,,,,,0.0003578996434983
2010-01-06,1135.9000244140625,1139.199951171875,1120.699951171875,1135.9000244140625,363,0.0159199080733338,0.0157945154125098,,,,,0.0159199080733338
2010-01-07,1133.0999755859375,1133.0999755859375,1129.199951171875,1133.0999755859375,56,-0.0024650486556414,-0.002468091890255,,,,,0.0024650486556414
2010-01-08,1138.199951171875,1138.199951171875,1122.699951171875,1138.199951171875,54,0.0045009052120932,0.0044908064293332,,,,,0.0045009052120932
2010-01-11,1150.699951171875,1161.199951171875,1143.0,1150.699951171875,177,0.0109822531508019,0.0109223861264037,,,,,0.0109822531508019
2010-01-12,1128.9000244140625,1157.199951171875,1127.199951171875,1128.9000244140625,51,-0.0189449271598659,-0.0191266815020835,,,,,0.0189449271598659
2010-01-13,1136.4000244140625,1136.4000244140625,1121.0,1136.4000244140625,58,0.0066436352536114,0.0066216635698019,0.011271679871700717,,0.17893237079071517,,0.0066436352536114
2010-01-14,1137.0,1145.9000244140625,1132.800048828125,1142.5999755859375,81,0.0054557823290013,0.0054409534595294,0.011280337800906629,,0.17906981115600104,,0.0054557823290013
2010-01-15,1132.800048828125,1133.4000244140625,1127.199951171875,1130.0999755859375,50,-0.0109399617250909,-0.011000243160598,0.010771831747692553,,0.1709975278141485,,0.0109399617250909
2010-01-19,1139.699951171875,1139.699951171875,1130.5,1139.699951171875,22,0.0084948020470136,0.008458924256074,0.011254984377576884,,0.17866733803791315,,0.0084948020470136
2010-01-20,1123.300048828125,1133.0,1109.800048828125,1112.300048828125,28,-0.0240413297513758,-0.0243350395224016,0.014444692369423444,,0.2293023826459606,,0.0240413297513758
2010-01-21,1102.699951171875,1107.5,1090.199951171875,1102.699951171875,99,-0.0086308524991653,-0.0086683140122081,0.013074025620311685,,0.20754372255499015,,0.0086308524991653
2010-01-22,1089.199951171875,1095.4000244140625,1083.0,1089.199951171875,58,-0.012242677607497,-0.0123182365138595,0.01218258633734042,,0.19339256264505592,,0.012242677607497
2010-01-25,1095.199951171875,1095.199951171875,1095.199951171875,1095.199951171875,8,0.0055086304342417,0.00549351342023,0.012007504509886455,,0.19061322479787643,,0.0055086304342417
2010-01-26,1097.9000244140625,1097.9000244140625,1097.9000244140625,1097.9000244140625,4,0.002465370126522,0.002462336087255,0.011611915100059477,,0.18433343759971849,,0.002465370126522
2010-01-27,1084.4000244140625,1084.4000244140625,1084.4000244140625,1084.4000244140625,206694,-0.0122962015664448,-0.0123724253393409,0.011726099853353374,,0.18614606436410397,,0.0122962015664448
2010-01-28,1087.800048828125,1095.699951171875,1073.199951171875,1083.5999755859375,101168,-0.00073778016425,-0.0007380524579723,0.010277327182131734,,0.16314751119818874,,0.00073778016425
2010-01-29,1085.0,1090.800048828125,1074.5,1083.0,11456,-0.0005536873379985,-0.0005538406794374,0.007218272692502231,,0.11458652663885707,,0.0005536873379985
2010-02-01,1081.0,1107.300048828125,1076.800048828125,1104.300048828125,2452,0.0196676351136888,0.0194767262684523,0.01099015367022118,,0.17446328089073407,,0.0196676351136888
2010-02-02,1117.4000244140625,1118.5,1100.199951171875,1117.4000244140625,3326,0.0118626958314809,0.0117928856045962,0.010165764465276915,,0.16137650797188136,,0.0118626958314809
2010-02-03,1115.800048828125,1124.9000244140625,1108.5999755859375,1111.4000244140625,853,-0.0053696079012941,-0.0053840760612736,0.010662941133126274,,0.16926894289664035,,0.0053696079012941
2010-02-04,1110.0,1110.699951171875,1059.0,1062.4000244140625,1426,-0.0440885360118946,-0.0450899811104923,0.020454539877781543,,0.3247057541931808,,0.0440885360118946
2010-02-05,1052.199951171875,1068.5,1045.199951171875,1052.199951171875,1956,-0.0096009723341384,-0.0096473588113124,0.020308218944659746,,0.3223829813893217,,0.0096009723341384
2010-02-08,1065.699951171875,1073.4000244140625,1061.5999755859375,1065.699951171875,549,0.0128302610021646,0.0127486505180591,0.02130742869457688,,0.33824494442455233,,0.0128302610021646
2010-02-09,1076.699951171875,1082.0,1063.0999755859375,1076.699951171875,387,0.0103218546532766,0.0102689480628548,0.021835634515673722,,0.3466299518866259,,0.0103218546532766
2010-02-10,1075.800048828125,1081.0999755859375,1063.300048828125,1075.800048828125,640,-0.0008357967721374,-0.0008361462449986,0.01995393614312729,,0.3167589162694689,,0.0008357967721374
2010-02-11,1076.800048828125,1097.0999755859375,1075.5999755859375,1094.199951171875,1491,0.0171034592941254,0.0169588417783513,0.02071268938405986,,0.3288037505613,,0.0171034592941254
2010-02-12,1089.5,1092.0,1079.800048828125,1089.5,197,-0.0042953311840686,-0.0043045826205526,0.02069449744406914,,0.32851496246681244,,0.0042953311840686
2010-02-16,1119.300048828125,1120.4000244140625,1092.4000244140625,1119.300048828125,928,0.0273520411455943,0.0269846581343513,0.013062305627570681,,0.20735767343802905,,0.0273520411455943
2010-02-17,1119.5,1127.0,1108.5,1119.5,1083,0.0001786394739142,0.0001786235197834,0.011329826460744319,0.014310169569431028,0.17985541927589144,0.2271668993992725,0.0001786394739142
2010-02-18,1118.0,1123.699951171875,1100.800048828125,1118.0,989,-0.0013398838767306,-0.001340782323765,0.011778165781984064,0.01431268999828402,0.18697258535772263,0.227206909966926,0.0013398838767306
2010-02-19,1121.300048828125,1126.199951171875,1099.699951171875,1121.300048828125,137,0.0029517431378578,0.0029473952977853,0.011753442848968662,0.014010974804892336,0.18658012096308946,0.22241732975602108,0.0029517431378578
2010-02-22,1112.5999755859375,1127.4000244140625,1110.0,1112.5999755859375,124,-0.0077589163143977,-0.0077891733148895,0.012667821932246465,0.014071925762080929,0.20109543891344317,0.22338489620537524,0.0077589163143977
2010-02-23,1116.4000244140625,1118.300048828125,1102.5999755859375,1102.699951171875,152,-0.0088980987158918,-0.0089379232138245,0.012294431010115266,0.014119892587704132,0.19516804178283376,0.22414634595605643,0.0088980987158918
2010-02-24,1096.5,1096.5,1096.5,1096.5,751,-0.005622518768851,-0.0056383846261728,0.012402520647526573,0.01396022634091281,0.1968839115821945,0.221611722865371,0.005622518768851
2010-02-25,1107.800048828125,1108.199951171875,1088.699951171875,1107.800048828125,386,0.0103055620867533,0.0102528218177206,0.0067443745334050285,0.013720081957496494,0.10706362658440195,0.2177995489617599,0.0103055620867533
2010-02-26,1106.800048828125,1118.300048828125,1106.800048828125,1118.300048828125,382,0.0094782447528389,0.0094336080212922,0.007931244828240936,0.013780864541067563,0.12590460841615628,0.2187644425627982,0.0094782447528389
2010-03-01,1119.300048828125,1121.9000244140625,1113.5999755859375,1117.800048828125,184,-0.0004471071967885,-0.0004472071790142,0.00791563931946387,0.013735811795127078,0.12565687864431577,0.2180492523929636,0.0004471071967885
2010-03-02,1136.9000244140625,1137.4000244140625,1115.699951171875,1136.9000244140625,155,0.0170871128570457,0.0169427700913581,0.010251996846346208,0.013962314005050241,0.16274540458350317,0.22164486350614304,0.0170871128570457
2010-03-03,1142.699951171875,1145.0,1133.699951171875,1142.699951171875,170,0.0051015275162842,0.0050885588128825,0.009317065291991352,0.013907232080105764,0.14790382626936308,0.22077046505531617,0.0051015275162842
2010-03-04,1132.5999755859375,1139.0,1128.5999755859375,1132.5999755859375,118,-0.0088386943357962,-0.0088779872982455,0.00930352750389819,0.01325587159343852,0.1476889205457847,0.21043043788586296,0.0088386943357962
2010-03-05,1134.800048828125,1134.800048828125,1134.800048828125,1134.800048828125,129,0.0019424980483946,0.0019406138387151,0.008414485311329833,0.01313959438715087,0.13357581326630788,0.2085845944599681,0.0019424980483946
2010-03-08,1123.5999755859375,1123.5999755859375,1123.5999755859375,1123.5999755859375,17,-0.0098696446600909,-0.0099186724609921,0.009639264791106963,0.013063792307149488,0.15301858475261998,0.20738127374469761,0.0098696446600909
2010-03-09,1122.0,1124.0,1113.0999755859375,1122.0,27,-0.0014239726065347,-0.0014249874190179,0.009107928888342885,0.013044789129552462,0.1445838887844975,0.2070796076524473,0.0014239726065347
2010-03-10,1107.800048828125,1127.0999755859375,1106.9000244140625,1107.800048828125,21,-0.0126559279606729,-0.0127366964069781,0.01039867327696177,0.013271942705774115,0.16507382073512356,0.21068555888505597,0.0126559279606729
2010-03-11,1108.0,1108.0,1108.0,1108.0,46,0.0001804939186331,0.0001804776315656,0.006760256282816473,0.013054565794219736,0.10731574154036591,0.20723480739261496,0.0001804939186331
2010-03-12,1101.5,1117.4000244140625,1099.9000244140625,1101.5,135,-0.0058664259927797,-0.0058837010648312,0.005557300937921232,0.013108878258354125,0.08821941745491348,0.20809699103175922,0.0058664259927797
2010-03-15,1105.0999755859375,1107.0999755859375,1101.4000244140625,1105.0999755859375,21,0.0032682483757944,0.0032629192601636,0.006100388633169258,0.013115548371816287,0.09684066734526656,0.208202875800384,0.0032682483757944
2010-03-16,1122.199951171875,1127.0,1114.5,1122.199951171875,66,0.0154736910358457,0.0153551943032372,0.009373912840942654,0.012928045151364772,0.14880625313237536,0.20522635445235343,0.0154736910358457
2010-03-17,1124.0,1131.4000244140625,1118.0,1124.0,29,0.0016040357391258,0.0016027506478376,0.008653411216805495,0.012754861320885335,0.13736864443226504,0.20247714637307648,0.0016040357391258
2010-03-18,1127.4000244140625,1127.800048828125,1121.0999755859375,1127.4000244140625,86,0.0030249327527247,0.0030203668490292,0.008687603323052495,0.012718774689949286,0.1379114272918514,0.20190428886641074,0.0030249327527247
2010-03-19,1107.4000244140625,1107.4000244140625,1107.4000244140625,1107.4000244140625,54,-0.0177399322040945,-0.0178991708675081,0.010091184318183354,0.01018745894698863,0.1601925848401683,0.16172089719247118,0.0177399322040945
2010-03-22,1099.300048828125,1099.300048828125,1099.300048828125,1099.300048828125,71,-0.007314407989311,-0.00734128943287,0.010458788287959955,0.010110316301926884,0.16602811695010222,0.16049629566660453,0.007314407989311
2010-03-23,1103.5,1103.5,1103.5,1103.5,16,0.0038205685302681,0.0038132886945037,0.010360097606566315,0.00989395424248544,0.16446145095197973,0.15706165445201353,0.0038205685302681
2010-03-24,1088.5999755859375,1092.4000244140625,1085.5,1088.5999755859375,9,-0.0135025141948912,-0.0135945021237195,0.011443242514412817,0.010091499800559067,0.18165584331202664,0.16019759296762326,0.0135025141948912
2010-03-25,1092.699951171875,1092.699951171875,1086.699951171875,1092.699951171875,8,0.003766283003755,0.0037592083178716,0.009054529135384742,0.01010679036324394,0.1437361939861003,0.16044032312524575,0.003766283003755
2010-03-26,1104.199951171875,1104.199951171875,1104.199951171875,1104.199951171875,5,0.0105243895981388,0.0104693937386369,0.010455173944347803,0.00980243791117209,0.16597074102399928,0.15560887773067683,0.0105243895981388
2010-03-29,1110.300048828125,1110.300048828125,1110.300048828125,1110.300048828125,158733,0.0055244502137281,0.005509246408055,0.010714334123008934,0.009805938019523414,0.1700847813188098,0.15566444022823314,0.0055244502137281
2010-03-30,1109.699951171875,1112.9000244140625,1101.0999755859375,1104.5,56533,-0.0052238571314544,-0.0052375491774631,0.008488666420084157,0.008461714458002841,0.13475340186076576,0.1343255527266913,0.0052238571314544
2010-03-31,1103.0999755859375,1118.699951171875,1102.0,1113.300048828125,5950,0.0079674502744453,0.0079358777333991,0.008361254678107425,0.008598746659297885,0.13273080316048597,0.1365008714840979,0.0079674502744453
2010-04-01,1125.0999755859375,1127.699951171875,1111.300048828125,1125.0999755859375,2696,0.010599053480895,0.0105432772839947,0.008997259955012769,0.008815297336718271,0.14282707393178384,0.13993850691627938,0.010599053480895
2010-04-05,1122.300048828125,1133.300048828125,1119.9000244140625,1132.9000244140625,567,0.0069327606411713,0.0069088395519363,0.005431881769814363,0.008887063851826778,0.0862284498842052,0.14107776502491257,0.0069327606411713
2010-04-06,1130.800048828125,1138.5,1122.699951171875,1135.0999755859375,2490,0.0019418758270508,0.0019399928234989,0.00558330986504601,0.008756184925017221,0.08863229637315206,0.1390001264717299,0.0019418758270508
2010-04-07,1152.300048828125,1153.0,1132.5999755859375,1152.300048828125,1342,0.0151529148199556,0.0150392561414567,0.006483609999400313,0.008945639274394986,0.10292411793806922,0.14200762103124856,0.0151529148199556
2010-04-08,1152.199951171875,1152.300048828125,1144.0,1152.199951171875,254,-8.686770112675823e-05,-8.687147434402314e-05,0.006903902345902946,0.008850102874654419,0.10959605209880774,0.14049102770204058,8.686770112675823e-05
2010-04-09,1161.0999755859375,1164.800048828125,1150.5,1161.0999755859375,505,0.007724374927295,0.0076946946861798,0.005106858823124246,0.008775698408153947,0.08106887056021649,0.13930989341328448,0.007724374927295
2010-04-12,1161.5999755859375,1169.0,1154.5999755859375,1161.5999755859375,483,0.0004306261394482,0.0004305334466219,0.005675061787556931,0.008650360639761318,0.09008881298880786,0.13732021802298022,0.0004306261394482
2010-04-13,1152.800048828125,1157.0,1145.0,1152.800048828125,278,-0.0075756946821332,-0.007604536011493,0.007220399288276864,0.008796769901271938,0.11462028530021011,0.13964439299654258,0.0075756946821332
2010-04-14,1159.0,1160.5999755859375,1151.199951171875,1159.0,162,0.0053781669927734,0.0053637562983291,0.007120537061133122,0.008307562180308084,0.11303502158986178,0.13187846118180432,0.0053781669927734
2010-04-15,1157.5,1159.800048828125,1151.0,1159.699951171875,179,0.0006039268092106,0.0006037445188048,0.0071801742418419546,0.008265407423051587,0.11398173248415333,0.13120927515613043,0.0006039268092106
2010-04-16,1136.300048828125,1160.0,1130.4000244140625,1136.300048828125,483,-0.0201775487876018,-0.0203838959634375,0.009370595147961102,0.008940092983328526,0.1487535863890415,0.1419195763900848,0.0201775487876018
2010-04-19,1135.199951171875,1137.0999755859375,1124.0,1135.199951171875,145,-0.0009681401117465,-0.000968609062082,0.009347163648481283,0.008935733477661644,0.14838162286622783,0.1418503713830823,0.0009681401117465
2010-04-20,1138.5999755859375,1145.800048828125,1136.0,1138.5999755859375,80,0.0029950885837799,0.0029906122417675,0.008666213921035466,0.008750012257661742,0.13757188106127474,0.13890213841523877,0.0029950885837799
2010-04-21,1148.199951171875,1150.0,1138.4000244140625,1148.199951171875,68,0.008431385729652,0.0083960401329297,0.00963091654800233,0.008860401967810358,0.15288606050178496,0.1406545207373612,0.008431385729652
2010-04-22,1142.300048828125,1144.0,1133.5999755859375,1142.300048828125,213,-0.0051383927840515,-0.0051516397223859,0.009421328153476332,0.008567977125106804,0.14955894788417848,0.1360124202715365,0.0051383927840515
2010-04-23,1153.0999755859375,1153.0999755859375,1153.0999755859375,1153.0999755859375,40,0.0094545445996365,0.0094101301191763,0.01000829297107327,0.00870147624734621,0.1588767254984138,0.13813165313768178,0.0094545445996365
2010-04-26,1160.0999755859375,1160.0999755859375,1151.4000244140625,1153.5,108,0.0003469121693973,0.0003468520092837,0.010003243967278815,0.008596671459079119,0.1587965750479613,0.13646792870190075,0.0003469121693973
2010-04-27,1152.800048828125,1170.699951171875,1148.5999755859375,1161.699951171875,213,0.007108756976051,0.0070836088740066,0.005429015716969104,0.008651184412365861,0.08618295270576765,0.13733329500767116,0.007108756976051
2010-04-28,1171.300048828125,1171.300048828125,1171.300048828125,1171.300048828125,299,0.0082638358093807,0.0082298772751341,0.005375665639391743,0.008350348524958256,0.08533604647959345,0.13255767334652746,0.0082638358093807
2010-04-29,1168.4000244140625,1171.199951171875,1164.0,1168.4000244140625,166,-0.0024759022395363,-0.0024789723540687,0.005992356001834844,0.00838112775909513,0.09512570248932184,0.13304627854095463,0.0024759022395363
2010-04-30,1180.0999755859375,1181.300048828125,1170.0,1180.0999755859375,146,0.0100136519406035,0.0099638475346921,0.006225315493388022,0.008525847943607211,0.09882381977053241,0.13534364024841675,0.0100136519406035
2010-05-03,1178.5999755859375,1187.5,1177.300048828125,1182.699951171875,90,0.0022031824758292,0.0022007590281972,0.004923424449805422,0.007707387159751453,0.07815694015800094,0.12235097809676879,0.0022031824758292
2010-05-04,1168.5999755859375,1191.800048828125,1168.300048828125,1168.5999755859375,94,-0.0119218535284173,-0.0119934887431519,0.007595491297672478,0.007946214199686925,0.12057468635397989,0.1261422398209305,0.0119218535284173
2010-05-05,1174.5999755859375,1177.199951171875,1159.199951171875,1174.5999755859375,98,0.0051343489006934,0.0051212130747999,0.007644140390446036,0.007959800545556563,0.12134696675990636,0.12635791637531352,0.0051343489006934
2010-05-06,1196.9000244140625,1210.5999755859375,1175.9000244140625,1196.9000244140625,79,0.0189852284110603,0.0188072579736531,0.009816367374018803,0.007971846486659278,0.15583000109821155,0.12654913976210663,0.0189852284110603
2010-05-07,1210.0,1210.800048828125,1194.5999755859375,1210.0,112,0.0109449204768381,0.0108854583137159,0.010045761837036968,0.008096286533996933,0.15947152530589914,0.12852456427246187,0.0109449204768381
2010-05-10,1200.4000244140625,1203.800048828125,1189.199951171875,1200.4000244140625,118,-0.0079338641206094,-0.0079655046863022,0.010873083759626735,0.008239170894840882,0.17260485367408526,0.13079278318266288,0.0079338641206094
2010-05-11,1219.9000244140625,1233.5,1201.5,1219.9000244140625,201,0.0162445848079004,0.0161140532633742,0.01168036635179935,0.008585640854588801,0.18542006753392715,0.1362928232841482,0.0162445848079004
2010-05-12,1242.699951171875,1246.5,1227.0999755859375,1242.699951171875,213,0.0186899961484661,0.0185174843521243,0.012686457312753203,0.008883590807813051,0.2013912664078905,0.14102263216039637,0.0186899961484661
2010-05-13,1235.300048828125,1240.0,1228.699951171875,1228.800048828125,37,-0.0111852441376877,-0.0112482693901463,0.012503503598105295,0.009266770213940944,0.19848696622552747,0.1471054166572113,0.0111852441376877
2010-05-14,1227.4000244140625,1227.4000244140625,1227.4000244140625,1227.4000244140625,99,-0.0011393427396081,-0.0011399922839632,0.012900522802697892,0.009197132777281814,0.20478945071193957,0.14599995662117088,0.0011393427396081
2010-05-17,1233.300048828125,1235.9000244140625,1225.199951171875,1227.699951171875,49,0.0002443594197871,0.0002443295688869,0.01173906066451,0.009178203085662844,0.1863518108627646,0.14569945708265725,0.0002443594197871
2010-05-18,1214.300048828125,1216.0999755859375,1208.199951171875,1214.300048828125,73,-0.0109146394694887,-0.0109746411440639,0.01237910296483198,0.009510082107358467,0.19651216739404662,0.15096787322325342,0.0109146394694887
2010-05-19,1192.5999755859375,1192.5999755859375,1192.5999755859375,1192.5999755859375,75,-0.0178704375933521,-0.0180320420529828,0.013982888964849161,0.009874626076139415,0.2219714808673216,0.15675482932331072,0.0178704375933521
2010-05-20,1187.800048828125,1191.800048828125,1179.4000244140625,1187.800048828125,297,-0.0040247583901334,-0.0040328795279187,0.011778516273103442,0.009918311603624932,0.1869781492317543,0.15744831557302685,0.0040247583901334
2010-05-21,1175.699951171875,1175.699951171875,1175.699951171875,1175.699951171875,177,-0.0101869819488455,-0.0102392243472093,0.006475186813437963,0.010041787050584573,0.10279040400624984,0.1594084275270934,0.0101869819488455
2010-05-24,1193.800048828125,1193.800048828125,1193.800048828125,1193.800048828125,14,0.0153951674814725,0.0152778642933914,0.010652197505508151,0.010405105798387274,0.16909839309550292,0.16517593384709345,0.0153951674814725
2010-05-25,1197.800048828125,1200.0,1195.5999755859375,1197.800048828125,9,0.0033506448621161,0.0033450439592239,0.010988035913858005,0.010286427173768908,0.17442966255068776,0.16329196908701712,0.0033506448621161
2010-05-26,1213.300048828125,1213.300048828125,1213.300048828125,1213.300048828125,237497,0.0129403901888003,0.0128573787066914,0.012621880217389653,0.010479929260966157,0.20036613679955337,0.16636371949239226,0.0129403901888003
2010-05-27,1211.699951171875,1218.5,1205.4000244140625,1211.9000244140625,109434,-0.0011538979293825,-0.0011545641821727,0.011944356019730248,0.010490486170023787,0.18961077359414125,0.16653130522827234,0.0011538979293825
2010-05-28,1210.4000244140625,1214.800048828125,1201.0999755859375,1212.199951171875,12895,0.0002474847361748,0.0002474541168793,0.009109000954806372,0.00966385384095563,0.1446009073120054,0.15340892381786964,0.0002474847361748
2010-06-01,1224.800048828125,1228.199951171875,1209.300048828125,1224.800048828125,4547,0.0103944053487785,0.0103407549730769,0.009052902065741664,0.009757505099361059,0.1437103650562521,0.15489559145612372,0.0103944053487785
2010-06-02,1220.5999755859375,1225.800048828125,1213.199951171875,1220.5999755859375,2799,-0.0034291909493358,-0.0034350841009711,0.007453868914860693,0.009818419169098171,0.11832650072397766,0.15586257233533918,0.0034291909493358
2010-06-03,1208.300048828125,1224.0,1201.0,1208.300048828125,1552,-0.0100769515024019,-0.0101280676648454,0.007957214144015845,0.01000397731158998,0.12631685852370977,0.15880821652799765,0.0100769515024019
2010-06-04,1207.5999755859375,1220.4000244140625,1196.9000244140625,1216.199951171875,1070,0.0065380303107756,0.0065167500940445,0.008152653193790875,0.009953736814287658,0.1294193572567628,0.15801067335836072,0.0065380303107756
2010-06-07,1239.300048828125,1244.699951171875,1211.0,1239.300048828125,859,0.0189936676399236,0.0188155399326858,0.009662013099229368,0.010340325869719022,0.1533797029488561,0.16414758435986523,0.0189936676399236
2010-06-08,1241.5,1252.0999755859375,1234.0999755859375,1244.0,763,0.00379242393827,0.003785250828535,0.009480498667405251,0.01033520800526643,0.1504982506730013,0.16406634078035345,0.00379242393827
2010-06-09,1237.0,1238.199951171875,1222.0,1228.5,446,-0.0124598070739549,-0.0125380813378909,0.011309755603498062,0.0106517015894614,0.17953680429465058,0.1690905206723177,0.0124598070739549
2010-06-10,1232.800048828125,1233.5,1215.0999755859375,1220.800048828125,488,-0.0062677665216728,-0.0062874914342162,0.010988739164561119,0.010683637749919131,0.17444082630950639,0.16959749150272618,0.0062677665216728
2010-06-11,1228.9000244140625,1229.5999755859375,1218.0,1228.9000244140625,481,0.0066349731831292,0.0066130586301318,0.01118536757872862,0.010698094755372077,0.17756220561696368,0.16982698934951337,0.0066349731831292
2010-06-14,1223.199951171875,1232.699951171875,1217.699951171875,1223.300048828125,989,-0.0045569008663723,-0.0045673151891933,0.010442367264870786,0.01064008664924511,0.16576744128989906,0.1689061392124866,0.0045569008663723
2010-06-15,1222.5999755859375,1236.0,1222.4000244140625,1233.199951171875,251,0.0080927834125681,0.0080602124493862,0.0105753638735898,0.010712298300537616,0.16787869700121194,0.1700524636389743,0.0080927834125681
2010-06-16,1229.300048828125,1229.300048828125,1229.300048828125,1229.300048828125,318,-0.0031624249904032,-0.0031674360237801,0.007530165269987787,0.01045145772322604,0.11953766781361941,0.16591174784256862,0.0031624249904032
2010-06-17,1233.9000244140625,1251.0999755859375,1233.9000244140625,1247.5,266,0.0148051333677443,0.0146966072321115,0.009597269373630967,0.010705743329034463,0.15235192816754503,0.16994840669228356,0.0148051333677443
2010-06-18,1247.699951171875,1261.5,1242.9000244140625,1257.199951171875,130,0.0077755119614228,0.0077454384589495,0.00797412594423557,0.010282038289209193,0.12658532502933256,0.16322229770454927,0.0077755119614228
2010-06-21,1257.4000244140625,1264.800048828125,1232.0,1239.699951171875,219,-0.0139198223669096,-0.0140176116275721,0.009820210722245624,0.010509979545013511,0.15589101235987146,0.16684075296288917,0.0139198223669096
2010-06-22,1239.9000244140625,1242.800048828125,1232.0999755859375,1239.9000244140625,172,0.0001613884408064,0.000161375419093,0.009640344350199585,0.010379474041423371,0.15303572222192802,0.16476904231954062,0.0001613884408064
2010-06-23,1233.9000244140625,1245.0999755859375,1226.9000244140625,1234.0999755859375,100,-0.0046778358850875,-0.0046888111998948,0.009652718836023364,0.010025885929367442,0.15323216109448012,0.15915600505324765,0.0046778358850875
2010-06-24,1236.4000244140625,1248.0999755859375,1230.699951171875,1245.5,253,0.0092375209785171,0.0091951160259858,0.009795690197162093,0.009570576452522702,0.155501761091545,0.15192819118143502,0.0092375209785171
2010-06-25,1246.699951171875,1256.9000244140625,1243.699951171875,1255.800048828125,159,0.0082698103798675,0.0082358028598602,0.009849457274056915,0.009436365802741525,0.1563552869766645,0.14979766316573076,0.0082698103798675
2010-06-28,1238.199951171875,1238.199951171875,1238.199951171875,1238.199951171875,351,-0.0140150477559496,-0.0141141859117286,0.010156527897888887,0.009811452392737598,0.16122988201022168,0.1557519781891999,0.0140150477559496
2010-06-29,1242.0,1245.0,1228.5,1242.0,417,0.0030690106428516,0.0030643108430572,0.009618442273514147,0.009824062285653936,0.15268803753329482,0.1559521540334946,0.0030690106428516
2010-06-30,1245.5,1246.199951171875,1236.699951171875,1245.5,73,0.002818035426731,0.002814072208811,0.008021151559062231,0.009594349064324492,0.1273318335218201,0.15230556969448714,0.002818035426731
2010-07-01,1206.300048828125,1242.4000244140625,1204.5,1206.300048828125,50,-0.0314732646903853,-0.031979191653301,0.014592019143348851,0.01076194872982933,0.23164112267756898,0.17084063976933514,0.0314732646903853
2010-07-02,1201.4000244140625,1211.5999755859375,1200.800048828125,1207.4000244140625,169,0.0009118590246315,0.0009114435337513,0.014690155186259051,0.010729064565482692,0.2331989840627231,0.17031861984373486,0.0009118590246315
2010-07-06,1207.300048828125,1211.800048828125,1190.5,1194.800048828125,52,-0.0104356264130871,-0.0104904593735361,0.013808341417781542,0.010737778583701896,0.21920062445833802,0.17045695059450344,0.0104356264130871
2010-07-07,1198.5999755859375,1198.5999755859375,1198.5999755859375,1198.5999755859375,18,0.0031803871798796,0.0031753404461197,0.013055255021219363,0.010382880022463247,0.20724574853204228,0.16482311059235089,0.0031803871798796
2010-07-08,1195.800048828125,1203.300048828125,1189.300048828125,1195.800048828125,93,-0.0023359976763254,-0.0023387303754459,0.012685287138345812,0.010375021663615067,0.20137269046505535,0.16469836301299856,0.0023359976763254
2010-07-09,1209.5999755859375,1213.0,1195.0,1209.5999755859375,22,0.0115403296490381,0.0114742479618619,0.013916077065585442,0.010317781501297028,0.2209108748468914,0.16378970360600756,0.0115403296490381
2010-07-12,1198.5,1198.5,1198.5,1198.5,45,-0.0091765673032199,-0.0092189313672459,0.013718968591453128,0.010450492623207438,0.21778187482374634,0.16589642735473148,0.0091765673032199
2010-07-13,1213.300048828125,1217.4000244140625,1205.199951171875,1213.300048828125,53,0.0123488100359825,0.0122731854274533,0.009036844204426792,0.010703537025200164,0.1434554544104918,0.16991338270471035,0.0123488100359825
2010-07-14,1212.0,1213.800048828125,1202.4000244140625,1206.800048828125,54,-0.0053572898198414,-0.0053716915561609,0.009336740618789868,0.010565881679465504,0.14821616239939986,0.16772817183599517,0.0053572898198414
2010-07-15,1208.0999755859375,1208.0999755859375,1208.0999755859375,1208.0999755859375,32,0.0010771683006434,0.0010765885711429,0.00813580119021071,0.010553933532205937,0.12915183999336505,0.16753850087833444,0.0010771683006434
2010-07-16,1188.0,1188.0,1188.0,1188.0,46,-0.0166376756825848,-0.016777636394284,0.010579775557666957,0.01082815771093671,0.1679487303147988,0.17189167476074976,0.0166376756825848
2010-07-19,1181.699951171875,1182.199951171875,1180.0,1181.699951171875,4,-0.0053030714041456,-0.005317182597859,0.010690784531426547,0.010778173931268472,0.16971094314198498,0.17109820685721452,0.0053030714041456
2010-07-20,1191.5,1191.5,1191.5,1191.5,8,0.0082931786689222,0.0082589792140655,0.010076140596736885,0.01026173284145654,0.15995377316572656,0.16289995871446927,0.0082931786689222
2010-07-21,1191.5999755859375,1194.5,1184.0999755859375,1191.5999755859375,24,8.390733188212707e-05,8.390381185885774e-05,0.00958956980651513,0.010221039077403925,0.1522297013287969,0.16225396523690308,8.390733188212707e-05
2010-07-22,1195.5,1196.0,1194.4000244140625,1195.5,79,0.0032729309281369,0.0032675865477237,0.007999600345584218,0.010035007216403878,0.12698971861393318,0.15930080099605914,0.0032729309281369
2010-07-23,1187.699951171875,1198.5999755859375,1187.699951171875,1187.699951171875,32,-0.0065245075935801,-0.0065458852296827,0.008090904422004105,0.010039887948101282,0.12843912589329393,0.1593782802097833,0.0065245075935801
2010-07-26,1183.0,1183.0,1183.0,1183.0,37,-0.0039571873074825,-0.0039650376903099,0.007968869952527801,0.009952847013457783,0.12650188874762192,0.15799654820808734,0.0039571873074825
2010-07-27,1158.0,1158.0,1158.0,1158.0,29,-0.0211327134404057,-0.0213592058454462,0.00932051698920478,0.010584542134681806,0.14795862026393003,0.16802439737911673,0.0211327134404057
2010-07-28,1160.4000244140625,1160.4000244140625,1160.4000244140625,1160.4000244140625,206828,0.0020725599430591,0.0020704151536587,0.009512101520838678,0.010447236061395278,0.15099993041843052,0.16584473103862696,0.0020725599430591
2010-07-29,1163.800048828125,1169.199951171875,1158.699951171875,1168.4000244140625,54384,0.0068941742775638,0.006870518122281,0.00925744775490438,0.01056839689055858,0.1469574272079013,0.16776809957427785,0.0068941742775638
2010-07-30,1168.199951171875,1183.0999755859375,1166.0,1181.699951171875,5466,0.011383025059831,0.0113187259158506,0.010706747492276713,0.010401957103132825,0.1699643472895718,0.16512594985950782,0.011383025059831
2010-08-02,1183.4000244140625,1191.800048828125,1174.699951171875,1183.4000244140625,2504,0.0014386674388042,0.0014376335483021,0.010602636702738581,0.010265258210992506,0.16831163974207292,0.16295592222089986,0.0014386674388042
2010-08-03,1185.199951171875,1190.5,1180.0,1185.199951171875,598,0.0015209791454109,0.0015198236281605,0.01038893299951852,0.010029472853389839,0.16491919862422988,0.15921294570685732,0.0015209791454109
2010-08-04,1186.300048828125,1203.0,1186.300048828125,1193.699951171875,1068,0.0071717856481479,0.0071461906949433,0.010577671201764206,0.010149227804246094,0.16791532470046688,0.1611139966162638,0.0071717856481479
2010-08-05,1197.199951171875,1199.300048828125,1190.0,1197.199951171875,214,0.0029320601015054,0.0029277699971361,0.003792994264589064,0.010154786061645648,0.06021191729038193,0.1612022312170764,0.0029320601015054
2010-08-06,1203.300048828125,1211.0,1195.300048828125,1203.4000244140625,347,0.005178811806765,0.0051654478805485,0.0036012206557444436,0.010040621511602791,0.05716760562821248,0.1593899251693585,0.005178811806765
2010-08-09,1205.800048828125,1209.5,1199.800048828125,1200.699951171875,658,-0.0022437038286601,-0.0022462247035324,0.00444849329887651,0.009884705449399393,0.07061764186658744,0.1569148344134145,0.0022437038286601
2010-08-10,1196.199951171875,1206.5,1191.0,1196.199951171875,713,-0.0037478139277077,-0.003754854579199,0.003848696376397039,0.009608428882486277,0.06109616090245203,0.1525290798786537,0.0037478139277077
2010-08-11,1197.5,1208.0,1193.0,1197.5,351,0.0010868156505534,0.0010862254939798,0.0038557329975338808,0.009585527171513892,0.06120786380004162,0.15216552648766882,0.0010868156505534
2010-08-12,1214.800048828125,1215.5,1199.0,1214.800048828125,289,0.0144468048669101,0.0143434440808961,0.006161504733961086,0.009979419538374843,0.09781085536804936,0.158418373963913,0.0144468048669101
2010-08-13,1214.9000244140625,1214.9000244140625,1214.9000244140625,1214.9000244140625,138,8.22979765551235e-05,8.229459026243971e-05,0.00604788152333576,0.008123492270618255,0.0960071428171734,0.1289564419524679,8.22979765551235e-05
2010-08-16,1224.5,1225.4000244140625,1218.0,1224.5,252,0.0079018646744759,0.0078708084359936,0.006384776099341629,0.008241953163374916,0.10135517841412187,0.1308369503263928,0.0079018646744759
2010-08-17,1226.5999755859375,1227.4000244140625,1224.0,1226.5999755859375,84,0.0017149657704675,0.0017134968958107,0.006343891006630144,0.007980335495382136,0.10070614768825542,0.12668389859785545,0.0017149657704675
2010-08-18,1229.699951171875,1231.5999755859375,1218.0,1229.699951171875,169,0.0025272914133693,0.0025241031830203,0.005962974958709359,0.007974808403895636,0.09465929288910366,0.12659615874057475,0.0025272914133693
2010-08-19,1233.800048828125,1237.5999755859375,1228.800048828125,1233.800048828125,46,0.0033342260868942,0.003328679879881,0.0050770896426300905,0.007963020031416907,0.0805962994702861,0.12640902412892926,0.0033342260868942
2010-08-20,1227.199951171875,1232.800048828125,1223.0,1227.199951171875,236,-0.0053494062206586,-0.0053637655261811,0.006236425911173594,0.007792769998588385,0.09900019218506834,0.12370638864354018,0.0053494062206586
2010-08-23,1226.9000244140625,1228.9000244140625,1222.9000244140625,1226.9000244140625,56,-0.0002443992582676,-0.0002444291286333,0.004028572110747403,0.007577533614083976,0.06395159966236912,0.12028961696459212,0.0002443992582676
2010-08-24,1231.800048828125,1234.0,1211.5,1231.800048828125,300,0.0039938253456328,0.0039858711964752,0.004082396609935567,0.007286732062580091,0.064806037098136,0.11567328544768599,0.0039938253456328
2010-08-25,1239.5,1240.699951171875,1230.699951171875,1239.5,298,0.006250974887686,0.0062315185826497,0.0037145621854792993,0.007271502472638901,0.05896684663357685,0.11543152320236272,0.006250974887686
2010-08-26,1235.4000244140625,1243.300048828125,1235.0,1235.4000244140625,104,-0.0033077657006352,-0.0033132484513755,0.00417794414000322,0.007312134597440431,0.06632280711580886,0.11607653818715265,0.0033077657006352
2010-08-27,1236.0,1236.0,1236.0,1236.0,573,0.0004856528849608,0.0004855349937664,0.004126887476494157,0.006533189975606065,0.06551230770930273,0.10371117566036273,0.0004856528849608
2010-08-30,1237.0999755859375,1237.9000244140625,1234.0,1237.0999755859375,128,0.0008899478850628,0.0008895521162354,0.003971028008270644,0.0064127164883013964,0.0630381153549376,0.10179871833845362,0.0008899478850628
2010-08-31,1248.300048828125,1249.4000244140625,1233.0,1248.300048828125,124,0.0090534907955863,0.0090127536388303,0.004225731863676367,0.00644172890904548,0.06708141371117499,0.10225927623977853,0.0090534907955863
2010-09-01,1246.300048828125,1254.300048828125,1243.5999755859375,1246.300048828125,41,-0.0016021789007198,-0.0016034637619032,0.004397478263512782,0.006462496765634581,0.06980780328640189,0.10258895574257021,0.0016021789007198
2010-09-02,1251.5,1252.5,1246.9000244140625,1251.5,100,0.0041723108145301,0.0041636308610302,0.004409761524955693,0.006472998772602332,0.07000279401680229,0.10275566993479264,0.0041723108145301
2010-09-03,1249.199951171875,1249.199951171875,1240.0,1249.199951171875,3,-0.0018378336621054,-0.0018395245504221,0.004251986168709359,0.00632636345845132,0.06749818788294776,0.10042790648681219,0.0018378336621054
2010-09-07,1257.300048828125,1258.0,1255.5,1257.300048828125,7,0.0064842282843922,0.0064632961134275,0.004161539089959938,0.006291313351719389,0.06606238501984829,0.09987150329177842,0.0064842282843922
2010-09-08,1255.5999755859375,1260.199951171875,1254.699951171875,1255.5999755859375,27,-0.0013521619153455,-0.0013530769111762,0.004364362425222388,0.004582067998662765,0.06928210565095902,0.0727380744890947,0.0013521619153455
2010-09-09,1248.9000244140625,1256.0,1244.0999755859375,1248.9000244140625,9,-0.0053360555130215,-0.0053503431061661,0.0052368834291770016,0.00481156551110003,0.08313294719182489,0.07638123455559642,0.0053360555130215
2010-09-10,1244.5,1244.5,1244.5,1244.5,20,-0.00352311980787,-0.0035293406098452,0.004219615643618466,0.004856519061290669,0.06698432172775329,0.07709485004171977,0.00352311980787
2010-09-13,1245.0999755859375,1245.0999755859375,1245.0999755859375,1245.0999755859375,18,0.0004821017163016,0.0004819855426061,0.004196411447371772,0.004536583119421576,0.06661596653190194,0.07201602441577876,0.0004821017163016
2010-09-14,1269.699951171875,1272.4000244140625,1253.4000244140625,1269.699951171875,87,0.0197574299801595,0.0195647852690653,0.0086406225428872,0.005600781621920767,0.1371656305275484,0.0889096519151,0.0197574299801595
2010-09-15,1266.5999755859375,1269.800048828125,1263.5,1266.699951171875,34,-0.0023627629482313,-0.0023655586772375,0.008682632965060609,0.005665453683860623,0.13783252530481044,0.08993628907109974,0.0023627629482313
2010-09-16,1271.9000244140625,1275.199951171875,1268.699951171875,1271.9000244140625,37,0.0041052131070002,0.0040968097103122,0.008523941833120106,0.005600596862797815,0.135313381682495,0.08890671895494932,0.0041052131070002
2010-09-17,1275.5999755859375,1279.5999755859375,1273.800048828125,1275.5999755859375,54,0.0029089952833198,0.0029047723442317,0.008422737552577048,0.005600484890649937,0.13370681353490213,0.08890494145220701,0.0029089952833198
2010-09-20,1279.0,1282.0,1279.0,1279.0,27,0.0026654315452623,0.002661885582218,0.007729692725458205,0.005572056975983842,0.12270506797504485,0.08845366229721509,0.0026654315452623
2010-09-21,1272.4000244140625,1289.800048828125,1271.800048828125,1272.4000244140625,56,-0.0051602623814992,-0.0051736225164422,0.007995453220003512,0.005674026978335531,0.12692388503627935,0.09007238590168254,0.0051602623814992
2010-09-22,1290.199951171875,1290.199951171875,1290.199951171875,1290.199951171875,17,0.0139892537066002,0.013892307190348,0.008817938363740941,0.0059758446669634525,0.1399804319205261,0.09486359317402138,0.0139892537066002
2010-09-23,1294.300048828125,1294.300048828125,1289.4000244140625,1294.300048828125,45,0.0031778777022319,0.0031728389211512,0.006015047188543728,0.005970479927176909,0.0954859139112297,0.09477843057007877,0.0031778777022319
2010-09-24,1296.0,1297.4000244140625,1294.199951171875,1296.0,37,0.0013134135113523,0.0013125517383201,0.005642105447333135,0.005538629784018821,0.08956564730667786,0.08792302207541512,0.0013134135113523
2010-09-27,1296.699951171875,1296.699951171875,1296.699951171875,1296.699951171875,67,0.0005400857807678,0.0005399399869342,0.005716222654415525,0.005533296724429111,0.09074222149354194,0.08783836237900636,0.0005400857807678
2010-09-28,1287.5,1308.5999755859375,1287.5,1306.5999755859375,25190,0.0076347842884667,0.0076057868223108,0.006006206391444137,0.005523995366574236,0.0953455706081271,0.08769070790057105,0.0076347842884667
2010-09-29,1309.4000244140625,1312.5,1305.0,1308.5,6745,0.0014541745366329,0.0014531182487354,0.006049916444045402,0.005524957839622147,0.0960394461819861,0.0877059866865413,0.0014541745366329
2010-09-30,1307.199951171875,1315.199951171875,1295.699951171875,1307.800048828125,579,-0.0005349263827856,-0.0005350695069459,0.005162080087393217,0.005546403463653701,0.08194548095424613,0.08804642541392979,0.0005349263827856
2010-10-01,1309.0,1320.0,1309.0,1316.0999755859375,153,0.0063464799265375,0.0063264258267136,0.003064034556304637,0.005597124299895947,0.048640040666941234,0.08885159372784708,0.0063464799265375
2010-10-04,1318.300048828125,1319.0999755859375,1312.0,1315.4000244140625,95,-0.0005318373868697,-0.0005319788625364,0.003308422914577187,0.005440881982833082,0.052519585582792364,0.08637132383657002,0.0005318373868697
2010-10-05,1312.9000244140625,1341.0999755859375,1312.9000244140625,1338.9000244140625,197,0.017865287793702,0.01770757911032,0.00667411963398995,0.006108962842665247,0.10594836463098502,0.09697677870135868,0.017865287793702
2010-10-06,1339.0999755859375,1349.0,1339.0,1346.4000244140625,215,0.005601613162478,0.0055859824716891,0.006419936869476135,0.006125610250412705,0.10191333833621034,0.09724104810660067,0.005601613162478
2010-10-07,1347.9000244140625,1363.0,1325.699951171875,1333.9000244140625,261,-0.0092840164686122,-0.0093273815596747,0.008338658240161894,0.006486246082923582,0.13237209582856732,0.1029659644666958,0.0092840164686122
2010-10-08,1333.5,1348.4000244140625,1325.0,1344.199951171875,80,0.0077216632201029,0.0076920037610537,0.008481757440266184,0.006460000244050391,0.1346437252062966,0.10254932469104339,0.0077216632201029
2010-10-11,1346.699951171875,1353.699951171875,1344.0,1353.300048828125,79,0.0067698988147681,0.006747085952423,0.008294854132282653,0.006482956373480252,0.13167672717345819,0.10291374194825952,0.0067698988147681
2010-10-12,1346.9000244140625,1352.199951171875,1343.5999755859375,1345.699951171875,112,-0.0056159738284434,-0.0056318027003027,0.009142614585588637,0.006663890545622745,0.1451345071582763,0.10578598288723386,0.0056159738284434
2010-10-13,1356.4000244140625,1374.0,1355.0999755859375,1369.5,251,0.0176859996222777,0.0175314222401923,0.01040328503144056,0.007113123034968547,0.16514703006787496,0.11291732757319065,0.0176859996222777
2010-10-14,1372.800048828125,1383.9000244140625,1371.300048828125,1376.699951171875,106,0.0052573575552208,0.005243585898251,0.008962004963447828,0.00706626179062877,0.14226741829085676,0.11217342838129014,0.0052573575552208
2010-10-15,1379.199951171875,1382.4000244140625,1364.699951171875,1371.0999755859375,170,-0.0040676805292036,-0.0040759760449615,0.009411413797092887,0.007192079656367191,0.1494015623557793,0.1141707250806868,0.0040676805292036
2010-10-18,1358.0,1372.5999755859375,1358.0,1371.199951171875,46,7.291633558281774e-05,7.291367731604025e-05,0.007993566601881007,0.007155468854968017,0.1268939359020528,0.11358954662588086,7.291633558281774e-05
2010-10-19,1366.800048828125,1370.5,1328.5,1335.0999755859375,301,-0.0263272876833792,-0.0266800561240069,0.013674472004141087,0.008916813937615602,0.21707551339843392,0.14155003299579297,0.0263272876833792
2010-10-20,1336.0,1345.800048828125,1334.199951171875,1343.300048828125,148,0.0061419170040721,0.0061231323086174,0.013617791766532359,0.00892342432351108,0.21617574252064548,0.1416549696186906,0.0061419170040721
2010-10-21,1344.199951171875,1346.199951171875,1317.5,1324.699951171875,102,-0.013846569627148,-0.0139433275878944,0.014416780686174809,0.009301543489381779,0.22885929841066602,0.1476574252917369,0.013846569627148
2010-10-22,1326.699951171875,1328.0999755859375,1319.0,1324.4000244140625,113,-0.0002264110884484,-0.0002264367233083,0.01162818191833816,0.009253294318029385,0.18459166533444454,0.14689149344155664,0.0002264110884484
2010-10-25,1333.5999755859375,1349.0999755859375,1333.0999755859375,1338.300048828125,194,0.010495336875437,0.0104406431803685,0.01251173316118046,0.009372089079974357,0.1986176064893011,0.14877730182453774,0.010495336875437
2010-10-26,1341.199951171875,1341.199951171875,1328.300048828125,1338.0,195,-0.0002242014624356,-0.0002242265993407,0.012590582121479234,0.008791853732577994,0.19986929492982047,0.13956635123793806,0.0002242014624356
2010-10-27,1341.0,1341.0,1321.0999755859375,1322.199951171875,106,-0.0118087061495703,-0.0118789827181514,0.012840211296566373,0.009108966244126396,0.20383203523342108,0.14460035629704307,0.0118087061495703
2010-10-28,1327.9000244140625,1343.5999755859375,1325.9000244140625,1342.0999755859375,192,0.0150506921410977,0.0149385542427961,0.010810656747585651,0.009431618956398213,0.17161385558036402,0.14972230931611333,0.0150506921410977
2010-10-29,1340.199951171875,1358.699951171875,1336.800048828125,1357.0999755859375,74,0.0111765146210149,0.0111145188846289,0.011378067782478912,0.009583626924163986,0.18062122651725218,0.15213536099616468,0.0111765146210149
2010-11-01,1360.300048828125,1360.300048828125,1350.699951171875,1350.199951171875,40,-0.0050843891667475,-0.005097358653302,0.009775304970160712,0.00967220857971402,0.1551781556451535,0.1535415511840113,0.0050843891667475
2010-11-02,1356.800048828125,1356.800048828125,1355.5,1356.4000244140625,17,0.0045919667207854,0.0045814558064991,0.009698619281200445,0.009591927971333989,0.1539608080725144,0.15226713603476413,0.0045919667207854
2010-11-03,1351.4000244140625,1359.199951171875,1327.5,1337.0999755859375,135,-0.0142288767920527,-0.0143310778889904,0.011107745428041103,0.009775543397839231,0.17632999217526876,0.1551819405672117,0.0142288767920527
2010-11-04,1368.5999755859375,1392.5,1368.5999755859375,1382.699951171875,109,0.0341036395322309,0.0335350027193099,0.017030002223795266,0.011470848305952241,0.2703429042662353,0.18209407166697708,0.0341036395322309
2010-11-05,1390.699951171875,1398.0,1378.199951171875,1397.300048828125,109,0.0105591221319389,0.0105037639500626,0.01540933936325234,0.01156810527846864,0.24461567893778452,0.1836379782422497,0.0105591221319389
2010-11-08,1390.5,1409.199951171875,1387.0999755859375,1402.800048828125,112,0.0039361624617508,0.0039284360426123,0.015134822086031714,0.011564108328921857,0.2402578522610864,0.18357452863522775,0.0039361624617508
2010-11-09,1405.199951171875,1423.199951171875,1382.9000244140625,1409.800048828125,84,0.0049900197863892,0.004977610900924,0.014991840380139655,0.01153515283287121,0.2379880880461534,0.1831148743853966,0.0049900197863892
2010-11-10,1395.199951171875,1408.0999755859375,1384.0,1399.0999755859375,29,-0.0075897807288926,-0.007618729685157,0.015314542057921782,0.01168339390565611,0.24311081836860224,0.1854681284614422,0.0075897807288926
2010-11-11,1400.699951171875,1413.5,1397.300048828125,1403.0999755859375,26,0.002858980823243,0.0028549017104565,0.015339894245222299,0.01167142357641334,0.2435132718653344,0.1852781053757146,0.002858980823243
2010-11-12,1407.9000244140625,1407.9000244140625,1360.0999755859375,1365.4000244140625,182,-0.0268690412856228,-0.0272366131351625,0.018410126323480457,0.012805752133811797,0.2922516951432789,0.20328501298320445,0.0268690412856228
2010-11-15,1363.699951171875,1372.5999755859375,1355.300048828125,1368.4000244140625,46,0.0021971583025914,0.0021947480800694,0.01245250665259515,0.012801940380015333,0.19767741481286494,0.20322450326757774,0.0021971583025914
2010-11-16,1356.5,1358.199951171875,1329.5,1338.300048828125,67,-0.0219964740199607,-0.0222420036572551,0.013285846573156788,0.01309891764840769,0.21090627593719544,0.2079388712508105,0.0219964740199607
2010-11-17,1336.9000244140625,1341.800048828125,1331.300048828125,1336.800048828125,50,-0.0011208248862528,-0.0011214534802054,0.012779049639969224,0.013058428927450638,0.20286112403464837,0.20729613273147782,0.0011208248862528
2010-11-18,1349.5,1353.199951171875,1347.699951171875,1352.9000244140625,17,0.0120436677123487,0.0119717198477311,0.014075126097492292,0.013124739141408904,0.223435699955038,0.20834877474458013,0.0120436677123487
2010-11-19,1350.699951171875,1352.0,1344.5,1352.199951171875,7,-0.0005174611793585,-0.0005175951085987,0.014177221375113284,0.013055622553638478,0.22505641224275347,0.20725158292832066,0.0005174611793585
2010-11-22,1357.699951171875,1357.699951171875,1357.699951171875,1357.699951171875,7,0.0040674457910114,0.004059196095939,0.014292521006904386,0.013018571650948116,0.2268867371546129,0.20666341808210575,0.0040674457910114
2010-11-23,1369.4000244140625,1377.5,1364.5,1377.5,15,0.0145835232674458,0.014478206384689,0.011917968036484304,0.01322858650004683,0.1891918773465254,0.20999730045618148,0.0145835232674458
2010-11-24,1377.800048828125,1377.800048828125,1377.800048828125,1372.9000244140625,3,-0.0033393652166515,-0.0033449533406694,0.01203339785789306,0.012858381373968662,0.1910242689544944,0.2041204762700766,0.0033393652166515
2010-11-26,1372.0999755859375,1372.0999755859375,1372.0999755859375,1362.300048828125,138416,-0.0077208648826861,-0.0077508250719684,0.008167971616210171,0.012899318791246433,0.12966252967395855,0.20477033762268218,0.0077208648826861
2010-11-29,1364.0,1369.300048828125,1352.5999755859375,1366.0,94486,0.0027159590686778,0.0027122775163036,0.00800608082221131,0.012889904458048149,0.1270925929911279,0.2046208897162692,0.0027159590686778
2010-11-30,1366.699951171875,1390.0999755859375,1362.800048828125,1385.0,11370,0.0139092240117131,0.0138133784907035,0.008375222249293948,0.013139349189523466,0.13295253147916075,0.20858070206830306,0.0139092240117131
2010-12-01,1386.800048828125,1396.5999755859375,1382.300048828125,1387.300048828125,4759,0.0016606850744584,0.0016593076617551,0.008245506161039397,0.012129744989359079,0.13089335241576686,0.1925537322508556,0.0016606850744584
2010-12-02,1387.5999755859375,1398.5999755859375,1383.300048828125,1388.5,1550,0.0008649543210847,0.0008645804636602,0.008310095851071122,0.012096078681531038,0.131918681958263,0.19201929618240712,0.0008649543210847
2010-12-03,1385.0999755859375,1415.0999755859375,1385.0999755859375,1405.4000244140625,2341,0.0121714255772866,0.0120979493828542,0.007795359432720111,0.011913305836077439,0.12374749463603374,0.18911786720949195,0.0121714255772866
2010-12-06,1414.0,1428.4000244140625,1410.0,1415.300048828125,833,0.0070442751117711,0.0070195801102785,0.007388740738433612,0.0119395006560531,0.1172926229749625,0.18953369708525417,0.0070442751117711
2010-12-07,1424.5,1431.0999755859375,1398.0,1408.300048828125,866,-0.0049459476849421,-0.0049582193643042,0.006671015096041358,0.011906094797261214,0.10589908161889859,0.18900339551707895,0.0049459476849421
2010-12-08,1402.5,1403.800048828125,1372.0,1382.5,1675,-0.0183199942722388,-0.0184898834791927,0.011052234073320052,0.012456252727092778,0.17544877673807563,0.1977368819019456,0.0183199942722388
2010-12-09,1380.5999755859375,1394.199951171875,1380.5,1392.0999755859375,971,0.0069439244744575,0.0069199264604534,0.010044721079869506,0.012251535424818808,0.15945500379805727,0.19448709547661183,0.0069439244744575
2010-12-10,1388.9000244140625,1392.0,1373.0999755859375,1384.300048828125,457,-0.0056029932437355,-0.0056187488904633,0.010309573364347622,0.01205954298612375,0.16365940347143582,0.1914393099982602,0.0056029932437355
2010-12-13,1384.5,1399.199951171875,1384.5,1397.300048828125,193,0.0093910276251201,0.009347206064547,0.01094893536826873,0.012012426463950256,0.17380896063215076,0.19069135839638027,0.0093910276251201
2010-12-14,1401.9000244140625,1407.300048828125,1391.800048828125,1403.5999755859375,431,0.0045086427665239,0.004498509284144,0.00998081310908605,0.011971297519992822,0.15844049621313044,0.19003845665199176,0.0045086427665239
2010-12-15,1394.0,1394.0,1379.5,1385.5,215,-0.0128953946286451,-0.0129792620121378,0.01042418153277329,0.012231571885716396,0.16547875174266136,0.19417018411808967,0.0128953946286451
2010-12-16,1380.9000244140625,1385.0,1362.5,1370.4000244140625,228,-0.0108985749447401,-0.010958399477841,0.010844775856518512,0.012105116587563709,0.17215547964351283,0.19216276849281844,0.0108985749447401
2010-12-17,1376.4000244140625,1378.5999755859375,1365.9000244140625,1378.5999755859375,102,0.0059836186703083,0.0059657879170436,0.009202004651544091,0.010415480717506852,0.14607729522747145,0.1653406305822703,0.0059836186703083
2010-12-20,1383.199951171875,1386.699951171875,1376.5,1385.5,125,0.0050050954129241,0.0049926115607974,0.008971563471392913,0.01026879953512664,0.14241915490042192,0.1630121389987246,0.0050050954129241
2010-12-21,1385.800048828125,1389.5,1381.5,1388.199951171875,113,0.0019487197198664,0.0019468234287534,0.008726574607862676,0.010247374593833625,0.13853007725913385,0.16267202859963173,0.0019487197198664
2010-12-22,1388.0,1389.5,1385.0,1386.800048828125,58,-0.001008429904185,-0.0010089387117141,0.007781777069272379,0.010199051214105678,0.1235318813006386,0.16190491872801002,0.001008429904185
2010-12-23,1388.4000244140625,1388.4000244140625,1373.699951171875,1380.0,101,-0.0049034097120714,-0.004915470868822,0.007467868196840407,0.010146292157207668,0.1185487324358884,0.16106739466425937,0.0049034097120714
2010-12-27,1373.5,1384.199951171875,1373.5,1382.4000244140625,322,0.0017391481261321,0.001737637559176,0.005928260672933671,0.010135913171391094,0.09410822068648148,0.16090263337226904,0.0017391481261321
2010-12-28,1389.800048828125,1406.699951171875,1389.800048828125,1405.199951171875,519,0.0164930022823721,0.0163584699330773,0.00675302477613994,0.009294762079413042,0.10720094493074347,0.147549773745843,0.0164930022823721
2010-12-29,1403.4000244140625,1412.199951171875,1402.9000244140625,1413.0999755859375,413,0.0056219930889367,0.0056062486682433,0.006733178598639083,0.009330934291475511,0.10688589662988839,0.1481239898107733,0.0056219930889367
2010-12-30,1413.800048828125,1413.800048828125,1403.0999755859375,1405.5999755859375,185,-0.0053074801001889,-0.0053216148079993,0.007453130861935458,0.008351695431244928,0.11831478449701022,0.13257905482097052,0.0053074801001889
2010-12-31,1405.699951171875,1421.0999755859375,1405.699951171875,1421.0999755859375,54,0.0110273194857866,0.0109669619143743,0.008180227741073156,0.008504790801875264,0.12985708962450743,0.1350093684863493,0.0110273194857866
2011-01-03,1415.5999755859375,1423.9000244140625,1413.699951171875,1422.5999755859375,28,0.0010555203896767,0.0010549637197134,0.00803151940891229,0.008294707389551324,0.1274964180358224,0.13167439770481537,0.0010555203896767
2011-01-04,1409.5999755859375,1410.9000244140625,1375.800048828125,1378.5,122,-0.030999561607453,-0.0314902146739841,0.015375787604085304,0.010220323281048467,0.24408306127295626,0.16224260232202764,0.030999561607453
2011-01-05,1383.4000244140625,1384.0,1364.199951171875,1373.4000244140625,175,-0.0036996558476151,-0.0037065165009084,0.01540752540997954,0.01023027058212393,0.24458688332228617,0.1624005108311994,0.0036996558476151
2011-01-06,1374.800048828125,1376.5,1368.9000244140625,1371.4000244140625,158,-0.0014562399624634,-0.0014573013103875,0.01340794289469508,0.009878380567949995,0.21284449495391203,0.15681443003309206,0.0014562399624634
2011-01-07,1372.699951171875,1377.199951171875,1355.5,1368.5,225,-0.0021146451527165,-0.0021168841718216,0.012848055536673657,0.009867057834569409,0.20395655868471002,0.15663468721297294,0.0021146451527165
2011-01-10,1369.0,1374.0,1365.699951171875,1373.699951171875,181,0.0037997451018449,0.0037925443054551,0.013208623814989323,0.009782429710074193,0.20968040265520188,0.155291257384956,0.0037997451018449
2011-01-11,1375.4000244140625,1384.5,1373.9000244140625,1384.0,13,0.0074980339187886,0.0074700633914258,0.012629799069765262,0.00986138622312567,0.20049184468388273,0.15654465317249422,0.0074980339187886
2011-01-12,1382.5999755859375,1385.5,1378.0,1385.699951171875,204,0.0012282884189849,0.0012275346898994,0.012640810661961238,0.009532364618938628,0.2006666482908192,0.15132159712861554,0.0012282884189849
2011-01-13,1386.0999755859375,1392.5,1371.4000244140625,1386.9000244140625,66,0.0008660411954064,0.000865666398108,0.003826306694238416,0.00952886991854463,0.06074073571689906,0.15126612047972038,0.0008660411954064
2011-01-14,1375.0,1376.0,1356.699951171875,1360.4000244140625,252,-0.0191073614056612,-0.0192922661863437,0.0084880504828473,0.010146531333234812,0.13474362416025407,0.16107119146598373,0.0191073614056612
2011-01-18,1365.0999755859375,1371.0,1359.199951171875,1368.0999755859375,106,0.0056600639765436,0.0056441060015573,0.00888673174321054,0.009930571554233866,0.14107249296407162,0.1576429362554099,0.0056600639765436
2011-01-19,1371.9000244140625,1376.199951171875,1367.0,1370.199951171875,40,0.0015349576956451,0.0015337808521974,0.008870251386323786,0.009830017536566591,0.14081087540903198,0.15604669071095387,0.0015349576956451
2011-01-20,1367.699951171875,1367.699951171875,1345.0,1346.5,10,-0.0172967099813464,-0.0174480456813796,0.010817929603658776,0.010249288759625956,0.17172930859130794,0.16270241503955968,0.0172967099813464
2011-01-21,1341.699951171875,1345.5999755859375,1338.5999755859375,1341.0,20,-0.0040846639435573,-0.004093028969975,0.009819586620171811,0.009758806530389075,0.1558811050465913,0.15491625103321552,0.0040846639435573
2011-01-24,1352.300048828125,1352.300048828125,1341.800048828125,1344.5,2,0.0026099925428784,0.0026065924272408,0.009965716144872358,0.009669296525027727,0.1582008393359616,0.1534953237489864,0.0026099925428784
2011-01-25,1330.4000244140625,1331.5,1323.5999755859375,1332.300048828125,394,-0.0090739688894569,-0.0091153880932565,0.009820749701569563,0.009745336182324007,0.15589956839138916,0.1547024158868936,0.0090739688894569
2011-01-26,1333.0,1341.699951171875,1333.0,1333.0,4,0.0005253705218211,0.000525232563046,0.007977248144742483,0.00954453388893799,0.12663488842583998,0.15151477830094862,0.0005253705218211
2011-01-27,1342.0,1342.0,1318.4000244140625,1318.4000244140625,210699,-0.0109527198694204,-0.0110131425055536,0.007469883961393152,0.009624616489904241,0.11858073170613774,0.15278605017994815,0.0109527198694204
2011-01-28,1314.0,1346.5999755859375,1307.699951171875,1340.699951171875,73023,0.0169143858805094,0.0167729305144859,0.011151800609094193,0.009996855032743142,0.17702934649345117,0.15869515385641692,0.0169143858805094
2011-01-31,1339.0,1345.9000244140625,1323.300048828125,1333.800048828125,13657,-0.0051464925748069,-0.0051597813811548,0.009367867549502801,0.009855540678634027,0.14871028710585882,0.15645185803047829,0.0051464925748069
2011-02-01,1333.0999755859375,1342.9000244140625,1325.300048828125,1339.5999755859375,3180,0.004348422961079,0.0043389958886734,0.009493795090572996,0.009820877904843523,0.15070932484717248,0.15590160355527014,0.004348422961079
2011-02-02,1344.0,1344.0,1327.0,1331.5,1363,-0.0060465629542838,-0.0060649174411725,0.009642957409679057,0.00979863204015257,0.15307720325519025,0.155548461401239,0.0060465629542838
2011-02-03,1335.5999755859375,1355.800048828125,1324.9000244140625,1352.300048828125,1865,0.0156215162058768,0.0155007563327915,0.010793813834009807,0.010260941977325152,0.17134648261631139,0.1628874041355943,0.0156215162058768
2011-02-04,1354.800048828125,1360.0,1345.0,1348.300048828125,591,-0.0029579234308734,-0.0029623067321652,0.010961824122891475,0.010268335111687366,0.17401356326879747,0.1630047665051845,0.0029579234308734
2011-02-07,1345.800048828125,1353.800048828125,1343.800048828125,1347.5999755859375,1004,-0.000519226594107,-0.0005193614389137,0.0095795608502341,0.010240358979457923,0.15207081407357936,0.16256065917403711,0.000519226594107
2011-02-08,1351.199951171875,1367.0,1350.0,1363.4000244140625,2536,0.0117245837892325,0.011656383419735,0.008476130412841214,0.010483143403742094,0.13455439891517457,0.16641474242717258,0.0117245837892325
2011-02-09,1362.800048828125,1366.5,1359.5999755859375,1364.800048828125,146,0.0010268625414351,0.0010263356787418,0.007854560160618963,0.009992135450901484,0.12468727705675993,0.15862023281734547,0.0010268625414351
2011-02-10,1364.300048828125,1364.5,1351.699951171875,1361.9000244140625,312,-0.0021248712707422,-0.0021271320127924,0.00809000573044736,0.009916969482660623,0.12842485960710692,0.15742701006322127,0.0021248712707422
2011-02-11,1364.0,1368.800048828125,1355.199951171875,1359.9000244140625,488,-0.0014685365769491,-0.0014696159336339,0.00745447486511748,0.009886616106331113,0.11833611988609567,0.15694516515190704,0.0014685365769491
2011-02-14,1357.800048828125,1365.5999755859375,1356.5999755859375,1364.5999755859375,181,0.0034561005129034,0.0034501419225704,0.005069996064427076,0.009661670002064443,0.08048369240730151,0.15337425645021258,0.0034561005129034
2011-02-15,1361.5999755859375,1376.0,1361.5999755859375,1373.5999755859375,321,0.0065953394115632,0.0065736853191667,0.00501665681467854,0.009760792918831418,0.07963695806758117,0.15494778397216918,0.0065953394115632
2011-02-16,1373.5999755859375,1382.0,1370.5,1374.699951171875,156,0.0008007976161097,0.0008004771487736,0.004900251804296975,0.007965865491345184,0.07778908581459208,0.1264541944049442,0.0008007976161097
2011-02-17,1377.699951171875,1384.699951171875,1377.0,1384.699951171875,113,0.0072743146542453,0.0072479844398051,0.0036999662099031824,0.008044605763777381,0.058735142704476176,0.12770415747907063,0.0072743146542453
2011-02-18,1384.0999755859375,1391.800048828125,1381.800048828125,1388.199951171875,98,0.0025276234010394,0.002524434333721,0.0036624040697673505,0.008047419454743646,0.05813886221541156,0.12774882343844818,0.0025276234010394
2011-02-22,1395.0999755859375,1408.699951171875,1395.0999755859375,1400.5,430,0.008860430241149,0.0088214069683765,0.0037346108618428906,0.008175846759520706,0.059285109504221334,0.12978754369839055,0.008860430241149
2011-02-23,1397.800048828125,1413.800048828125,1397.800048828125,1413.4000244140625,318,0.0092110135052212,0.0091688508298765,0.0032787155094641733,0.008302941736821523,0.05204799514663586,0.13180511391533073,0.0092110135052212
2011-02-24,1415.0999755859375,1415.300048828125,1408.300048828125,1415.300048828125,809,0.0013442934634517,0.001343390709947,0.0035844863098020616,0.008211965996699872,0.05690195612191129,0.13036091881311915,0.0013442934634517
2011-02-25,1401.699951171875,1411.0,1401.0,1408.699951171875,352,-0.0046633911033316,-0.0046742986355599,0.005082816170726422,0.008271072476288206,0.0806872052855984,0.13129920508829862,0.0046633911033316
2011-02-28,1410.699951171875,1415.699951171875,1407.699951171875,1409.300048828125,205,0.0004259939497768,0.0004259032401144,0.005119333301697315,0.008270941554534119,0.08126689676845375,0.1312971267698835,0.0004259939497768
2011-03-01,1415.300048828125,1434.4000244140625,1415.300048828125,1430.699951171875,116,0.0151847737190846,0.0150706389989109,0.006702102871953342,0.007815158098794739,0.10639258476216187,0.1240617887163794,0.0151847737190846
2011-03-02,1432.5,1440.5,1428.800048828125,1437.199951171875,1600,0.0045432307414814,0.0045329414214292,0.0066362565558110735,0.007798336863501175,0.1053473068985888,0.12379475988438937,0.0045432307414814
2011-03-03,1432.300048828125,1432.300048828125,1415.9000244140625,1416.0,244,-0.0147508710632705,-0.0148607470112164,0.009653666393257763,0.008355251458232914,0.15324720309925144,0.1326355049993644,0.0147508710632705
2011-03-04,1418.9000244140625,1429.800048828125,1416.800048828125,1428.199951171875,60,0.0086157847259005,0.0085788806727675,0.009577916504439635,0.007698168764401534,0.15204471089333008,0.12220464060727104,0.0086157847259005
2011-03-07,1434.5,1445.0,1429.5,1434.0999755859375,613,0.0041310913147849,0.0041225817847728,0.009626774670666971,0.00762020553481696,0.1528203102374432,0.12096701270594175,0.0041310913147849
2011-03-08,1431.5999755859375,1432.5999755859375,1424.300048828125,1426.9000244140625,198,-0.0050205364301281,-0.0050331816648138,0.009668378745851294,0.007734878611853839,0.1534807544562305,0.12278739136942654,0.0050205364301281
2011-03-09,1430.0,1435.699951171875,1426.0999755859375,1429.300048828125,98,0.0016819849835296,0.001680572030942,0.009648626496778709,0.007447152523081072,0.15316719722294891,0.11821988130983832,0.0016819849835296
2011-03-10,1429.5,1429.800048828125,1403.800048828125,1412.199951171875,23,-0.0119639663276233,-0.0120361105710154,0.00892026279780669,0.007889878054854518,0.14160478195402648,0.1252479312466265,0.0119639663276233
2011-03-11,1413.699951171875,1422.5999755859375,1404.9000244140625,1421.5,23,0.0065855042838711,0.0065639145847362,0.009192443202161301,0.007542539232108199,0.14592551192403028,0.11973409837263828,0.0065855042838711
2011-03-14,1420.0,1427.699951171875,1420.0,1424.5999755859375,58,0.0021807777600686,0.0021784033157129,0.007130724328920845,0.0070370659145043086,0.113196739452495,0.1117099582160863,0.0021807777600686
2011-03-15,1413.300048828125,1413.300048828125,1385.5,1392.5999755859375,20,-0.0224624459837143,-0.0227185694296025,0.010428973799916492,0.008252771821490009,0.16555482662512394,0.1310086911997446,0.0224624459837143
2011-03-16,1398.0,1404.199951171875,1394.300048828125,1396.0,38,0.0024414939492096,0.002438518345153,0.010239331777945929,0.008237182737840677,0.1625443528555546,0.13076122216872352,0.0024414939492096
2011-03-17,1387.699951171875,1393.5999755859375,1387.699951171875,1404.0,27,0.0057306590257879,0.0057143012634386,0.010814828816362134,0.00814981219742335,0.1716800851189754,0.1293742578375781,0.0057306590257879
2011-03-18,1406.4000244140625,1419.300048828125,1406.4000244140625,1415.9000244140625,6,0.0084758008647167,0.0084400829479557,0.011509853847011848,0.007830112359563548,0.1827132654353605,0.12429918024658987,0.0084758008647167
2011-03-21,1433.5,1433.5,1430.800048828125,1426.199951171875,43,0.0072744731832847,0.0072481418239701,0.010811299259283843,0.00784923343679023,0.1716240551373712,0.12460271793743864,0.0072744731832847
2011-03-22,1430.4000244140625,1430.4000244140625,1430.4000244140625,1427.5,85,0.0009115473794938,0.0009111321724827,0.010573127864303006,0.007838341411219295,0.1678432014541994,0.12442981239183194,0.0009115473794938
2011-03-23,1432.199951171875,1439.699951171875,1432.199951171875,1437.9000244140625,19,0.0072854812007443,0.0072590702825009,0.010868199733334472,0.007687946359914175,0.17252732216028907,0.12204236496682305,0.0072854812007443
2011-03-24,1437.699951171875,1446.9000244140625,1437.5,1434.800048828125,27,-0.002155904814871,-0.0021582321232282,0.0039550893361002945,0.0077209261826187165,0.06278509677818961,0.12256590342177837,0.002155904814871
2011-03-25,1436.0,1436.0,1436.0,1426.0999755859375,1,-0.0060636137065184,-0.0060820720661771,0.005584822018500387,0.007821006984573654,0.08865630106505876,0.1241546368996864,0.0060636137065184
2011-03-28,1413.199951171875,1415.5999755859375,1413.199951171875,1419.800048828125,6,-0.0044175912388078,-0.0044273776271284,0.006073472546436784,0.00787878694745912,0.09641338771469951,0.12507186537503132,0.0044175912388078
2011-03-29,1416.0,1416.0,1416.0,1416.0,135792,-0.0026764675992662,-0.0026800557424672,0.005399343788641482,0.007904939009289494,0.08571192544611993,0.12548701648627983,0.0026764675992662
2011-03-30,1418.699951171875,1430.300048828125,1412.0,1423.800048828125,47011,0.0055085090594102,0.0054933927103373,0.005032848035734276,0.007882118935425396,0.07989398573359686,0.12512475904421266,0.0055085090594102
2011-03-31,1423.300048828125,1440.0,1420.699951171875,1438.9000244140625,8230,0.0106054045990275,0.0105495617725403,0.006514731760774033,0.00806496808381195,0.10341816058381217,0.12802739928863727,0.0106054045990275
2011-04-01,1433.4000244140625,1436.5,1413.0,1428.0999755859375,5318,-0.0075057673534496,-0.0075340773731407,0.006593247711357727,0.008154433118019363,0.10466456265898991,0.12944761267792948,0.0075057673534496
2011-04-04,1429.0999755859375,1439.0999755859375,1428.800048828125,1432.199951171875,683,0.0028709303662408,0.0028668171163457,0.0067136743484562025,0.008156802089207672,0.10657627625693225,0.12948521892969356,0.0028709303662408
2011-04-05,1437.9000244140625,1457.5999755859375,1430.300048828125,1451.800048828125,2609,0.0136853081444476,0.0135925100038098,0.007902691697490366,0.008360663019791447,0.12545134151744636,0.13272141087589476,0.0136853081444476
2011-04-06,1456.9000244140625,1462.300048828125,1452.0,1457.699951171875,901,0.0040638532479126,0.0040556180997188,0.007276094610783197,0.00824330425018504,0.11550442113545788,0.13085839816458827,0.0040638532479126
2011-04-07,1459.699951171875,1462.5,1453.9000244140625,1458.5,229,0.0005488432838882,0.0005486927244996,0.006890005544906036,0.008243644927332951,0.10937544722206467,0.13086380624665273,0.0005488432838882
2011-04-08,1457.5999755859375,1475.5,1457.5,1473.4000244140625,1407,0.010215992056265,0.0101641615108178,0.007253046250303036,0.008336027195320712,0.11513853975570823,0.13233032928653915,0.010215992056265
2011-04-11,1476.0,1476.0,1459.699951171875,1467.4000244140625,378,-0.0040722138594955,-0.0040805279010673,0.007456395244756632,0.008396833797661932,0.11836660496778383,0.13329560417373315,0.0040722138594955
2011-04-12,1461.800048828125,1467.199951171875,1444.4000244140625,1452.9000244140625,345,-0.0098814227604977,-0.0099305680365565,0.008036695431040141,0.008221269263644823,0.12757858483980755,0.13050860359741986,0.0098814227604977
2011-04-13,1455.0,1462.0,1454.0,1454.9000244140625,197,0.0013765572072357,0.0013756106209505,0.008044739658239552,0.008188443772066591,0.1277062829877636,0.1299875150731432,0.0013765572072357
2011-04-14,1456.800048828125,1476.0,1452.699951171875,1471.699951171875,535,0.0115471348380644,0.0114809754901036,0.007565696021425286,0.00790893671913123,0.12010170100681265,0.12555047816261,0.0115471348380644
2011-04-15,1477.5999755859375,1487.5,1473.199951171875,1485.300048828125,293,0.0092410804562577,0.0091986429177131,0.008042396986491817,0.007929631421692755,0.12766909422667583,0.1258789963812155,0.0092410804562577
2011-04-18,1486.300048828125,1497.300048828125,1477.5,1492.300048828125,650,0.0047128524674342,0.0047017817477303,0.008009760870885334,0.007937404838927223,0.12715101195275239,0.12600239555425277,0.0047128524674342
2011-04-19,1493.300048828125,1499.5,1489.0,1494.5,168,0.001474201634988,0.0014731160665246,0.0074119619574706955,0.007845486313507422,0.11766124839923378,0.12454323419940938,0.001474201634988
2011-04-20,1494.0,1505.300048828125,1494.0,1498.300048828125,386,0.0025426890787052,0.0025394619141229,0.006904615015250733,0.007847468449726069,0.10960736537397532,0.12457469963640455,0.0025426890787052
2011-04-21,1503.699951171875,1508.300048828125,1501.699951171875,1503.199951171875,237,0.0032703078048901,0.0032649719783527,0.003988010152943862,0.0074205952168606175,0.06330769854414073,0.11779829714333166,0.0032703078048901
2011-04-25,1513.300048828125,1518.0,1502.800048828125,1508.5999755859375,233,0.0035923527072048,0.0035859156198043,0.0037439913537013017,0.0073783540716959835,0.05943402019601826,0.11712773975213046,0.0035923527072048
2011-04-26,1501.5,1506.300048828125,1495.0,1503.0,223,-0.0037120347849418,-0.0037189414832981,0.003870731942497468,0.0074517444031836294,0.061445964669853595,0.11829277514664788,0.0037120347849418
2011-04-27,1507.0999755859375,1512.800048828125,1505.199951171875,1516.699951171875,460,0.00911507063997,0.0090737791107156,0.003837110511368098,0.0059914631774566915,0.060912240996911206,0.09511152934170757,0.00911507063997
2011-04-28,1528.5999755859375,1536.0,1526.5999755859375,1530.800048828125,425,0.009296563664656,0.0092536165849855,0.004510318511913019,0.00610433756891486,0.07159908669727659,0.09690335475682396,0.009296563664656
2011-04-29,1538.699951171875,1568.699951171875,1537.300048828125,1556.0,124,0.0164619482414873,0.0163279192896612,0.006445341520970708,0.006561401021374432,0.10231662467620375,0.10415901212833169,0.0164619482414873
2011-05-02,1572.9000244140625,1576.5999755859375,1543.0999755859375,1556.699951171875,200,0.0004498400847525,0.000449738937034,0.006666123185623791,0.006512989053906173,0.10582142494849327,0.10339049596992951,0.0004498400847525
2011-05-03,1542.5,1547.0,1527.5,1540.0999755859375,246,-0.010663567872178,-0.0107208311632092,0.009083622124609643,0.006934432016940561,0.14419803087240773,0.11008069560185257,0.010663567872178
2011-05-04,1535.0,1539.0,1506.199951171875,1514.9000244140625,272,-0.0163625424137076,-0.0164978872319274,0.011782252489689664,0.007747872263312272,0.1870374598313428,0.12299365919171654,0.0163625424137076
2011-05-05,1514.699951171875,1520.699951171875,1471.0,1480.9000244140625,133,-0.0224437252967572,-0.0226994187508138,0.014704224278251991,0.008870050252463204,0.23342232397423796,0.14080768250797995,0.0224437252967572
2011-05-06,1473.199951171875,1494.800048828125,1472.300048828125,1491.199951171875,144,0.006955180355195,0.0069311046577232,0.014452098636058291,0.008913403216619297,0.22941995348391606,0.14149588947850708,0.006955180355195
2011-05-09,1501.5,1512.800048828125,1501.300048828125,1502.9000244140625,44,0.0078460794161057,0.0078154589975402,0.014266835165205601,0.008877540007989643,0.22647898705851074,0.14092657869100172,0.0078460794161057
2011-05-10,1508.4000244140625,1516.9000244140625,1508.4000244140625,1516.5999755859375,13,0.0091156769907008,0.0090743799842594,0.012834688237124348,0.008895148714441711,0.20374435938286214,0.141206108240092,0.0091156769907008
2011-05-11,1524.0,1524.0999755859375,1495.199951171875,1501.0999755859375,30,-0.0102202296251597,-0.0102728147669277,0.012908864923337777,0.009142104993371042,0.2049218777716598,0.14512641763260944,0.0102202296251597
2011-05-12,1492.0999755859375,1498.5,1484.800048828125,1506.5999755859375,11,0.0036639798077759,0.0036572837848377,0.013017044315474546,0.009123794793761877,0.20663917238311594,0.14483575222487863,0.0036639798077759
2011-05-13,1503.5,1511.300048828125,1490.199951171875,1493.4000244140625,16,-0.0087614173541595,-0.0088000242372794,0.012000075449304167,0.009173547111708003,0.19049529211722305,0.14562554578748543,0.0087614173541595
2011-05-16,1489.300048828125,1494.9000244140625,1489.300048828125,1490.4000244140625,10,-0.0020088388582805,-0.002010859281316,0.00801563001154234,0.009046004943533312,0.12724418167228094,0.14360087663550017,0.0020088388582805
2011-05-17,1489.800048828125,1491.800048828125,1473.0,1479.800048828125,41,-0.0071121681510336,-0.0071375801803725,0.008020066975620058,0.009175163982160025,0.12731461629343557,0.145651212810195,0.0071121681510336
2011-05-18,1496.4000244140625,1497.0,1496.300048828125,1495.5999755859375,82,0.0106770686825727,0.0106204712911479,0.008595255338690698,0.009048798714910296,0.13644544848765502,0.143645226381201,0.0106770686825727
2011-05-19,1491.5,1491.5,1491.5,1492.199951171875,1,-0.0022733514773765,-0.0022759394638589,0.007435222045294147,0.009049525572915466,0.11803049084636003,0.1436567648943218,0.0022733514773765
2011-05-20,1499.0,1512.699951171875,1488.699951171875,1508.800048828125,93,0.0111245799486947,0.0110631569262429,0.00799689483925287,0.009242539994271784,0.12694677003239363,0.1467207738444689,0.0111245799486947
2011-05-23,1510.5,1512.300048828125,1507.0,1515.300048828125,42,0.0043080592455233,0.0042988061241032,0.008039487886270952,0.00910511877816453,0.1276229136923356,0.14453927966836577,0.0043080592455233
2011-05-24,1527.0999755859375,1527.0999755859375,1521.9000244140625,1523.199951171875,4,0.0052134244632668,0.0051998816153001,0.006910682127002475,0.009085422600597595,0.10970367778720459,0.1442266125426417,0.0052134244632668
2011-05-25,1526.4000244140625,1527.5,1526.0999755859375,1526.5999755859375,10,0.0022321589568372,0.0022296713911066,0.006592607726122236,0.008837855069077144,0.10465440320833473,0.14029659981605816,0.0022321589568372
2011-05-26,1521.199951171875,1521.199951171875,1519.5,1522.800048828125,186986,-0.0024891437302387,-0.0024922467988857,0.005498629871025533,0.00887068219365931,0.08728804314194835,0.14081771426346865,0.0024891437302387
2011-05-27,1519.4000244140625,1538.5,1518.4000244140625,1536.300048828125,76719,0.0088652479426889,0.0088261823465085,0.005171047911491245,0.008779607836384375,0.08208784074843466,0.13937195366248148,0.0088652479426889
2011-05-31,1536.699951171875,1541.0999755859375,1532.4000244140625,1535.9000244140625,6152,-0.000260381697161,-0.0002604156023607,0.0048173565453444684,0.008660187053023996,0.07647316437426428,0.137476207497617,0.000260381697161
2011-06-01,1535.699951171875,1550.5999755859375,1529.699951171875,1542.4000244140625,2845,0.0042320462899136,0.004223116367711,0.0037351127799009573,0.008653815705962586,0.0592930772063824,0.13737506549857115,0.0042320462899136
2011-06-02,1541.300048828125,1544.5,1520.0,1532.0,1651,-0.0067427543111024,-0.0067655893843638,0.00521134074125276,0.008772024344403469,0.08272746959144284,0.13925156945937592,0.0067427543111024
2011-06-03,1534.699951171875,1546.300048828125,1525.0,1541.699951171875,1745,0.0063315608171508,0.006311600694144,0.005356435231401171,0.008824151065090617,0.08503077321667328,0.14007905549697303,0.0063315608171508
2011-06-06,1542.9000244140625,1553.9000244140625,1542.0,1546.5,691,0.0031134779659793,0.0031086411304437,0.005380280165092673,0.008822799938826596,0.08540929980413252,0.14005760703246634,0.0031134779659793
2011-06-07,1545.0,1549.9000244140625,1537.199951171875,1543.300048828125,2530,-0.0020691569168282,-0.0020713005795616,0.005325706621698963,0.008825650554078699,0.08454297166023242,0.1401028591467099,0.0020691569168282
2011-06-08,1544.199951171875,1544.199951171875,1531.300048828125,1538.0999755859375,489,-0.0033694505784122,-0.0033751399606688,0.004630366351114163,0.008819836091212218,0.07350478706501798,0.1400105574101971,0.0033694505784122
2011-06-09,1536.0999755859375,1548.800048828125,1534.4000244140625,1542.0999755859375,288,0.0026006111848979,0.0025972354470182,0.00471094485294351,0.008687447872285571,0.07478393112616966,0.13790895958742902,0.0026006111848979
2011-06-10,1543.699951171875,1543.9000244140625,1526.4000244140625,1528.5999755859375,632,-0.0087542962283431,-0.0087928401946464,0.005522564488410328,0.008688764516763082,0.08766799341390225,0.13792986067054452,0.0087542962283431
2011-06-13,1528.0999755859375,1533.0,1511.300048828125,1515.0,851,-0.0088970141326375,-0.008936828893796,0.005923816823551461,0.008253514428308935,0.09403767676450654,0.13102047971753328,0.0088970141326375
2011-06-14,1517.199951171875,1526.199951171875,1513.0999755859375,1523.800048828125,306,0.0058086130878713,0.0057918081390966,0.005809643221743442,0.008340296759101497,0.09222522702447135,0.13239810651036327,0.0058086130878713
2011-06-15,1525.0,1533.4000244140625,1515.0,1525.5999755859375,648,0.0011812092795224,0.001180512200718,0.005587096222071255,0.008128970404718772,0.08869240292753428,0.12904340463533967,0.0011812092795224
2011-06-16,1526.0,1531.199951171875,1522.0,1529.300048828125,164,0.0024253233491082,0.002422386999208,0.005821570144797192,0.007550630758785984,0.0924145610583099,0.11986254737653586,0.0024253233491082
2011-06-17,1523.0,1541.5999755859375,1523.0,1538.5999755859375,72,0.0060811655403651,0.0060627498746294,0.006331500392846433,0.006269558626451503,0.10050945279227652,0.09952615773438228,0.0060811655403651
2011-06-20,1536.0,1545.699951171875,1535.199951171875,1541.5,99,0.0018848462628877,0.0018830721690833,0.006289340073074265,0.006179375772006826,0.09984017846440384,0.09809454930208696,0.0018848462628877
2011-06-21,1540.0999755859375,1547.5,1540.0,1546.0,125,0.0029192345118391,0.0029149818211622,0.005010866972135942,0.006058883747412899,0.07954504716659355,0.0961817977098337,0.0029192345118391
2011-06-22,1547.199951171875,1558.5,1544.4000244140625,1552.9000244140625,222,0.0044631464515281,0.0044532161493695,0.0019316473836746633,0.005900420082822159,0.030663951587230363,0.09366626501975141,0.0044631464515281
2011-06-23,1547.199951171875,1547.199951171875,1514.699951171875,1520.0999755859375,300,-0.02112180327932,-0.0213480602075897,0.009324806369270792,0.0068604665812324155,0.14802671206152987,0.10890653071086284,0.02112180327932
2011-06-24,1524.699951171875,1525.0,1498.5,1500.5,257,-0.0128938727062227,-0.0129777202087251,0.01040475574184369,0.0072474638729771125,0.16517037687173863,0.11504992226293471,0.0128938727062227
2011-06-27,1503.5,1503.5,1490.699951171875,1496.0,140,-0.0029990003332223,-0.0030035063459993,0.010192237535309605,0.007084795707593854,0.16179675493036272,0.11246764519194734,0.0029990003332223
2011-06-28,1499.9000244140625,1505.0,1496.0999755859375,1499.699951171875,508,0.0024732293929645,0.0024701759946162,0.009731670606895346,0.007086434749100502,0.15448548160225262,0.11249366416923796,0.0024732293929645
2011-06-29,1504.0999755859375,1512.199951171875,1504.0999755859375,1509.9000244140625,395,0.0068014093313912,0.0067783840907091,0.010352047186275855,0.007044399665840006,0.1643336544917511,0.11182637790935497,0.0068014093313912
2011-06-30,1511.5,1514.0,1498.800048828125,1502.300048828125,69,-0.0050334296728598,-0.0050461400491239,0.0100375240111696,0.006858285381903805,0.1593407538743657,0.10887190524496265,0.0050334296728598
2011-07-01,1502.199951171875,1502.199951171875,1480.0,1482.300048828125,66,-0.0133129197563436,-0.0134023311100259,0.009771554436803278,0.007277371671560006,0.15511861777386773,0.11552469384680518,0.0133129197563436
2011-07-05,1490.4000244140625,1515.0,1490.300048828125,1512.300048828125,199,0.0202388173863432,0.0200367345834235,0.0118082637386379,0.007927480849247754,0.18745037560738614,0.1258448571020201,0.0202388173863432
2011-07-06,1513.699951171875,1531.5,1510.300048828125,1528.699951171875,71,0.0108443442532837,0.0107859660220197,0.011101875021944917,0.008134033051595617,0.176236802367516,0.1291237716630109,0.0108443442532837
2011-07-07,1529.0999755859375,1533.0999755859375,1522.699951171875,1530.199951171875,55,0.0009812259095385,0.0009807448220736,0.010859667753992885,0.00808287653902337,0.1723918811871152,0.12831168720176583,0.0009812259095385
2011-07-08,1527.0,1542.5999755859375,1526.5999755859375,1541.199951171875,3,0.0071886030264056,0.0071628881819995,0.010946842654842694,0.008176289856719253,0.17377573983640707,0.12979457764835448,0.0071886030264056
2011-07-11,1550.0,1555.199951171875,1543.0999755859375,1548.800048828125,14,0.0049312859440926,0.0049191669786213,0.01088855642487855,0.008199655762441643,0.17285047462033917,0.13016549990254983,0.0049312859440926
2011-07-12,1548.199951171875,1565.0,1542.0,1561.9000244140625,8,0.0084581451271579,0.0084225754459432,0.010262936265499957,0.008185825583620247,0.16291906247891308,0.129945952620056,0.0084581451271579
2011-07-13,1574.0,1585.5999755859375,1570.800048828125,1585.199951171875,29,0.0149176812815232,0.0148075070190991,0.006405607738686064,0.008590898882607223,0.10168587043676486,0.13637629189128833,0.0149176812815232
2011-07-14,1586.300048828125,1592.800048828125,1583.5999755859375,1589.0,19,0.0023972047345293,0.0023943360229376,0.004851934574358618,0.008574269255799637,0.0770220735678536,0.13611230474971622,0.0023972047345293
2011-07-15,1582.300048828125,1592.199951171875,1582.300048828125,1589.800048828125,8,0.0005034920252517,0.0005033653156717,0.005091166751464725,0.008448956941796521,0.08081976664521749,0.13412303343531853,0.0005034920252517
2011-07-18,1592.800048828125,1605.0,1592.800048828125,1602.0999755859375,13,0.0077367759341051,0.0077070005614927,0.004688462873571322,0.008481818064250383,0.0744270407677739,0.13464468758221068,0.0077367759341051
2011-07-19,1608.0999755859375,1608.800048828125,1583.300048828125,1600.9000244140625,63,-0.000748986449136,-0.0007492670796208,0.005422160861373908,0.00848291734371428,0.08607413524669875,0.1346621381027077,0.000748986449136
2011-07-20,1584.300048828125,1596.699951171875,1582.4000244140625,1596.699951171875,9,-0.0026235699782218,-0.0026270175692549,0.006235077809477724,0.008490857822037807,0.09897879173409255,0.13478818928831737,0.0026235699782218
2011-07-21,1598.0,1601.5999755859375,1586.5999755859375,1586.800048828125,24,-0.0062002271224997,-0.0062195283533873,0.007044986956472768,0.0085584974178763,0.1118357008591246,0.1358619345845348,0.0062002271224997
2011-07-22,1588.5,1606.5,1588.5,1601.300048828125,12,0.0091378872912868,0.009096389409616,0.005482933076130683,0.00868102578267327,0.08703886424791299,0.13780701207535992,0.0091378872912868
2011-07-25,1610.0,1619.4000244140625,1610.0,1612.0,67,0.006682040120904,0.0066598142453403,0.005833312109529742,0.008520964981741042,0.09260095896982361,0.13526612563186097,0.006682040120904
2011-07-26,1609.800048828125,1618.5,1609.800048828125,1616.5999755859375,28,0.0028535828696882,0.0028495191310655,0.005795659067464803,0.008278563323030012,0.09200323545737031,0.13141811859382732,0.0028535828696882
2011-07-27,1619.699951171875,1619.699951171875,1617.0,1615.0,232220,-0.0009897164481631,-0.0009902065408822,0.00538147562269896,0.008269395615847691,0.08542827710530745,0.13127258575404485,0.0009897164481631
2011-07-28,1614.199951171875,1620.5999755859375,1602.800048828125,1613.4000244140625,70263,-0.0009906969572368,-0.0009911880218249,0.005396510914356461,0.008286053249707073,0.08566695496099788,0.131537017493781,0.0009906969572368
2011-07-29,1617.0999755859375,1634.9000244140625,1610.5999755859375,1628.300048828125,6761,0.0092351705643947,0.009192787122422,0.00586495840456461,0.008393516110595847,0.09310332832929664,0.13324293752430436,0.0092351705643947
2011-08-01,1623.0,1631.800048828125,1607.0,1619.0,2889,-0.0057115080447355,-0.0057278810797189,0.0057413137836316705,0.00847767344066671,0.09114053082166018,0.13457889372252843,0.0057115080447355
2011-08-02,1619.300048828125,1660.5999755859375,1616.800048828125,1641.9000244140625,2440,0.0141445487424722,0.0140454480097437,0.006853744288636129,0.008775444703570313,0.10879981762416294,0.13930586597787586,0.0141445487424722
2011-08-03,1659.9000244140625,1672.300048828125,1651.5999755859375,1663.4000244140625,2024,0.0130945853464328,0.0130095924244131,0.007709017908716887,0.009000255261448624,0.12237686543404867,0.14287462294736206,0.0130945853464328
2011-08-04,1660.5,1681.800048828125,1640.0,1656.199951171875,1952,-0.0043285277963872,-0.0043379229942146,0.008413441665752835,0.009076330808172856,0.1335592459063861,0.1440822848122756,0.0043285277963872
2011-08-05,1647.5,1666.0999755859375,1642.699951171875,1648.800048828125,825,-0.0044680005807958,-0.0044780119269876,0.008815453038653371,0.008053047139124903,0.1399409786078729,0.127838160158428,0.0044680005807958
2011-08-08,1679.0999755859375,1720.0,1678.0999755859375,1710.199951171875,1885,0.0372391439382777,0.0365625139801451,0.015352224285318098,0.009724287909048876,0.24370900518382804,0.15436828490721366,0.0372391439382777
2011-08-09,1722.5,1779.0,1720.0999755859375,1740.0,1861,0.0174248916377908,0.01727481903784,0.015728772058191516,0.009900667559428354,0.24968651576637782,0.15716822505463338,0.0174248916377908
2011-08-10,1744.0,1795.5999755859375,1741.300048828125,1781.300048828125,969,0.0237356602460487,0.0234583490013753,0.014856098378982677,0.010452134944090136,0.23583325058098775,0.165922498390503,0.0237356602460487
2011-08-11,1795.0999755859375,1813.5,1733.300048828125,1748.800048828125,1503,-0.0182451013917509,-0.0184135958667449,0.01916317713588372,0.011332972539740124,0.3042060061885641,0.17990536173165864,0.0182451013917509
2011-08-12,1760.5999755859375,1764.199951171875,1723.800048828125,1740.199951171875,1166,-0.0049177135270627,-0.0049298452701972,0.019754443231236166,0.011329469684843458,0.3135920644703647,0.17984975563404668,0.0049177135270627
2011-08-15,1734.9000244140625,1765.199951171875,1730.5,1755.5,976,0.0087921211685022,0.0087536955354788,0.01915422823285123,0.010805882785509332,0.30406394675697923,0.17153807128182966,0.0087921211685022
2011-08-16,1769.0,1787.300048828125,1761.5999755859375,1782.4000244140625,278,0.01532328363091,0.0152070678217751,0.018363884641242646,0.010613546263852637,0.2915176311948398,0.1684848236557968,0.01532328363091
2011-08-17,1784.800048828125,1794.300048828125,1782.0,1791.199951171875,231,0.0049371222157077,0.0049249745942755,0.014400861523643008,0.010566563416030112,0.22860658953982865,0.16773899406845286,0.0049371222157077
2011-08-18,1786.5,1828.5,1785.5,1818.9000244140625,868,0.0154645343888408,0.0153461771436897,0.014175317757981764,0.010690231260470919,0.22502619325762455,0.16970216023784762,0.0154645343888408
2011-08-19,1823.699951171875,1874.4000244140625,1823.699951171875,1848.9000244140625,328,0.0164934848520132,0.0163589446727218,0.012910578771525226,0.010864498721723992,0.20494908426819325,0.17246857042236494,0.0164934848520132
2011-08-22,1868.5999755859373,1895.0,1858.4000244140625,1888.699951171875,1106,0.0215262730446583,0.021297855008082,0.008893403103703587,0.011217431497906065,0.14117839752869799,0.17807120455417325,0.0215262730446583
2011-08-23,1909.0,1909.300048828125,1824.5999755859373,1858.300048828125,458,-0.0160956759303604,-0.0162266182937307,0.012513229359471027,0.011955868280564252,0.19864135790083437,0.18979352506931055,0.0160956759303604
2011-08-24,1833.0,1853.0999755859373,1753.0999755859375,1754.0999755859375,992,-0.0560727926084367,-0.05770622662385,0.027798739241967758,0.01633004596382197,0.4412913047722733,0.25923144311116203,0.0560727926084367
2011-08-25,1748.4000244140625,1772.5,1707.300048828125,1759.800048828125,864,0.0032495714734182,0.0032443030264157,0.02707085946831698,0.016328782776771664,0.42973657157966966,0.2592113906383952,0.0032495714734182
2011-08-26,1768.5,1829.300048828125,1768.5,1794.0999755859375,270,0.0194908090726859,0.0193032958595008,0.028183615530467415,0.016573201407991164,0.44740102644164714,0.26309141612238085,0.0194908090726859
2011-08-29,1817.9000244140625,1817.9000244140625,1786.699951171875,1788.4000244140625,828,-0.0031770532575886,-0.0031821108061978,0.027412888884595393,0.01661199840169649,0.43516612023891726,0.26370729930414827,0.0031770532575886
2011-08-30,1787.199951171875,1839.5999755859373,1783.0999755859375,1826.699951171875,598,0.0214157494044773,0.0211896545412313,0.028025135204853953,0.016892831296099805,0.4448852292660286,0.26816538329549405,0.0214157494044773
2011-08-31,1830.5999755859373,1837.9000244140625,1811.4000244140625,1828.5,336,0.0009854102349815,0.0009849250370358,0.026245804250302728,0.016852807031530512,0.4166392260310983,0.26753001779274244,0.0009854102349815
2011-09-01,1825.800048828125,1829.5,1814.4000244140625,1826.0,263,-0.001367240907848,-0.0013681764345221,0.025729245923172207,0.016768224065475186,0.40843911680361683,0.2661873048327348,0.001367240907848
2011-09-02,1828.5999755859373,1884.199951171875,1828.5999755859373,1873.699951171875,442,0.0261226457677299,0.0257872773898178,0.01230499556080456,0.01719991261062183,0.1953357488258558,0.2730401480384945,0.0261226457677299
2011-09-06,1886.300048828125,1911.5999755859373,1864.0,1869.9000244140625,536,-0.0020280337603872,-0.0020300930054706,0.012901277426562682,0.01725087399958054,0.20480142999441736,0.27384913500840163,0.0020280337603872
2011-09-07,1868.9000244140625,1873.699951171875,1792.800048828125,1814.199951171875,470,-0.0297877279613605,-0.030240394272829,0.018367752379613342,0.018389536055929367,0.2915790296380305,0.2919248347790681,0.0297877279613605
2011-09-08,1839.300048828125,1870.0,1835.0,1854.4000244140625,142,0.022158568142514,0.0219166344845332,0.019686734148469155,0.018655947297458536,0.31251721610335387,0.296153982128417,0.022158568142514
2011-09-09,1858.0999755859373,1881.300048828125,1830.0,1856.4000244140625,188,0.001078515947837,0.0010779347673495,0.018379077802085357,0.018637661580450292,0.2917588151461527,0.29586370536992707,0.001078515947837
2011-09-12,1852.4000244140625,1852.4000244140625,1806.0,1809.9000244140625,245,-0.0250484806014139,-0.0253675329143116,0.021150379609379946,0.019395615469884216,0.3357518674861847,0.3078958503501049,0.0250484806014139
2011-09-13,1817.800048828125,1835.300048828125,1808.0999755859373,1826.800048828125,52,0.0093375458235787,0.0092942204356146,0.021525627205532097,0.01933794993532986,0.34170873840314503,0.3069804383682023,0.0093375458235787
2011-09-14,1843.0,1843.0,1809.0,1823.5,156,-0.0018064641668046,-0.0018080977908829,0.018276487596045752,0.019274732213154476,0.2901302461133627,0.3059768881402341,0.0018064641668046
2011-09-15,1816.300048828125,1816.300048828125,1775.800048828125,1778.5,80,-0.0246778173841513,-0.0249874188602249,0.019861591629900373,0.019863531592012686,0.3152929925678305,0.3153237885116429,0.0246778173841513
2011-09-16,1768.5,1819.0999755859373,1768.5,1812.0999755859373,111,0.018892311265638,0.018716067856801,0.01904362654055981,0.020042900607447955,0.30230819932266334,0.31817118335815625,0.018892311265638
2011-09-19,1814.699951171875,1818.9000244140625,1788.0,1776.4000244140625,13,-0.0197008728286811,-0.0198975220838024,0.017425925114617553,0.020432994195490474,0.27662798531107663,0.3243637270901646,0.0197008728286811
2011-09-20,1778.800048828125,1807.800048828125,1776.0,1806.5999755859373,86,0.0170006478027582,0.0168577540404169,0.01942655092435783,0.019568858036255125,0.3083869354654966,0.3106459908327531,0.0170006478027582
2011-09-21,1808.0,1811.699951171875,1782.800048828125,1805.5,22,-0.0006088650508149,-0.0006090504844131,0.016997720816747833,0.019355040713860017,0.2698304528161228,0.307251746066422,0.0006088650508149
2011-09-22,1773.199951171875,1773.199951171875,1730.9000244140625,1739.199951171875,23,-0.0367211569250207,-0.0374123524256167,0.021099587995412637,0.020084573835637328,0.3349455756107141,0.31883272534686624,0.0367211569250207
2011-09-23,1737.300048828125,1737.300048828125,1636.300048828125,1637.5,81,-0.0584751345602035,-0.0602545207824886,0.02845293626143692,0.022501021146625007,0.4516763605040038,0.35719263719385114,0.0584751345602035
2011-09-26,1646.4000244140625,1661.800048828125,1562.4000244140625,1592.5,151,-0.0274809160305343,-0.0278655800630885,0.028632662131407832,0.02297604418204774,0.4545294202406504,0.3647333941063846,0.0274809160305343
2011-09-27,1653.800048828125,1665.4000244140625,1653.699951171875,1650.5999755859375,47,0.036483501152865,0.0358337349212424,0.032627073430728265,0.02398733161952537,0.5179387338332999,0.38078708448780213,0.036483501152865
2011-09-28,1650.0,1650.0,1650.0,1616.300048828125,21275,-0.0207802782413325,-0.0209992267419826,0.03266772579451911,0.02400586132343576,0.518584070102085,0.3810812344182895,0.0207802782413325
2011-09-29,1604.0,1633.800048828125,1585.0,1615.5,7181,-0.0004949878141159,-0.0004951103610251,0.030598961315846607,0.023964590413204756,0.4857434521116951,0.3804260790291744,0.0004949878141159
2011-09-30,1620.800048828125,1639.4000244140625,1609.4000244140625,1620.4000244140625,284,0.0030331317945295,0.0030285411306712,0.030922417727043204,0.023737953323112713,0.490878163455669,0.37682832675969313,0.0030331317945295
2011-10-03,1627.800048828125,1660.800048828125,1627.5999755859375,1656.0,101,0.0219698685815623,0.0217320085499807,0.03196505069653583,0.023917925663588878,0.5074294487316346,0.37968529909431414,0.0219698685815623
2011-10-04,1661.0,1678.0999755859375,1596.5999755859375,1614.699951171875,159,-0.0249396430121527,-0.0252559052973805,0.024531873884329414,0.023752981613903733,0.38943142495401445,0.3770668934800735,0.0249396430121527
2011-10-05,1629.300048828125,1640.300048828125,1599.5999755859375,1640.300048828125,114,0.0158543992261042,0.0157300310384166,0.022323118461592375,0.023950754444500365,0.3543685196208492,0.38020643983513747,0.0158543992261042
2011-10-06,1642.5999755859375,1654.699951171875,1637.5999755859375,1651.9000244140625,38,0.0070718620012386,0.0070469736542364,0.017544605692604638,0.021890939018117415,0.27851198107992003,0.34750788364571494,0.0070718620012386
2011-10-07,1657.0,1665.0,1626.199951171875,1634.5,66,-0.0105333398855262,-0.0105892081762123,0.015842934023975262,0.02192667134115111,0.2514987807902542,0.3480751166887976,0.0105333398855262
2011-10-10,1645.5999755859375,1676.800048828125,1645.5999755859375,1669.5999755859375,61,0.0214744420837793,0.0212471149760239,0.017430176809821403,0.021997290081041128,0.2766954788800356,0.34919615443069607,0.0214744420837793
2011-10-11,1685.0,1685.0,1657.5999755859375,1659.699951171875,151,-0.0059295786768253,-0.0059472284334666,0.017908282899906206,0.022007423840430695,0.2842851777680546,0.34935702287384185,0.0059295786768253
2011-10-12,1667.0999755859375,1691.0,1667.0999755859375,1681.300048828125,37,0.0130144594153893,0.0129304990199466,0.016650169734620638,0.02174781529798861,0.2643132504289231,0.3452358650246636,0.0130144594153893
2011-10-13,1676.0999755859375,1678.800048828125,1656.199951171875,1667.300048828125,148,-0.0083268896647913,-0.0083617518746101,0.012879506716472902,0.021762360595646464,0.2044558306858403,0.3454667644667521,0.0083268896647913
2011-10-14,1665.800048828125,1683.300048828125,1665.800048828125,1681.800048828125,51,0.0086966950011135,0.008659096579891,0.012103460117697857,0.02186318781321808,0.19213647284890253,0.34706734692523866,0.0086966950011135
2011-10-17,1683.5999755859375,1693.5,1667.300048828125,1675.5,41,-0.0037460153675907,-0.0037530492546851,0.012281298717165972,0.021184108721843332,0.19495957309510648,0.33628730054731093,0.0037460153675907
2011-10-18,1666.0,1666.0,1627.5,1651.699951171875,85,-0.0142047441528647,-0.0143065972126657,0.012969495660540786,0.02127139362832161,0.20588436088633383,0.3376729054818173,0.0142047441528647
2011-10-19,1659.300048828125,1659.300048828125,1641.300048828125,1646.0,22,-0.0034509604288787,-0.0034569287276842,0.009569340205268579,0.020702278385129946,0.15190856636467465,0.32863848107689014,0.0034509604288787
2011-10-20,1643.199951171875,1643.199951171875,1608.699951171875,1611.9000244140625,92,-0.0207168745965597,-0.02093447968799,0.011925459356255748,0.02038097839857356,0.18931079836116682,0.3235380019128306,0.0207168745965597
2011-10-21,1626.0999755859375,1647.4000244140625,1626.0999755859375,1635.0999755859375,32,0.0143929219061265,0.0142903270602805,0.012261898942764736,0.02064890027769212,0.19465161122376792,0.32779112989047554,0.0143929219061265
2011-10-24,1646.199951171875,1657.800048828125,1646.199951171875,1651.5,313,0.0100299826670755,0.0099800162215388,0.013094056039522867,0.020408505442387193,0.2078616956023251,0.3239749801863885,0.0100299826670755
2011-10-25,1645.0,1706.800048828125,1645.0,1699.5999755859375,355,0.0291250230614215,0.0287089490452189,0.01729290678705736,0.021123048921539905,0.2745163848238486,0.33531800626707414,0.0291250230614215
2011-10-26,1717.0,1723.5999755859375,1708.9000244140625,1722.699951171875,135,0.0135914191090604,0.0134998842323084,0.017632380447742894,0.021318736344084287,0.2799053621208325,0.33842444779560804,0.0135914191090604
2011-10-27,1717.800048828125,1735.5,1717.800048828125,1746.699951171875,494,0.0139316193650982,0.013835466371475,0.01588170759046366,0.02104566142184586,0.2521142920764821,0.334089517794421,0.0139316193650982
2011-10-28,1752.0,1752.0,1733.0,1746.199951171875,158,-0.0002862540871226,-0.0002862950656442,0.015538457391369135,0.0207288014773043,0.24666536409081702,0.3290595221122528,0.0002862540871226
2011-10-31,1741.9000244140625,1741.9000244140625,1717.0,1724.199951171875,62,-0.0125987862874671,-0.0126788239576713,0.013098747600180451,0.020547912876099306,0.20793617181888954,0.3261880045894843,0.0125987862874671
2011-11-01,1706.699951171875,1720.0999755859375,1682.5,1711.0,246,-0.0076556962914327,-0.0076851515643377,0.01438177222637037,0.020303537395778264,0.22830355634011035,0.3223086641047757,0.0076556962914327
2011-11-02,1724.300048828125,1741.4000244140625,1723.199951171875,1728.699951171875,294,0.0103447990484366,0.0102916577909725,0.014394804928616231,0.020420304966405307,0.22851044407443255,0.3241622918232337,0.0103447990484366
2011-11-03,1740.5,1766.0,1726.5999755859375,1764.199951171875,290,0.020535663216705,0.0203276494642953,0.012383911948627976,0.019651402482356577,0.19658850764514552,0.3119563432917172,0.020535663216705
2011-11-04,1757.0,1761.199951171875,1754.9000244140625,1755.300048828125,47,-0.0050447242886716,-0.0050574918676232,0.012334772282800678,0.016230142732545322,0.1958084396334184,0.25764552848038336,0.0050447242886716
2011-11-07,1755.300048828125,1797.0,1755.300048828125,1790.300048828125,35,0.0199396109077572,0.0197434205511,0.013405330539972449,0.01550819651554664,0.21280302510831783,0.24618498757952906,0.0199396109077572
2011-11-08,1798.4000244140625,1798.4000244140625,1785.699951171875,1798.4000244140625,14,0.0045243676283421,0.0045141634438688,0.013295458003644895,0.014248211903555305,0.21105885266608612,0.22618335194494535,0.0045243676283421
2011-11-09,1793.0,1793.0,1774.199951171875,1790.9000244140625,6,-0.0041703736088657,-0.0041790938698264,0.011809438665992851,0.013601921835804559,0.18746902700092474,0.21592381518046797,0.0041703736088657
2011-11-10,1766.800048828125,1766.800048828125,1754.800048828125,1758.9000244140625,16,-0.0178681107620564,-0.0180296728863998,0.014111445425962557,0.014137783908874846,0.22401225142054115,0.22443036187472098,0.0178681107620564
2011-11-11,1777.0,1789.0999755859375,1777.0,1787.5,28,0.0162601484956286,0.016129368049582,0.014716271290903382,0.014345661292175408,0.23361356437133893,0.2277303130311698,0.0162601484956286
2011-11-14,1779.0,1779.0,1779.0,1777.800048828125,24,-0.0054265461101398,-0.0054413232951115,0.013318965442897741,0.01398877097320699,0.21143202169542405,0.2220648548552681,0.0054265461101398
2011-11-15,1779.199951171875,1783.0999755859375,1761.300048828125,1781.699951171875,18,0.0021936675872635,0.0021912650115153,0.013033666874493586,0.012998030175243789,0.2069030473270232,0.2063373322644502,0.0021936675872635
2011-11-16,1777.5,1777.5,1757.699951171875,1773.800048828125,65,-0.0044339128698712,-0.004443771814802,0.010520411340465071,0.012852921215644315,0.1670063525818455,0.20403379894380502,0.0044339128698712
2011-11-17,1755.300048828125,1755.300048828125,1714.0,1719.800048828125,54,-0.0304431156350883,-0.0309161321012226,0.014756851594960246,0.014169545821544147,0.23425775672731,0.22493456660724132,0.0304431156350883
2011-11-18,1725.0,1736.0,1719.0,1724.699951171875,14,0.0028491116435824,0.0028450606177295,0.015156380567491417,0.01398908815705042,0.24060008254460583,0.22206988999268573,0.0028491116435824
2011-11-21,1704.5999755859375,1704.5999755859375,1674.4000244140625,1678.300048828125,9,-0.0269031736866594,-0.0272716885783379,0.01671311915036567,0.01443452306012765,0.2653125414243521,0.2291409498655488,0.0269031736866594
2011-11-22,1675.4000244140625,1702.199951171875,1675.4000244140625,1702.199951171875,13,0.0142405420058457,0.0141400979496225,0.0162649937473317,0.014604347470067383,0.2581987711887613,0.2318368287970417,0.0142405420058457
2011-11-23,1691.199951171875,1700.0,1681.5999755859375,1695.699951171875,34,-0.0038185878195596,-0.0038258972397361,0.01629970244604461,0.014447223891565605,0.25874975469951145,0.22934256931412025,0.0038185878195596
2011-11-25,1690.0999755859375,1693.5,1675.300048828125,1685.5,28,-0.0060151863334229,-0.0060333504437043,0.01584927931309773,0.01440525722140465,0.2515995091323433,0.2286763690785241,0.0060151863334229
2011-11-28,1710.800048828125,1710.800048828125,1710.800048828125,1710.800048828125,175525,0.0150104116452833,0.0148988702197443,0.01808198993032299,0.014574829128772995,0.28704269138885263,0.23136823965596123,0.0150104116452833
2011-11-29,1711.300048828125,1718.4000244140625,1704.0,1713.4000244140625,64786,0.0015197425249773,0.0015185888849821,0.014210848570634232,0.014551466340708469,0.2255902274225753,0.23099736689305017,0.0015197425249773
2011-11-30,1714.0,1749.199951171875,1699.9000244140625,1745.5,15463,0.0187346650686053,0.0185613327662489,0.015982580521753963,0.014619029343326246,0.25371560021775563,0.23206989630958283,0.0187346650686053
2011-12-01,1747.0,1753.300048828125,1734.5,1735.300048828125,1350,-0.0058435698492552,-0.0058607103104868,0.010823106317535303,0.014655969436760187,0.1718114863764629,0.232656302113385,0.0058435698492552
2011-12-02,1744.800048828125,1762.9000244140625,1741.5999755859375,1747.0,1067,0.0067423216980695,0.0067196938994526,0.01008251914371621,0.014041502626662324,0.160055029459926,0.22290194390285242,0.0067423216980695
2011-12-05,1748.9000244140625,1752.5999755859375,1718.699951171875,1730.699951171875,756,-0.0093303084305237,-0.0093741084160375,0.01095095046757268,0.014033066462270094,0.17384094934190286,0.22276802394484582,0.0093303084305237
2011-12-06,1722.0999755859375,1731.800048828125,1703.0,1727.9000244140625,648,-0.0016178002177191,-0.0016191102696168,0.010464674943456166,0.01396394519766264,0.16612156470908354,0.22167075788610016,0.0016178002177191
2011-12-07,1730.5999755859375,1741.9000244140625,1720.0,1740.9000244140625,300,0.0075235834344109,0.0074954224400868,0.00943644623154163,0.013020930514569788,0.14979893993335072,0.20670086388122372,0.0075235834344109
2011-12-08,1742.0,1752.300048828125,1705.4000244140625,1709.800048828125,942,-0.0178643087769527,-0.0180258017385567,0.012217556819972381,0.013227140995902196,0.19394770184668836,0.20997435378926657,0.0178643087769527
2011-12-09,1713.300048828125,1720.699951171875,1705.699951171875,1712.800048828125,568,0.0017545911301477,0.0017530536333202,0.009114849813709199,0.01296383776080404,0.14469375506866772,0.20579454451245563,0.0017545911301477
2011-12-12,1707.5,1708.199951171875,1658.5,1664.199951171875,894,-0.0283746475191318,-0.0287849886572218,0.013397573341308894,0.01392145760437203,0.21267988339711208,0.22099628825218448,0.0283746475191318
2011-12-13,1654.699951171875,1671.800048828125,1628.0,1659.9000244140625,274,-0.0025837801249691,-0.0025871238457042,0.012356302158744411,0.013765534131438124,0.19615021581844955,0.21852107985454072,0.0025837801249691
2011-12-14,1636.5,1639.5,1565.800048828125,1584.300048828125,890,-0.0455448969660832,-0.0466146740793301,0.019120436848541013,0.015946156677708663,0.30352752516093057,0.25313738961893445,0.0455448969660832
2011-12-15,1571.4000244140625,1592.800048828125,1565.5999755859375,1574.5999755859375,589,-0.0061226238359094,-0.0061414439555592,0.01877017383582864,0.015773491410952013,0.29796727221032343,0.25039641348355407,0.0061226238359094
2011-12-16,1587.4000244140625,1595.9000244140625,1586.0,1595.5999755859375,57,0.0133367206437213,0.0132485694849482,0.019924217552091845,0.015454855623985396,0.31628714826229876,0.24533822717683995,0.0133367206437213
2011-12-19,1596.4000244140625,1603.4000244140625,1589.699951171875,1594.4000244140625,92,-0.0007520375972895,-0.0007523205194177,0.0201617630328966,0.015457306841721672,0.3200580658659587,0.2453771390520767,0.0007520375972895
2011-12-20,1596.4000244140625,1617.0,1596.4000244140625,1615.5999755859375,215,0.013296507054223,0.013208884366838,0.02167508596827458,0.015160862954747932,0.34408132270800107,0.24067123823636957,0.013296507054223
2011-12-21,1615.5999755859375,1635.0,1608.300048828125,1611.9000244140625,38,-0.0022901406460674,-0.0022927670287802,0.01976816717693922,0.015090411269141827,0.3138099253543857,0.23955285239901516,0.0022901406460674
2011-12-22,1608.800048828125,1610.0,1601.9000244140625,1608.9000244140625,599,-0.0018611576118627,-0.0018628917176543,0.01978099347292509,0.01509292868407934,0.31401353649091,0.2395928151222437,0.0018611576118627
2011-12-23,1612.0,1612.800048828125,1604.699951171875,1604.699951171875,62,-0.0026105246929293,-0.0026139380542523,0.00800114605507144,0.014845521269890855,0.12701425599134722,0.235665344179506,0.0026105246929293
2011-12-27,1599.0,1599.0,1592.5999755859375,1594.199951171875,52,-0.0065432793166922,-0.0065647804119028,0.008072326959632987,0.014405500955689,0.12814421782074611,0.2286802382403383,0.0065432793166922
2011-12-28,1584.9000244140625,1588.5999755859375,1561.300048828125,1562.9000244140625,763,-0.0196336267196622,-0.0198289268960666,0.009676104409318318,0.014694637068132631,0.15360339556171085,0.23327013173178146,0.0196336267196622
2011-12-29,1559.300048828125,1559.300048828125,1525.0,1539.9000244140625,866,-0.0147162324145607,-0.0148255903804649,0.010555713689568785,0.014765888674495643,0.16756676000039436,0.23440121591748384,0.0147162324145607
2011-12-30,1549.4000244140625,1579.5,1547.9000244140625,1565.800048828125,289,0.0168192895664882,0.0166794115692685,0.011600568933304052,0.0152820600678384,0.18415332278630614,0.24259518276150766,0.0168192895664882
2012-01-03,1568.9000244140625,1604.300048828125,1566.0,1599.699951171875,229,0.021650211576581,0.0214191744662958,0.015275077762332612,0.015136794999997755,0.24248434209783049,0.24028917129936,0.021650211576581
2012-01-04,1596.5999755859375,1618.5999755859375,1594.5,1611.9000244140625,172,0.0076264759733537,0.0075975414247766,0.01560181305454943,0.01521772856924239,0.2476711040643528,0.24157395188098876,0.0076264759733537
2012-01-05,1610.800048828125,1624.0999755859375,1597.800048828125,1619.4000244140625,362,0.0046528940296568,0.0046421027789814,0.01561205477101118,0.014521652117119034,0.24783368627289018,0.23052408076614944,0.0046528940296568
2012-01-06,1622.5,1627.800048828125,1616.0999755859375,1616.0999755859375,20,-0.0020378218959945,-0.002039901080186,0.015319752156492998,0.014230377353640489,0.24319352611935566,0.22590023724202912,0.0020378218959945
2012-01-09,1614.300048828125,1620.0999755859375,1607.5,1607.5,8,-0.0053214378540037,-0.005335647136046,0.012668983305435151,0.014240989589743807,0.20111387514126278,0.22606870126753117,0.0053214378540037
2012-01-10,1619.9000244140625,1638.0,1619.9000244140625,1631.0,47,0.0146189735614308,0.0145131465092394,0.009974165163466645,0.014519941834255848,0.15833496334809985,0.23049693086738404,0.0146189735614308
2012-01-11,1634.800048828125,1645.4000244140625,1633.800048828125,1639.199951171875,65,0.0050275604977774,0.005014964515898,0.009263394383950444,0.014252486089824769,0.14705182701747152,0.22625120254850234,0.0050275604977774
2012-01-12,1645.199951171875,1656.0999755859375,1645.199951171875,1647.300048828125,84,0.0049414945690178,0.0049293254573312,0.006471759954925719,0.01428967836851732,0.10273600431384022,0.2268416116691761,0.0049414945690178
2012-01-13,1638.9000244140625,1643.4000244140625,1630.4000244140625,1630.4000244140625,368,-0.0102592265605072,-0.010312215151505,0.008200441075412172,0.013868452621114608,0.13017796635947806,0.2201548602285068,0.0102592265605072
2012-01-17,1643.699951171875,1657.800048828125,1642.0999755859375,1655.199951171875,16,0.0152109460172051,0.0150964194887608,0.009680066627080016,0.014205165909401452,0.15366629381873725,0.22550001797213354,0.0152109460172051
2012-01-18,1654.0,1660.300048828125,1654.0,1659.5,11,0.0025979029452487,0.0025945342285303,0.009419577410771558,0.014142505808655758,0.1495311557053395,0.22450531970993737,0.0025979029452487
2012-01-19,1663.0,1664.4000244140625,1653.5,1654.0999755859375,58,-0.0032540068780129,-0.0032593126715797,0.00911217765801794,0.014071511634096935,0.14465133591212662,0.22337832212743564,0.0032540068780129
2012-01-20,1652.800048828125,1664.300048828125,1652.800048828125,1663.699951171875,8,0.0058037456789978,0.0057869688281306,0.007956192451322315,0.014132854555087953,0.1263006396550093,0.22435211080925474,0.0058037456789978
2012-01-23,1676.9000244140625,1680.0,1669.9000244140625,1678.0,10,0.0085953292347291,0.0085585997105712,0.008227331425413747,0.014156905315351492,0.13060483743210796,0.22473390479225092,0.0085953292347291
2012-01-24,1666.9000244140625,1668.199951171875,1664.199951171875,1664.199951171875,5,-0.008224105380289,-0.008258109901121,0.009251121084509503,0.013870425138114501,0.14685699442894978,0.22018617296513818,0.008224105380289
2012-01-25,1673.0,1706.199951171875,1672.0,1699.800048828125,239,0.021391718964528,0.021166127664301,0.010231118873264498,0.014446837678407105,0.16241397703558333,0.22933643837029757,0.021391718964528
2012-01-26,1729.0,1729.0,1721.0,1726.300048828125,16,0.0155900689720944,0.0154697923170146,0.010288739467627634,0.013695565374462992,0.1633286756140669,0.21741036027153762,0.0155900689720944
2012-01-27,1727.0,1734.0999755859375,1727.0,1731.800048828125,175023,0.0031860046599279,0.0031809401013683,0.010258002818668299,0.013679451794337941,0.1628407464383755,0.21715456511708686,0.0031860046599279
2012-01-30,1737.199951171875,1739.9000244140625,1715.699951171875,1731.0,53427,-0.0004619752890446,-0.000462082032505,0.009878411246401268,0.010420549194675898,0.1568149170384081,0.16542109016296094,0.0004619752890446
2012-01-31,1731.699951171875,1747.699951171875,1725.0,1737.800048828125,7540,0.0039283933149192,0.0039206973265626,0.009927470756615436,0.010277439463550279,0.15759371261922406,0.1631492936104507,0.0039283933149192
2012-02-01,1738.199951171875,1751.0999755859375,1734.0,1747.0999755859375,2027,0.0053515516725206,0.0053372830035771,0.009877316376674185,0.010111774339521129,0.15679753652031286,0.16051944129586387,0.0053515516725206
2012-02-02,1745.0999755859375,1761.0999755859375,1742.9000244140625,1756.800048828125,2062,0.0055520996953446,0.0055367436026491,0.0077567812203401965,0.010094938315214944,0.12313508450013763,0.16025217769557665,0.0055520996953446
2012-02-03,1758.699951171875,1761.300048828125,1724.5,1737.9000244140625,543,-0.0107582103191935,-0.0108164982902851,0.007878745531808994,0.010226982462864968,0.1250712079219676,0.1623483135561574,0.0107582103191935
2012-02-06,1728.0,1738.300048828125,1713.300048828125,1722.800048828125,726,-0.0086886330478236,-0.0087265992964517,0.0067821082664383725,0.01039535229473925,0.10766263102626794,0.16502110177670803,0.0086886330478236
2012-02-07,1722.0,1748.0,1713.199951171875,1746.4000244140625,272,0.0136986155775828,0.0136056376931238,0.00859626530739451,0.010568718486710914,0.13646148124378848,0.16777320475492788,0.0136986155775828
2012-02-08,1744.0,1751.5,1728.199951171875,1729.300048828125,955,-0.0097915571157156,-0.0098398096477343,0.009570647198323453,0.010774593166071399,0.15192931423620556,0.1710413639719259,0.0097915571157156
2012-02-09,1731.4000244140625,1749.699951171875,1726.0999755859375,1739.0,119,0.0056091776429707,0.0055935047866322,0.009708678453698823,0.010648569446416649,0.15412049248546922,0.16904079944291514,0.0056091776429707
2012-02-10,1732.699951171875,1734.4000244140625,1706.4000244140625,1723.300048828125,248,-0.0090281490350057,-0.0090691497326691,0.00994046723149935,0.010030866465298667,0.15780002526200407,0.1592350686100667,0.0090281490350057
2012-02-13,1725.0,1733.0,1718.4000244140625,1723.0,104,-0.0001741129342676,-0.0001741280936842,0.009446899989138741,0.009465116170708566,0.14996488819055936,0.1502540611081851,0.0001741129342676
2012-02-14,1720.0,1724.9000244140625,1715.0,1715.9000244140625,94,-0.0041207055054773,-0.004129219008216,0.008819438811961362,0.009240986201936056,0.14000425079760426,0.1466961081558127,0.0041207055054773
2012-02-15,1723.5999755859375,1737.0,1723.5999755859375,1726.300048828125,110,0.0060609734052623,0.0060426795876326,0.0086556050456559,0.008576119550715737,0.1374034703856083,0.13614167727091697,0.0060609734052623
2012-02-16,1718.4000244140625,1728.4000244140625,1707.0,1726.800048828125,38,0.0002896367872662,0.0002895948506293,0.006388783224624929,0.008531669857100913,0.10141878955595322,0.13543606025996993,0.0002896367872662
2012-02-17,1733.5999755859375,1735.0999755859375,1718.800048828125,1724.5,80,-0.0013319717182576,-0.0013328595810797,0.00528420008457514,0.008545511712576602,0.08388407581015378,0.13565579290360416,0.0013319717182576
2012-02-21,1736.0999755859375,1760.0,1733.5999755859375,1757.0999755859375,115,0.0189040159964843,0.0187275554924296,0.008929564949144715,0.009034384002825963,0.14175244902861628,0.14341639992082653,0.0189040159964843
2012-02-22,1758.699951171875,1781.9000244140625,1750.0,1770.0,161,0.0073416564756143,0.0073148376985493,0.00777772524524778,0.008935611558523899,0.12346756058828687,0.1418484359767711,0.0073416564756143
2012-02-23,1774.0,1786.0,1773.0,1784.9000244140625,298,0.0084180928893009,0.0083828583456995,0.007714030762797269,0.008733067777255578,0.12245644202558076,0.13863315312773927,0.0084180928893009
2012-02-24,1778.5,1780.699951171875,1771.300048828125,1775.0999755859375,129,-0.0054905309507976,-0.0055056593164427,0.007998472467495632,0.00886100383239302,0.1269718141043436,0.14066407504141318,0.0054905309507976
2012-02-27,1773.5999755859375,1775.5999755859375,1768.0999755859375,1773.5999755859375,841,-0.0008450228272381,-0.0008453800602883,0.008251102895341603,0.008873416182976974,0.1309821978184733,0.1408611149983985,0.0008450228272381
2012-02-28,1767.9000244140625,1789.4000244140625,1767.9000244140625,1787.0,306,0.0075552687181537,0.007526870622585,0.008178207174025467,0.008581147051931061,0.12982501411701433,0.13622148637850792,0.0075552687181537
2012-02-29,1789.9000244140625,1790.4000244140625,1669.0,1709.9000244140625,359,-0.0431449219842963,-0.0441033326268163,0.020099833136650397,0.011764242621369176,0.31907495924083373,0.1867515620350166,0.0431449219842963
2012-03-01,1698.5999755859375,1724.5999755859375,1698.5999755859375,1721.0999755859375,214,0.0065500619989247,0.0065287035581728,0.01853882251902944,0.011803056914137529,0.2942946839118954,0.1873677198308961,0.0065500619989247
2012-03-02,1723.0,1723.0,1705.199951171875,1708.800048828125,135,-0.0071465498415482,-0.0071722087503977,0.018019047038105977,0.011875831847743587,0.2860435039512205,0.1885229860869013,0.0071465498415482
2012-03-05,1705.5,1709.5,1695.4000244140625,1703.0,421,-0.0033942232340773,-0.0033999966776983,0.01709650043234386,0.011870380656766917,0.27139853060094066,0.18843645111286098,0.0033942232340773
2012-03-06,1708.699951171875,1708.699951171875,1666.0,1671.4000244140625,176,-0.0185554759753009,-0.0187297884883988,0.017664088781869793,0.012287000625336171,0.28040871632036,0.19505008808120772,0.0185554759753009
2012-03-07,1676.0,1684.0,1673.0999755859375,1683.300048828125,39,0.0071197943282514,0.0070945682581275,0.018471850197089777,0.012254650504786026,0.29323153126043394,0.19453654583805585,0.0071197943282514
2012-03-08,1686.4000244140625,1702.4000244140625,1686.4000244140625,1698.0999755859375,301,0.0087922095458357,0.0087537831425563,0.018642636851295306,0.011716418281084164,0.29594268534609364,0.1859923741689574,0.0087922095458357
2012-03-09,1698.800048828125,1710.9000244140625,1680.699951171875,1710.9000244140625,73,0.0075378652683322,0.0075095975253485,0.010283482683348982,0.011436650608428465,0.1632452267506835,0.18155120004862357,0.0075378652683322
2012-03-12,1708.0999755859375,1708.0999755859375,1694.9000244140625,1699.199951171875,98,-0.0068385487610209,-0.0068620387886519,0.010134195920782825,0.011479629843119517,0.16087537286397952,0.18223347424781797,0.0068385487610209
2012-03-13,1698.4000244140625,1698.4000244140625,1685.0999755859375,1693.699951171875,47,-0.0032368174188134,-0.0032420672438592,0.009894258883818946,0.011489914480645241,0.1570664904832587,0.18239673780712304,0.0032368174188134
2012-03-14,1676.9000244140625,1681.0,1637.4000244140625,1642.5,201,-0.0302296467189773,-0.0306959847090452,0.014838370946676822,0.012653011299619848,0.2355518363173976,0.20086032740930576,0.0302296467189773
2012-03-15,1646.300048828125,1660.199951171875,1640.0,1659.0999755859375,405,0.0101065300371003,0.0100558005752991,0.014442551735398598,0.012774877521862297,0.22926840113429411,0.20279489371294046,0.0101065300371003
2012-03-16,1660.0,1661.4000244140625,1641.300048828125,1655.5,317,-0.0021698364407883,-0.0021721939467638,0.013995834550078216,0.012702530397181474,0.22217698566187521,0.2016464187130842,0.0021698364407883
2012-03-19,1661.199951171875,1668.0,1652.0999755859375,1666.9000244140625,462,0.0068861518659393,0.0068625506081282,0.013760833340418032,0.012686646988786536,0.21844645711051405,0.20139427742157373,0.0068861518659393
2012-03-20,1648.0999755859375,1652.300048828125,1642.0,1646.699951171875,250,-0.0121183471991898,-0.0121923730235837,0.013355564382579446,0.012770601450224716,0.21201301185130272,0.20272701318009245,0.0121183471991898
2012-03-21,1657.800048828125,1660.0,1646.0999755859375,1650.0,546,0.0020040377275631,0.0020020323227807,0.013609449968763456,0.012467942607204453,0.2160433205863432,0.19792245299573552,0.0020040377275631
2012-03-22,1648.0,1649.4000244140625,1633.800048828125,1642.300048828125,321,-0.0046666370738636,-0.0046775598195612,0.013604919725509925,0.012389742665432716,0.21597140520417837,0.19668106740492905,0.0046666370738636
2012-03-23,1652.5,1665.0999755859375,1646.300048828125,1662.300048828125,76,0.0121780426264197,0.0121044868401826,0.008697600554759481,0.012578945434274244,0.13807012842522606,0.19968456824724617,0.0121780426264197
2012-03-26,1665.0,1692.9000244140625,1657.800048828125,1685.5,84,0.0139565364196616,0.0138600407588677,0.009407204924072578,0.012797946704386878,0.14933474856790976,0.20316110563239803,0.0139565364196616
2012-03-27,1687.800048828125,1690.800048828125,1684.4000244140625,1684.800048828125,100,-0.0004152780610352,-0.000415364312849,0.00929104951966146,0.012797707530194973,0.14749083868686208,0.2031573088598072,0.0004152780610352
2012-03-28,1670.0999755859375,1670.0999755859375,1657.9000244140625,1657.9000244140625,193107,-0.0159663008276697,-0.0160951353899511,0.011307972063328361,0.013087407080724913,0.17950849147219666,0.2077561466535837,0.0159663008276697
2012-03-29,1661.800048828125,1664.5,1644.300048828125,1652.199951171875,47342,-0.0034381284505994,-0.0034440523963091,0.010278567185302016,0.01302389685284487,0.16316719563826973,0.20674795304150587,0.0034381284505994
2012-03-30,1660.5999755859375,1670.0,1659.0,1669.300048828125,9825,0.0103498959941992,0.0102967025369948,0.01094180366874674,0.013196694053030242,0.17369574841198823,0.2094910235551383,0.0103498959941992
2012-04-02,1670.4000244140625,1682.800048828125,1662.0,1677.5,2531,0.0049122092685682,0.0049001837338359,0.010604608306119444,0.013241145169504418,0.1683429379754518,0.2101966631532773,0.0049122092685682
2012-04-03,1677.5999755859375,1679.5,1638.699951171875,1670.0,1165,-0.0044709388971684,-0.004480963435036,0.010078615894448958,0.012716941857920718,0.15999306729872853,0.20187519355995548,0.0044709388971684
2012-04-04,1646.5,1647.0,1612.300048828125,1612.300048828125,1122,-0.0345508689651946,-0.0351618651563432,0.014947734786995457,0.013940804659344951,0.23728793346083413,0.22130341322854355,0.0345508689651946
2012-04-05,1620.800048828125,1633.199951171875,1620.4000244140625,1628.5,289,0.0100477272723831,0.0099975844618305,0.016103992295577706,0.013989960253318116,0.2556429523763927,0.2220837340917475,0.0100477272723831
2012-04-09,1645.300048828125,1646.4000244140625,1636.5,1642.5,158,0.0085968682836965,0.0085601256424772,0.015922910972873502,0.014137602151463697,0.25276837549466896,0.22442747656526793,0.0085968682836965
2012-04-10,1649.0,1661.699951171875,1636.199951171875,1659.5,350,0.0103500761035006,0.0102968808012636,0.016447259371352767,0.014328879828655132,0.26109214827105576,0.2274639155565077,0.0103500761035006
2012-04-11,1654.800048828125,1659.699951171875,1654.699951171875,1659.0,426,-0.0003012955709551,-0.0003013409695848,0.015894279274201444,0.01421743903424836,0.25231386136887135,0.2256948477890609,0.0003012955709551
2012-04-12,1660.0,1680.0999755859375,1650.0,1679.5,1309,0.0123568414707655,0.0122811188619029,0.01657273572275193,0.01219682291943079,0.26308402359838734,0.19361856137943997,0.0123568414707655
2012-04-13,1673.300048828125,1674.800048828125,1650.0,1659.0999755859375,220,-0.012146486700841,-0.0122208581182826,0.017182904780404913,0.012300066677887531,0.27277015710392594,0.19525750523521693,0.012146486700841
2012-04-16,1650.800048828125,1656.800048828125,1641.199951171875,1648.699951171875,717,-0.0062684736104523,-0.0062882029830694,0.009560393129588153,0.012286338274241537,0.15176653594140457,0.19503957358354565,0.0062684736104523
2012-04-17,1652.0,1652.9000244140625,1637.0,1650.300048828125,69,0.000970520836804,0.0009700501859497,0.00908593450602906,0.012284310562139043,0.14423473878944032,0.19500738465182385,0.000970520836804
2012-04-18,1653.199951171875,1653.300048828125,1638.0999755859375,1638.800048828125,273,-0.0069684297762495,-0.0069928226691813,0.00908902848643988,0.011888221378337638,0.14428385420581036,0.1887196637877774,0.0069684297762495
2012-04-19,1642.0999755859375,1653.0999755859375,1632.0,1640.5999755859375,77,0.0010983199317693,0.0010977172197064,0.007876242054033974,0.01180414470118306,0.12503146644433472,0.18738498791490735,0.0010983199317693
2012-04-20,1641.699951171875,1645.5999755859375,1640.9000244140625,1642.0999755859375,54,0.0009142996600766,0.0009138819427355,0.00792312648340808,0.011670541560289805,0.12577573368724504,0.18526410380382327,0.0009142996600766
2012-04-23,1642.4000244140625,1642.4000244140625,1625.0999755859375,1631.9000244140625,226,-0.0062115287275583,-0.0062309005328032,0.005164130611897568,0.011591338405928226,0.08197803202162066,0.18400679270686768,0.0062115287275583
2012-04-24,1634.4000244140625,1648.5999755859375,1634.4000244140625,1643.0,123,0.0068018723082763,0.0067788439398654,0.005201686474383323,0.011642488592225388,0.08257421285607976,0.18481877674160918,0.0068018723082763
2012-04-25,1641.300048828125,1643.800048828125,1626.9000244140625,1641.4000244140625,82,-0.0009738135033094,-0.0009742879677306,0.004736620875356511,0.011635189016913437,0.07519152534594238,0.1847028995758983,0.0009738135033094
2012-04-26,1658.300048828125,1659.5999755859375,1658.300048828125,1659.5999755859375,280,0.0110880656154321,0.011027043678364,0.006514370175362332,0.010437083936678224,0.10341242059334974,0.16568357105494555,0.0110880656154321
2012-04-27,1654.5,1666.9000244140625,1654.0,1664.0,236,0.0026512560127684,0.0026477476332526,0.00553883352839547,0.010285617002511427,0.08792625641712497,0.16327910801701712,0.0026512560127684
2012-04-30,1663.0,1665.699951171875,1653.0,1663.4000244140625,36,-0.0003605622511643,-0.000360627269362,0.005613935801833757,0.010276847015499777,0.08911846804760463,0.16313988878921257,0.0003605622511643
2012-05-01,1665.0,1670.5,1661.699951171875,1661.699951171875,25,-0.0010220471427409,-0.001022569789065,0.005722266765293509,0.010200843786391094,0.09083816877921982,0.1619333749308559,0.0010220471427409
2012-05-02,1659.199951171875,1659.199951171875,1648.300048828125,1653.4000244140625,50,-0.0049948408266842,-0.005007356738177,0.005453709624104659,0.009991069948010743,0.08657495632884286,0.15860331848332473,0.0049948408266842
2012-05-03,1651.199951171875,1652.199951171875,1631.300048828125,1634.199951171875,78,-0.0116124791089148,-0.0116804305128595,0.006928156758711665,0.010212378897011218,0.10998107896573436,0.16211648913513474,0.0116124791089148
2012-05-04,1635.699951171875,1645.5999755859375,1629.4000244140625,1644.699951171875,68,0.0064251623508313,0.0064046089873675,0.00743364237059571,0.01024842860416379,0.11800541428793336,0.1626887604949092,0.0064251623508313
2012-05-07,1637.9000244140625,1640.0,1632.5999755859375,1638.5999755859375,21,-0.0037088683450079,-0.003715763250686,0.00577753737116556,0.010010493818409056,0.0917155624469157,0.15891166286675845,0.0037088683450079
2012-05-08,1636.699951171875,1636.699951171875,1596.0,1604.0,154,-0.0211155718915259,-0.0213416943819119,0.008876098163987293,0.010315756399936817,0.14090369012704432,0.16375755611853465,0.0211155718915259
2012-05-09,1595.300048828125,1595.300048828125,1586.300048828125,1593.699951171875,30,-0.0064214768255143,-0.0064421831990883,0.008617360744024714,0.010350221655558758,0.13679636091851954,0.16430467509002222,0.0064214768255143
2012-05-10,1594.199951171875,1595.0999755859375,1592.4000244140625,1595.0999755859375,6,0.0008784742780678,0.0008780886453683,0.008830017482107167,0.010006347425084368,0.14017218198004977,0.15884584091330853,0.0008784742780678
2012-05-11,1586.0999755859375,1589.5999755859375,1583.5999755859375,1583.5999755859375,6,-0.0072095794470661,-0.0072356940575756,0.008836336471755005,0.010058504224891279,0.140272492830922,0.15967380444212895,0.0072095794470661
2012-05-14,1563.0,1563.0999755859375,1555.5,1560.5999755859375,5,-0.0145238698879683,-0.0146303737765264,0.009199590637581823,0.010084839070771257,0.14603897394383786,0.16009185716021077,0.0145238698879683
2012-05-15,1555.4000244140625,1558.300048828125,1542.4000244140625,1556.800048828125,28,-0.002434914018492,-0.0024378832424801,0.007589473373803532,0.009995172365331229,0.12047915477418299,0.15866844233934999,0.002434914018492
2012-05-16,1541.4000244140625,1541.4000244140625,1528.5,1536.199951171875,26,-0.0132323336396068,-0.0133206610165816,0.007589373828475522,0.01018288015905184,0.12047757454109043,0.16164821118735007,0.0132323336396068
2012-05-17,1546.9000244140625,1579.0,1546.9000244140625,1574.5,51,0.0249316821022602,0.0246259587615034,0.013299076455366095,0.00954411682338927,0.21111629380639846,0.15150815759061467,0.0249316821022602
2012-05-18,1573.699951171875,1591.5999755859375,1568.199951171875,1591.5999755859375,26,0.0108605751577881,0.0108020226723735,0.01404861056623487,0.00957691488265788,0.2230147789455106,0.15202881064047646,0.0108605751577881
2012-05-21,1591.9000244140625,1594.0999755859375,1588.4000244140625,1588.4000244140625,32,-0.0020105247681327,-0.0020125485861335,0.014057360947847857,0.009415549970701726,0.22315368694725987,0.14946722207626956,0.0020105247681327
2012-05-22,1575.699951171875,1578.0999755859375,1568.4000244140625,1576.300048828125,27,-0.0076177130445468,-0.0076468760184069,0.014090552952161746,0.009233578406566155,0.22368059368084187,0.1465785130499406,0.0076177130445468
2012-05-23,1538.199951171875,1548.0999755859375,1534.4000244140625,1548.0999755859375,6,-0.0178900414696759,-0.0180520028328322,0.014690592436982603,0.009690640155430504,0.2332059252027737,0.15383414337771256,0.0178900414696759
2012-05-24,1559.0,1569.4000244140625,1551.5,1557.300048828125,23,0.0059428159597414,0.0059252270795595,0.014899325903213308,0.009424166268826558,0.23651946625443135,0.14960400156863135,0.0059428159597414
2012-05-25,1558.199951171875,1568.800048828125,1557.300048828125,1568.800048828125,7,0.0073845756369517,0.0073574431510021,0.01381337123143436,0.009407396261551572,0.21928047027473613,0.1493377859562252,0.0073845756369517
2012-05-29,1574.699951171875,1582.5,1548.5999755859375,1548.5999755859375,259050,-0.0128761299167964,-0.0129597458192666,0.010940748946822572,0.009590682936448842,0.17367900522050617,0.15224737171868594,0.0128761299167964
2012-05-30,1553.9000244140625,1569.0,1530.4000244140625,1563.4000244140625,79887,0.0095570509243518,0.0095116712148596,0.010687270160896583,0.00980929670631557,0.16965515423936167,0.15571775772813595,0.0095570509243518
2012-05-31,1562.699951171875,1572.5999755859375,1551.800048828125,1562.5999755859375,5901,-0.0005117364817905,-0.0005118674635913,0.010713725039054814,0.009761683055481203,0.17007511241078885,0.15496191445341836,0.0005117364817905
2012-06-01,1560.0,1630.0,1545.5,1620.5,2820,0.0370536447706979,0.0363836586429583,0.017902166134682623,0.012038479108545157,0.284188077130396,0.1911049313079422,0.0370536447706979
2012-06-04,1623.0,1627.9000244140625,1609.0,1612.199951171875,2134,-0.0051219060957266,-0.0051350680187444,0.015818042879570303,0.012067179361821528,0.2511036461225943,0.19156053370434528,0.0051219060957266
2012-06-05,1619.300048828125,1622.699951171875,1612.9000244140625,1615.199951171875,604,0.0018608113700904,0.0018590822053801,0.015892059611689012,0.012026341084441325,0.25227862531885703,0.19091224614882352,0.0018608113700904
2012-06-06,1619.699951171875,1639.699951171875,1616.5,1632.800048828125,419,0.0108965441978132,0.0108376046319319,0.01602244291646729,0.012132178541840965,0.25434839611620536,0.19259236369887256,0.0108965441978132
2012-06-07,1622.5999755859375,1627.199951171875,1581.9000244140625,1586.5999755859375,1200,-0.028294997464843,-0.028703015919928,0.01966874778404226,0.013177564556050491,0.3122316914197714,0.2091873522048532,0.028294997464843
2012-06-08,1589.9000244140625,1593.9000244140625,1566.5,1590.0999755859375,157,0.0022059750749128,0.0022035454843187,0.01949528901998152,0.012994002756078723,0.30947811890519533,0.20627339896723312,0.0022059750749128
2012-06-11,1608.0,1608.0,1583.0,1595.5,129,0.0033960282353142,0.0033902747537376,0.019447757698568782,0.013002607143123636,0.30872358256952903,0.20640998937706304,0.0033960282353142
2012-06-12,1594.0999755859375,1612.800048828125,1588.5,1612.699951171875,523,0.0107802890453618,0.0107225959909188,0.013410434397070287,0.013188683898975387,0.21288404632796637,0.20936386630158352,0.0107802890453618
2012-06-13,1608.199951171875,1622.4000244140625,1608.199951171875,1618.0999755859375,655,0.0033484371411671,0.0033428436084402,0.013317397524765798,0.013211949969313162,0.21140713176670467,0.20973320371818047,0.0033484371411671
2012-06-14,1621.199951171875,1626.4000244140625,1610.0999755859375,1618.4000244140625,493,0.000185432811725,0.0001854156211862,0.013305991057004378,0.013189091474629622,0.21122605970449831,0.20937033636451283,0.000185432811725
2012-06-15,1624.300048828125,1630.0,1621.5,1627.0,1015,0.0053138750965175,0.005299806280194,0.012723747713322546,0.013064492581182845,0.20198323316506928,0.20739239025034878,0.0053138750965175
2012-06-18,1622.5999755859375,1627.5999755859375,1615.0,1625.699951171875,246,-0.0007990466061001,-0.0007993660139987,0.0038181258584830645,0.01300719406637097,0.0606108689753471,0.20648280452623535,0.0007990466061001
2012-06-19,1629.800048828125,1630.699951171875,1622.0,1622.199951171875,32,-0.0021529188073586,-0.0021552396687366,0.00437700958824874,0.012996254030009655,0.06948287313990832,0.2063091368329591,0.0021529188073586
2012-06-20,1618.300048828125,1618.300048828125,1601.300048828125,1614.800048828125,140,-0.0045616462621665,-0.0045720823196394,0.005177110909018416,0.012418546136218438,0.08218408785037361,0.19713830832849624,0.0045616462621665
2012-06-21,1603.199951171875,1603.300048828125,1564.5,1564.5,29,-0.0311493976388148,-0.0316448561077261,0.012307571891369638,0.013640443346343002,0.19537664680567754,0.21653532520253563,0.0311493976388148
2012-06-22,1565.5,1568.4000244140625,1560.0,1566.0,16,0.0009587727708533,0.0009583134418115,0.012092647056040183,0.013640736391231782,0.19196482081655805,0.21653997714592776,0.0009587727708533
2012-06-25,1574.9000244140625,1587.5,1571.0,1587.5,32,0.0137292464878671,0.0136358542160982,0.013929989677967571,0.013821336522209095,0.2211317307215935,0.21940691534579776,0.0137292464878671
2012-06-26,1583.5,1583.5,1567.699951171875,1574.0,104,-0.0085039370078739,-0.0085403017894981,0.013585520971619984,0.013643134860639445,0.2156634595329544,0.21657805166740698,0.0085039370078739
2012-06-27,1567.0,1577.5,1563.0,1577.5,220,0.0022236340533672,0.0022211654380196,0.013774666813365134,0.0136365604247518,0.21866605668563227,0.21647368573319153,0.0022236340533672
2012-06-28,1573.699951171875,1573.699951171875,1548.4000244140625,1549.699951171875,133,-0.0176228518720285,-0.0177799831301938,0.014605901054639115,0.013811790742765426,0.23186149118754676,0.21925538079492843,0.0176228518720285
2012-06-29,1562.5999755859375,1603.5,1561.9000244140625,1603.5,61,0.0347164293239099,0.0341274078480353,0.02140169774018322,0.014509377737650191,0.3397414191305871,0.23032923103271627,0.0347164293239099
2012-07-02,1597.0999755859375,1598.300048828125,1589.699951171875,1597.199951171875,35,-0.0039289359701434,-0.0039366745152213,0.016987367426870584,0.014403465894101282,0.26966609784707263,0.2286479326391555,0.0039289359701434
2012-07-03,1603.800048828125,1624.0,1603.800048828125,1621.300048828125,44,0.0150889671882143,0.0149762610546849,0.017524109632767123,0.014648526058801063,0.2781866162167994,0.2325381421514204,0.0150889671882143
2012-07-05,1618.5,1619.199951171875,1598.0,1608.9000244140625,27,-0.0076481983843923,-0.0076775958413025,0.017632119104804896,0.01464913025215588,0.27990121343030744,0.23254773342358426,0.0076481983843923
2012-07-06,1592.300048828125,1593.800048828125,1578.4000244140625,1578.4000244140625,15,-0.0189570511139172,-0.0191390396553635,0.0190594523967688,0.014697254194768737,0.30255942700154526,0.23331167732915364,0.0189570511139172
2012-07-09,1582.0999755859375,1588.5999755859375,1580.9000244140625,1588.5999755859375,5,0.0064622092081261,0.0064414186547363,0.019188261966339708,0.01470388603597696,0.3046042155269646,0.23341695454458222,0.0064622092081261
2012-07-10,1599.199951171875,1599.800048828125,1567.5999755859375,1579.300048828125,12,-0.0058541652402973,-0.0058713680371607,0.01772843802620947,0.01469711383962201,0.2814302289058263,0.23330944926027286,0.0058541652402973
2012-07-11,1577.4000244140625,1579.5,1575.199951171875,1575.199951171875,12,-0.0025961486288132,-0.0025995244667151,0.010803798178693567,0.01449715754594115,0.17150497917453444,0.23013524150330233,0.0025961486288132
2012-07-12,1569.300048828125,1574.699951171875,1557.199951171875,1564.9000244140625,44,-0.0065388059148616,-0.0065602775567044,0.010906260320898602,0.014454665864910374,0.1731315152569752,0.22946070697852325,0.0065388059148616
2012-07-13,1567.800048828125,1594.0999755859375,1567.800048828125,1591.5999755859375,26,0.0170617616175654,0.01691784444329,0.011458965430903726,0.014780077489062323,0.18190543687354413,0.23462645636593732,0.0170617616175654
2012-07-16,1586.199951171875,1591.199951171875,1585.800048828125,1591.199951171875,7,-0.0002513347701674,-0.000251366360044,0.011253067196891389,0.013090364725899363,0.17863690373803998,0.20780309781517148,0.0002513347701674
2012-07-17,1596.0,1596.0,1576.300048828125,1589.0999755859375,27,-0.0013197433700213,-0.0013206149982708,0.008281588383680703,0.013062701235233194,0.13146613994292303,0.20736395351497963,0.0013197433700213
2012-07-18,1581.199951171875,1583.699951171875,1569.9000244140625,1570.4000244140625,30,-0.0117676366869113,-0.0118374233464894,0.00910147459053433,0.013217486091208257,0.14448142998316357,0.20982108692875343,0.0117676366869113
2012-07-19,1580.0,1586.9000244140625,1578.4000244140625,1580.0999755859375,60,0.0061767390607969,0.0061577411978441,0.009300093042861765,0.013100384967984356,0.14763440016704515,0.20796216422697278,0.0061767390607969
2012-07-20,1583.9000244140625,1584.4000244140625,1576.0999755859375,1582.5,5,0.0015189066838461,0.0015177543118384,0.00923037685299547,0.012047715296452034,0.1465276899625981,0.19125155124552534,0.0015189066838461
2012-07-23,1571.699951171875,1577.0999755859375,1569.800048828125,1577.0999755859375,4,-0.0034123377024091,-0.0034181730051708,0.00889130396989098,0.01205564642596979,0.14114507481247715,0.19137745402344433,0.0034123377024091
2012-07-24,1574.0,1581.9000244140625,1574.0,1576.0,9,-0.0006974672518962,-0.0006977105953359,0.005466313389884267,0.012036652335865166,0.08677503490785736,0.19107593219066357,0.0006974672518962
2012-07-25,1583.699951171875,1608.0,1583.300048828125,1608.0,12,0.0203045685279188,0.0201011793210873,0.00990296239412095,0.01245828997167246,0.15720465442601306,0.19776922215705153,0.0203045685279188
2012-07-26,1614.9000244140625,1615.0,1614.0999755859375,1615.0,7,0.0043532338308458,0.0043437859178453,0.009861653733836327,0.01246901082702454,0.15654889977337486,0.19793941045967253,0.0043532338308458
2012-07-27,1613.4000244140625,1617.9000244140625,1613.4000244140625,1617.9000244140625,197976,0.0017956807517414,0.0017940704445039,0.00772583973717157,0.012473252343329182,0.12264390368217958,0.19800674244361596,0.0017956807517414
2012-07-30,1622.9000244140625,1625.800048828125,1613.0999755859375,1619.699951171875,52890,0.0011125080231482,0.0011118896446889,0.007756910717143103,0.012435814198653524,0.12313714019815404,0.19741243032145928,0.0011125080231482
2012-07-31,1621.0999755859375,1627.5,1610.0,1610.5,6281,-0.0056800342342535,-0.0056962269746964,0.008514105310437373,0.012477469186764836,0.13515723172579006,0.19807368275790657,0.0056800342342535
2012-08-01,1613.4000244140625,1617.199951171875,1592.0,1603.699951171875,3530,-0.004222321532521,-0.0042312607036599,0.008613400300767987,0.01249412971783969,0.13673349083088626,0.19833816048951255,0.004222321532521
2012-08-02,1600.0,1615.0,1583.0999755859375,1587.4000244140625,933,-0.0101639503985153,-0.0102159560309127,0.009840815750844126,0.012601322519409385,0.15621810704844552,0.20003979346125078,0.0101639503985153
2012-08-03,1589.300048828125,1606.0,1585.0999755859375,1606.0,676,0.011717257968925,0.0116491424700261,0.007233424827055129,0.01137615846208337,0.1148270593180096,0.1805909169956137,0.011717257968925
2012-08-06,1604.699951171875,1614.0999755859375,1603.199951171875,1612.9000244140625,662,0.0042964037447461,0.0042872005531786,0.007227550615355282,0.011392705609031464,0.11473380909817156,0.18085359481000746,0.0042964037447461
2012-08-07,1610.800048828125,1615.699951171875,1609.300048828125,1609.699951171875,449,-0.0019840493482229,-0.0019860201813826,0.007197917261770964,0.011148090791529602,0.11426339419358986,0.1769704549653392,0.0019840493482229
2012-08-08,1610.199951171875,1614.800048828125,1603.0,1612.9000244140625,341,0.0019879936256803,0.0019860201813827,0.007242199886855263,0.011018975239332667,0.11496635907383486,0.174920809116316,0.0019879936256803
2012-08-09,1612.800048828125,1617.199951171875,1610.0999755859375,1617.0999755859375,433,0.0026039748950965,0.0026005904265769,0.006940146650137375,0.011020802210205393,0.11017141259148892,0.17494981137980675,0.0026039748950965
2012-08-10,1615.800048828125,1624.0999755859375,1605.0,1619.699951171875,1219,0.0016078013884055,0.0016065102594872,0.006606059264804349,0.010451755996498372,0.10486793976495895,0.16591648278397658,0.0016078013884055
2012-08-13,1622.0,1623.699951171875,1607.300048828125,1609.5999755859375,402,-0.0062357077794747,-0.0062552310083123,0.005536497814403342,0.008450015263547366,0.0878891781069833,0.13413983377227748,0.0062357077794747
2012-08-14,1612.800048828125,1615.5999755859375,1591.199951171875,1599.4000244140625,910,-0.0063369478917654,-0.0063571115753349,0.004328181100613371,0.008501485602754941,0.06870774492883686,0.13495690007691377,0.0063369478917654
2012-08-15,1593.800048828125,1604.5999755859375,1592.0,1603.699951171875,280,0.0026884623559937,0.002684854905291,0.004060641262353501,0.008035288486024106,0.0644606816618085,0.12755625028008294,0.0026884623559937
2012-08-16,1600.199951171875,1616.0999755859375,1600.199951171875,1616.0999755859375,199,0.007732134932723,0.0077023951802267,0.0051158570937605745,0.008043089117355486,0.08121171367821677,0.12768008146351573,0.007732134932723
2012-08-17,1617.800048828125,1617.800048828125,1611.4000244140625,1616.300048828125,249,0.0001238000403502,0.0001237923777577,0.005078625639738138,0.007186398079213176,0.08062068266846055,0.1140805328394619,0.0001238000403502
2012-08-20,1614.0,1621.4000244140625,1611.5999755859375,1620.0999755859375,68,0.002351003305709,0.0023482440213155,0.005060465047161178,0.0071138503155698685,0.08033239219873933,0.11292887279481739,0.002351003305709
2012-08-21,1620.0,1639.9000244140625,1620.0,1639.9000244140625,258,0.012221498133758,0.0121474185900374,0.006812764256760126,0.007304352144592358,0.10814927978578251,0.11595299557819612,0.012221498133758
2012-08-22,1638.4000244140625,1653.0999755859375,1635.0,1637.4000244140625,37,-0.0015244831774993,-0.0015256463843216,0.006080931628693972,0.007287334755950723,0.09653179697466728,0.11568285290833911,0.0015244831774993
2012-08-23,1659.9000244140625,1672.699951171875,1658.0,1669.5999755859375,141,0.0196652929594267,0.01947442928768,0.007568031644017157,0.007861065776249829,0.12013877786602022,0.12479055050326782,0.0196652929594267
2012-08-24,1665.800048828125,1669.800048828125,1662.199951171875,1669.800048828125,24,0.0001198330409157,0.0001198258615104,0.007823481467387811,0.007347692463265032,0.12419391809658498,0.11664100180789722,0.0001198330409157
2012-08-27,1674.9000244140625,1674.9000244140625,1663.9000244140625,1672.4000244140625,42,0.0015570580368362,0.0015558470788295,0.007918547637218522,0.007339172599889663,0.12570304675738994,0.11650575316972438,0.0015570580368362
2012-08-28,1659.9000244140625,1671.0,1659.199951171875,1666.5,51,-0.003527878694052,-0.003534116332835,0.008394003260940652,0.007381311635946375,0.13325067079628508,0.11717468962908864,0.003527878694052
2012-08-29,1667.199951171875,1667.300048828125,1659.800048828125,1659.800048828125,403,-0.004020372740399,-0.0040284761653697,0.008979367859078284,0.007023915641863988,0.1425430457141257,0.1115012041096124,0.004020372740399
2012-08-30,1655.4000244140625,1662.0,1650.699951171875,1653.5,418,-0.0037956673350943,-0.0038028891605771,0.008408776632137916,0.007049045359278244,0.1334851907935691,0.11190012600638509,0.0037956673350943
2012-08-31,1658.5999755859375,1690.0,1646.199951171875,1684.5999755859375,58,0.0188085730788856,0.0186338789669174,0.01054667142299232,0.00772204952883169,0.1674232184684963,0.1225837359900729,0.0188085730788856
2012-09-04,1689.0999755859375,1698.0,1687.699951171875,1692.9000244140625,43,0.0049270146909732,0.0049149166758829,0.008116014913705958,0.007666117852220632,0.12883774259134384,0.1216958481497304,0.0049270146909732
2012-09-05,1690.4000244140625,1693.300048828125,1690.4000244140625,1690.800048828125,82,-0.0012404604853522,-0.0012412304933022,0.00818480348407612,0.007674302328661661,0.12992972729280255,0.1218257726853758,0.0012404604853522
2012-09-06,1696.4000244140625,1712.4000244140625,1696.4000244140625,1702.5999755859375,39,0.0069789013585557,0.0069546615393284,0.008409725003835949,0.006952432036622396,0.1335002457275498,0.110366437055887,0.0069789013585557
2012-09-07,1696.699951171875,1738.199951171875,1696.699951171875,1737.5,109,0.020498076421064,0.020290818328273,0.01020740798422869,0.0077280235194090875,0.16203757834106536,0.12267857015048751,0.020498076421064
2012-09-10,1733.0999755859375,1733.5,1727.199951171875,1728.699951171875,14,-0.0050647763039568,-0.0050776457557812,0.010384758188062492,0.00784918117110295,0.16485292554693048,0.12460188824537477,0.0050647763039568
2012-09-11,1736.0,1736.0,1731.800048828125,1731.800048828125,2,0.0017933115889476,0.0017917055255482,0.00971044545334117,0.007846792682509146,0.15414854273519157,0.12456397216440367,0.0017933115889476
2012-09-12,1742.199951171875,1742.300048828125,1730.5,1730.5999755859375,15,-0.000692962933567,-0.000693203143358,0.008350190338210777,0.007724596065797535,0.13255516220976027,0.12262416101116926,0.000692962933567
2012-09-13,1728.699951171875,1769.0999755859375,1728.699951171875,1769.0999755859375,33,0.0222466199833182,0.0220027738089392,0.010889937101186024,0.008419105386697875,0.1728723921772431,0.13364915468908117,0.0222466199833182
2012-09-14,1771.0,1774.5,1766.0,1769.800048828125,25,0.0003957228262103,0.0003956445485829,0.010715783872289173,0.008048904259734148,0.17010779537516324,0.12777239398694995,0.0003957228262103
2012-09-17,1774.800048828125,1774.800048828125,1753.800048828125,1767.699951171875,54,-0.0011866299007283,-0.0011873345034459,0.011104247078682112,0.007947814312638048,0.1762744576008501,0.1261676408265602,0.0011866299007283
2012-09-18,1766.300048828125,1768.4000244140625,1766.300048828125,1768.4000244140625,13,0.0003960362400436,0.0003959578383912,0.008946821753349814,0.007961710479087556,0.14202639230271882,0.12638823563017557,0.0003960362400436
2012-09-19,1776.0,1778.5,1768.0,1769.0,27,0.00033927594303,0.0003392184019618,0.008395897867319582,0.007921720161193335,0.1332807467401511,0.1257534090141844,0.00033927594303
2012-09-20,1769.0999755859375,1771.300048828125,1760.5999755859375,1767.699951171875,17,-0.0007349060645138,-0.000735176240353,0.008526254306935752,0.00795139832569834,0.13535009106627227,0.12622453527007904,0.0007349060645138
2012-09-21,1785.300048828125,1785.300048828125,1772.300048828125,1775.5,10,0.0044125411798274,0.0044028344637102,0.008378157328931235,0.007954443479438016,0.13299912442395134,0.1262728755870739,0.0044125411798274
2012-09-24,1762.0999755859375,1762.0999755859375,1762.0999755859375,1762.0999755859375,4,-0.0075471835618488,-0.0075758076635525,0.0035731932947839174,0.008187839700329167,0.05672268506617052,0.12997792573159558,0.0075471835618488
2012-09-25,1772.5999755859375,1772.699951171875,1763.800048828125,1763.800048828125,5,0.0009647995379049,0.0009643344179717,0.003604914277083479,0.008016211721012923,0.05722624004921445,0.12725341602384768,0.0009647995379049
2012-09-26,1762.800048828125,1764.199951171875,1743.0,1750.5999755859375,15237,-0.0074838830234513,-0.0075120277853355,0.0044883091386993005,0.00806528110772358,0.07124969872906114,0.12803236838918483,0.0074838830234513
2012-09-27,1752.5999755859375,1780.199951171875,1750.699951171875,1777.5999755859375,6989,0.0154232836607706,0.0153055537988556,0.007829188241121153,0.00837496240896288,0.12428451032110661,0.13294840664178123,0.0154232836607706
2012-09-28,1776.800048828125,1782.199951171875,1767.5,1771.0999755859375,2839,-0.0036566157117871,-0.0036633174731842,0.008009235955877056,0.008433075841709709,0.1271426791853243,0.13387092878706353,0.0036566157117871
2012-10-01,1766.0,1791.0,1763.300048828125,1780.5,816,0.0053074499145384,0.0052934150399349,0.008215040611820844,0.008423270647250635,0.13040972681504312,0.1337152761504915,0.0053074499145384
2012-10-02,1777.9000244140625,1779.300048828125,1772.699951171875,1772.699951171875,94,-0.0043808193362117,-0.0043904432425884,0.00828893993197708,0.008537335814992398,0.13158284215418398,0.13552600455308894,0.0043808193362117
2012-10-03,1772.199951171875,1779.9000244140625,1771.9000244140625,1777.300048828125,134,0.0025949668770561,0.0025916057639055,0.007651762422098529,0.008359395411922032,0.1214679627613317,0.13270128822480023,0.0025949668770561
2012-10-04,1783.5,1794.800048828125,1783.5,1794.0999755859375,199,0.0094524989007285,0.0094081035782173,0.00824781146165481,0.00840734509473215,0.13092994792852064,0.13346246584176025,0.0094524989007285
2012-10-05,1792.199951171875,1792.199951171875,1776.5999755859375,1778.5999755859375,257,-0.0086394293578526,-0.0086769655783886,0.008488190886705065,0.00806368890158164,0.1347458530023986,0.1280070929002597,0.0086394293578526
2012-10-08,1778.0,1778.0,1766.800048828125,1773.5,33,-0.0028674101292829,-0.0028715290253014,0.006311260493954504,0.008107837306283486,0.10018815435810172,0.1287079270979876,0.0028674101292829
2012-10-09,1776.699951171875,1776.699951171875,1762.300048828125,1763.0,24,-0.0059204961939667,-0.0059380918158062,0.0065641094627521684,0.008237162849381717,0.10420200730228822,0.1307609064492253,0.0059204961939667
2012-10-10,1762.4000244140625,1764.199951171875,1758.0999755859375,1763.199951171875,29,0.0001134152988513,0.0001134088678225,0.006054012252177432,0.008182707837545962,0.09610446512039722,0.12989645993547438,0.0001134152988513
2012-10-11,1761.5999755859375,1771.0,1761.5999755859375,1768.800048828125,30,0.0031760990309284,0.00317106588277,0.006102921235976605,0.008107880174598826,0.09688087116845422,0.12870860761139669,0.0031760990309284
2012-10-12,1769.5,1769.5,1753.5999755859375,1758.0,84,-0.0061058619007163,-0.0061245789033405,0.00629828208181651,0.008177012301904932,0.09998212845252391,0.12980604611013757,0.0061058619007163
2012-10-15,1750.0,1750.0,1729.9000244140625,1736.0,108,-0.012514220705347,-0.0125931830248268,0.00530101580658342,0.007963907154383585,0.08415101712145322,0.12642310676944227,0.012514220705347
2012-10-16,1736.699951171875,1744.699951171875,1736.5999755859375,1744.699951171875,15,0.0050114926105271,0.0049989768790153,0.006058372839213415,0.007965346377896068,0.096173687293602,0.12644595373441267,0.0050114926105271
2012-10-17,1749.4000244140625,1751.5,1746.0,1751.5,36,0.0038975462935948,0.0038899705382307,0.006552164256684724,0.00796995559455846,0.10401238303460494,0.1265191227805777,0.0038975462935948
2012-10-18,1749.0999755859375,1749.0999755859375,1740.5,1743.300048828125,27,-0.0046816735209106,-0.004692666879352,0.006436874784732802,0.007963088226538807,0.1021822194051925,0.12641010669292832,0.0046816735209106
2012-10-19,1741.0999755859375,1741.0999755859375,1721.0,1722.800048828125,70,-0.0117593067319538,-0.0118289942359281,0.007405705658544662,0.007369846624196388,0.11756193273271798,0.11699268820987525,0.0117593067319538
2012-10-22,1715.0,1728.300048828125,1715.0,1725.0999755859375,12,0.0013349934366306,0.0013341031251779,0.007166951839222244,0.007318327276395716,0.1137718333497542,0.11617484391794232,0.0013349934366306
2012-10-23,1726.5999755859375,1726.5999755859375,1708.300048828125,1708.300048828125,75,-0.009738523561283,-0.0097862531115528,0.007506726196356766,0.007518623915828906,0.11916558405488294,0.1193544544962355,0.009738523561283
2012-10-24,1708.4000244140625,1708.5,1698.5999755859375,1700.5,27,-0.0045659712024685,-0.0045764270886361,0.0065565522466493695,0.007556484391963894,0.10408204021581634,0.11995547092246554,0.0045659712024685
2012-10-25,1711.699951171875,1716.699951171875,1711.699951171875,1712.0,33,0.0067627168479857,0.0067399522544371,0.006932644098782727,0.006382865823840052,0.11005231328099159,0.10132485373064512,0.0067627168479857
2012-10-26,1706.0999755859375,1716.199951171875,1706.0999755859375,1710.9000244140625,77,-0.0006425091039354,-0.0006427156013655,0.006407348401151058,0.006377438286663266,0.10171350259675813,0.10123869424903711,0.0006425091039354
2012-10-31,1714.4000244140625,1724.5,1714.4000244140625,1717.5,64,0.0038576044723581,0.0038501829961824,0.00690041244899207,0.006441466400148086,0.10954065170284315,0.10225510904022185,0.0038576044723581
2012-11-01,1722.300048828125,1725.0999755859375,1714.0999755859375,1714.0999755859375,24,-0.0019796357578238,-0.0019815978265726,0.005460247051808261,0.006439080172599815,0.08667873477634964,0.10221722885223583,0.0019796357578238
2012-11-02,1711.300048828125,1711.300048828125,1674.0999755859375,1674.0999755859375,50,-0.0233358617173579,-0.0236124544315883,0.009997282234468689,0.007611028503928729,0.15870193547356964,0.12082133185691643,0.0233358617173579
2012-11-05,1682.800048828125,1683.0999755859375,1674.300048828125,1682.199951171875,7,0.0048384061310928,0.0048267386636436,0.01017631913211585,0.0077055611409594165,0.1615440581136431,0.12232199094709044,0.0048384061310928
2012-11-06,1690.0999755859375,1718.0,1690.0999755859375,1714.0999755859375,47,0.0189632774580927,0.0187857157679446,0.01279512637648813,0.008514057825970174,0.20311633431498358,0.13515647793324198,0.0189632774580927
2012-11-07,1707.699951171875,1726.5,1703.699951171875,1713.199951171875,42,-0.0005250711317201,-0.0005252090298398,0.012562307755678683,0.00842785131112275,0.19942045328750252,0.13378799193516266,0.0005250711317201
2012-11-08,1715.9000244140625,1725.4000244140625,1714.199951171875,1725.4000244140625,34,0.0071212196999201,0.007095983552185,0.012818921859979779,0.008548989219462707,0.20349407590485624,0.13571099661402306,0.0071212196999201
2012-11-09,1733.699951171875,1734.0999755859375,1727.5999755859375,1730.300048828125,6,0.002839935287312,0.0028359102897816,0.01279051807768007,0.0084738725207739,0.20304317983930437,0.13451855598979054,0.002839935287312
2012-11-12,1733.199951171875,1733.4000244140625,1730.300048828125,1730.300048828125,6,0.0,0.0,0.012732009467620743,0.007934351052181812,0.20211438444866617,0.12595391819254045,0.0
2012-11-13,1721.5999755859375,1728.199951171875,1718.5,1724.199951171875,12,-0.0035254565590409,-0.0035316856255271,0.007397975697033923,0.007932797506091785,0.11743922339790888,0.12592925641291353,0.0035254565590409
2012-11-14,1722.0,1729.5,1722.0,1729.5,11,0.0030739177463279,0.0030692029206921,0.007404429298546183,0.007883208958856826,0.1175416711458818,0.12514206262974945,0.0030739177463279
2012-11-15,1724.9000244140625,1724.9000244140625,1706.300048828125,1713.300048828125,10,-0.0093668408047846,-0.0094109855388368,0.00530168753776483,0.008009836219090677,0.08416168052337661,0.12715220806843083,0.0093668408047846
2012-11-16,1710.0,1714.300048828125,1706.9000244140625,1714.300048828125,16,0.0005836689263412,0.0005834986578838,0.005301851941066538,0.007986187371260813,0.08416429034488282,0.12677679424752464,0.0005836689263412
2012-11-19,1721.800048828125,1734.0,1721.800048828125,1734.0,4,0.0114915420934285,0.0114260158442166,0.006407885221555496,0.008087752952167073,0.1017220243564912,0.12838909786057529,0.0114915420934285
2012-11-20,1730.5999755859375,1731.0999755859375,1722.5,1723.199951171875,21,-0.0062284018616637,-0.0062478792740905,0.006813606251821854,0.008021997544243523,0.10816264604301337,0.12734526312023536,0.0062284018616637
2012-11-21,1725.800048828125,1727.9000244140625,1725.800048828125,1727.9000244140625,23,0.0027275263320378,0.0027238133820055,0.006928480201436318,0.008042650474301104,0.10998621345981119,0.12767311822089839,0.0027275263320378
2012-11-23,1735.0,1751.300048828125,1735.0,1751.300048828125,8,0.0135424643112656,0.0134515847112903,0.00840082228428713,0.008395658118551643,0.13335891943603984,0.1332769408464485,0.0135424643112656
2012-11-26,1750.300048828125,1750.5,1749.4000244140625,1749.5,24,-0.0010278357665378,-0.0010283643519497,0.008477335984719813,0.008396831778862315,0.13457353677544487,0.13329557212628274,0.0010278357665378
2012-11-27,1746.4000244140625,1746.4000244140625,1742.199951171875,1742.199951171875,7,-0.0041726486585452,-0.0041813784496561,0.007523453717062849,0.00840135646372288,0.1194311252139168,0.1333673992716947,0.0041726486585452
2012-11-28,1739.800048828125,1739.800048828125,1716.5,1716.5,276136,-0.0147514360533578,-0.0148613204603397,0.00997832152374894,0.008742666519290967,0.1584009435220967,0.13878552843368747,0.0147514360533578
2012-11-29,1719.5999755859375,1729.0,1717.699951171875,1727.199951171875,65599,0.0062335864677396,0.0062142380327457,0.009152681122821573,0.008541150315618492,0.14529430848276784,0.13558655787328422,0.0062335864677396
2012-11-30,1725.199951171875,1731.199951171875,1708.4000244140625,1710.9000244140625,3690,-0.0094371973243475,-0.0094820098301704,0.009557330423858533,0.008647701608370183,0.15171791699520729,0.13727800720824468,0.0094371973243475
2012-12-03,1714.9000244140625,1721.9000244140625,1714.5,1719.5999755859375,1238,0.0050850143478455,0.0050721293242802,0.009749506617133872,0.008671756011586382,0.15476861948708906,0.1376598590213215,0.0050850143478455
2012-12-04,1716.300048828125,1716.800048828125,1691.5999755859375,1694.4000244140625,1428,-0.0146545426434356,-0.0147629811687832,0.00867576760173107,0.009018779440085414,0.1377235410406301,0.14316868516685016,0.0146545426434356
2012-12-05,1697.0999755859375,1706.0,1685.0,1692.4000244140625,1262,-0.0011803588120766,-0.0011810559842021,0.008665266345567491,0.008783638359141775,0.13755683876705438,0.13943593622769948,0.0011803588120766
2012-12-06,1694.300048828125,1702.0999755859375,1686.4000244140625,1700.300048828125,525,0.0046679415623369,0.0046570805091814,0.00936998313106339,0.008829338652852297,0.14874387092198438,0.14016140589970338,0.0046679415623369
2012-12-07,1701.199951171875,1704.5,1684.0,1704.0,169,0.0021760577931084,0.0021736936084627,0.008054281753640072,0.008663284951629208,0.12785775905626098,0.1375253851133947,0.0021760577931084
2012-12-10,1704.199951171875,1717.0,1704.199951171875,1713.0,88,0.005281690140845,0.0052677909348588,0.007918379054040815,0.008672740426491804,0.12570037058240927,0.1376754861234814,0.005281690140845
2012-12-11,1710.0,1714.0999755859375,1705.9000244140625,1708.199951171875,88,-0.0028021300806333,-0.0028060633966214,0.007117919844946319,0.008601749430174659,0.11299347457091635,0.13654853899400218,0.0028021300806333
2012-12-12,1710.0999755859375,1722.300048828125,1708.0,1716.5999755859375,195,0.0049174714050892,0.0049054201342847,0.007097423993454946,0.008648052950580055,0.11266811301518824,0.13728358459291912,0.0049174714050892
2012-12-13,1707.199951171875,1707.199951171875,1689.9000244140625,1695.5999755859375,240,-0.0122334849695148,-0.0123089299817811,0.006290313555816756,0.008905165136207807,0.0998556320238573,0.14136511400621093,0.0122334849695148
2012-12-14,1698.300048828125,1699.199951171875,1694.4000244140625,1695.800048828125,72,0.0001179955443904,0.0001179885834637,0.006264732956754352,0.008900480954065027,0.09944955260281427,0.14129075491993778,0.0001179955443904
2012-12-17,1690.5,1698.5,1689.5,1697.0,65,0.0007076018028802,0.0007073515707606,0.005977134034483403,0.007766777097606044,0.09488406124885951,0.12329376413242576,0.0007076018028802
2012-12-18,1701.4000244140625,1702.800048828125,1661.0,1669.5,501,-0.0162050677666469,-0.016337805850517,0.008309867019092127,0.008292261632605337,0.13191504936321238,0.13163557251693703,0.0162050677666469
2012-12-19,1675.300048828125,1676.0,1664.5999755859375,1666.5,76,-0.0017969451931716,-0.0017985616359148,0.007545549490468684,0.007460787532734948,0.11978188474266166,0.11843633037784705,0.0017969451931716
2012-12-20,1667.9000244140625,1671.0,1637.5999755859375,1644.9000244140625,158,-0.0129612814797104,-0.0130460118274043,0.008244039743260961,0.007777363456076263,0.13087007375520768,0.12346181736323766,0.0129612814797104
2012-12-21,1648.0,1659.0999755859375,1635.800048828125,1659.0999755859375,78,0.0086327138191473,0.0085956650136748,0.009091319508131943,0.007838626705789052,0.14432022304768308,0.12443434130272378,0.0086327138191473
2012-12-24,1657.699951171875,1663.800048828125,1654.9000244140625,1658.5999755859375,73,-0.0003013682161157,-0.0003014136366423,0.008573469249680126,0.007802654928022322,0.13609960504627888,0.1238633070335979,0.0003013682161157
2012-12-26,1654.5,1666.699951171875,1654.5,1659.800048828125,73,0.0007235459181551,0.0007232842850021,0.008614486575811943,0.007808184540228403,0.13675073491261658,0.1239510869060614,0.0007235459181551
2012-12-27,1656.199951171875,1662.5999755859375,1656.199951171875,1662.5999755859375,446,0.0016869060582263,0.0016854848302958,0.00869287284882063,0.007816235368246476,0.13799507842010977,0.12407888983876524,0.0016869060582263
2012-12-28,1664.0,1664.0,1653.699951171875,1654.9000244140625,197,-0.0046312710723824,-0.0046420286352322,0.006582464044061322,0.007798127712567751,0.10449337724766462,0.12379143971625146,0.0046312710723824
2012-12-31,1655.4000244140625,1677.0999755859375,1655.4000244140625,1674.800048828125,89,0.0120249103392866,0.0119531855221,0.008248243698079496,0.008023012126813766,0.13093680946904446,0.1273613691192278,0.0120249103392866
2013-01-02,1672.800048828125,1693.800048828125,1670.0,1687.9000244140625,35,0.0078218146668336,0.0077913828594576,0.0059013774815817,0.008171223976141052,0.09368146325389101,0.12971415928726562,0.0078218146668336
2013-01-03,1686.0999755859375,1686.800048828125,1662.0,1673.699951171875,140,-0.0084128639355384,-0.0084484518132158,0.006953641489496499,0.00797087761749721,0.11038563652505097,0.1265337594409719,0.0084128639355384
2013-01-04,1647.0,1658.300048828125,1625.699951171875,1648.0999755859375,199,-0.0152954390468931,-0.0154136209191553,0.009398925044143006,0.008333780835335414,0.14920330954883504,0.1322946694272818,0.0152954390468931
2013-01-07,1656.5,1659.9000244140625,1643.800048828125,1645.5,49,-0.0015775593862339,-0.0015788050432801,0.009374153841030144,0.00829633730426939,0.14881007889016004,0.13170027179882887,0.0015775593862339
2013-01-08,1647.699951171875,1661.5,1647.699951171875,1661.5,17,0.0097234883014281,0.0096765194112543,0.010238590278352402,0.008082619853918704,0.16253258191442424,0.1283076124520526,0.0097234883014281
2013-01-09,1658.5999755859375,1662.0999755859375,1651.9000244140625,1654.800048828125,9,-0.0040324713643544,-0.0040406237004283,0.010196344679371465,0.008092339760137988,0.1618619538210811,0.12846191117979117,0.0040324713643544
2013-01-10,1672.5,1677.300048828125,1672.5,1677.300048828125,9,0.0135968088808879,0.0135052017176342,0.010516663829931012,0.008551597022455447,0.1669468626963932,0.13575239420314528,0.0135968088808879
2013-01-11,1673.0999755859375,1673.0999755859375,1654.199951171875,1660.0,147,-0.0103142242440236,-0.0103677844612658,0.010577224560112952,0.008345543931175972,0.1679082344840606,0.1324814027847358,0.0103142242440236
2013-01-14,1665.4000244140625,1673.800048828125,1664.0999755859375,1668.9000244140625,10,0.005361460490399,0.005347139027603,0.010538245673510615,0.00832066655736766,0.16728946384206878,0.1320864867185207,0.005361460490399
2013-01-15,1671.5999755859375,1684.300048828125,1671.5999755859375,1683.4000244140625,20,0.0086883574737144,0.0086508309021128,0.00859342221009302,0.008353192041357123,0.13641634847331108,0.1326028127699695,0.0086883574737144
2013-01-16,1674.4000244140625,1682.699951171875,1674.4000244140625,1682.699951171875,11,-0.000415868618293,-0.0004159551156287,0.008499556504528966,0.008286334426022017,0.13492627659195047,0.13154148102940444,0.000415868618293
2013-01-17,1676.4000244140625,1694.5999755859375,1671.0,1690.4000244140625,81,0.004576022740611,0.0045655845799433,0.008055146899379657,0.007903762512309991,0.1278714928191096,0.12546834017572395,0.004576022740611
2013-01-18,1687.4000244140625,1692.0,1686.5999755859375,1686.5999755859375,14,-0.0022480174948188,-0.0022505480793909,0.007839518386049042,0.007911434612187703,0.1244484962880253,0.1255901309855844,0.0022480174948188
2013-01-22,1690.300048828125,1694.699951171875,1687.800048828125,1692.800048828125,15,0.0036760781050251,0.0036693378433432,0.006296520758001729,0.00789294177210006,0.09995416830377091,0.12529656625014124,0.0036760781050251
2013-01-23,1691.300048828125,1693.699951171875,1685.199951171875,1686.300048828125,28,-0.0038397919497342,-0.0038471828766571,0.0045277287224768335,0.007909073901038873,0.07187546522182732,0.125552655857882,0.0038397919497342
2013-01-24,1680.800048828125,1681.699951171875,1668.0,1669.5,13,-0.0099626687669255,-0.0100126282482052,0.006179728672808776,0.008025768917205196,0.09810015142864358,0.12740513180998253,0.0099626687669255
2013-01-25,1663.0,1663.0,1656.4000244140625,1656.4000244140625,44,-0.0078466460532719,-0.0078775929730659,0.005452803060828777,0.008120883605572877,0.0865605650829885,0.1289150306786843,0.0078466460532719
2013-01-28,1651.5999755859375,1655.5,1651.5999755859375,1652.4000244140625,82,-0.0024148755983114,-0.0024177961131231,0.00539000754019003,0.008046835208024416,0.08556371709663481,0.12773954880930785,0.0024148755983114
2013-01-29,1661.199951171875,1661.5,1660.699951171875,1660.699951171875,145863,0.0050229524541163,0.0050103795130522,0.005490609623004546,0.00784808739706018,0.08716072565164881,0.12458452512072878,0.0050229524541163
2013-01-30,1662.4000244140625,1683.0,1661.800048828125,1679.9000244140625,44893,0.0115614342185286,0.0114951115386411,0.007656630398859692,0.008159293222528112,0.12154523949672018,0.1295247644451851,0.0115614342185286
2013-01-31,1675.4000244140625,1680.0,1657.4000244140625,1660.5999755859375,6044,-0.0114888079931165,-0.011555314223236,0.008375457429387284,0.008408347699694639,0.13295626484740244,0.13347838170212417,0.0114888079931165
2013-02-01,1663.9000244140625,1681.199951171875,1659.9000244140625,1669.4000244140625,3250,0.0052993188952805,0.005285326915112,0.008867791976759501,0.007943714562313471,0.14077183349255706,0.1261025593077825,0.0052993188952805
2013-02-04,1668.0,1676.5,1661.5999755859375,1675.300048828125,450,0.0035342184783622,0.0035279878042959,0.008133704303076661,0.007961081221772212,0.12911855294206068,0.12637824647997314,0.0035342184783622
2013-02-05,1674.199951171875,1683.4000244140625,1666.5,1672.4000244140625,353,-0.0017310477702732,-0.001732547764756,0.007378100176890263,0.007575257771664878,0.11712370929703982,0.12025348908620749,0.0017310477702732
2013-02-06,1672.199951171875,1678.5,1668.0,1677.699951171875,376,0.0031690544609201,0.0031640435915196,0.007196838897798685,0.007439455767946248,0.11424627569622908,0.11809769910990489,0.0031690544609201
2013-02-07,1677.0,1682.0999755859375,1663.0999755859375,1670.4000244140625,475,-0.0043511515588431,-0.0043606453681314,0.007450660010255369,0.007489168790475447,0.11827556094257796,0.11888686887710657,0.0043511515588431
2013-02-08,1671.5,1672.5,1664.800048828125,1666.0,289,-0.0026341141940571,-0.0026375895772297,0.005800360021314297,0.007507123645074594,0.09207786078623363,0.11917189335768057,0.0026341141940571
2013-02-11,1666.5,1668.0,1643.699951171875,1648.199951171875,868,-0.0106843030180822,-0.0107417900226265,0.005565064250267588,0.007755546807438091,0.08834265621782492,0.12311548880281277,0.0106843030180822
2013-02-12,1643.800048828125,1650.4000244140625,1642.4000244140625,1648.699951171875,85,0.0003033612515548,0.0003033152468341,0.004893927692090655,0.00771186424034838,0.07768869364562495,0.12242204954792316,0.0003033612515548
2013-02-13,1652.199951171875,1652.300048828125,1640.199951171875,1644.199951171875,236,-0.0027294232627358,-0.002733154930156,0.004298780021149988,0.007375318485138058,0.0682410172616151,0.11707955130943756,0.0027294232627358
2013-02-14,1641.0999755859375,1646.9000244140625,1632.699951171875,1634.699951171875,219,-0.0057778860735453,-0.0057946426334548,0.004422523029968521,0.007257587674240097,0.07020537662851536,0.1152106326257217,0.0057778860735453
2013-02-15,1633.199951171875,1633.9000244140625,1599.5,1608.800048828125,460,-0.0158438264619651,-0.0159706815782932,0.0055280867536373355,0.007634847975816228,0.08775565665668866,0.12119945425076774,0.0158438264619651
2013-02-19,1610.0,1617.0,1599.699951171875,1603.5999755859375,272,-0.0032322682026117,-0.0032375032652734,0.005598078453711274,0.007175595538828725,0.08886674045009424,0.11390904782715196,0.0032322682026117
2013-02-20,1604.699951171875,1606.9000244140625,1561.800048828125,1577.5999755859375,278,-0.0162135198277861,-0.0163463971708923,0.00658423037377442,0.007702369967776869,0.10452141686258984,0.12227133264330108,0.0162135198277861
2013-02-21,1568.5,1581.199951171875,1555.199951171875,1578.199951171875,2019,0.0003803090740506,0.0003802367748848,0.007069734932603697,0.007421925691581566,0.1122285628008922,0.11781941777475538,0.0003803090740506
2013-02-22,1580.0,1585.4000244140625,1572.4000244140625,1572.4000244140625,76,-0.0036750265728406,-0.003681796073482,0.006608498992578369,0.0074183155514779405,0.10490666924269948,0.11776210857728162,0.0036750265728406
2013-02-25,1579.4000244140625,1596.0,1577.699951171875,1586.199951171875,118,0.0087763460592382,0.0087380577918081,0.008827075182181697,0.007122436142344217,0.14012547441673762,0.11306516856948623,0.0087763460592382
2013-02-26,1593.300048828125,1615.199951171875,1589.0,1615.199951171875,1158,0.0182826887483982,0.0181175699021012,0.012451960791648408,0.007827267089095886,0.19766874953897193,0.12425401297816897,0.0182826887483982
2013-02-27,1612.800048828125,1612.800048828125,1591.800048828125,1595.199951171875,700,-0.0123823678829914,-0.0124596681700707,0.011848283099996495,0.008007545717303615,0.18808566327408097,0.12711584747979413,0.0123823678829914
2013-02-28,1596.0,1601.5999755859375,1575.0999755859375,1577.699951171875,102,-0.0109704115694988,-0.0110310302836881,0.012421827549625425,0.007951476187579356,0.19719039915143832,0.1262257712891217,0.0109704115694988
2013-03-01,1579.5999755859375,1585.5999755859375,1566.0,1571.9000244140625,68,-0.0036761912513875,-0.0036829650487246,0.010882678851167964,0.007949539160800335,0.17275717103023522,0.12619502194228074,0.0036761912513875
2013-03-04,1580.800048828125,1580.800048828125,1569.699951171875,1572.0999755859375,64,0.0001272034918058,0.0001271954021276,0.010879816952662737,0.007859036808426444,0.17271173979990118,0.12475834163759483,0.0001272034918058
2013-03-05,1577.5999755859375,1585.5,1571.4000244140625,1574.5999755859375,65,0.0015902296538541,0.001588966577555,0.010805685741727276,0.00789252571224452,0.17153494330876137,0.12528996150469157,0.0015902296538541
2013-03-06,1577.5999755859375,1582.5999755859375,1566.800048828125,1574.5999755859375,106,0.0,0.0,0.01014011217022764,0.007825475426402034,0.16096929041233077,0.1242255712146415,0.0
2013-03-07,1580.0,1583.5,1573.9000244140625,1574.800048828125,52,0.0001270629018732,0.0001270548300664,0.005761079913416465,0.007833472941642229,0.09145430840441696,0.12435252783323354,0.0001270629018732
2013-03-08,1578.5999755859375,1581.199951171875,1561.800048828125,1576.5999755859375,68,0.0011429557416839,0.0011423030650432,0.0044405783334443725,0.007717886120299004,0.07049199568557278,0.12251764392856977,0.0011429557416839
2013-03-11,1576.0,1579.699951171875,1576.0,1577.800048828125,1115,0.0007611780164726,0.0007608884674092,0.0017301506850439469,0.0076480218298444706,0.027465290659765933,0.12140858270016971,0.0007611780164726
2013-03-12,1579.800048828125,1595.5999755859375,1579.800048828125,1591.5,159,0.0086829450804304,0.0086454651141915,0.0031027597691414945,0.00787191078028981,0.04925478436274745,0.1249627096052115,0.0086829450804304
2013-03-13,1592.300048828125,1596.0,1585.0,1588.300048828125,396,-0.0020106510662111,-0.0020126751386568,0.0033845169121352117,0.007783781508638477,0.0537275403456121,0.1235637007891234,0.0020106510662111
2013-03-14,1585.699951171875,1590.5999755859375,1575.699951171875,1590.5999755859375,137,0.0014480429938343,0.0014469955905797,0.0033841054529372104,0.007410646044447161,0.05372100863333673,0.1176403589275902,0.0014480429938343
2013-03-15,1590.5,1594.4000244140625,1590.199951171875,1592.5,11,0.0011945331593272,0.0011938202722479,0.00332844843640705,0.007197114422156222,0.05283748088660904,0.1142506495098102,0.0011945331593272
2013-03-18,1605.9000244140625,1607.699951171875,1601.5999755859375,1604.5999755859375,613,0.0075981008388932,0.0075693806581912,0.003915642129774942,0.0072823001841163,0.06215889179107079,0.11560293155814966,0.0075981008388932
2013-03-19,1613.0999755859375,1613.0999755859375,1611.300048828125,1611.300048828125,202,0.0041755411592481,0.0041668477785725,0.0038838207801509543,0.007297884310275056,0.061653743526145735,0.11585032189144762,0.0041755411592481
2013-03-20,1610.0,1612.5,1606.199951171875,1607.5,5,-0.0023583744262211,-0.0023611597713077,0.004350696027633518,0.007300144120758622,0.06906515831492932,0.11588619527074552,0.0023583744262211
2013-03-21,1612.800048828125,1613.800048828125,1611.9000244140625,1613.800048828125,7,0.0039191594576204,0.003911499559246,0.003554079970115984,0.0073172173916596734,0.05641927044337659,0.11615722504396923,0.0039191594576204
2013-03-22,1611.0,1611.0,1604.0999755859375,1606.199951171875,101,-0.0047094419545772,-0.0047205663164381,0.004156395766749252,0.007322714078364096,0.06598073729508089,0.11624448224029765,0.0047094419545772
2013-03-25,1607.0999755859375,1607.800048828125,1596.0999755859375,1604.5999755859375,27,-0.0009961247880565,-0.0009966212500727,0.004273255698237918,0.007318371626769867,0.06783583119676323,0.11617554795830566,0.0009961247880565
2013-03-26,1595.800048828125,1595.800048828125,1595.800048828125,1595.800048828125,165484,-0.0054841872689167,-0.005499280632432,0.004977923769484674,0.0071461571031138345,0.07902209003696199,0.11344172714782179,0.0054841872689167
2013-03-27,1598.5,1608.0999755859375,1590.300048828125,1606.199951171875,50450,0.00651704601174,0.0064959018825046,0.004724309114336855,0.007275659969447678,0.07499608219878678,0.11549752141815813,0.00651704601174
2013-03-28,1604.699951171875,1606.5999755859375,1593.5999755859375,1594.800048828125,4717,-0.0070974366145588,-0.0071227432302991,0.005035283970251704,0.007357922102051266,0.07993265499525579,0.1168033922892796,0.0070974366145588
2013-04-01,1596.800048828125,1600.5,1594.800048828125,1600.0,688,0.0032605662231424,0.0032552621035893,0.00530838547780811,0.007340145835688199,0.08426800702528224,0.1165212028090641,0.0032605662231424
2013-04-02,1599.199951171875,1602.5999755859375,1574.0999755859375,1575.0999755859375,2289,-0.015562515258789,-0.0156848824201908,0.00725873351404648,0.007320270539683168,0.11522882226874175,0.11620569226628545,0.015562515258789
2013-04-03,1575.699951171875,1576.4000244140625,1549.199951171875,1552.800048828125,2171,-0.0141577849682316,-0.0142589625076698,0.008333296886483564,0.007712894243847047,0.13228698697742616,0.12243840034656517,0.0141577849682316
2013-04-04,1557.300048828125,1557.300048828125,1539.0999755859375,1551.800048828125,829,-0.0006439979189559,-0.0006442053746879,0.00836102257146912,0.007161025925569366,0.13272711858183034,0.11367776238685603,0.0006439979189559
2013-04-05,1553.199951171875,1580.5999755859375,1550.0999755859375,1575.4000244140625,1184,0.0152081291682903,0.0150936448409561,0.011221836576698556,0.0077158639722372645,0.1781411330121167,0.1224855433232567,0.0152081291682903
2013-04-08,1575.800048828125,1577.800048828125,1567.800048828125,1572.0,101,-0.002158197512614,-0.0021605297771282,0.010615151975663449,0.007696102359968938,0.1685103135405687,0.12217183745385066,0.002158197512614
2013-04-09,1571.5999755859375,1589.300048828125,1570.0,1586.199951171875,215,0.0090330478192588,0.0089924938769846,0.011310913664544654,0.007706309379736552,0.17955518794384448,0.12233386886944402,0.0090330478192588
2013-04-10,1584.4000244140625,1586.0,1557.0,1558.300048828125,359,-0.0175891458848789,-0.0177456730803417,0.012743344292476784,0.007557859025609649,0.20229431921500754,0.11997729255508847,0.0175891458848789
2013-04-11,1557.0999755859375,1566.699951171875,1554.800048828125,1564.300048828125,1070,0.0038503496194537,0.0038429559959708,0.011808503914757204,0.007304044425919408,0.18745418828508134,0.11594811069570174,0.0038503496194537
2013-04-12,1560.800048828125,1560.800048828125,1480.199951171875,1501.0,881,-0.0404654138287251,-0.0413069181483036,0.018824819228819477,0.010168069747520358,0.2988347409312183,0.16141310319298913,0.0404654138287251
2013-04-15,1478.199951171875,1487.4000244140625,1338.0,1360.5999755859375,1309,-0.0935376578374833,-0.0982057916661019,0.038237744769903444,0.01963082976879091,0.6070053801427514,0.31162976158838607,0.0935376578374833
2013-04-16,1358.0,1401.0,1323.0,1386.800048828125,619,0.0192562646716971,0.0190732090527124,0.038848561909451206,0.02009500224798643,0.6167018016294267,0.318998271260736,0.0192562646716971
2013-04-17,1373.199951171875,1394.199951171875,1370.199951171875,1382.199951171875,92,-0.0033170590526998,-0.0033225726891608,0.038775318752479096,0.020068161979996137,0.6155391025579139,0.3185721952153881,0.0033170590526998
2013-04-18,1347.5,1396.4000244140625,1347.5,1392.0,57,0.0070901817206809,0.0070651645634534,0.03855977516665073,0.020160022489738392,0.6121174542091321,0.3200304355999019,0.0070901817206809
2013-04-19,1419.300048828125,1420.300048828125,1395.0999755859375,1395.300048828125,241,0.0023707247328483,0.0023679189985098,0.03931004732117092,0.02017960660280131,0.6240276554279943,0.32034132375677543,0.0023707247328483
2013-04-22,1406.800048828125,1434.9000244140625,1406.800048828125,1421.0,70,0.0184189423582832,0.0182513682042258,0.04082854116856406,0.020568846711619803,0.6481329979534979,0.32652031892612815,0.0184189423582832
2013-04-23,1429.5,1429.5,1405.800048828125,1408.5999755859375,334,-0.0087262663012402,-0.0087645631179379,0.03897525794110633,0.020578085268418166,0.618713038780576,0.3266669764686978,0.0087262663012402
2013-04-24,1423.199951171875,1430.0999755859375,1420.4000244140625,1423.4000244140625,138,0.0105069211164572,0.0104521070379417,0.010539216720480518,0.020618159674009016,0.1673048787348311,0.32730313793549054,0.0105069211164572
2013-04-25,1433.0,1461.800048828125,1433.0,1461.800048828125,222,0.0269776758152506,0.0266201934319261,0.01234454206381159,0.02135637043607582,0.195963530098929,0.339021870484972,0.0269776758152506
2013-04-26,1467.4000244140625,1476.199951171875,1451.4000244140625,1453.5999755859375,976,-0.0056095724232334,-0.0056253651626544,0.012708038595353363,0.021349880012656433,0.2017338586482935,0.33891883820734475,0.0056095724232334
2013-04-29,1462.699951171875,1475.5,1462.300048828125,1467.4000244140625,269,0.0094937046366985,0.0094489226311504,0.012734189794842024,0.021456494523036353,0.2021489960702917,0.3406112910910419,0.0094937046366985
2013-04-30,1471.0999755859375,1476.5999755859375,1461.0,1472.199951171875,534,0.0032710417595427,0.0032657035403041,0.012676596484679078,0.021400804566371348,0.20123473061505873,0.3397272404358844,0.0032710417595427
2013-05-01,1475.800048828125,1477.0999755859375,1440.0,1446.300048828125,131,-0.0175926526305979,-0.0177492426174281,0.014765875421944345,0.021530548676769352,0.23440100553975401,0.341786864337015,0.0175926526305979
2013-05-02,1459.0,1471.199951171875,1453.5,1467.699951171875,244,0.0147963089409348,0.0146879115082856,0.014426800202868673,0.02178440347334631,0.22901835330724019,0.34581668430219614,0.0147963089409348
2013-05-03,1465.5,1487.0999755859375,1461.4000244140625,1464.300048828125,68,-0.0023164832437552,-0.002319170441766,0.014569270734952655,0.02174790635551813,0.23128000288953576,0.3452373105181322,0.0023164832437552
2013-05-06,1468.0999755859375,1477.199951171875,1466.800048828125,1468.0999755859375,33,0.002595046528103,0.0025916852087923,0.010565334731424871,0.021768953675807046,0.16771948930502165,0.345571426369625,0.002595046528103
2013-05-07,1462.0,1466.199951171875,1441.199951171875,1449.0,91,-0.01300999652855,-0.0130953677950321,0.01161559352676159,0.021845875797027577,0.1843918308133371,0.34679252718803955,0.01300999652855
2013-05-08,1455.5,1474.699951171875,1450.699951171875,1473.9000244140625,81,0.0171842818592564,0.0170383020862896,0.012989246443887497,0.022152385509219087,0.2061978948519385,0.35165821802534786,0.0171842818592564
2013-05-09,1471.199951171875,1473.4000244140625,1453.0,1468.800048828125,27,-0.0034601909908814,-0.0034661912971972,0.013016657696761868,0.02208872397690482,0.20663303500132024,0.3506476225298387,0.0034601909908814
2013-05-10,1455.5999755859375,1459.300048828125,1423.0,1436.800048828125,569,-0.0217864916504673,-0.0220273215778999,0.01400640446897202,0.02235010810498561,0.22234477792250198,0.3547969669272061,0.0217864916504673
2013-05-13,1440.0,1440.5999755859375,1427.800048828125,1434.5,344,-0.0016008134395603,-0.001602096110455,0.012207927135787125,0.022319098314027248,0.19379483534933867,0.35430470175670253,0.0016008134395603
2013-05-14,1430.0999755859375,1444.4000244140625,1422.0,1424.699951171875,72,-0.006831682696497,-0.0068551254708003,0.012272624684230793,0.022211467498324783,0.19482187709104368,0.35259611552616804,0.006831682696497
2013-05-15,1425.699951171875,1425.699951171875,1390.0999755859375,1396.5,364,-0.0197936071722887,-0.0199921245653876,0.013197306115477963,0.022331797464390193,0.20950073974527936,0.35450629451903554,0.0197936071722887
2013-05-16,1390.4000244140625,1395.0999755859375,1370.5999755859375,1387.0999755859375,38,-0.0067311309803527,-0.006753887216782,0.012934894931656192,0.022334678685804035,0.2053350913434726,0.3545520324910344,0.0067311309803527
2013-05-17,1386.699951171875,1391.0999755859375,1359.0999755859375,1364.9000244140625,50,-0.0160045790228618,-0.0161340354192292,0.008159082701839885,0.02216030103179271,0.12952142253286378,0.3517838730507094,0.0160045790228618
2013-05-20,1342.9000244140625,1387.5,1342.9000244140625,1384.300048828125,21,0.0142135131270078,0.0141134482172598,0.012447735229801958,0.0224205998572133,0.19760167082420055,0.35591598880246,0.0142135131270078
2013-05-21,1386.5,1392.300048828125,1358.5,1377.800048828125,51,-0.00469551381256,-0.0047065723681885,0.010963408051104418,0.022285594368601735,0.17403870734967364,0.3537728431114902,0.00469551381256
2013-05-22,1387.199951171875,1395.699951171875,1364.5,1367.5999755859375,14,-0.0074031592979424,-0.007430698684902,0.010800512025984423,0.02215548438633423,0.171452813117503,0.35170741117448917,0.0074031592979424
2013-05-23,1380.5999755859375,1394.800048828125,1377.800048828125,1392.0,58,0.017841492285497,0.0176842009809755,0.014245745568356569,0.022473480179226034,0.22614420008743186,0.35675543789022823,0.017841492285497
2013-05-24,1386.800048828125,1386.800048828125,1386.800048828125,1386.800048828125,2,-0.003735597106232,-0.0037425918742925,0.012291889080311756,0.021370922332754633,0.1951276898981721,0.3392528746832707,0.003735597106232
2013-05-28,1380.800048828125,1390.4000244140625,1379.0999755859375,1379.0999755859375,55,-0.0055524033538174,-0.0055678752426755,0.012206964575992477,0.012718966654008745,0.19377955518630666,0.20190733620138268,0.0055524033538174
2013-05-29,1391.300048828125,1391.300048828125,1391.300048828125,1391.300048828125,168665,0.0088464023335248,0.0088075021657581,0.010534361022692345,0.012326356946141549,0.16722779692209597,0.19567485030542475,0.0088464023335248
2013-05-30,1392.0999755859375,1417.5,1388.300048828125,1411.5,45133,0.0145187597663705,0.0144143717503891,0.01059002476412662,0.012579339248775107,0.16811143142336693,0.199690819858638,0.0145187597663705
2013-05-31,1412.4000244140625,1421.0999755859375,1384.199951171875,1392.5999755859375,5997,-0.0133900279235299,-0.0134804827163792,0.012031716858970953,0.012778986841282336,0.19099758392388202,0.20286012713639937,0.0133900279235299
2013-06-03,1389.0999755859375,1416.300048828125,1388.300048828125,1411.699951171875,1420,0.0137153352870778,0.0136221313248147,0.012048751560530209,0.013014394026065895,0.191268001427786,0.2065971003430501,0.0137153352870778
2013-06-04,1410.9000244140625,1413.699951171875,1389.0,1397.0999755859375,930,-0.0103421237450761,-0.0103959751203523,0.011589108975063607,0.012702292172675942,0.18397140158906972,0.20164263701629717,0.0103421237450761
2013-06-05,1397.5,1410.0,1395.5999755859375,1398.4000244140625,1687,0.0009305338564478,0.0009301011782125,0.011432645650685969,0.012608319096257398,0.18148762331543575,0.20015086067546234,0.0009305338564478
2013-06-06,1401.699951171875,1422.699951171875,1391.5999755859375,1415.699951171875,782,0.0123712288728408,0.0122953305501649,0.011660960702094388,0.01266719187127101,0.1851120123950334,0.201085437005532,0.0123712288728408
2013-06-07,1411.5,1416.0999755859375,1377.9000244140625,1383.0,1163,-0.0230980803134216,-0.0233690212452463,0.015102910024201761,0.012268636343687673,0.23975126398453414,0.19475856414771808,0.0230980803134216
2013-06-10,1378.800048828125,1386.9000244140625,1375.5999755859375,1386.199951171875,367,0.0023137752508135,0.002311102594681,0.013683347951154001,0.012268471417357924,0.21721641468911207,0.1947559460233991,0.0023137752508135
2013-06-11,1384.199951171875,1384.4000244140625,1366.0,1377.0,482,-0.0066368139488804,-0.0066589355307842,0.01300902393601342,0.012122259869289652,0.20651185280626888,0.19243490965343263,0.0066368139488804
2013-06-12,1375.0,1393.5,1373.699951171875,1391.800048828125,514,0.0107480383646514,0.0106906887648108,0.012466286010244194,0.01231074820958284,0.19789615533425847,0.19542706929413917,0.0107480383646514
2013-06-13,1386.800048828125,1390.9000244140625,1373.4000244140625,1377.5999755859375,458,-0.0102026675844304,-0.0102550715421702,0.012450758023522045,0.012055062855224398,0.19764965618688854,0.19136819012505601,0.0102026675844304
2013-06-14,1383.9000244140625,1389.5999755859375,1377.800048828125,1387.300048828125,90,0.0070412844178961,0.0070166103318986,0.01289190177955294,0.011772274175238934,0.20465259621220874,0.1868790590001014,0.0070412844178961
2013-06-17,1390.300048828125,1390.5,1380.0,1382.800048828125,114,-0.0032437106909938,-0.0032489829246715,0.011449543291593525,0.011774869253735705,0.18175586504894614,0.18692025459411227,0.0032437106909938
2013-06-18,1383.0999755859375,1383.5,1363.0,1366.5999755859375,346,-0.0117154126917455,-0.0117845788766643,0.008629669290185105,0.011878418148205195,0.13699175303136646,0.18856404233392393,0.0117154126917455
2013-06-19,1368.0999755859375,1373.5999755859375,1348.0999755859375,1373.5999755859375,198,0.0051222011744869,0.0051091273276287,0.008906630037746196,0.011776436520247433,0.14138836859720558,0.18694513417868144,0.0051222011744869
2013-06-20,1348.0999755859375,1348.0999755859375,1275.4000244140625,1285.9000244140625,712,-0.0638467914462976,-0.0659761315471208,0.02548038268942153,0.015872934641293447,0.4044885354417871,0.25197502582586817,0.0638467914462976
2013-06-21,1280.4000244140625,1300.0,1268.9000244140625,1291.5999755859375,456,0.0044326549993436,0.0044228597195688,0.02474760786975951,0.015954485223718368,0.39285609580277164,0.25326960118808106,0.0044326549993436
2013-06-24,1297.300048828125,1297.300048828125,1275.699951171875,1276.800048828125,321,-0.0114585994406654,-0.0115247550438119,0.024750959567217654,0.015669701969351895,0.3929093023504367,0.24874880717642506,0.0114585994406654
2013-06-25,1281.300048828125,1286.0,1273.199951171875,1274.800048828125,953,-0.0015664159801964,-0.0015676440923652,0.023933148313031772,0.01566987016758927,0.37992695116264263,0.2487514772406674,0.0015664159801964
2013-06-26,1273.9000244140625,1273.9000244140625,1228.800048828125,1229.5999755859375,981,-0.0354565982984846,-0.0361004484766598,0.025092963179921685,0.01669828010650326,0.3983384413906398,0.26507697890582865,0.0354565982984846
2013-06-27,1224.699951171875,1241.4000244140625,1198.300048828125,1211.4000244140625,533,-0.0148015220667211,-0.014912157668658,0.02502486848254773,0.016567655446943684,0.39725747158151764,0.263003376720106,0.0148015220667211
2013-06-28,1200.9000244140625,1232.300048828125,1183.199951171875,1223.800048828125,232,0.0102361104211303,0.010184076226778,0.025832989838576903,0.016780385785580703,0.41008600040479853,0.2663803661542186,0.0102361104211303
2013-07-01,1234.699951171875,1261.0,1234.199951171875,1255.9000244140625,150,0.0262297551112826,0.0258916545363587,0.01979416347988505,0.01749722577910956,0.31422260386999623,0.27775984827043365,0.0262297551112826
2013-07-02,1254.0999755859375,1266.300048828125,1241.199951171875,1243.5999755859375,107,-0.0097938120782055,-0.0098420869107425,0.019609622306291312,0.01724803249764777,0.3112931035581101,0.27380402756361755,0.0097938120782055
2013-07-03,1243.800048828125,1258.199951171875,1240.300048828125,1252.0999755859375,19,0.0068349953094806,0.0068117426235754,0.019858625731826344,0.017346811261555625,0.3152459103955234,0.2753720918283048,0.0068349953094806
2013-07-05,1252.699951171875,1254.0999755859375,1208.9000244140625,1212.9000244140625,72,-0.0313073651754771,-0.0318079157329056,0.02259009995050255,0.018087550443894464,0.3586067193667336,0.2871309618052842,0.0313073651754771
2013-07-08,1218.800048828125,1235.199951171875,1215.4000244140625,1234.9000244140625,58,0.0181383457475219,0.0179758084503454,0.020245455022053483,0.018099893259477366,0.32138663500618325,0.2873268979283483,0.0181383457475219
2013-07-09,1234.699951171875,1254.5,1234.4000244140625,1245.9000244140625,33,0.0089076036784592,0.0088681650064917,0.019156040423102594,0.01824856358989043,0.3040927143853799,0.28968696625798895,0.0089076036784592
2013-07-10,1244.5999755859375,1263.9000244140625,1244.5999755859375,1247.4000244140625,58,0.0012039489289723,0.001203224763641,0.018983380282414097,0.018262780522704164,0.3013518196238088,0.2899126530697765,0.0012039489289723
2013-07-11,1284.5999755859375,1285.0,1278.9000244140625,1280.0999755859375,18,0.0262144865575379,0.0258767761260857,0.01898025184584384,0.018920468916834996,0.30130215723286474,0.3003531326560382,0.0262144865575379
2013-07-12,1282.300048828125,1282.300048828125,1274.300048828125,1277.800048828125,6,-0.0017966774483842,-0.0017982934091746,0.018319033641997513,0.018644004546349176,0.29080564365450756,0.29596439683198517,0.0017966774483842
2013-07-15,1292.0999755859375,1292.4000244140625,1281.5999755859375,1283.800048828125,19,0.0046955703323869,0.0046845805308432,0.018282204950010875,0.018593489837912206,0.29022100629385694,0.2951625006955342,0.0046955703323869
2013-07-16,1279.4000244140625,1291.4000244140625,1279.4000244140625,1290.800048828125,13,0.005452562497088,0.0054377510938705,0.009902109929850661,0.018404671049985905,0.15719112197524854,0.2921650953612764,0.005452562497088
2013-07-17,1286.199951171875,1294.4000244140625,1272.9000244140625,1277.9000244140625,11,-0.0099938208290075,-0.010044094286119,0.011187988299593176,0.018399867032906008,0.17760380827094369,0.29208883395435126,0.0099938208290075
2013-07-18,1275.300048828125,1286.4000244140625,1275.199951171875,1284.5999755859375,26,0.0052429384489189,0.0052292420990178,0.011057172622573344,0.01844681373493648,0.17552717377704555,0.29283408974503494,0.0052429384489189
2013-07-19,1291.699951171875,1293.300048828125,1290.0,1293.300048828125,9,0.0067725933423119,0.0067497623573703,0.010986373621422619,0.018317392724348906,0.174403274476346,0.29077959489438665,0.0067725933423119
2013-07-22,1317.0,1336.4000244140625,1317.0,1336.4000244140625,18,0.0333255810397523,0.0327823205752545,0.013329396594204786,0.019048225746197696,0.2115976110889032,0.3023812094487411,0.0333255810397523
2013-07-23,1334.800048828125,1342.300048828125,1327.9000244140625,1335.0999755859375,10,-0.0009727991652013,-0.0009732726413989,0.013249979797759265,0.01903817500137807,0.2103369085290055,0.30222165882103885,0.0009727991652013
2013-07-24,1342.199951171875,1343.5,1318.5999755859375,1319.699951171875,42,-0.0115347349978819,-0.0116017760863612,0.01490639319236102,0.01910840392591721,0.23663165599160074,0.3033365084360834,0.0115347349978819
2013-07-25,1318.5,1336.800048828125,1318.5,1329.0,55,0.0070470934092758,0.007022378689875,0.014943682024462047,0.019040188701106985,0.2372235978501169,0.3022536253132261,0.0070470934092758
2013-07-26,1326.5,1326.5,1321.699951171875,1321.699951171875,66,-0.0054928885087471,-0.0055080298929101,0.014311121522269767,0.018984096111457727,0.2271820111820995,0.3013631830575929,0.0054928885087471
2013-07-29,1328.4000244140625,1328.4000244140625,1328.4000244140625,1328.4000244140625,134359,0.0050692846256421,0.0050564790608036,0.0143106038384168,0.018957962404390342,0.22717379320570327,0.3009483233191738,0.0050692846256421
2013-07-30,1327.199951171875,1329.5999755859375,1316.199951171875,1324.0,44769,-0.0033122736624483,-0.0033177713841852,0.014594054040952516,0.01895821286148616,0.23167342567558563,0.30095229920231154,0.0033122736624483
2013-07-31,1325.5,1338.4000244140625,1304.9000244140625,1312.4000244140625,6252,-0.0087613108655116,-0.0087999168073992,0.0068458151119901245,0.01890970206878467,0.10867394584712196,0.30018221424196706,0.0087613108655116
2013-08-01,1323.0,1328.5,1306.9000244140625,1311.0,1562,-0.0010667665254635,-0.0010673359258543,0.006842262970375223,0.0188723857633359,0.10861755734711367,0.29958983625757607,0.0010667665254635
2013-08-02,1306.699951171875,1317.0,1283.0,1310.5999755859375,1451,-0.0003051292250667,-0.0003051757864604,0.005595315117795656,0.014731080949886281,0.08882287385236429,0.23384866041936148,0.0003051292250667
2013-08-05,1311.199951171875,1318.300048828125,1297.5,1302.5999755859375,904,-0.0061040745834162,-0.0061227806075013,0.00456622446888284,0.014765559248758085,0.07248656625097194,0.23439598644602158,0.0061040745834162
2013-08-06,1303.0,1305.9000244140625,1279.300048828125,1283.199951171875,1314,-0.0148933093640938,-0.0150053283093317,0.00646107173963869,0.014873507003332016,0.10256633415618864,0.23610960392516434,0.0148933093640938
2013-08-07,1282.5,1288.4000244140625,1274.0,1286.0999755859375,989,0.0022599941742627,0.0022574442286143,0.005847767909892926,0.01487358953356958,0.09283043768640391,0.23611091405206974,0.0022599941742627
2013-08-08,1283.9000244140625,1312.800048828125,1283.699951171875,1310.699951171875,482,0.0191275764348957,0.0189469440830072,0.010758507388192173,0.01362181426676277,0.17078601016444517,0.21623959773219567,0.0191275764348957
2013-08-09,1315.0999755859375,1315.800048828125,1306.699951171875,1312.9000244140625,449,0.0016785483513754,0.0016771411635599,0.010279602734112603,0.013238586023828706,0.16318363446600942,0.210156037975117,0.0016785483513754
2013-08-12,1317.199951171875,1342.4000244140625,1317.199951171875,1334.699951171875,312,0.0166044073062925,0.0164680613609217,0.011975401273454225,0.013412346290900976,0.1901036017185965,0.21291439670162135,0.0166044073062925
2013-08-13,1331.9000244140625,1339.0999755859375,1320.199951171875,1321.199951171875,209,-0.0101146328717154,-0.0101661333372818,0.012912576537177384,0.012870573440505365,0.20498079781475362,0.204314019326221,0.0101146328717154
2013-08-14,1317.699951171875,1336.300048828125,1317.699951171875,1334.0,333,0.0096881995921749,0.0096415699163411,0.012798207085575934,0.01275794409003979,0.20316523905563197,0.20252608381626913,0.0096881995921749
2013-08-15,1340.0999755859375,1369.5999755859375,1319.9000244140625,1361.5999755859375,235,0.0206896368710176,0.0204785134131186,0.011258873698255383,0.013167450363277487,0.1787290790896189,0.209026794372116,0.0206896368710176
2013-08-16,1366.800048828125,1378.9000244140625,1361.0,1371.699951171875,175,0.0074177260333683,0.0073903499988771,0.010942025949701187,0.011491730766959073,0.17369927701274812,0.18242557045849958,0.0074177260333683
2013-08-19,1379.0,1384.4000244140625,1363.9000244140625,1366.199951171875,139,-0.0040096232381587,-0.0040176833299167,0.010972695236490894,0.011272955636829528,0.17418613684714784,0.17895262293428815,0.0040096232381587
2013-08-20,1355.0,1377.0,1355.0,1373.0999755859375,123,0.0050505231010613,0.0050378119898069,0.010824713662312496,0.011230298166818198,0.17183700218377246,0.1782754565910331,0.0050505231010613
2013-08-21,1372.5,1377.300048828125,1360.9000244140625,1370.5999755859375,109,-0.0018206977237278,-0.0018223572084143,0.01017160254003652,0.011263349630538719,0.16146918453557726,0.17880013231186015,0.0018206977237278
2013-08-22,1362.0,1380.4000244140625,1362.0,1371.199951171875,79,0.0004377466778233,0.0004376508946978,0.008382932028269816,0.010397471889906465,0.1330749204261613,0.16505474930686354,0.0004377466778233
2013-08-23,1376.800048828125,1398.199951171875,1373.9000244140625,1395.699951171875,178,0.0178675618964698,0.0177098132961742,0.009573792758658621,0.010741446150140565,0.1519792484584904,0.1705151714067846,0.0178675618964698
2013-08-26,1398.5999755859375,1402.800048828125,1391.300048828125,1393.0,203,-0.0019344782305165,-0.0019363517501071,0.007610048867796231,0.010773547210053063,0.1208057806154249,0.17102475993488492,0.0019344782305165
2013-08-27,1403.800048828125,1421.0999755859375,1398.699951171875,1420.5999755859375,397,0.0198133349504217,0.0196196055981635,0.009845342444787731,0.011206699051392717,0.156289966087062,0.17790083224757153,0.0198133349504217
2013-08-28,1417.300048828125,1428.0,1417.300048828125,1419.0,489,-0.0011262675020654,-0.0011269022179265,0.009455348118281063,0.010959300145278439,0.15009899808308538,0.17397349636632473,0.0011262675020654
2013-08-29,1417.4000244140625,1417.4000244140625,1404.5,1412.9000244140625,375,-0.0042987847681025,-0.0043080511088819,0.010158589810290192,0.01104672762276662,0.161262613854856,0.1753613645454493,0.0042987847681025
2013-08-30,1407.199951171875,1409.800048828125,1392.300048828125,1396.0999755859375,0,-0.0118904724593603,-0.0119617295438894,0.011733303050850533,0.011361755729431247,0.18626041157943576,0.18036228070283009,0.0118904724593603
2013-09-03,1393.0,1414.4000244140625,1382.300048828125,1412.0,139,0.0113888866786846,0.0113245215459161,0.012106244873592565,0.0099331903680524,0.19218067947825906,0.15768450863597283,0.0113888866786846
2013-09-04,1413.0,1413.0,1387.0999755859375,1389.9000244140625,104,-0.0156515407832418,-0.0157753193971376,0.012450999177426262,0.010427936978159111,0.19765348438643804,0.16553836758998036,0.0156515407832418
2013-09-05,1393.5,1397.5,1367.0999755859375,1373.0999755859375,37,-0.0120872354363813,-0.0121608801085945,0.013210266791572658,0.010452017944434776,0.2097064840998983,0.16592064107855362,0.0120872354363813
2013-09-06,1371.0,1390.0999755859375,1368.9000244140625,1386.699951171875,52,0.009904577836828,0.0098558490006192,0.010796271337089037,0.010518293698833293,0.1713854942682743,0.16697273606310364,0.009904577836828
2013-09-09,1389.800048828125,1389.800048828125,1386.5,1386.800048828125,44,7.218407714337793e-05,7.218147199824732e-05,0.010847614619309418,0.010440025309861213,0.1722005436057679,0.1657302639066769,7.218407714337793e-05
2013-09-10,1377.5,1377.5,1357.5999755859375,1364.0999755859375,21,-0.0163686706395558,-0.0165041174185586,0.01195030885621528,0.01092098242904907,0.1897052719437502,0.1733652214786196,0.0163686706395558
2013-09-11,1365.800048828125,1365.800048828125,1356.699951171875,1363.9000244140625,60,-0.0001465810244509,-0.0001465917684992,0.011633283897188132,0.01089371994161729,0.18467265673783256,0.17293244290742654,0.0001465810244509
2013-09-12,1360.0,1360.0,1322.4000244140625,1330.4000244140625,120,-0.0245619175895182,-0.0248685936033778,0.012012784988627513,0.011733865738445447,0.19069704979918967,0.18626934396808753,0.0245619175895182
2013-09-13,1322.9000244140625,1323.0,1305.300048828125,1308.4000244140625,38,-0.0165363797326215,-0.0166746319059287,0.012106032214795042,0.012138952999490926,0.1921773036245049,0.19269990488012737,0.0165363797326215
2013-09-16,1328.4000244140625,1329.5999755859375,1310.800048828125,1317.9000244140625,107,0.0072607763854593,0.007234543851109,0.013308082568769829,0.012210668980719201,0.2112592614244716,0.19383836078828134,0.0072607763854593
2013-09-17,1313.0,1313.0999755859375,1309.5,1309.5,24,-0.0063737948694531,-0.0063941942270502,0.011398191025354575,0.012215612598652304,0.1809406730945791,0.1939168382900488,0.0063737948694531
2013-09-18,1292.0999755859375,1347.699951171875,1292.0999755859375,1307.800048828125,29,-0.0012981681343069,-0.0012990114845119,0.011245313615163609,0.01188214886880022,0.17851381944390968,0.18862326568735696,0.0012981681343069
2013-09-19,1362.9000244140625,1373.0,1362.9000244140625,1369.4000244140625,35,0.0471019829377856,0.0460263320519995,0.02304398131074419,0.014595624251676213,0.3658118625902962,0.23169835199807085,0.0471019829377856
2013-09-20,1347.5,1347.5,1330.699951171875,1332.5,2,-0.0269461251323193,-0.0273158284752543,0.025335481906522853,0.015165494415090453,0.40218830682381634,0.24074476039000978,0.0269461251323193
2013-09-23,1327.0999755859375,1327.800048828125,1317.5999755859375,1326.9000244140625,78,-0.0042026083196529,-0.0042114640982854,0.023560886956020738,0.015189870938031078,0.3740174853224189,0.2411317256951859,0.0042026083196529
2013-09-24,1321.199951171875,1324.9000244140625,1309.4000244140625,1316.0,61,-0.0082146538650308,-0.0082485800564516,0.022793245178408906,0.014954554659722919,0.36183154988515215,0.23739619558409397,0.0082146538650308
2013-09-25,1322.699951171875,1335.9000244140625,1322.699951171875,1335.9000244140625,51,0.0151215990988315,0.0150084073858704,0.02333756466116311,0.015096210017659121,0.3704723537959617,0.23964490467796817,0.0151215990988315
2013-09-26,1335.199951171875,1338.300048828125,1323.5999755859375,1323.5999755859375,13170,-0.0092073123761786,-0.0092499616688728,0.02353419478815908,0.015092880017866621,0.3735937602937281,0.23959204257006705,0.0092073123761786
2013-09-27,1321.5,1343.800048828125,1319.699951171875,1338.4000244140625,2990,0.0111816629654841,0.0111196103115841,0.023735318453331412,0.014735750110077911,0.376786499498623,0.2339227810395529,0.0111816629654841
2013-09-30,1345.800048828125,1350.9000244140625,1322.0,1326.5,597,-0.0088912314681645,-0.0089309943360498,0.014083455973529183,0.014735611896046708,0.22356793263771166,0.23392058695982734,0.0088912314681645
2013-10-01,1328.0,1334.0,1284.5,1286.0,815,-0.0305314738032416,-0.0310072687802296,0.015068647102153795,0.015686548187450793,0.23920735695895828,0.2490162325981549,0.0305314738032416
2013-10-02,1288.5,1321.0,1280.0,1320.5999755859375,152,0.0269051132083495,0.0265495344758074,0.01931824932379408,0.016506327111186714,0.306667700855405,0.26202981957169946,0.0269051132083495
2013-10-03,1312.0,1319.5,1302.5,1317.4000244140625,217,-0.0024231040671155,-0.0024260445347754,0.019055991177725735,0.016507515179080744,0.3025044818526188,0.2620486795648291,0.0024231040671155
2013-10-04,1316.199951171875,1318.0999755859375,1305.699951171875,1309.699951171875,38,-0.0058449013963031,-0.0058620496851558,0.01795548496110031,0.01652602290448775,0.28503448725979014,0.2623424805973915,0.0058449013963031
2013-10-07,1313.800048828125,1325.4000244140625,1311.800048828125,1324.800048828125,84,0.0115294328618849,0.0114634754345321,0.018405488636611497,0.016310352569730138,0.29217807414659575,0.2589188201717354,0.0115294328618849
2013-10-08,1326.5,1330.0,1321.199951171875,1324.199951171875,57,-0.0004529722479862,-0.0004530748709063,0.017770812001712127,0.016311574441163493,0.28210289491327334,0.25893821677941586,0.0004529722479862
2013-10-09,1317.5999755859375,1319.0,1295.300048828125,1306.9000244140625,140,-0.0130644369398311,-0.0131505273331808,0.018130873698291305,0.01592602831977833,0.28781869714800434,0.25281786184263194,0.0130644369398311
2013-10-10,1303.4000244140625,1310.800048828125,1285.0,1296.5999755859375,89,-0.0078812829104835,-0.0079125043722845,0.013655672780140096,0.01595140019498017,0.21677708496914821,0.2532206278751085,0.0078812829104835
2013-10-11,1286.9000244140625,1291.5999755859375,1263.800048828125,1268.0,210,-0.0220576709273907,-0.0223045789144299,0.010501568123932565,0.016330864146240746,0.1667072257927722,0.259244431354405,0.0220576709273907
2013-10-14,1275.800048828125,1285.800048828125,1273.9000244140625,1276.4000244140625,61,0.0066246249322259,0.0066027785341988,0.011488573114965277,0.016351598659795703,0.18237544428708474,0.2595735815529389,0.0066246249322259
2013-10-15,1270.5,1283.5999755859375,1254.0999755859375,1273.0,208,-0.0026637608500699,-0.0026673149739635,0.01148709834110568,0.016129255002240873,0.1823520329778494,0.2560439854120434,0.0026637608500699
2013-10-16,1282.800048828125,1284.0,1269.199951171875,1282.0,86,0.007069913589945,0.0070450389232088,0.010569629951911061,0.0160637362711692,0.16778767381641754,0.2550039078002504,0.007069913589945
2013-10-17,1307.0,1322.699951171875,1307.0,1322.699951171875,72,0.0317472318033347,0.0312537066358908,0.017455559790689558,0.017126272808741152,0.2770984212094995,0.2718711524242605,0.0317472318033347
2013-10-18,1318.800048828125,1326.0,1312.5999755859375,1314.4000244140625,65,-0.0062749883300887,-0.006294758819146,0.01678653897968765,0.017022056314404264,0.26647804508247275,0.27021676686510226,0.0062749883300887
2013-10-21,1316.800048828125,1317.699951171875,1315.699951171875,1315.699951171875,23,0.0009889886896434,0.0009884999625332,0.016338680316813046,0.017026066645504222,0.25936850921564003,0.2702804288976954,0.0009889886896434
2013-10-22,1313.9000244140625,1342.5999755859375,1313.9000244140625,1342.5,55,0.0203694229860345,0.0201647411231264,0.013452637518437463,0.017247968052073834,0.21355400011009573,0.27380300452184714,0.0203694229860345
2013-10-23,1331.9000244140625,1333.9000244140625,1331.9000244140625,1333.9000244140625,13,-0.0064059408461359,-0.0064265469332534,0.014572541765439007,0.017282757391774786,0.23133192888872256,0.2743552681685963,0.0064059408461359
2013-10-24,1334.5,1350.199951171875,1334.5,1350.199951171875,18,0.0122197514502426,0.0121456929943791,0.014107295775578095,0.016822631249410545,0.22394637776287024,0.26705099210210465,0.0122197514502426
2013-10-25,1346.199951171875,1353.0,1346.199951171875,1352.4000244140625,23,0.0016294425431417,0.0016281164419827,0.0143489780327856,0.016507471718854128,0.22778296465607709,0.2620479896551198,0.0016294425431417
2013-10-28,1351.4000244140625,1359.199951171875,1349.0,1352.0,23,-0.0002957885291637,-0.0002958322832189,0.009812969130342627,0.016469946114819257,0.15577605565224217,0.2614522891586773,0.0002957885291637
2013-10-29,1359.5999755859375,1359.699951171875,1345.199951171875,1345.199951171875,168,-0.0050296219142936,-0.0050423130348367,0.009622508878366593,0.016451062614055493,0.15275259288401447,0.261152522877258,0.0050296219142936
2013-10-30,1340.800048828125,1355.800048828125,1335.5999755859375,1349.0,44,0.0028248951576415,0.0028209126396832,0.009572200585280797,0.01644819204787046,0.15195397348967948,0.2611069540517727,0.0028248951576415
2013-10-31,1334.0,1334.0,1321.699951171875,1323.5999755859375,62,-0.0188287801438565,-0.0190082986054957,0.009603428590171948,0.014372258109436362,0.15244970269897565,0.2281525244159997,0.0188287801438565
2013-11-01,1325.699951171875,1325.699951171875,1308.0,1313.0999755859375,21,-0.0079329103911109,-0.0079645433299918,0.009737032242639549,0.013588001042309039,0.15457059493105066,0.215702829434617,0.0079329103911109
2013-11-04,1314.5999755859375,1320.5,1312.0999755859375,1314.5999755859375,39,0.0011423349538413,0.0011416829857313,0.007686890255891556,0.013571449501056274,0.12202559983520828,0.21544008186279914,0.0011423349538413
2013-11-05,1313.300048828125,1317.5,1306.9000244140625,1308.0,98,-0.0050205200886267,-0.0050331652408554,0.007307886947316471,0.013519007448012118,0.11600910883184617,0.21460759007922017,0.0050205200886267
2013-11-06,1313.5,1318.5999755859375,1312.5,1317.699951171875,11,0.0074158648103019,0.0073885024784915,0.008562149019311962,0.013290809413167555,0.13591990196025014,0.21098505857998598,0.0074158648103019
2013-11-07,1323.5999755859375,1323.5999755859375,1298.0,1308.4000244140625,129,-0.0070576968220585,-0.0070827201719277,0.008651147298550651,0.013247256470284435,0.13733270584411966,0.21029367704558355,0.0070576968220585
2013-11-08,1308.0,1308.0999755859375,1281.300048828125,1284.5,22,-0.0182666034607922,-0.0184354977737695,0.009537068166604636,0.013456508996605157,0.1513962636330395,0.2136154579207233,0.0182666034607922
2013-11-11,1281.5999755859375,1281.800048828125,1281.0,1281.0,5,-0.002724795640327,-0.002728514653204,0.008010043008274164,0.0133831646497358,0.12715549074495078,0.21245115250939064,0.002724795640327
2013-11-12,1282.300048828125,1282.300048828125,1271.0999755859375,1271.0999755859375,3,-0.0077283562951308,-0.0077583748031464,0.007996367481036827,0.012252340394080841,0.12693839848024466,0.19449987396749419,0.0077283562951308
2013-11-13,1274.0,1280.5,1268.300048828125,1268.300048828125,17,-0.0022027588793885,-0.0022051885213282,0.007689681154459118,0.011122810180789292,0.12206990397647331,0.17656913771127508,0.0022027588793885
2013-11-14,1280.199951171875,1293.300048828125,1278.0999755859375,1286.199951171875,29,0.0141133025740154,0.0140146371654134,0.01057514373609608,0.011468904327617286,0.16787520242683618,0.18206321196760675,0.0141133025740154
2013-11-15,1287.699951171875,1288.5,1281.5,1287.300048828125,16,0.0008553084263824,0.0008549428585643,0.009829828927446571,0.011431147138255719,0.15604369663399445,0.18146383516807388,0.0008553084263824
2013-11-18,1284.699951171875,1284.800048828125,1272.199951171875,1272.199951171875,10,-0.0117300528885989,-0.0117993927323902,0.010276981036830394,0.01137492750743117,0.16314201631187972,0.18057137619630417,0.0117300528885989
2013-11-19,1274.199951171875,1275.199951171875,1271.0,1273.4000244140625,10,0.0009433055244829,0.0009428608914212,0.008166460683862934,0.011381313637787625,0.12963854436652675,0.1806727528728835,0.0009433055244829
2013-11-20,1269.0,1269.0,1241.9000244140625,1257.9000244140625,120,-0.0121721373510512,-0.0122468245018543,0.009176592342668476,0.011350472822177661,0.14567388733032244,0.18018317010287732,0.0121721373510512
2013-11-21,1245.699951171875,1247.0999755859375,1236.5,1243.5,90,-0.0114476700330538,-0.0115136990099548,0.009622544648646189,0.011441058405159233,0.1527531607195993,0.18162117165249958,0.0114476700330538
2013-11-22,1243.199951171875,1247.0,1241.4000244140625,1244.0,77,0.0004020908725372,0.0004020100556654,0.009712589252971285,0.010752031590026712,0.1541825744992838,0.17068321005552642,0.0004020908725372
2013-11-25,1231.0999755859375,1241.0999755859375,1229.0,1241.0999755859375,19,-0.0023312093360631,-0.0023339308349591,0.0063794618022325715,0.010669072976961031,0.10127081656285981,0.16936628289983066,0.0023312093360631
2013-11-26,1243.0,1243.0,1241.4000244140625,1241.4000244140625,178417,0.0002417604012789,0.0002417311819424,0.006288065781914322,0.010665506711534815,0.09981994971936126,0.16930967019126858,0.0002417604012789
2013-11-27,1241.5999755859375,1254.800048828125,1235.5,1237.800048828125,82331,-0.0028999319438846,-0.0029041448933399,0.005597267276052807,0.01056725647300614,0.08885386340397386,0.16774999600687066,0.0028999319438846
2013-11-29,1237.800048828125,1254.5,1233.699951171875,1250.5999755859375,9203,0.0103408678727479,0.0102877668585498,0.007687734652049155,0.008855872657652142,0.12203900420865442,0.1405826201676253,0.0103408678727479
2013-12-02,1251.4000244140625,1251.5,1217.800048828125,1222.300048828125,4979,-0.022629079889877,-0.0228890468803595,0.010404501631048226,0.009610227119210385,0.1651663429879171,0.15255762600167616,0.022629079889877
2013-12-03,1219.199951171875,1225.699951171875,1215.5999755859375,1221.699951171875,1932,-0.0004909577290987,-0.0004910782883059,0.009918243002938526,0.009596157607386085,0.15744722657089086,0.1523342794255451,0.0004909577290987
2013-12-04,1225.0999755859375,1250.4000244140625,1212.9000244140625,1248.199951171875,1823,0.0216910870583082,0.0214591829384584,0.013549032258810793,0.009706801696538129,0.21508421917443052,0.1540906998891585,0.0216910870583082
2013-12-05,1240.0,1241.5,1218.5999755859375,1233.199951171875,446,-0.0120173053891864,-0.0120900969637683,0.014363676800670326,0.009840218805493349,0.22801630036248935,0.15620863083477882,0.0120173053891864
2013-12-06,1228.699951171875,1242.0,1213.0,1230.300048828125,1032,-0.0023515264827851,-0.0023542956632373,0.014365069413576364,0.009436560297935338,0.22803840740702108,0.1498007506812149,0.0023515264827851
2013-12-09,1230.199951171875,1243.199951171875,1229.0,1235.300048828125,352,0.0040640492575469,0.0040558133160036,0.014467997735680744,0.009488533366883548,0.22967234386594115,0.15062579757307357,0.0040640492575469
2013-12-10,1239.0,1267.0,1239.0,1262.4000244140625,882,0.0219379701406521,0.0217007953609039,0.016409756662657548,0.010517222519170179,0.26049681122686263,0.16695573161311522,0.0219379701406521
2013-12-11,1261.9000244140625,1261.9000244140625,1252.0999755859375,1258.5,147,-0.0030893728918237,-0.0030941548556421,0.012920518752960576,0.010505369491718644,0.20510687658168045,0.16676757063559533,0.0030893728918237
2013-12-12,1253.5,1255.4000244140625,1225.9000244140625,1226.0,609,-0.0258243941199841,-0.0261636980792139,0.017281513295029957,0.011307659256202387,0.274335518745034,0.1795035258130147,0.0258243941199841
2013-12-13,1226.699951171875,1239.0,1222.199951171875,1235.699951171875,446,0.0079118688188213,0.0078807340994408,0.015134059809017074,0.011078293731915503,0.24024575148862112,0.1758624609934445,0.0079118688188213
2013-12-16,1238.4000244140625,1250.5999755859375,1228.9000244140625,1245.5,242,0.0079307673507886,0.0078994841066376,0.014658729006888737,0.011174807955145988,0.23270010893109852,0.1773945767893351,0.0079307673507886
2013-12-17,1237.0,1240.4000244140625,1231.199951171875,1231.199951171875,22,-0.0114813720017061,-0.0115477918365373,0.015444799944304052,0.011301057800791835,0.2451785982106366,0.17939873095717032,0.0114813720017061
2013-12-18,1231.5,1245.0999755859375,1217.0,1236.0999755859375,114,0.0039798770373558,0.0039719782771997,0.015441328981915756,0.011340815909403485,0.24512349839089964,0.18002987136507864,0.0039798770373558
2013-12-19,1226.5999755859375,1226.5999755859375,1188.699951171875,1195.0,124,-0.0332497179821197,-0.0338150567772864,0.016539389397377237,0.012563172347994239,0.2625546670939117,0.19943417826501703,0.0332497179821197
2013-12-20,1190.9000244140625,1207.800048828125,1190.9000244140625,1205.0999755859375,204,0.0084518624150105,0.0084163454087834,0.017614617643941573,0.012716117737026465,0.27962338635215933,0.2018621110463368,0.0084518624150105
2013-12-23,1205.199951171875,1205.199951171875,1195.9000244140625,1198.4000244140625,123,-0.0055596641835606,-0.0055751766392245,0.015339479602957059,0.012385651963669569,0.2435066896234331,0.1966161295276109,0.0055596641835606
2013-12-24,1199.800048828125,1205.5999755859375,1197.699951171875,1205.0999755859375,184,0.00559074685863,0.0055751766392246,0.015083579148935482,0.01246710610943984,0.23944439585305544,0.19790917400539096,0.00559074685863
2013-12-26,1207.0999755859375,1215.9000244140625,1207.0999755859375,1214.0999755859375,140,0.0074682600467435,0.0074405106667609,0.015026184702955662,0.012533133399697034,0.23853328726886183,0.19895732474397504,0.0074682600467435
2013-12-27,1213.4000244140625,1218.5,1212.9000244140625,1216.0999755859375,278,0.0016473107983012,0.0016459554700952,0.014685662096719178,0.012544884938788416,0.233127658477478,0.19914387464372332,0.0016473107983012
2013-12-30,1215.0,1215.0,1194.4000244140625,1203.0999755859375,351,-0.0106899105838205,-0.0107474581644014,0.014791803693626733,0.012307524833297294,0.2348126040925379,0.19537589978193795,0.0106899105838205
2013-12-31,1196.4000244140625,1212.4000244140625,1182.0,1201.9000244140625,124,-0.0009973827580626,-0.0009978804752161,0.007098896662870404,0.012296566951303108,0.11269149091740852,0.19520194879802227,0.0009973827580626
2014-01-02,1204.300048828125,1227.300048828125,1204.300048828125,1225.0,209,0.0192195483124304,0.0190371857071943,0.009708879095633926,0.012760052953723927,0.15412367757744636,0.2025595609894121,0.0192195483124304
2014-01-03,1221.699951171875,1239.0,1221.699951171875,1238.4000244140625,142,0.010938795440051,0.0108793995708329,0.009458805283840844,0.01294655176592812,0.15015387888495954,0.2055201378508195,0.010938795440051
2014-01-06,1232.800048828125,1247.0,1221.9000244140625,1237.800048828125,127,-0.0004844764002821,-0.0004845937968921,0.009644585525845831,0.012768638708534572,0.1531030487980871,0.20269585562169257,0.0004844764002821
2014-01-07,1239.300048828125,1242.4000244140625,1226.300048828125,1229.4000244140625,73,-0.0067862530963826,-0.0068093844213407,0.010244824633546736,0.012658173779892458,0.16263154923499853,0.20094227924300337,0.0067862530963826
2014-01-08,1227.5,1227.5,1218.5999755859375,1225.300048828125,189,-0.0033349402184139,-0.0033405135260925,0.010431437050383102,0.012669386930631701,0.16559392951403304,0.20112028249262048,0.0033349402184139
2014-01-09,1225.800048828125,1229.300048828125,1225.800048828125,1229.300048828125,7,0.0032645065213419,0.0032591895882274,0.009037837465877328,0.012681567330550337,0.14347122194720172,0.2013136403469446,0.0032645065213419
2014-01-10,1235.0,1246.800048828125,1234.0,1246.699951171875,58,0.0141543168084448,0.0140550797914683,0.009679785756961844,0.012951316185622641,0.1536618351438369,0.20559577066873894,0.0141543168084448
2014-01-13,1250.5999755859375,1252.699951171875,1245.5,1250.9000244140625,46,0.0033689527606377,0.0033632905528625,0.007479873563821945,0.012949755675905414,0.1187393117284757,0.20557099834495723,0.0033689527606377
2014-01-14,1251.0,1251.300048828125,1242.0,1245.199951171875,37,-0.0045567776248605,-0.0045671913835189,0.007023827413981397,0.012841886704952123,0.11149980353539617,0.2038586315170201,0.0045567776248605
2014-01-15,1243.0999755859375,1243.199951171875,1238.0999755859375,1238.0999755859375,68,-0.0057018758949159,-0.0057181936467031,0.0074473532872616705,0.01217057361417863,0.11822306834240252,0.19320186657672736,0.0057018758949159
2014-01-16,1239.300048828125,1242.800048828125,1239.0,1240.0,48,0.0015346292315072,0.0015334528914116,0.006809545517534338,0.01217050441734859,0.10809818388462289,0.19320076811110454,0.0015346292315072
2014-01-17,1239.699951171875,1254.300048828125,1239.699951171875,1251.699951171875,101,0.0094354444934476,0.0093912087254474,0.00708259678388979,0.011630734719986106,0.11243273836030959,0.18463218980428617,0.0094354444934476
2014-01-21,1256.4000244140625,1257.5,1240.0,1242.300048828125,224,-0.0075097089641567,-0.0075380488002829,0.008127283198323985,0.011496347147106028,0.1290166210641534,0.18249885322145665,0.0075097089641567
2014-01-22,1241.699951171875,1242.0,1239.0,1239.0,58,-0.0026564023975028,-0.0026599368951044,0.005974521855827225,0.011498914911911266,0.0948425941982336,0.18253961522405643,0.0026564023975028
2014-01-23,1235.199951171875,1264.199951171875,1235.199951171875,1262.5999755859375,40,0.0190475993429681,0.0188684649680429,0.009641708737091269,0.011983279231154012,0.15305738119237286,0.19022866042007286,0.0190475993429681
2014-01-24,1258.300048828125,1269.4000244140625,1258.300048828125,1264.5,38,0.0015048506659289,0.0015037195128344,0.009286304351242596,0.01130163582999293,0.14741551147346948,0.1794079068862701,0.0015048506659289
2014-01-27,1259.800048828125,1264.4000244140625,1254.4000244140625,1263.5999755859375,92,-0.0007117630795274,-0.000712016503127,0.00875148739846117,0.01128669811965203,0.13892555554946331,0.17917077808595766,0.0007117630795274
2014-01-28,1257.9000244140625,1258.4000244140625,1251.0,1251.0,20,-0.0099714908431324,-0.0100215391399817,0.010046245399379908,0.010359421474740905,0.15947920162011603,0.16445071769199857,0.0099714908431324
2014-01-29,1262.199951171875,1262.199951171875,1262.199951171875,1262.199951171875,137028,0.0089527986985411,0.0089129599982922,0.009982603080334738,0.010386031282372523,0.15846891112579833,0.16487313529256975,0.0089527986985411
2014-01-30,1267.0,1267.699951171875,1237.5,1242.199951171875,45276,-0.0158453500029304,-0.0159722296477821,0.011570669793215527,0.010721701622961703,0.18367868865177261,0.17020173675476566,0.0158453500029304
2014-01-31,1243.5999755859375,1254.5,1238.4000244140625,1240.0999755859375,5820,-0.0016905294384824,-0.0016919599958672,0.011538790842585408,0.010508076387553593,0.18317262599922263,0.16681054127482073,0.0016905294384824
2014-02-03,1242.4000244140625,1266.300048828125,1241.199951171875,1260.4000244140625,2914,0.0163696873056815,0.0162371484316562,0.010831877007794291,0.010894321680795675,0.17195071676797286,0.17294199522074732,0.0163696873056815
2014-02-04,1258.4000244140625,1260.699951171875,1247.800048828125,1251.699951171875,1745,-0.0069026285890719,-0.0069265619286803,0.01107488012382811,0.008951251234298586,0.1758082716450084,0.1420967081328841,0.0069026285890719
2014-02-05,1254.0,1273.699951171875,1253.0999755859375,1257.300048828125,1616,0.0044739936683764,0.0044640151103044,0.011299743010298168,0.008875163212474486,0.17937785930513594,0.14088884823189957,0.0044739936683764
2014-02-06,1258.0,1267.0,1253.5,1257.5999755859375,274,0.0002385482750055,0.0002385198268899,0.010530096913019123,0.008779817722836043,0.16716010627954528,0.13937528550660955,0.0002385482750055
2014-02-07,1258.300048828125,1271.4000244140625,1257.9000244140625,1263.300048828125,436,0.0045325010757348,0.0045222602255173,0.010082702996964402,0.008765535251437723,0.16005794803976067,0.13914855830204545,0.0045325010757348
2014-02-10,1269.5999755859375,1277.300048828125,1265.699951171875,1274.800048828125,742,0.0091031422112803,0.0090619583585156,0.007576883938299751,0.008808188154343984,0.12027930368124483,0.13982565214475515,0.0091031422112803
2014-02-11,1274.0,1292.0,1273.800048828125,1290.0999755859375,562,0.0120018247346924,0.0119303739611704,0.007709901254718737,0.009008078602042056,0.12239088811710379,0.14299881462915393,0.0120018247346924
2014-02-12,1290.5,1296.199951171875,1285.5,1295.300048828125,140,0.0040307521437055,0.0040226504256647,0.006104060881316469,0.008687664164992753,0.09689896247736678,0.13791239312771064,0.0040307521437055
2014-02-13,1293.300048828125,1303.5,1287.5,1300.4000244140625,877,0.0039372928230423,0.0039295619714287,0.003862727661704075,0.008665836279180439,0.061318900651434104,0.13756588618267646,0.0039372928230423
2014-02-14,1301.699951171875,1320.699951171875,1301.699951171875,1319.0,308,0.0143032722521811,0.014201945513293,0.005044432062602649,0.00838388803023822,0.0800778764592433,0.13309009648692902,0.0143032722521811
2014-02-18,1322.9000244140625,1330.5999755859375,1313.9000244140625,1324.699951171875,373,0.0043214186291697,0.0043121081131398,0.0043349086529759035,0.008240062726756316,0.06881454151173741,0.13080694057541994,0.0043214186291697
2014-02-19,1318.300048828125,1321.5999755859375,1309.0999755859375,1320.5999755859375,193,-0.003095022070704,-0.0030998215570823,0.005877893259477831,0.008283939191189927,0.09330866278536715,0.13150345785522058,0.003095022070704
2014-02-20,1310.699951171875,1323.5,1309.5999755859375,1317.0999755859375,116,-0.0026503105139367,-0.0026538288045968,0.006601786206126406,0.0081628679741204,0.10480010706136242,0.12958151186745726,0.0026503105139367
2014-02-21,1320.0,1328.300048828125,1317.4000244140625,1323.9000244140625,171,0.005162894961789,0.0051496129158529,0.005796814365207432,0.008106700134357705,0.09202157524047369,0.12868987505330634,0.005162894961789
2014-02-24,1324.300048828125,1339.0,1321.4000244140625,1338.300048828125,93,0.0108769726931878,0.0108182439028864,0.006404507671496983,0.008245683189286078,0.10166840741151824,0.1308961626520614,0.0108769726931878
2014-02-25,1336.4000244140625,1343.9000244140625,1333.0999755859375,1343.0,290,0.0035118814917405,0.0035057292357229,0.006414892515615184,0.007967648391573856,0.10183326170116383,0.12648249706864922,0.0035118814917405
2014-02-26,1341.199951171875,1342.0,1325.5999755859375,1328.199951171875,485,-0.0110201406017311,-0.0110813121792548,0.007150777932059273,0.008338850550210481,0.1135150805332654,0.13237514865594638,0.0110201406017311
2014-02-27,1329.300048828125,1335.0,1324.5999755859375,1331.5999755859375,369,0.0025598739188799,0.0025566030225053,0.007045259000009722,0.008245589908615021,0.11184001941639198,0.1308946818673149,0.0025598739188799
2014-02-28,1329.800048828125,1332.5999755859375,1321.0999755859375,1321.4000244140625,239,-0.0076599214170056,-0.0076894092947967,0.007647495592948491,0.008318308297989576,0.12140022894842491,0.1320490505114723,0.0076599214170056
2014-03-03,1335.9000244140625,1354.0999755859375,1332.9000244140625,1350.0999755859375,232,0.0217193511742224,0.0214868466083577,0.010994934315791545,0.009046554842624302,0.17453917128644725,0.1436096060129458,0.0217193511742224
2014-03-04,1350.4000244140625,1350.4000244140625,1332.199951171875,1337.800048828125,80,-0.009110382179271,-0.0091521354969192,0.011938304577363591,0.009215165364788773,0.18951470992468875,0.14628621507340142,0.009110382179271
2014-03-05,1334.800048828125,1341.0,1334.800048828125,1340.199951171875,32,0.001793917069933,0.0017923099224785,0.011228620461364214,0.00902969845229166,0.17824882384260635,0.1433420191120114,0.001793917069933
2014-03-06,1338.0,1351.699951171875,1333.300048828125,1351.699951171875,59,0.0085808091471308,0.0085442032606805,0.011629838611198108,0.009038446809127552,0.18461796451828194,0.14348089497142072,0.0085808091471308
2014-03-07,1349.5,1352.699951171875,1329.199951171875,1338.0999755859375,97,-0.0100613864594334,-0.0101123443006657,0.011469491712614029,0.00880981191798594,0.18207253641535814,0.13985142859346253,0.0100613864594334
2014-03-10,1336.0,1344.699951171875,1330.5,1341.4000244140625,97,0.0024662199300018,0.0024631838004478,0.011467583183359968,0.008809790408647346,0.18204223945270132,0.13985108714329783,0.0024662199300018
2014-03-11,1340.0,1352.4000244140625,1338.0999755859375,1346.5,53,0.0038019796429966,0.0037947703855826,0.010806908970581838,0.008800290901869713,0.1715543614648355,0.1397002871482295,0.0038019796429966
2014-03-12,1349.0999755859375,1370.5,1348.699951171875,1370.300048828125,58,0.0176754911460268,0.0175210963336654,0.009671821959708525,0.008932916160008622,0.15353541378169278,0.14180564785183727,0.0176754911460268
2014-03-13,1366.800048828125,1374.5,1366.5,1372.199951171875,23,0.001386486372364,0.0013855260876456,0.008356844708395402,0.008867943132143626,0.13266079706160194,0.1407742330098914,0.001386486372364
2014-03-14,1376.0999755859375,1386.5999755859375,1371.0999755859375,1379.0,91,0.0049555815989628,0.0049433431203372,0.00832434307724843,0.008141041122389387,0.1321448496622889,0.1292350213379548,0.0049555815989628
2014-03-17,1386.0999755859375,1391.4000244140625,1372.199951171875,1372.9000244140625,29,-0.0044234775822606,-0.0044332901069016,0.00860786622898761,0.008216305678227134,0.13664564016487551,0.1304298091216613,0.0044234775822606
2014-03-18,1359.300048828125,1361.800048828125,1353.4000244140625,1359.0,35,-0.0101245714668807,-0.0101761735352564,0.008622956733735017,0.008201305980705101,0.13688519450119596,0.13019169630535435,0.0101245714668807
2014-03-19,1357.0999755859375,1358.0,1332.699951171875,1341.4000244140625,57,-0.0129506810786883,-0.0130352722850727,0.01035324191592045,0.008510105522627,0.16435262023689243,0.1350937370627304,0.0129506810786883
2014-03-20,1333.699951171875,1333.699951171875,1325.800048828125,1330.5,72,-0.0081258567285502,-0.008159051448327,0.01061037820444407,0.008709961633965601,0.16843453227179433,0.13826635447432065,0.0081258567285502
2014-03-21,1339.0999755859375,1339.0999755859375,1335.800048828125,1336.0,3,0.0041337842916195,0.004125263678847,0.007176824167373253,0.008712993391203886,0.11392855170064695,0.13831448212844877,0.0041337842916195
2014-03-24,1333.0,1333.0,1310.5,1311.199951171875,103,-0.0185629107994947,-0.0187373639062373,0.008674700994696782,0.009473604999802383,0.13770660917887392,0.1503888170924113,0.0185629107994947
2014-03-25,1315.5,1315.5,1307.5,1311.4000244140625,46,0.0001525878963073,0.0001525762559583,0.007765148011524625,0.00935913377281334,0.12326790319261126,0.1485716426990987,0.0001525878963073
2014-03-26,1315.199951171875,1315.199951171875,1303.4000244140625,1303.4000244140625,4,-0.0061003506566003,-0.006119033816973,0.007693315360236091,0.009206748849227816,0.12212759520466795,0.14615260703092142,0.0061003506566003
2014-03-27,1294.699951171875,1294.699951171875,1294.699951171875,1294.699951171875,185016,-0.0066749064594336,-0.0066972832785907,0.007597217063336158,0.009267754464907352,0.12060208203458352,0.14712104115692004,0.0066749064594336
2014-03-28,1292.199951171875,1299.4000244140625,1285.9000244140625,1293.800048828125,65486,-0.0006950663301836,-0.0006953080007765,0.007372679734830982,0.009238885799044224,0.11703766244693045,0.1466627652935837,0.0006950663301836
2014-03-31,1294.300048828125,1298.800048828125,1282.4000244140625,1283.4000244140625,4121,-0.0080383552493157,-0.0080708370106003,0.007366815070746516,0.00893078475883651,0.11694456379078788,0.14177181290716417,0.0080383552493157
2014-04-01,1285.0999755859375,1287.9000244140625,1277.300048828125,1279.5999755859375,884,-0.0029609231384111,-0.0029653153434572,0.0062924455559334,0.008883569254843394,0.0998894764764801,0.14102229001761,0.0029609231384111
2014-04-02,1280.199951171875,1294.0999755859375,1280.199951171875,1290.5,1099,0.0085183062066496,0.0084822301627543,0.005665124189742986,0.00904590057056301,0.0899310585141374,0.1435992197659621,0.0085183062066496
2014-04-03,1290.800048828125,1293.5,1282.699951171875,1284.4000244140625,775,-0.0047268311398198,-0.004738037935164,0.005619236378088654,0.009069025800394483,0.08920261208705939,0.1439663214088338,0.0047268311398198
2014-04-04,1285.5,1306.0999755859375,1284.4000244140625,1303.199951171875,976,0.0146371273750083,0.0145310385964625,0.008441654480545608,0.009441084564328663,0.13400711045674693,0.14987257118366537,0.0146371273750083
2014-04-07,1301.4000244140625,1304.0,1296.300048828125,1298.0,361,-0.0039901407049617,-0.0039981225559318,0.008143103342671123,0.009211679242881824,0.12926775807003946,0.14623087460376638,0.0039901407049617
2014-04-08,1296.5999755859375,1314.0999755859375,1296.5999755859375,1308.699951171875,264,0.0082434138458205,0.0082096224869954,0.008630466424354638,0.00933093266276843,0.1370044071440113,0.14812396395584992,0.0082434138458205
2014-04-09,1309.5,1313.5999755859375,1301.0999755859375,1305.5,191,-0.0024451373815744,-0.0024481316118472,0.007801010332189961,0.009137023137745845,0.12383719988412005,0.14504574567551143,0.0024451373815744
2014-04-10,1311.800048828125,1323.800048828125,1311.199951171875,1320.0999755859375,127,0.0111834359141611,0.0111213636534292,0.00798999920774701,0.009370388764474206,0.12683730527581016,0.14875031015275525,0.0111834359141611
2014-04-11,1319.0,1322.800048828125,1316.300048828125,1318.699951171875,76,-0.0010605442314632,-0.0010611070064304,0.008005072921044116,0.009267251882388548,0.12707659305612073,0.14711306290677179,0.0010605442314632
2014-04-14,1320.0999755859375,1330.0,1320.0999755859375,1327.199951171875,328,0.0064457422573243,0.0064250572997223,0.007258769291090514,0.008411405151146434,0.1152293902117087,0.13352691723924678,0.0064457422573243
2014-04-15,1322.699951171875,1322.699951171875,1291.5,1300.0,238,-0.0204942376224911,-0.0207071586362767,0.010622057467348905,0.009044515185200361,0.16861993482265075,0.14357722745512475,0.0204942376224911
2014-04-16,1302.699951171875,1303.5,1295.0,1303.0999755859375,177,0.0023845966045672,0.0023817579658605,0.01052603945539176,0.009051256880449962,0.16709569613652214,0.1436842485493973,0.0023845966045672
2014-04-17,1300.0999755859375,1303.0,1292.5,1293.4000244140625,124,-0.0074437505591337,-0.0074715935271169,0.010296978260236534,0.008944940273820187,0.1634594623921464,0.1419965247411253,0.0074437505591337
2014-04-21,1290.0,1299.199951171875,1283.800048828125,1288.0,100,-0.0041750613206528,-0.0041838012240728,0.010340390893536194,0.008812655671704497,0.16414861658096244,0.13989657178423784,0.0041750613206528
2014-04-22,1289.199951171875,1291.5999755859375,1276.0,1280.5999755859375,100,-0.0057453605699242,-0.005761928644147,0.00861094303962439,0.008821298129655642,0.13669448301953244,0.14003376655096822,0.0057453605699242
2014-04-23,1284.300048828125,1287.699951171875,1282.4000244140625,1284.199951171875,176,0.0028111632473601,0.0028072193175832,0.008970419630453136,0.008802569431034052,0.14240099698842557,0.13973645767737258,0.0028111632473601
2014-04-24,1284.5999755859375,1297.9000244140625,1272.4000244140625,1290.5,522,0.0049058161249546,0.0048938218209335,0.008693449209880398,0.00812391254238473,0.13800422786828698,0.12896311355993081,0.0049058161249546
2014-04-25,1293.800048828125,1304.5999755859375,1293.800048828125,1300.699951171875,274,0.007903875375339,0.0078728033711435,0.005858301754646948,0.008301848867594696,0.09299765728781494,0.13178776515419252,0.007903875375339
2014-04-28,1305.4000244140625,1305.4000244140625,1293.0,1298.9000244140625,388,-0.0013838139658503,-0.0013847723206215,0.00578516193928657,0.008205434624795475,0.09183659871353048,0.1302572364984445,0.0013838139658503
2014-04-29,1295.5,1300.5,1289.0999755859375,1296.0,904,-0.0022326771572513,-0.0022351732969705,0.0050193061973352136,0.008192493450170493,0.0796790157134056,0.13005180172005992,0.0022326771572513
2014-04-30,1296.0,1296.5,1286.5999755859375,1295.5999755859375,181,-0.0003086608133198,-0.0003087084588731,0.004643760378791727,0.008046876073750311,0.07371741066274808,0.12774019753259502,0.0003086608133198
2014-05-01,1288.699951171875,1288.699951171875,1278.0,1283.0999755859375,25,-0.0096480397001759,-0.0096948835797788,0.005685092455488794,0.007907042696979507,0.09024804490579734,0.12552041149306337,0.0096480397001759
2014-05-02,1276.699951171875,1302.699951171875,1276.699951171875,1302.5999755859375,90,0.0151975686782279,0.0150832424961698,0.008039702635432496,0.008361547681724682,0.12762632272958982,0.13273545444871301,0.0151975686782279
2014-05-05,1305.5999755859375,1314.199951171875,1305.5,1309.0,31,0.0049132692568827,0.0049012385401619,0.00804014250431566,0.008378191748046989,0.1276333054316358,0.13299967081047515,0.0049132692568827
2014-05-06,1309.4000244140625,1309.4000244140625,1306.9000244140625,1308.300048828125,14,-0.0005347220564362,-0.0005348650712594,0.007641161504000197,0.0076649752137826635,0.12129967840358881,0.12167770932685844,0.0005347220564362
2014-05-07,1310.300048828125,1312.0,1288.0,1288.5999755859375,21,-0.0150577638973822,-0.0151722830802902,0.009762913688908732,0.008139778608215133,0.1549814501534443,0.1292149795467642,0.0150577638973822
2014-05-08,1291.5,1291.5,1285.5,1287.4000244140625,65,-0.0009312053349445,-0.0009316391759833,0.009750040056755836,0.008072723242221604,0.15477708757856418,0.12815050861181643,0.0009312053349445
2014-05-09,1287.300048828125,1287.300048828125,1287.300048828125,1287.300048828125,3,-7.76569706707475e-05,-7.765998612940965e-05,0.00975280489613305,0.007984711679735437,0.15482097804300707,0.1267533683707967,7.76569706707475e-05
2014-05-12,1282.0999755859375,1295.9000244140625,1281.199951171875,1295.5999755859375,19,0.0064475463706912,0.0064268498571093,0.009223243230533505,0.008074200054854232,0.1464144472167098,0.12817395228557024,0.0064475463706912
2014-05-13,1295.5,1295.5,1292.0,1294.5999755859375,20,-0.000771843176014,-0.0007721412003201,0.006940678058080007,0.007930032156613795,0.11017984843105451,0.12588535785087188,0.000771843176014
2014-05-14,1292.800048828125,1306.9000244140625,1292.800048828125,1305.699951171875,25,0.0085740582382705,0.0085375097648368,0.007558509902089451,0.008044282683249906,0.11998762489888713,0.12769902873469574,0.0085740582382705
2014-05-15,1302.5,1302.5,1292.800048828125,1293.5,27,-0.0093436100391406,-0.0093875353917798,0.00829457457549741,0.008106791918557097,0.13167228934707176,0.1286913320823016,0.0093436100391406
2014-05-16,1293.300048828125,1293.300048828125,1293.300048828125,1293.300048828125,8,-0.0001545815012562,-0.0001545934502079,0.005800575630631371,0.008055556116508895,0.0920812834780336,0.12787798893964675,0.0001545815012562
2014-05-19,1293.699951171875,1293.699951171875,1293.699951171875,1293.699951171875,44,0.0003092108007822,0.000309163004975,0.005767181524244615,0.007584857470456756,0.09155116847350606,0.12040587958019411,0.0003092108007822
2014-05-20,1290.699951171875,1294.5,1290.0999755859375,1294.5,8,0.0006184191530658,0.0006182280107413,0.0057572917894598424,0.007552381916295047,0.09139417380086869,0.11989034614018876,0.0006184191530658
2014-05-21,1287.4000244140625,1288.0,1287.4000244140625,1288.0,2,-0.0050212437234453,-0.0050338925272934,0.005512706887192209,0.0074367575826857915,0.08751150884582151,0.11805486674676281,0.0050212437234453
2014-05-22,1294.199951171875,1295.0,1294.199951171875,1294.9000244140625,4,0.0053571618121603,0.0053428632645091,0.005989088494595196,0.007502687920990322,0.09507383241994256,0.11910147842081169,0.0053571618121603
2014-05-23,1293.199951171875,1293.4000244140625,1291.5999755859375,1291.5999755859375,3,-0.0025484970004678,-0.0025517499468733,0.004683322033233549,0.007193978611846977,0.07434543245739209,0.11420087006438859,0.0025484970004678
2014-05-27,1291.9000244140625,1291.9000244140625,1265.4000244140625,1265.4000244140625,25,-0.020284880510306,-0.0204934439755975,0.008215471191201841,0.008034155105338604,0.13041656205081387,0.1275382584194753,0.020284880510306
2014-05-28,1259.300048828125,1259.300048828125,1259.300048828125,1259.300048828125,168825,-0.0048205906972081,-0.0048322472205158,0.00812512528781781,0.00792003252199943,0.12898236529684817,0.12572661857252515,0.0048205906972081
2014-05-29,1258.300048828125,1260.5999755859375,1250.9000244140625,1256.300048828125,38045,-0.002382275775175,-0.0023851179088375,0.007961957348236615,0.007085825236636458,0.12639215455642427,0.11248398845883284,0.002382275775175
2014-05-30,1255.0999755859375,1259.5999755859375,1241.800048828125,1245.5999755859375,3839,-0.0085171319161919,-0.0085536099574382,0.007796203284207539,0.00717910314889515,0.12376089036310899,0.11396472941074365,0.0085171319161919
2014-06-02,1250.0,1250.699951171875,1240.9000244140625,1243.699951171875,774,-0.0015253889300765,-0.0015265535202231,0.00793961559383173,0.00709028650786165,0.126037490200375,0.11255480894399122,0.0015253889300765
2014-06-03,1244.0999755859375,1247.5,1240.5,1244.300048828125,654,0.0004825099942189,0.0004823936237034,0.00704751995262666,0.007075706471611454,0.11187591092649508,0.11232335804384529,0.0004825099942189
2014-06-04,1245.0999755859375,1248.800048828125,1242.699951171875,1244.0,604,-0.000241138645303,-0.0002411677239009,0.007267640847885038,0.007022951869128443,0.11537022180983048,0.11148590469174058,0.000241138645303
2014-06-05,1244.0,1256.5999755859375,1241.199951171875,1253.0,1317,0.0072347266881029,0.0072086815969436,0.004878178780260474,0.007149766351708652,0.07743868742088969,0.11349902219303197,0.0072347266881029
2014-06-06,1253.4000244140625,1256.5999755859375,1246.300048828125,1252.0999755859375,381,-0.0007182956217577,-0.0007185537196589,0.004638676823237776,0.007068411998004448,0.07363671172011767,0.11220756186518971,0.0007182956217577
2014-06-09,1252.699951171875,1256.0999755859375,1252.5999755859375,1253.5,97,0.0011181410760807,0.0011175164219387,0.004629546232098765,0.006880320185756509,0.07349176807925666,0.10922169691205671,0.0011181410760807
2014-06-10,1252.4000244140625,1262.300048828125,1251.0,1259.800048828125,1007,0.0050259663567011,0.005013378348112,0.003253107564350933,0.006973576137324796,0.05164148162049371,0.11070208924881494,0.0050259663567011
2014-06-11,1259.9000244140625,1264.4000244140625,1259.0999755859375,1260.800048828125,128,0.000793776759201,0.0007934618850447,0.0029858796992845624,0.0069769399324897735,0.04739937077437966,0.11075548784162229,0.000793776759201
2014-06-12,1260.0,1274.5,1260.0,1273.5999755859375,129,0.0101522257789485,0.0101010380892804,0.004185928717602761,0.007262749732404513,0.06644955835572255,0.11529257775865946,0.0101522257789485
2014-06-13,1272.5,1274.699951171875,1271.300048828125,1273.699951171875,145,7.849842011142805e-05,7.849533927167437e-05,0.004141891106908519,0.0070565478401890475,0.0657504829583399,0.11201922419862106,7.849842011142805e-05
2014-06-16,1279.800048828125,1282.0999755859375,1270.800048828125,1274.9000244140625,334,0.0009421946205487,0.0009417510338054,0.0038384893032074323,0.0064350875519689574,0.06093412863881083,0.10215384796462378,0.0009421946205487
2014-06-17,1272.800048828125,1272.800048828125,1260.9000244140625,1271.699951171875,819,-0.0025100581856669,-0.0025132136631086,0.004135891635725173,0.006354169697478928,0.06565524430584571,0.1008693168469906,0.0025100581856669
2014-06-18,1269.9000244140625,1272.699951171875,1267.4000244140625,1272.4000244140625,143,0.0005505019022311,0.0005503504316463,0.0041667443265208425,0.006359664092686645,0.06614501558858078,0.10095653766693655,0.0005505019022311
2014-06-19,1277.199951171875,1321.0,1277.199951171875,1313.699951171875,601,0.0324582882469144,0.0319426462446628,0.012295795394181045,0.008326710687904647,0.19518970070841873,0.13218243431627558,0.0324582882469144
2014-06-20,1321.4000244140625,1321.4000244140625,1306.800048828125,1316.199951171875,254,0.0019030220696665,0.0019012136171542,0.01222345213307076,0.00832391885167546,0.1940412870408434,0.13213811529009367,0.0019030220696665
2014-06-23,1312.300048828125,1318.0,1312.300048828125,1318.0,142,0.0013676104656608,0.0013666761382348,0.012203980173869367,0.00832302024967541,0.19373217927132688,0.13212385042557512,0.0013676104656608
2014-06-24,1315.5999755859375,1325.5999755859375,1315.5999755859375,1320.9000244140625,223,0.0022003220137045,0.0021979048502651,0.012088037639679309,0.008259862984958226,0.1918916486002779,0.13112125993000265,0.0022003220137045
2014-06-25,1315.300048828125,1323.4000244140625,1312.0,1322.199951171875,294,0.0009841219878765,0.0009836380573048,0.01208554413030668,0.008255458287670657,0.1918520653661272,0.1310513375282621,0.0009841219878765
2014-06-26,1319.5999755859375,1319.5999755859375,1312.4000244140625,1316.0999755859375,1204,-0.0046135046219983,-0.0046241796800541,0.012335064505761674,0.008174419373165412,0.19581307852911148,0.12976488464246508,0.0046135046219983
2014-06-27,1317.4000244140625,1320.9000244140625,1313.300048828125,1319.0,625,0.0022034985699102,0.0022010744273463,0.012251704740172526,0.007974253490037454,0.19448978327452632,0.1265873497561679,0.0022034985699102
2014-06-30,1315.300048828125,1328.699951171875,1311.800048828125,1321.800048828125,744,0.0021228573374716,0.0021206072596674,0.002466892667866092,0.00797686048709746,0.039160707061574034,0.1266287345515046,0.0021228573374716
2014-07-01,1326.699951171875,1331.4000244140625,1326.199951171875,1326.4000244140625,51,0.0034800842911268,0.0034740428103078,0.0026416013128473742,0.007991711642800848,0.041934120820655306,0.12686448933954297,0.0034800842911268
2014-07-02,1326.800048828125,1330.699951171875,1326.800048828125,1330.699951171875,226,0.0032418023813833,0.0032365590688427,0.0027646023312627873,0.008003287060821842,0.04388670145506446,0.12704824340397397,0.0032418023813833
2014-07-03,1327.300048828125,1327.699951171875,1313.0,1320.4000244140625,40,-0.0077402323106285,-0.0077703433871958,0.004361413407543785,0.008088190749988795,0.06923529144662192,0.1283960476855401,0.0077402323106285
2014-07-07,1318.699951171875,1320.300048828125,1313.199951171875,1316.5,93,-0.0029536688442528,-0.0029580395325725,0.004459269063056685,0.00807115070895547,0.07078870181983196,0.128125545420113,0.0029536688442528
2014-07-08,1318.4000244140625,1323.5,1316.0,1316.0,6,-0.0003797949107482,-0.0003798670511016,0.0040980016687018695,0.008051826653781454,0.06505375972627711,0.1278187855542426,0.0003797949107482
2014-07-09,1324.0,1330.4000244140625,1323.800048828125,1323.800048828125,16,0.005927088775171,0.0059095926843794,0.0046383012153786325,0.007062611537891935,0.07363074913020301,0.11211548241550495,0.005927088775171
2014-07-10,1330.5,1343.699951171875,1328.0,1338.699951171875,28,0.0112554024733115,0.0111925317479247,0.0061873025743626395,0.0071732505454906725,0.09822038338843962,0.11387182221196042,0.0112554024733115
2014-07-11,1337.9000244140625,1339.0,1336.199951171875,1337.0,112,-0.0012698522700227,-0.0012706592156233,0.006236819762174927,0.007152314703374472,0.09900644437588717,0.11353947602159735,0.0012698522700227
2014-07-14,1332.800048828125,1332.800048828125,1304.699951171875,1306.300048828125,103,-0.0229618183783657,-0.0232295472304742,0.010897491241024198,0.008287881552460345,0.17299231042952798,0.13156604090021998,0.0229618183783657
2014-07-15,1307.4000244140625,1311.9000244140625,1294.0999755859375,1296.9000244140625,368,-0.0071959152282778,-0.0072219307048349,0.010856472880688313,0.008425615415616613,0.17234116414570966,0.13375249819436208,0.0071959152282778
2014-07-16,1298.4000244140625,1303.0999755859375,1296.9000244140625,1299.5999755859375,34,0.0020818498890033,0.0020796858424827,0.0109882985267947,0.008424464940918678,0.17443383140181715,0.13373423497471962,0.0020818498890033
2014-07-17,1303.0999755859375,1323.800048828125,1303.0999755859375,1316.699951171875,16,0.0131578761981954,0.0130720632694675,0.012381274623413726,0.008681092601119829,0.1965466414052857,0.13780807278531543,0.0131578761981954
2014-07-18,1322.699951171875,1322.699951171875,1306.199951171875,1309.199951171875,27,-0.0056960585388682,-0.0057123429477135,0.012254889430230417,0.008729566252007022,0.19454033866190232,0.13857756813763672,0.0056960585388682
2014-07-21,1311.0,1315.5,1311.0,1313.699951171875,18,0.003437213693731,0.0034313199761926,0.01120826027998828,0.008726118525936055,0.177925615983193,0.13852283718300198,0.003437213693731
2014-07-22,1306.0999755859375,1306.0999755859375,1306.0999755859375,1306.0999755859375,2,-0.0057851685075864,-0.0058019674159257,0.011246449382152433,0.008830713864001792,0.17853184918590814,0.140183236699914,0.0057851685075864
2014-07-23,1304.5,1304.5,1304.5,1304.5,0,-0.0012250023856096,-0.0012257533143543,0.007167738841813474,0.00881615250080116,0.11378432662857954,0.13995208222524022,0.0012250023856096
2014-07-24,1297.5,1297.5,1290.5999755859375,1290.5999755859375,1,-0.0106554422491854,-0.0107126179918752,0.007821927897290625,0.009078269384284004,0.1241692559358562,0.14411305875400163,0.0106554422491854
2014-07-25,1294.800048828125,1303.0999755859375,1294.800048828125,1303.0999755859375,8,0.0096854178184258,0.0096388148305807,0.008741536039684611,0.009062105445393482,0.13876758262628358,0.14385646417893222,0.0096854178184258
2014-07-28,1307.4000244140625,1308.0,1303.300048828125,1303.300048828125,52,0.0001535363716798,0.0001535245861774,0.006733827692543398,0.009061908920269299,0.10689620067617846,0.14385334443930245,0.0001535363716798
2014-07-29,1310.9000244140625,1310.9000244140625,1298.300048828125,1298.300048828125,181554,-0.0038364151098557,-0.0038437930261815,0.00657272481125041,0.00910133658010194,0.10433877171979522,0.14447923913546895,0.0038364151098557
2014-07-30,1298.5999755859375,1303.0,1291.0,1294.9000244140625,36189,-0.002618827918193,-0.0026222630466764,0.0062553380767984956,0.009102658871371743,0.09930041350705125,0.14450022985863312,0.002618827918193
2014-07-31,1295.0999755859375,1297.300048828125,1280.5999755859375,1281.300048828125,5663,-0.0105027224724097,-0.0105582653050093,0.006942442135456697,0.009327437120402394,0.11020785229124767,0.14806847394106298,0.0105027224724097
2014-08-01,1284.0999755859375,1296.5999755859375,1279.699951171875,1293.5999755859375,1985,0.0095995678522466,0.0095537847661371,0.008385081980453943,0.007326758553459254,0.13310904985902056,0.11630868629201116,0.0095995678522466
2014-08-04,1294.4000244140625,1295.0,1285.9000244140625,1287.699951171875,917,-0.0045609342342404,-0.0045713670290653,0.007506108113242962,0.007349037789134582,0.11915577228963077,0.11666235819399624,0.0045609342342404
2014-08-05,1288.0,1292.699951171875,1282.5999755859375,1284.0,825,-0.0028733022537648,-0.0028774381109639,0.006089636588919034,0.0073486184476508455,0.09666998393423662,0.11665570135431397,0.0028733022537648
2014-08-06,1288.0999755859375,1309.0,1287.800048828125,1306.699951171875,706,0.0176790896977219,0.0175246323776834,0.009699254181543661,0.008077070018589148,0.15397088680300713,0.12821951154745642,0.0176790896977219
2014-08-07,1305.300048828125,1313.0999755859375,1302.5,1310.800048828125,225,0.0031377499115792,0.0031328374476983,0.009547081171001856,0.008098681589751138,0.15155521515010936,0.12856258460387243,0.0031377499115792
2014-08-08,1310.800048828125,1321.4000244140625,1308.0,1308.9000244140625,586,-0.001449515062012,-0.0014505666252635,0.009474823932976315,0.008060501832066162,0.15040816705666948,0.1279564997401655,0.001449515062012
2014-08-11,1308.4000244140625,1309.699951171875,1305.300048828125,1308.5,194,-0.0003056187688907,-0.0003056654798241,0.007973187224737803,0.008048232715059916,0.12657042331928092,0.12776173354573622,0.0003056187688907
2014-08-12,1306.199951171875,1315.800048828125,1305.800048828125,1308.800048828125,438,0.0002293074727741,0.000229281185834,0.0074567357106943115,0.008036519925154136,0.11837200969698976,0.12757579877023958,0.0002293074727741
2014-08-13,1308.800048828125,1312.800048828125,1305.0,1312.800048828125,238,0.0030562346048057,0.0030515738137252,0.006928958990854249,0.008030018640690069,0.10999381400619247,0.1274725940788731,0.0030562346048057
2014-08-14,1311.800048828125,1316.4000244140625,1309.699951171875,1313.9000244140625,320,0.0008378850891417,0.0008375342593867,0.006556071922043632,0.00800528612489499,0.10407441529908414,0.12707997756232858,0.0008378850891417
2014-08-15,1311.699951171875,1312.800048828125,1292.0,1304.5,199,-0.0071542919852326,-0.0071800066523635,0.0034864252214654285,0.007987435552323015,0.055345284603724884,0.12679660850761523,0.0071542919852326
2014-08-18,1301.4000244140625,1302.0999755859375,1295.699951171875,1297.699951171875,100,-0.005212762612591,-0.0052263964602654,0.003567546137469988,0.008023174603802205,0.05663303922296783,0.12736394836145887,0.005212762612591
2014-08-19,1298.800048828125,1301.5999755859375,1294.0,1295.0999755859375,144,-0.0020035259950419,-0.0020055357380786,0.0035742317584940993,0.008028172702617293,0.056739170166506765,0.12744329072041596,0.0020035259950419
2014-08-20,1295.4000244140625,1295.800048828125,1288.4000244140625,1293.4000244140625,332,-0.0013126022731224,-0.0013134644900673,0.0035378742417086005,0.007936531899207056,0.056162012480293046,0.1259885380657981,0.0013126022731224
2014-08-21,1290.0,1290.0,1272.0,1273.699951171875,264,-0.0152312299909782,-0.0153484166283145,0.006080396837308541,0.008028391686086113,0.09652330742461238,0.12744676697521434,0.0152312299909782
2014-08-22,1276.0,1280.0,1275.0,1278.5999755859375,119,0.0038470790625015,0.0038396979781984,0.006235688135680052,0.008090346136284633,0.09898848036219246,0.12843026338224847,0.0038470790625015
2014-08-25,1277.300048828125,1277.5999755859375,1273.699951171875,1277.300048828125,251,-0.0010166797924556,-0.001017196961916,0.0060448977677531966,0.006997030665875384,0.09595977716570663,0.11107441834679366,0.0010166797924556
2014-08-26,1289.4000244140625,1289.5,1281.0999755859375,1283.800048828125,74,0.0050888591180775,0.0050759546353965,0.0067179223458243365,0.006964636398339496,0.1066437111245691,0.11056017529196933,0.0050888591180775
2014-08-27,1281.5,1282.300048828125,1281.5,1281.9000244140625,783,-0.0014800002662384,-0.0014810965484312,0.006591714802348034,0.006952718298366762,0.10464022848285708,0.11037098132019979,0.0014800002662384
2014-08-28,1284.5,1293.699951171875,1284.300048828125,1288.699951171875,817,0.0053045687091866,0.0052905490415969,0.007100244690135037,0.006560093053062031,0.11271289018682504,0.10413824877506749,0.0053045687091866
2014-08-29,1289.5,1289.699951171875,1284.800048828125,1285.800048828125,116,-0.0022502540960857,-0.0022527897224173,0.007122851068531026,0.006499404138199268,0.11307175531850269,0.10317484211867604,0.0022502540960857
2014-09-02,1284.5,1286.4000244140625,1262.5,1263.699951171875,280,-0.017187818336445,-0.0173372435568665,0.0077898051946720835,0.007120884307534358,0.12365932384044855,0.11304053395558979,0.017187818336445
2014-09-03,1266.300048828125,1271.0999755859375,1263.0999755859375,1268.9000244140625,279,0.004114958805977,0.0041065155175868,0.00781875844932083,0.0071337203544562435,0.12411894250912761,0.11324429988342458,0.004114958805977
2014-09-04,1268.699951171875,1272.699951171875,1260.4000244140625,1265.0999755859375,290,-0.0029947582591305,-0.0029992515207097,0.00785256589296865,0.0071434855353425504,0.12465561903925736,0.11339931732422096,0.0029947582591305
2014-09-05,1263.199951171875,1268.0999755859375,1263.199951171875,1265.800048828125,123,0.0005533738484686,0.0005532207936223,0.007407890437380135,0.00691022292331417,0.11759661502152802,0.10969638815464232,0.0005533738484686
2014-09-08,1268.4000244140625,1268.4000244140625,1252.699951171875,1252.699951171875,2,-0.0103492630359574,-0.0104031890442787,0.008037571896656817,0.006847408617662438,0.12759249830013408,0.10869924196545223,0.0103492630359574
2014-09-09,1246.800048828125,1246.800048828125,1246.800048828125,1246.800048828125,0,-0.004709749001132,-0.0047208748159006,0.007095416111974056,0.006869556072192343,0.11263623888482507,0.10905082190660767,0.004709749001132
2014-09-10,1256.699951171875,1256.699951171875,1243.5,1243.5,95,-0.0026468148050096,-0.0026503238124785,0.007074250184475719,0.006858750998584315,0.11230024020225333,0.10887929668062014,0.0026468148050096
2014-09-11,1237.4000244140625,1237.4000244140625,1237.4000244140625,1237.4000244140625,0,-0.0049054890116103,-0.0049175604164414,0.004544944356740007,0.006885259877421735,0.07214875494336291,0.10930011208625387,0.0049054890116103
2014-09-12,1227.0,1229.9000244140625,1227.0,1229.9000244140625,47,-0.0060610957265427,-0.0060795387282081,0.0033683487938686706,0.006730796577920478,0.05347087942500521,0.10684808322325298,0.0060610957265427
2014-09-15,1226.699951171875,1235.0,1226.699951171875,1233.5999755859375,21,0.0030083349039997,0.0030038189193483,0.004404040105639657,0.006463600258522924,0.06991196930086298,0.10260647314910673,0.0030083349039997
2014-09-16,1238.300048828125,1238.300048828125,1235.199951171875,1235.199951171875,3,0.0012969970959813,0.0012961567218112,0.004527794032883839,0.006458348113128015,0.07187650199239708,0.10252309792571983,0.0012969970959813
2014-09-17,1236.199951171875,1236.199951171875,1221.9000244140625,1234.4000244140625,10,-0.0006476091235703,-0.000647818912938,0.0034257550865768134,0.00645322182314343,0.05438217607018077,0.10244172059503415,0.0006476091235703
2014-09-18,1216.199951171875,1225.699951171875,1216.199951171875,1225.699951171875,5,-0.007048017717204,-0.0070729723168425,0.0038150776260293465,0.005447299037692752,0.06056247978528198,0.0864731914244189,0.007048017717204
2014-09-19,1218.300048828125,1218.300048828125,1215.300048828125,1215.300048828125,4,-0.0084848680411603,-0.0085210694555982,0.0044550506760518286,0.005473974744257177,0.0707217370021399,0.0868966551381173,0.0084848680411603
2014-09-22,1214.9000244140625,1216.800048828125,1212.4000244140625,1216.800048828125,7,0.0012342630953123,0.0012335020187995,0.004676689597751568,0.005513585606592556,0.07424014580816007,0.08752545808385467,0.0012342630953123
2014-09-23,1221.0,1221.0,1221.0,1221.0,5,0.0034516362617833,0.0034456930373144,0.004810973070987258,0.00560505210748747,0.07637182986036588,0.08897744377182192,0.0034516362617833
2014-09-24,1218.5999755859375,1218.5999755859375,1216.800048828125,1218.5999755859375,2,-0.0019656219607391,-0.0019675563308279,0.004470927555673752,0.0055853357490418054,0.07097377465259182,0.08866445628457971,0.0019656219607391
2014-09-25,1209.5,1221.199951171875,1209.5,1221.199951171875,11,0.0021335759379834,0.0021313030971201,0.00457552195812724,0.005556938314297067,0.0726341593171198,0.08821366098333912,0.0021335759379834
2014-09-26,1214.0999755859375,1214.0999755859375,1214.0999755859375,1214.0999755859375,19497,-0.0058139337289723,-0.0058309004358415,0.004803864319904702,0.005556283211753751,0.07625898193538565,0.08820326155286197,0.0058139337289723
2014-09-29,1216.300048828125,1222.199951171875,1214.800048828125,1217.5,6344,0.0028004484658865,0.0027965345155895,0.004640102058402711,0.005573057334991468,0.07365933662695487,0.08846954250415086,0.0028004484658865
2014-09-30,1214.800048828125,1218.199951171875,1204.0,1210.5,680,-0.0057494866529773,-0.0057660785786316,0.0039659155796391895,0.005583638548158318,0.06295695806641123,0.08863751405580395,0.0057494866529773
2014-10-01,1207.699951171875,1217.800048828125,1205.5,1214.5999755859375,178,0.0033870099842523,0.0033812869848655,0.004204396263324037,0.005679448849990727,0.06674272155554782,0.09015845544592349,0.0033870099842523
2014-10-02,1215.300048828125,1219.5,1210.300048828125,1214.199951171875,176,-0.0003293466343678,-0.0003294008808816,0.0038797922544200674,0.00568710762462561,0.061589792662740825,0.09028003472411184,0.0003293466343678
2014-10-03,1212.4000244140625,1212.4000244140625,1191.0,1192.199951171875,499,-0.0181189267704769,-0.018285084652592,0.007658511523006804,0.00593620874980482,0.12157510141679116,0.09423439249529518,0.0181189267704769
2014-10-06,1187.699951171875,1208.0,1182.800048828125,1206.699951171875,415,0.0121623893590561,0.01208902178587,0.009513780207863027,0.006403310409413674,0.15102657874880374,0.1016494014651586,0.0121623893590561
2014-10-07,1209.0999755859375,1211.699951171875,1205.300048828125,1211.699951171875,272,0.0041435321142959,0.0041349713248945,0.009534608080232033,0.0064966898707950384,0.15135721097256566,0.10313175445941612,0.0041435321142959
2014-10-08,1210.199951171875,1217.9000244140625,1205.300048828125,1205.300048828125,9,-0.0052817550562418,-0.0052957528347928,0.009593743271451726,0.006396180887650764,0.152295953030763,0.10153622381584972,0.0052817550562418
2014-10-09,1223.9000244140625,1229.0,1223.9000244140625,1224.5999755859375,19,0.0160125495527667,0.0158857010020203,0.011319450179113417,0.007199719337552209,0.17969070091151784,0.11429200125975505,0.0160125495527667
2014-10-10,1223.5,1223.5,1217.0,1221.0,186,-0.0029397155460623,-0.0029440449967924,0.011415478195191788,0.0070875805655766086,0.18121509840814753,0.11251185344190136,0.0029397155460623
2014-10-13,1229.800048828125,1234.0,1227.0,1229.300048828125,103,0.0067977467879811,0.0067747462828575,0.011613359257407118,0.007257049983744371,0.18435636288689392,0.11520209705371762,0.0067977467879811
2014-10-14,1235.9000244140625,1235.9000244140625,1233.5999755859375,1233.5999755859375,73,0.0034978659294055,0.0034917626245959,0.007610286610958418,0.006671340496818084,0.12080955467112321,0.10590424719608846,0.0034978659294055
2014-10-15,1243.699951171875,1247.0,1243.699951171875,1244.0999755859375,250,0.0085116733202046,0.0084756532784122,0.007141350233121294,0.006829050805830326,0.11336542045231252,0.1084078207371137,0.0085116733202046
2014-10-16,1242.0999755859375,1243.0,1236.699951171875,1240.5,6,-0.0028936384989816,-0.0028978331647147,0.007658691405042333,0.006827870861177284,0.12157795695557919,0.10838908969643708,0.0028936384989816
2014-10-17,1237.4000244140625,1238.300048828125,1232.5999755859375,1238.300048828125,356,-0.0017734390744659,-0.0017750134792239,0.007090628783187466,0.006827159349346547,0.11256024239634337,0.10837779479628303,0.0017734390744659
2014-10-20,1237.300048828125,1244.0,1235.4000244140625,1244.0,105,0.0046030452613397,0.004592483646493,0.004770785434334604,0.006642430281796027,0.0757338709061918,0.10544531176030186,0.0046030452613397
2014-10-21,1251.0,1251.0,1251.0,1251.0,48,0.0056270096463022,0.0056112371677863,0.004289876750344757,0.006669062490675441,0.06809968221918088,0.1058680849696574,0.0056270096463022
2014-10-22,1244.800048828125,1244.800048828125,1244.800048828125,1244.800048828125,2,-0.0049559961405875,-0.0049683178171059,0.005014570886954846,0.006715424931313508,0.07960384499152266,0.10660406589827132,0.0049559961405875
2014-10-23,1228.0,1228.5,1227.9000244140625,1228.5,2,-0.0130945117197498,-0.0131810006885714,0.007422802761270548,0.007080584734285401,0.1178333408244325,0.11240079806303716,0.0130945117197498
2014-10-24,1229.4000244140625,1232.699951171875,1229.4000244140625,1231.199951171875,71,0.0021977624516686,0.0021953509044639,0.006456291114391913,0.007005659407095174,0.10249044408310243,0.11121139536716425,0.0021977624516686
2014-10-27,1230.199951171875,1230.199951171875,1227.300048828125,1229.0999755859375,282,-0.0017056332596007,-0.0017070895081283,0.006428183324335346,0.006990074152740181,0.1020442467487427,0.11096398712430626,0.0017056332596007
2014-10-28,1224.9000244140625,1231.0,1224.699951171875,1229.199951171875,46,8.134048321806198e-05,8.133717526033627e-05,0.00644363611247536,0.00698522935172134,0.10228955215562896,0.11088707829242159,8.134048321806198e-05
2014-10-29,1224.300048828125,1224.300048828125,1224.300048828125,1224.300048828125,631,-0.0039862532853818,-0.003994219570477,0.00599306150070256,0.007020125373916523,0.09513690193664713,0.11144103547126465,0.0039862532853818
2014-10-30,1213.699951171875,1214.699951171875,1195.800048828125,1198.0999755859375,521,-0.0214000426343735,-0.0216323436938157,0.008318249501258023,0.00792949222129507,0.13204811714229475,0.12587678664340743,0.0214000426343735
2014-10-31,1199.5999755859375,1199.699951171875,1161.4000244140625,1171.0999755859375,260,-0.0225356819549182,-0.0227934910675658,0.010319987239017734,0.008773477076700165,0.16382471860680609,0.13927463086964756,0.0225356819549182
2014-11-03,1166.4000244140625,1172.300048828125,1163.0999755859375,1169.4000244140625,60,-0.0014515850117958,-0.0014526395819748,0.01041917340927432,0.008761510306766336,0.16539925024678112,0.13908466428619776,0.0014515850117958
2014-11-04,1166.9000244140625,1171.0,1165.0,1167.4000244140625,40,-0.0017102787397341,-0.001711742936112,0.009939640755461703,0.008715823327625983,0.15778690536164305,0.13835940597644272,0.0017102787397341
2014-11-05,1168.0999755859375,1168.699951171875,1137.800048828125,1145.4000244140625,157,-0.0188452968476183,-0.0190251324082484,0.010367687897037368,0.009276506362622844,0.16458194307777063,0.14725997322605044,0.0188452968476183
2014-11-06,1141.0999755859375,1147.5,1137.9000244140625,1142.300048828125,137,-0.0027064567136911,-0.0027101257892874,0.00996248825708791,0.009243790389915857,0.15814959820593558,0.14674062325995685,0.0027064567136911
2014-11-07,1139.9000244140625,1169.699951171875,1133.0,1169.5999755859375,97,0.0238990856962837,0.023617972636309,0.016423579206684993,0.010365068146634678,0.2607162373107598,0.16454035582939516,0.0238990856962837
2014-11-10,1171.0,1171.0,1150.699951171875,1159.5999755859375,40,-0.0085499317790171,-0.0085866921280226,0.015134137369082715,0.01042131803967209,0.24024698271649325,0.16543329519890104,0.0085499317790171
2014-11-11,1155.0,1170.5,1151.5999755859375,1162.800048828125,22,0.0027596354859964,0.0027558346829369,0.012994572762381655,0.010419445186369254,0.2062824475367729,0.16540356457441258,0.0027596354859964
2014-11-12,1162.5,1168.0999755859375,1157.5,1158.9000244140625,17,-0.0033539940233,-0.0033596312696439,0.013026822697934466,0.010387819716331728,0.2067943993923965,0.16490152580152365,0.0033539940233
2014-11-13,1163.699951171875,1164.5,1155.0,1161.0999755859375,1047,0.0018983097122526,0.0018965101993661,0.013075282580324008,0.010404508542332535,0.2075636761765935,0.1651664527011542,0.0018983097122526
2014-11-14,1155.199951171875,1191.0,1148.0,1185.0,486,0.020583950492292,0.0203749639629377,0.012432635377381044,0.010661028565371196,0.19736196809816345,0.16923858182476736,0.020583950492292
2014-11-17,1183.0999755859375,1186.9000244140625,1180.5999755859375,1183.0,17,-0.0016877637130802,-0.0016891895908448,0.01233388028060467,0.010406444605674706,0.19579427953754105,0.16519718675390935,0.0016877637130802
2014-11-18,1197.0999755859375,1197.0999755859375,1193.9000244140625,1196.699951171875,2,0.0115806856905114,0.0115141427987724,0.009824571988616124,0.010610146477169903,0.15596024531717737,0.1684308537153577,0.0115806856905114
2014-11-19,1196.5,1198.300048828125,1190.5999755859375,1193.5999755859375,23,-0.0025904367948722,-0.0025937977818038,0.008832828212694037,0.010578433818465316,0.14021680094486133,0.1679274308652877,0.0025904367948722
2014-11-20,1191.800048828125,1191.9000244140625,1190.699951171875,1190.699951171875,3,-0.0024296451687164,-0.0024326015461423,0.009181802106980644,0.01012569830159878,0.14575658977487796,0.16074047734139682,0.0024296451687164
2014-11-21,1191.0,1202.4000244140625,1189.0,1197.5,20,0.0057109675879574,0.0056947218358573,0.008691922851163554,0.01018817175762958,0.1379799976748295,0.16173221271059818,0.0057109675879574
2014-11-24,1197.699951171875,1197.9000244140625,1195.5,1195.5,17,-0.001670146137787,-0.0016715423866908,0.008984956140125192,0.010093082578430716,0.14263175692556443,0.1602227187873975,0.001670146137787
2014-11-25,1197.0999755859375,1197.0999755859375,1197.0999755859375,1197.0999755859375,210753,0.0013383317322772,0.0013374369646061,0.005350315726336452,0.010068456240383177,0.084933629085385,0.1598317877903415,0.0013383317322772
2014-11-26,1200.5,1201.0,1193.699951171875,1196.5999755859375,75297,-0.0004176760589734,-0.0004177633099145,0.005246117061919708,0.009909789172290273,0.08327952656743431,0.15731302616976406,0.0004176760589734
2014-11-28,1197.0,1198.199951171875,1163.800048828125,1175.199951171875,11175,-0.0178840254476718,-0.0180458772421832,0.0073465512140085685,0.010363121433557816,0.11662288503759799,0.1645094527173429,0.0178840254476718
2014-12-01,1160.0,1220.4000244140625,1141.699951171875,1218.0,5524,0.0364193759414694,0.0357718649589546,0.016462476881171577,0.012488107710172605,0.2613337187503813,0.19824256408142996,0.0364193759414694
2014-12-02,1212.300048828125,1212.300048828125,1191.300048828125,1199.199951171875,1236,-0.0154351796618431,-0.0155555421987041,0.017853757287664217,0.012740424037397134,0.28341961050759956,0.20224796160277375,0.0154351796618431
2014-12-03,1198.0999755859375,1213.699951171875,1196.0999755859375,1208.5,440,0.0077552111464287,0.0077252940723995,0.01795718283031563,0.012785270765274038,0.2850614400980048,0.2029598813372374,0.0077552111464287
2014-12-04,1208.199951171875,1213.0,1201.5999755859375,1207.5,358,-0.0008274720728175,-0.0008278146168099,0.01793564065981878,0.012764234300777234,0.2847194687429935,0.20262593781610191,0.0008274720728175
2014-12-05,1203.0999755859375,1206.0,1186.699951171875,1190.0999755859375,560,-0.014409958106884,-0.0145147898526288,0.018928868547084476,0.012809623385460512,0.3004864726525083,0.20334646719795474,0.014409958106884
2014-12-08,1190.5999755859375,1207.0,1187.199951171875,1194.699951171875,183,0.0038652009749624,0.0038577502784623,0.019008027255912475,0.012827488242113707,0.30174307819849144,0.20363006300542777,0.0038652009749624
2014-12-09,1202.0,1238.0,1202.0,1231.5,314,0.030802754107446,0.0303378716080314,0.02027051460456145,0.014071868400249078,0.32178444354583435,0.2233839856145243,0.030802754107446
2014-12-10,1231.199951171875,1234.5999755859375,1226.5999755859375,1228.9000244140625,306,-0.0021112266227669,-0.0021134584034431,0.015607971145319628,0.014077984044712305,0.24776886072472623,0.22348106846066382,0.0021112266227669
2014-12-11,1226.5999755859375,1231.199951171875,1216.199951171875,1225.0999755859375,264,-0.0030922359448538,-0.0030970267852449,0.014007212812028835,0.014070008317375862,0.22235760997071613,0.2233544577143213,0.0030922359448538
2014-12-12,1227.800048828125,1227.800048828125,1216.199951171875,1222.0,203,-0.0025303858033748,-0.0025335926403639,0.01398188404791114,0.01348454104316722,0.22195552830548393,0.21406045286438374,0.0025303858033748
2014-12-15,1223.0999755859375,1223.0999755859375,1198.4000244140625,1207.199951171875,77,-0.0121113329199058,-0.0121852727253219,0.01493585409325036,0.012989131670827993,0.23709933329451946,0.20619607288610256,0.0121113329199058
2014-12-16,1197.199951171875,1222.0,1192.699951171875,1193.9000244140625,223,-0.0110171697280982,-0.0110783082058751,0.014434709097399743,0.013169904822456642,0.22914390311568808,0.20906575770366323,0.0110171697280982
2014-12-17,1198.199951171875,1199.5999755859375,1184.0,1194.300048828125,94,0.0003350568773619,0.0003350007583413,0.014360800530105005,0.013161890157569717,0.2279706409827743,0.20893852884286926,0.0003350568773619
2014-12-18,1189.699951171875,1207.300048828125,1189.699951171875,1194.699951171875,197,0.0003348424410953,0.0003347863938761,0.005139431617751222,0.012627565455385657,0.08158594764475265,0.2004563871548432,0.0003348424410953
2014-12-19,1198.0,1200.800048828125,1195.9000244140625,1195.9000244140625,96,0.0010044976071275,0.001003993437003,0.005485207252126649,0.01260327416823061,0.0870749656726505,0.20007077492581574,0.0010044976071275
2014-12-22,1198.0,1198.0,1172.699951171875,1179.699951171875,223,-0.0135463441019033,-0.0136389329320582,0.006557168190459756,0.012165921331945304,0.10409181802067957,0.19312801388581777,0.0135463441019033
2014-12-23,1179.300048828125,1180.300048828125,1175.0,1177.9000244140625,232,-0.0015257496247452,-0.0015269147659973,0.006639934900748779,0.01205567512852623,0.10540569881423768,0.1913779096624023,0.0015257496247452
2014-12-24,1177.0,1179.300048828125,1173.5,1173.5,23,-0.0037354820637272,-0.0037424764004305,0.005904667441086974,0.012073705910475699,0.09373368974193758,0.19166413945229627,0.0037354820637272
2014-12-26,1177.199951171875,1195.300048828125,1177.199951171875,1195.300048828125,124,0.0185769482983595,0.0184065044429565,0.00953785267004735,0.01249665589409304,0.15140871723911212,0.19837826229431824,0.0185769482983595
2014-12-29,1186.5,1186.5,1181.300048828125,1181.699951171875,180,-0.0113779779977283,-0.0114432024093035,0.01049128448743137,0.012701039770745902,0.1665439781242389,0.20162275575200686,0.0113779779977283
2014-12-30,1181.4000244140625,1210.300048828125,1181.4000244140625,1200.199951171875,191,0.015655412341901,0.0155341305473568,0.012361246043247346,0.012464155767054773,0.1962286975518819,0.19786233877199066,0.015655412341901
2014-12-31,1199.199951171875,1199.199951171875,1182.699951171875,1183.9000244140625,92,-0.0135810093492315,-0.0136740748327707,0.013483919181879113,0.012722579898238705,0.21405058112247388,0.20196469467533437,0.0135810093492315
2015-01-02,1184.0,1194.5,1169.5,1186.0,138,0.0017737778044026,0.0017722065183534,0.012374319905501932,0.01254220845475848,0.1964362386810864,0.19910138677693587,0.0017737778044026
2015-01-05,1180.300048828125,1206.9000244140625,1180.0999755859375,1203.9000244140625,470,0.0150927693204574,0.0149800066624546,0.013399505795373018,0.012839169957600377,0.21271056015435447,0.2038155044898138,0.0150927693204574
2015-01-06,1203.5,1220.0,1203.5,1219.300048828125,97,0.0127917801327046,0.0127106563921233,0.013429689898850837,0.013024332302198667,0.21318971794245295,0.20675486558569814,0.0127917801327046
2015-01-07,1219.199951171875,1219.199951171875,1210.5999755859375,1210.5999755859375,29,-0.0071353013153317,-0.0071608793215731,0.012776993847664616,0.01307087348717441,0.2028284893435372,0.20749368399270657,0.0071353013153317
2015-01-08,1207.0,1215.699951171875,1206.300048828125,1208.4000244140625,92,-0.0018172403900885,-0.0018188935745322,0.011577164266522633,0.013071721676843402,0.18378178521937433,0.20750714858627917,0.0018172403900885
2015-01-09,1211.0999755859375,1220.199951171875,1210.300048828125,1216.0,43,0.0062892878454074,0.0062695928099688,0.01038489411295603,0.013114641279203138,0.1648550832877222,0.20818847615156102,0.0062892878454074
2015-01-12,1224.199951171875,1234.4000244140625,1219.0999755859375,1232.699951171875,100,0.0137335124768709,0.0136400624206484,0.008563226108230213,0.01332933733638717,0.13593700021675573,0.21159667040021132,0.0137335124768709
2015-01-13,1239.199951171875,1239.300048828125,1230.300048828125,1234.300048828125,20,0.0012980430920994,0.0012972013624871,0.008602473918569038,0.012839529056185496,0.13656003989071788,0.2038212050031281,0.0012980430920994
2015-01-14,1229.5999755859375,1243.800048828125,1225.5999755859375,1234.4000244140625,21,8.09977979279175e-05,8.099451778340471e-05,0.007710215032070958,0.011040788228493073,0.12239586917814992,0.17526707958433227,8.09977979279175e-05
2015-01-15,1231.5,1265.0,1227.300048828125,1264.699951171875,130,0.0245462784822894,0.0242498594504341,0.010732085643058975,0.011455638914561594,0.17036657796348453,0.18185263006370328,0.0245462784822894
2015-01-16,1256.0999755859375,1279.699951171875,1256.0999755859375,1276.9000244140625,44,0.0096466147807492,0.0096003832729618,0.009269931291462858,0.01149447077637142,0.14715559720719917,0.18246906675946986,0.0096466147807492
2015-01-20,1278.9000244140625,1297.300048828125,1273.800048828125,1294.199951171875,157,0.0135483800039482,0.0134574213443146,0.008426390735997874,0.011675070983047892,0.13376480602385338,0.18533600616102672,0.0135483800039482
2015-01-21,1295.199951171875,1303.5,1286.699951171875,1293.699951171875,78,-0.0003863390657272,-0.000386413713891,0.009238780384642695,0.011252769773752624,0.1466610918918374,0.17863218229208402,0.0003863390657272
2015-01-22,1293.199951171875,1302.0999755859375,1283.5,1300.699951171875,131,0.0054108373380235,0.005396251348961,0.009050274273815013,0.011261127928605796,0.14366865015264124,0.17876486388704918,0.0054108373380235
2015-01-23,1299.800048828125,1299.800048828125,1292.5999755859375,1292.5999755859375,23,-0.0062273974706001,-0.006246868588579,0.010302654916269503,0.010062736748699884,0.16354957651299654,0.15974099367462333,0.0062273974706001
2015-01-26,1289.5,1290.5999755859375,1279.4000244140625,1279.4000244140625,26,-0.0102119382803573,-0.0102644378427647,0.011993820914419162,0.010274007580368241,0.19039600445399044,0.1630948141538809,0.0102119382803573
2015-01-27,1277.199951171875,1291.699951171875,1277.199951171875,1291.699951171875,20,0.0096138240762075,0.0095679053380569,0.008908291169182618,0.010344341776824851,0.14141473824126016,0.1642113349088074,0.0096138240762075
2015-01-28,1285.9000244140625,1286.800048828125,1285.9000244140625,1285.9000244140625,180387,-0.0044901501719115,-0.0045002611741593,0.008766530666950312,0.010378877193327734,0.13916436003343038,0.1647595676497514,0.0044901501719115
2015-01-29,1283.300048828125,1285.4000244140625,1251.0,1254.5999755859375,67983,-0.0243409660423541,-0.0246421040593618,0.011131887416131855,0.011153451239470178,0.17671323435512565,0.17705554943833926,0.0243409660423541
2015-01-30,1258.0,1284.300048828125,1257.0,1278.5,8626,0.0190499162116597,0.0188707385282371,0.014273539157946763,0.011353431371289108,0.22658540964401655,0.18023013561402007,0.0190499162116597
2015-02-02,1284.0999755859375,1284.0999755859375,1266.0,1276.199951171875,1654,-0.0017990213751466,-0.0018006415575542,0.0139395945638711,0.01137313992049653,0.22128420355842485,0.18054299913344837,0.0017990213751466
2015-02-03,1273.5,1284.699951171875,1255.300048828125,1259.699951171875,2380,-0.0129290084871487,-0.0130133155771396,0.014448727253917519,0.011704191025712971,0.22936643445160176,0.18579827250738307,0.0129290084871487
2015-02-04,1262.0,1271.5999755859375,1256.800048828125,1263.800048828125,668,0.0032548208424043,0.0032495353787657,0.014315498547669987,0.011705904870147922,0.22725149430624667,0.18582547894434745,0.0032548208424043
2015-02-05,1271.800048828125,1272.5999755859375,1257.800048828125,1262.0,133,-0.001424314573966,-0.0014253298741546,0.013447965918467242,0.01135807767845882,0.21347984075961984,0.18030389345373532,0.001424314573966
2015-02-06,1265.0,1267.5999755859375,1228.0,1233.9000244140625,432,-0.0222662247115194,-0.0225178594105756,0.015277359595287384,0.012199806786760182,0.2425205650730208,0.19366592880483266,0.0222662247115194
2015-02-09,1237.5,1242.300048828125,1235.4000244140625,1240.800048828125,319,0.0055920449611297,0.0055764675238772,0.013273770359271925,0.012177415154023848,0.210714571984884,0.19331047265481846,0.0055920449611297
2015-02-10,1237.5,1245.0,1231.199951171875,1231.5999755859375,231,-0.0074146299807744,-0.00744225498716,0.009743577009309553,0.011873172723737533,0.15467448988103732,0.1884807738019495,0.0074146299807744
2015-02-11,1233.300048828125,1237.4000244140625,1219.0,1219.0,102,-0.0102305747285704,-0.0102832667460283,0.009762132860483124,0.011833487053416391,0.15496905488645968,0.18785078331625366,0.0102305747285704
2015-02-12,1217.9000244140625,1229.800048828125,1217.9000244140625,1220.0999755859375,99,0.0009023589712366,0.0009019520901303,0.00964022965551225,0.011510051295635888,0.1530339015002117,0.18271639983509605,0.0009023589712366
2015-02-13,1222.199951171875,1232.800048828125,1222.199951171875,1226.5,65,0.0052454917974971,0.0052317821271421,0.009932477282163591,0.011219066802046417,0.1576731887484215,0.1780971642026132,0.0052454917974971
2015-02-17,1227.699951171875,1234.0,1203.0,1208.0999755859375,204,-0.0150020582258968,-0.0151157273816697,0.010597235889516592,0.011603049936276203,0.16822590449009556,0.18419270748750408,0.0150020582258968
2015-02-18,1207.0999755859375,1210.199951171875,1197.800048828125,1199.699951171875,147,-0.0069530871482622,-0.0069773724962719,0.007976659231852565,0.011354263573171154,0.12662553972353638,0.18024334640934303,0.0069530871482622
2015-02-19,1216.5,1220.0,1205.0,1207.0999755859375,65,0.0061682293200346,0.0061492836610937,0.008094007211941664,0.011158571211314356,0.12848838115656547,0.17713682647165532,0.0061682293200346
2015-02-20,1206.5,1213.0999755859375,1199.0999755859375,1204.4000244140625,51,-0.0022367253968044,-0.0022392306033913,0.007954434869762286,0.011090352467651686,0.1262727389127088,0.1760538874887472,0.0022367253968044
2015-02-23,1201.300048828125,1203.300048828125,1191.5999755859375,1200.300048828125,268,-0.0034041643165294,-0.0034099716670723,0.007337359598586818,0.011102546049119357,0.1164769726662806,0.1762474545936752,0.0034041643165294
2015-02-24,1203.4000244140625,1203.5,1193.800048828125,1196.9000244140625,151,-0.0028326454017743,-0.0028366649341615,0.007210315476860323,0.011044459862844662,0.11446020975655506,0.17532536497272908,0.0028326454017743
2015-02-25,1204.300048828125,1204.5999755859375,1201.0,1201.0,570,0.003425495448498,0.0034196418029127,0.006901567133457447,0.010743634728579981,0.10955898175047198,0.17054991401243733,0.003425495448498
2015-02-26,1204.800048828125,1219.0,1204.800048828125,1209.5999755859375,560,0.0071606790890403,0.0071351631617013,0.0053815288313785415,0.010836262375195041,0.08542912176691003,0.17202033231727307,0.0071606790890403
2015-02-27,1207.699951171875,1217.800048828125,1204.5,1212.5999755859375,195,0.0024801587802172,0.0024770882622964,0.004383300194647206,0.010850433228341871,0.06958273342066512,0.17224528763702582,0.0024801587802172
2015-03-02,1214.300048828125,1222.699951171875,1204.9000244140625,1207.699951171875,124,-0.0040409240579893,-0.0040491106533266,0.004282936001785095,0.009773472254384337,0.06798950125157191,0.15514906218414456,0.0040409240579893
2015-03-03,1201.5,1212.0,1195.0,1204.0,51,-0.0030636344468547,-0.0030683369818883,0.0043680060912146875,0.00954693761378203,0.06933994705541627,0.15155293624989397,0.0030636344468547
2015-03-04,1204.800048828125,1206.9000244140625,1198.0,1200.5999755859375,27,-0.0028239405432413,-0.0028279353859085,0.004298462309168099,0.009089600605764586,0.06823597374025936,0.1442929363185309,0.0028239405432413
2015-03-05,1201.699951171875,1205.4000244140625,1195.9000244140625,1195.9000244140625,29,-0.0039146687218457,-0.0039223510932936,0.0044363745721522916,0.009084681117686113,0.07042526304387323,0.1442148418663306,0.0039146687218457
2015-03-06,1195.0,1195.699951171875,1163.699951171875,1164.0999755859375,168,-0.0265908923646904,-0.0269508251078479,0.01063058403463073,0.009951871355986058,0.16875528988203936,0.15798106012587754,0.0265908923646904
2015-03-09,1169.4000244140625,1174.199951171875,1166.300048828125,1166.4000244140625,45,0.0019758172634332,0.0019738679038005,0.00984231754436336,0.009991046154373158,0.1562419472814803,0.15860294077103773,0.0019758172634332
2015-03-10,1166.4000244140625,1168.4000244140625,1156.5,1160.0999755859375,94,-0.0054012763170935,-0.0054159159489475,0.009258862311103361,0.009915769185670567,0.14697988259140948,0.15740795593921064,0.0054012763170935
2015-03-11,1162.0,1162.0,1147.699951171875,1150.699951171875,74,-0.0081027709782639,-0.0081357768405675,0.00922341123256986,0.009649709229878487,0.14641711416635747,0.15318438507805854,0.0081027709782639
2015-03-12,1155.4000244140625,1160.5,1149.699951171875,1152.0999755859375,63,0.0012166720026682,0.0012159324570827,0.00964805865600489,0.00969179779594532,0.15315818303011808,0.15385252035117145,0.0012166720026682
2015-03-13,1158.199951171875,1159.199951171875,1152.5999755859375,1152.5999755859375,44,0.0004339901142222,0.0004338959677507,0.009914890720102454,0.008886483510886058,0.15739401073063927,0.14106855239808394,0.0004339901142222
2015-03-16,1159.699951171875,1162.300048828125,1150.0999755859375,1153.300048828125,56,0.0006073861331044,0.0006072017488049,0.010199092993805644,0.00790799708033044,0.16190558196018578,0.1255355618590753,0.0006073861331044
2015-03-17,1153.5999755859375,1158.199951171875,1144.300048828125,1148.300048828125,71,-0.0043353852322129,-0.0043448102653997,0.003939567764982752,0.007903859819308523,0.0625386994753855,0.1254698848764376,0.0043353852322129
2015-03-18,1148.699951171875,1174.300048828125,1147.0,1151.4000244140625,112,0.002699621574606,0.0026959841412746,0.004067023359550142,0.007773805020294838,0.06456199431396062,0.12340532894643338,0.002699621574606
2015-03-19,1171.5999755859375,1171.5999755859375,1159.300048828125,1169.0999755859375,39,0.0153725471569989,0.0152555866844739,0.007316572263905178,0.008397769911140445,0.11614698395835567,0.13331046451451162,0.0153725471569989
2015-03-20,1171.0,1185.4000244140625,1171.0,1184.800048828125,54,0.0134291964503026,0.0133398240357233,0.007315482233958312,0.008890370382630871,0.11612968026938955,0.1411302545741726,0.0134291964503026
2015-03-23,1181.5999755859375,1188.0,1181.199951171875,1188.0,5,0.0027008364618485,0.0026971957568776,0.007235561029230877,0.008064161706729713,0.11486097047625271,0.12801459844930205,0.0027008364618485
2015-03-24,1188.0,1193.0,1186.0,1191.699951171875,411,0.0031144370133628,0.0031095972006652,0.007058496539364113,0.008004338365400609,0.11205015883900488,0.12706493234677957,0.0031144370133628
2015-03-25,1192.5,1199.199951171875,1192.5,1197.300048828125,11,0.0046992513935602,0.004688244381405,0.006818941173987796,0.007991502043220876,0.10824733530690318,0.12686116204936193,0.0046992513935602
2015-03-26,1198.199951171875,1213.699951171875,1198.199951171875,1205.0999755859375,68,0.0065145965419834,0.0064934682697339,0.005307311673187159,0.007902344735126788,0.08425096090537999,0.12544583366067638,0.0065145965419834
2015-03-27,1197.0,1199.800048828125,1196.300048828125,1199.800048828125,172260,-0.0043979145840041,-0.0044076138585155,0.006736418473653238,0.007932529531312371,0.10693732805128671,0.12592500244516974,0.0043979145840041
2015-03-30,1198.0,1198.5,1181.5999755859375,1184.800048828125,37990,-0.0125020831718175,-0.0125808917501662,0.008278919733665822,0.008145981473866597,0.13142377643726916,0.1293134469863425,0.0125020831718175
2015-03-31,1185.800048828125,1190.0999755859375,1178.199951171875,1183.0999755859375,3409,-0.0014349030824812,-0.0014359335417667,0.00656983346389989,0.007713866577162496,0.10429287300353493,0.12245383565943001,0.0014349030824812
2015-04-01,1182.9000244140625,1208.199951171875,1181.0,1208.0999755859375,1632,0.0211309276611375,0.0209107656929285,0.01046063824314472,0.008580253231648611,0.16605748407823523,0.13620729742140303,0.0211309276611375
2015-04-02,1204.0,1205.699951171875,1194.800048828125,1200.9000244140625,1684,-0.0059597312452415,-0.0059775613204321,0.010916366040618592,0.008578395145271018,0.1732919385841657,0.1361778012145855,0.0059597312452415
2015-04-06,1209.9000244140625,1224.199951171875,1209.9000244140625,1218.5999755859375,343,0.0147389048314083,0.0146313427834344,0.012060015119844275,0.008985277422110477,0.19144680488872068,0.14263685711896715,0.0147389048314083
2015-04-07,1214.800048828125,1214.800048828125,1208.199951171875,1210.5999755859375,406,-0.0065649106846185,-0.006586554489201,0.012359101963992852,0.009050081193139489,0.19619466134889027,0.14366558509193877,0.0065649106846185
2015-04-08,1208.9000244140625,1211.4000244140625,1197.5999755859375,1203.0999755859375,236,-0.0061952751951527,-0.0062145455438265,0.012500904177766654,0.009111149051558127,0.19844570170691367,0.1446350072907889,0.0061952751951527
2015-04-09,1201.699951171875,1202.5,1193.0,1193.5999755859375,521,-0.0078962681346355,-0.0079276087514937,0.011806961568459841,0.009207440774409542,0.18742970429665118,0.1461635910026617,0.0078962681346355
2015-04-10,1195.800048828125,1209.5999755859375,1195.800048828125,1204.5999755859375,202,0.0092158178828716,0.0091736113469046,0.012105784161878718,0.009271248336030422,0.19217336590653347,0.14717650464154736,0.0092158178828716
2015-04-13,1208.0999755859375,1208.0999755859375,1198.300048828125,1199.300048828125,424,-0.0043997400508285,-0.0044094473907315,0.009071478390207771,0.009290385334510093,0.14400525506511788,0.14748029507445196,0.0043997400508285
2015-04-14,1198.800048828125,1200.5999755859375,1184.0999755859375,1192.800048828125,546,-0.0054198280124738,-0.0054345685652821,0.009024541221198116,0.009312783384421004,0.14326015060644814,0.14783585309395444,0.0054198280124738
2015-04-15,1194.5999755859375,1203.0999755859375,1188.5999755859375,1201.5,196,0.0072937213411605,0.0072672507902773,0.0071042987461450826,0.00940111507628318,0.11277724633084728,0.14923807523127186,0.0072937213411605
2015-04-16,1204.300048828125,1208.5,1194.5999755859375,1198.0,199,-0.0029130253849355,-0.0029172765011289,0.006842044252273896,0.009402043177034402,0.10861408530489364,0.14925280837394794,0.0029130253849355
2015-04-17,1200.199951171875,1206.0,1200.199951171875,1202.9000244140625,21,0.0040901706294345,0.0040818286206354,0.006762988246999338,0.009401568594621762,0.1073591101272775,0.14924527461170525,0.0040901706294345
2015-04-20,1205.699951171875,1206.9000244140625,1191.0,1193.5,67,-0.0078144685537281,-0.0078451615171453,0.006747130920249108,0.00808707232159261,0.1071073828690411,0.12837829318516686,0.0078144685537281
2015-04-21,1193.199951171875,1202.9000244140625,1192.800048828125,1202.9000244140625,33,0.0078760154286237,0.0078451615171452,0.006455058593673349,0.008186200650558686,0.1024708784232601,0.1299519066231207,0.0078760154286237
2015-04-22,1199.0999755859375,1202.5999755859375,1185.199951171875,1186.9000244140625,93,-0.0133011885237874,-0.0133904416639672,0.008092976497227069,0.008521405242136997,0.1284720190677206,0.1352731145489798,0.0133011885237874
2015-04-23,1187.199951171875,1197.0,1186.0999755859375,1194.4000244140625,331,0.0063189820926177,0.0062991010333583,0.008346845375536247,0.008408088099965249,0.13250206257347064,0.13347426068417784,0.0063189820926177
2015-04-24,1192.300048828125,1194.699951171875,1174.5999755859375,1175.199951171875,52,-0.0160750777375499,-0.0162056833545335,0.009622584075335908,0.008985268001063945,0.15275378659889538,0.14263670756448987,0.0160750777375499
2015-04-27,1182.300048828125,1206.699951171875,1181.4000244140625,1203.300048828125,194,0.0239109077806116,0.0236295187117415,0.01404302173541204,0.00993353401566961,0.2229260590066497,0.15768996387277548,0.0239109077806116
2015-04-28,1199.699951171875,1214.0,1199.699951171875,1214.0,401,0.0088921721413504,0.0088528695968142,0.014349323341381275,0.01002309674929306,0.22778844626009545,0.1591117281922161,0.0088921721413504
2015-04-29,1211.199951171875,1212.5999755859375,1201.9000244140625,1209.800048828125,114,-0.0034595973409184,-0.003465595586137,0.013972647862681533,0.010005993335205422,0.2218089084104011,0.15884021991073982,0.0034595973409184
2015-04-30,1203.0999755859375,1205.9000244140625,1176.699951171875,1182.4000244140625,143,-0.0226483908978211,-0.0229088051914815,0.016394785905247095,0.0109519430616183,0.2602591578205846,0.1738567062838882,0.0226483908978211
2015-05-01,1178.0999755859375,1178.0999755859375,1170.0,1174.5,23,-0.0066813466263055,-0.0067037667428574,0.015838453499717943,0.01068700685733554,0.2514276546726858,0.16965097442491064,0.0066813466263055
2015-05-04,1177.5,1189.4000244140625,1177.5,1186.800048828125,38,0.010472583080566,0.0104181254603718,0.01624798529178739,0.010573920373387077,0.257928770327428,0.16785578214588867,0.010472583080566
2015-05-05,1187.5,1198.699951171875,1186.9000244140625,1193.199951171875,48,0.0053925700037418,0.0053780821592575,0.014849780837345068,0.010608026511088683,0.2357329627165653,0.1683972002971249,0.0053925700037418
2015-05-06,1194.5,1194.5999755859375,1189.9000244140625,1190.300048828125,14,-0.0024303574106769,-0.0024333155230676,0.01138459253737445,0.010603798253482701,0.18072480379016764,0.16833007878849765,0.0024303574106769
2015-05-07,1181.5,1186.0,1179.699951171875,1182.4000244140625,44,-0.0066370025119634,-0.0066591253537045,0.010502074859628828,0.010633066062156391,0.1667152699725687,0.16879469084752005,0.0066370025119634
2015-05-08,1183.300048828125,1189.0999755859375,1182.9000244140625,1189.0999755859375,51,0.0056663997238963,0.005650406070161,0.01108883904316069,0.010615261333463397,0.1760298626197597,0.16851204954182422,0.0056663997238963
2015-05-11,1189.699951171875,1190.5,1179.300048828125,1183.199951171875,26,-0.0049617563999656,-0.0049741067832509,0.006952007379233006,0.010623096505664637,0.1103596958288186,0.16863642904456733,0.0049617563999656
2015-05-12,1194.5999755859375,1194.800048828125,1189.699951171875,1192.5999755859375,10,0.0079445780949809,0.0079131860889786,0.006763474214497915,0.010475413603802084,0.10736682462215648,0.16629203565721928,0.0079445780949809
2015-05-13,1192.699951171875,1218.4000244140625,1191.0,1218.4000244140625,34,0.0216334473891375,0.021402765401044,0.009710353939278965,0.011169490556343333,0.1541470899944912,0.17731016570021363,0.0216334473891375
2015-05-14,1214.5,1225.5999755859375,1214.5,1225.4000244140625,35,0.0057452395434465,0.0057287985961376,0.00972089637113963,0.010551337626455938,0.15431444591199417,0.16749729215208567,0.0057452395434465
2015-05-15,1218.5,1225.5,1214.800048828125,1225.5,12,8.158608123531863e-05,8.158275327200206e-05,0.009494068610045276,0.010480664775632698,0.1507136668341868,0.1663753954257521,8.158608123531863e-05
2015-05-18,1224.5,1228.0999755859375,1222.5999755859375,1227.800048828125,8,0.0018768248291514,0.0018750657940217,0.008349143442033021,0.010145519635037303,0.13253854324815117,0.16105513125498894,0.0018768248291514
2015-05-19,1223.9000244140625,1223.9000244140625,1206.0,1206.9000244140625,9,-0.0170223355456049,-0.0171688809096,0.011892626134041896,0.010560687436853294,0.18878958711685417,0.16764571579078774,0.0170223355456049
2015-05-20,1205.0999755859375,1210.800048828125,1205.0999755859375,1208.9000244140625,11,0.0016571380889407,0.0016557665506276,0.011485834935328565,0.010500215174043107,0.1823319770329022,0.16668574837910916,0.0016571380889407
2015-05-21,1204.5,1204.5,1203.699951171875,1204.4000244140625,43,-0.0037223921822493,-0.0037293375249118,0.011517361390260269,0.010416370523062414,0.18283244398971482,0.16535475580756162,0.0037223921822493
2015-05-22,1211.5999755859375,1211.9000244140625,1204.300048828125,1204.300048828125,8,-8.300862164645206e-05,-8.301206705275282e-05,0.007349848071662182,0.010281009582983901,0.11667522103035463,0.16320596749948366,8.300862164645206e-05
2015-05-26,1193.5999755859375,1193.5999755859375,1186.0,1187.199951171875,40,-0.0141992003345757,-0.0143009735269482,0.007858773388541948,0.01057839738109326,0.12475415997656625,0.16792685243993835,0.0141992003345757
2015-05-27,1185.9000244140625,1185.9000244140625,1185.9000244140625,1185.9000244140625,200216,-0.0010949518289057,-0.0010955517266055,0.007756689324274879,0.010535373425061395,0.12313362569532586,0.1672438683114674,0.0010949518289057
2015-05-28,1187.0999755859375,1192.0,1179.5999755859375,1188.0999755859375,52705,0.0018550899119527,0.0018533713577155,0.007753642424138188,0.010449494135544683,0.12308525765513785,0.16588057685447458,0.0018550899119527
2015-05-29,1187.800048828125,1193.300048828125,1185.699951171875,1189.4000244140625,4748,0.0010942251113874,0.0010936268834478,0.005687075444778023,0.01044082670542539,0.09027952388486817,0.16574298566686452,0.0010942251113874
2015-06-01,1190.5999755859375,1204.0,1184.300048828125,1188.300048828125,1236,-0.0009248155064394,-0.0009252434121427,0.005485164996025481,0.010410078768058845,0.0870742948778401,0.1652548772932641,0.0009248155064394
2015-06-02,1189.0,1194.300048828125,1186.0,1194.0999755859375,1003,0.0048808604893455,0.0048689877070439,0.006081211663056621,0.010354260488710403,0.09653624238236001,0.16436878957865902,0.0048808604893455
2015-06-03,1193.9000244140625,1193.9000244140625,1179.0999755859375,1184.699951171875,630,-0.0078720581243207,-0.0079032063486531,0.006536164412503094,0.01034398266615478,0.10375839338228268,0.16420563420365047,0.0078720581243207
2015-06-04,1184.9000244140625,1185.300048828125,1173.0,1174.9000244140625,447,-0.008272074923375,-0.0083064783918887,0.004927086494219875,0.010167890778453412,0.07821507331086523,0.16141026214712806,0.008272074923375
2015-06-05,1176.4000244140625,1177.300048828125,1164.0,1167.800048828125,390,-0.0060430465898393,-0.0060613796917232,0.005210081623554856,0.01014132975395554,0.08270748171764275,0.16098861895479727,0.0060430465898393
2015-06-08,1169.5,1176.0999755859375,1169.0999755859375,1173.199951171875,173,0.0046239956482008,0.0046133378221888,0.005653967758349143,0.0097560830330096,0.08975395565621502,0.15487301685264096,0.0046239956482008
2015-06-09,1172.9000244140625,1180.300048828125,1172.699951171875,1177.300048828125,144,0.0034947986932274,0.0034887060751304,0.005924236683883618,0.00868291972688079,0.09404434184065216,0.1378370775075807,0.0034947986932274
2015-06-10,1176.0999755859375,1190.0999755859375,1175.5999755859375,1186.0999755859375,295,0.0074746677931185,0.0074468708929356,0.0068286677634262095,0.008632681879186184,0.1084017401274564,0.13703957639916228,0.0074746677931185
2015-06-11,1183.199951171875,1183.199951171875,1174.4000244140625,1179.9000244140625,69,-0.0052271741838728,-0.0052408836542422,0.006630007179623516,0.008657888539424665,0.1052481011271394,0.13743971972540342,0.0052271741838728
2015-06-12,1180.4000244140625,1181.199951171875,1176.199951171875,1178.800048828125,141,-0.0009322616858862,-0.0009326965120805,0.006044282771060045,0.007612717015436069,0.09595001439586338,0.12084813614612218,0.0009322616858862
2015-06-15,1179.9000244140625,1188.5,1172.699951171875,1185.300048828125,102,0.0055140818890038,0.0054989349947638,0.005373592784219363,0.0075732151725481965,0.08530314092385362,0.12022106383046186,0.0055140818890038
2015-06-16,1186.5,1186.5,1175.9000244140625,1180.5,29,-0.0040496487221701,-0.004057870754626,0.004958070327213347,0.007363976780580732,0.07870692641145094,0.11689950733122406,0.0040496487221701
2015-06-17,1177.5999755859375,1186.300048828125,1174.9000244140625,1176.4000244140625,168,-0.0034730839355675,-0.0034791290925295,0.005066601425808231,0.007311534713642996,0.08042980418984311,0.11606701532709134,0.0034730839355675
2015-06-18,1183.4000244140625,1202.0,1183.4000244140625,1201.5,130,0.0213362589808165,0.0211118277434854,0.009463005772181935,0.008308768979616377,0.15022055957017286,0.13189761852691698,0.0213362589808165
2015-06-19,1199.699951171875,1203.0999755859375,1199.699951171875,1201.5,142,0.0,0.0,0.009287302599274407,0.008204140234702279,0.14743135816970307,0.1302366886927279,0.0
2015-06-22,1197.800048828125,1197.800048828125,1182.699951171875,1183.699951171875,30,-0.0148148554541198,-0.0149256914670989,0.011050042613283358,0.008607399984714546,0.17541398838848424,0.13663823876649508,0.0148148554541198
2015-06-23,1183.800048828125,1186.0,1176.199951171875,1176.199951171875,60,-0.0063360651426697,-0.0063562231970242,0.01135234008756738,0.008637683298100076,0.18021281202199502,0.13711897146305396,0.0063360651426697
2015-06-24,1176.5999755859375,1176.5999755859375,1170.699951171875,1172.5999755859375,263,-0.0030606833322436,-0.0030653768027383,0.01108486688635346,0.008514349842293458,0.1759668065852768,0.13516111354866306,0.0030606833322436
2015-06-25,1175.800048828125,1175.9000244140625,1171.5,1171.5,95,-0.0009380655030184,-0.0009385057618116,0.011027140441783979,0.0074147038265163275,0.17505042768686,0.11770477422096727,0.0009380655030184
2015-06-26,1170.5,1172.9000244140625,1170.5,1172.9000244140625,308,0.001195069922375,0.0011943563947357,0.010996652260654341,0.0073118458634782325,0.1745664428156857,0.11607195467759843,0.001195069922375
2015-06-29,1185.0999755859375,1186.0,1173.800048828125,1178.5,174,0.0047744696643987,0.0047631080335996,0.006344856894996896,0.007395085587513239,0.10072148069073147,0.11739334433158806,0.0047744696643987
2015-06-30,1176.300048828125,1176.4000244140625,1166.5999755859375,1171.5,223,-0.0059397539244803,-0.0059574644283355,0.006314451180417478,0.007417827562091251,0.10023880493545738,0.11775436198592391,0.0059397539244803
2015-07-01,1173.0999755859375,1173.0999755859375,1166.5999755859375,1169.0,455,-0.0021340162185232,-0.0021362964757819,0.003923171849528806,0.006820020580241292,0.06227842238653521,0.10826447034996534,0.0021340162185232
2015-07-02,1166.4000244140625,1168.0999755859375,1155.5,1163.0,316,-0.0051325919589392,-0.0051458089534039,0.0037106983862789746,0.006840040194361714,0.05890551072277715,0.10858227187180201,0.0051325919589392
2015-07-06,1171.0999755859375,1173.0,1162.199951171875,1172.9000244140625,634,0.0085124887481191,0.0084764618239218,0.005223793391070922,0.00705010387957261,0.08292514927893863,0.11191692949512475,0.0085124887481191
2015-07-07,1166.800048828125,1166.800048828125,1149.5,1152.4000244140625,469,-0.0174780455054053,-0.0176325899468064,0.008473921290053414,0.007671976950185052,0.1345193301781018,0.12178885844645652,0.0174780455054053
2015-07-08,1152.5999755859375,1163.300048828125,1146.4000244140625,1163.300048828125,65,0.0094585423317781,0.0094140904007431,0.009551427260123212,0.007529686999164683,0.15162420717605438,0.11953007549967579,0.0094585423317781
2015-07-09,1154.800048828125,1163.5999755859375,1154.800048828125,1159.0,65,-0.0036964228037785,-0.0037032714567711,0.009208524296868914,0.007549937257610664,0.1461807913884664,0.1198515383866729,0.0036964228037785
2015-07-10,1160.0999755859375,1161.4000244140625,1157.5,1157.699951171875,27,-0.0011216987300474,-0.0011223283049074,0.009074068665255735,0.007534240665687674,0.1440463744067429,0.1196023627147159,0.0011216987300474
2015-07-13,1159.0,1159.0,1151.199951171875,1155.199951171875,14,-0.0021594541810849,-0.002161789164397,0.0090742971158113,0.007528909967203449,0.14405000094688428,0.11951774049969474,0.0021594541810849
2015-07-14,1157.199951171875,1157.199951171875,1153.0,1153.300048828125,39,-0.0016446523753941,-0.0016460063008068,0.008946673319910184,0.007529991435046336,0.14202403599491378,0.1195349082694739,0.0016446523753941
2015-07-15,1154.0,1154.0,1144.800048828125,1147.199951171875,15,-0.0052892546587927,-0.0053032922871558,0.007921515544874908,0.007486366642669712,0.12575016083082793,0.11884238615972166,0.0052892546587927
2015-07-16,1146.199951171875,1146.199951171875,1142.9000244140625,1143.800048828125,14,-0.0029636527967744,-0.002968053111879,0.004841751919448426,0.007390984788106578,0.07686042893238103,0.11732824615914855,0.0029636527967744
2015-07-17,1144.0,1144.0,1130.199951171875,1131.800048828125,120,-0.0104913441928023,-0.0105467663201747,0.0032178785913459704,0.007475412415094768,0.05108223901140168,0.118668493187913,0.0104913441928023
2015-07-20,1130.4000244140625,1130.699951171875,1095.0999755859375,1106.699951171875,189,-0.0221771484126006,-0.0224267587001629,0.007604813257633834,0.008362268050334278,0.12072266788071657,0.13274688994587272,0.0221771484126006
2015-07-21,1097.0999755859375,1106.4000244140625,1097.0999755859375,1103.4000244140625,118,-0.0029817718472999,-0.0029862261857256,0.007413637471590591,0.00827703611504011,0.1176878463613103,0.131393874918578,0.0029817718472999
2015-07-22,1093.0,1095.0,1086.0,1091.4000244140625,46,-0.0108754755614333,-0.01093504584292,0.007231033649552695,0.008362887597772354,0.11478910055193729,0.13275672495655205,0.0108754755614333
2015-07-23,1097.4000244140625,1097.5999755859375,1087.800048828125,1094.0,64,0.0023822388929608,0.0023794058603042,0.00795086997267477,0.008203857190817447,0.12621614792585015,0.1302321955103516,0.0023822388929608
2015-07-24,1078.5999755859375,1100.699951171875,1078.5999755859375,1085.5999755859375,52,-0.0076782672889054,-0.0077078969502711,0.007891955323028712,0.008242439437044821,0.12528090685659835,0.13084466968159095,0.0076782672889054
2015-07-27,1100.0,1102.5,1093.9000244140625,1096.5,19,0.0100405532969722,0.0099904818262874,0.01036921154556428,0.008562657539192527,0.1646061302482967,0.13592797446309438,0.0100405532969722
2015-07-28,1097.199951171875,1097.699951171875,1096.300048828125,1096.300048828125,31,-0.0001823540099179,-0.0001823706384319,0.010351888099671091,0.008444040943168557,0.16433112907019234,0.13404499437642775,0.0001823540099179
2015-07-29,1096.4000244140625,1096.9000244140625,1092.699951171875,1092.699951171875,159142,-0.0032838616217323,-0.0032892653285676,0.006841335794410038,0.008440551603695827,0.10860283888496083,0.1339896028295194,0.0032838616217323
2015-07-30,1096.0999755859375,1097.5,1081.0,1088.4000244140625,49298,-0.0039351395167548,-0.0039429025507033,0.006878243253806035,0.008442737203066401,0.10918872663947096,0.13402429814392036,0.0039351395167548
2015-07-31,1087.699951171875,1102.800048828125,1079.0999755859375,1094.9000244140625,5700,0.0059720689582851,0.0059543068371229,0.006135163358591419,0.0073371996649984235,0.0973926989975321,0.11647443379927352,0.0059720689582851
2015-08-03,1095.5,1097.0999755859375,1085.0,1089.4000244140625,2418,-0.0050232896861458,-0.0050359488172303,0.0063846143425618455,0.007322121107781733,0.10135261060484875,0.1162350691241234,0.0050232896861458
2015-08-04,1085.0999755859375,1093.9000244140625,1080.5,1090.699951171875,1139,0.0011932501640172,0.0011925388068687,0.005570340992562401,0.0070263392875244655,0.08842642190489285,0.11153967829171497,0.0011932501640172
2015-08-05,1086.5,1090.5999755859375,1082.5,1085.699951171875,1207,-0.0045842121791862,-0.0045947519030604,0.003995790293849488,0.007002315364342599,0.0634312044521487,0.11115831033418296,0.0045842121791862
2015-08-06,1084.4000244140625,1092.199951171875,1083.5999755859375,1090.199951171875,269,0.0041447915652412,0.0041362255780119,0.0045173560693736485,0.007110183056319541,0.0717108044585455,0.11287065685899998,0.0041447915652412
2015-08-07,1088.9000244140625,1098.300048828125,1081.699951171875,1094.0999755859375,614,0.0035773478157563,0.0035709643265033,0.004628562948903254,0.007189574180731143,0.07347615894243463,0.11413095188799333,0.0035773478157563
2015-08-10,1093.199951171875,1107.5999755859375,1089.5,1104.199951171875,900,0.0092313095798475,0.009188961461124,0.005298573369237577,0.007466754252202966,0.08411224463059347,0.11853104911297863,0.0092313095798475
2015-08-11,1103.800048828125,1116.699951171875,1094.0,1107.5999755859375,997,0.0030791745738207,0.0030744436249165,0.005050801896604658,0.007420119650178,0.08017899443921578,0.11779074775628745,0.0030791745738207
2015-08-12,1106.0,1124.5,1101.5,1123.199951171875,797,0.014084485310398,0.0139862205447155,0.005924747667739594,0.007939613741285873,0.09405245345789344,0.12603746079212122,0.014084485310398
2015-08-13,1124.300048828125,1124.300048828125,1113.0,1115.699951171875,441,-0.0066773507176304,-0.0066997439646439,0.007234462746851088,0.007997770440908967,0.11484353578397523,0.12696066977777118,0.0066773507176304
2015-08-14,1113.9000244140625,1118.800048828125,1112.5,1112.9000244140625,908,-0.0025095696695797,-0.0025127239178519,0.0068937777436324085,0.007971246074589825,0.10943532902042004,0.126539608515987,0.0025095696695797
2015-08-17,1113.800048828125,1122.0,1113.800048828125,1118.5999755859375,399,0.0051217099890674,0.0051086386452189,0.0069174032227148925,0.007848414696210811,0.10981037187396211,0.12458972083367013,0.0051217099890674
2015-08-18,1118.199951171875,1118.4000244140625,1110.0,1117.0999755859375,475,-0.0013409619459487,-0.0013418618399914,0.007176969684461822,0.007249153801380391,0.11393086171281414,0.1150767490446662,0.0013409619459487
2015-08-19,1117.0,1134.300048828125,1116.800048828125,1128.0999755859375,348,0.0098469252890551,0.0097987602471767,0.007269254432597464,0.007268816015518323,0.11539583667304097,0.11538887701766938,0.0098469252890551
2015-08-20,1132.800048828125,1153.300048828125,1132.800048828125,1153.0,409,0.0220725334216316,0.0218324612999383,0.010214306048209464,0.008377045346719042,0.162147081711991,0.1329814722535766,0.0220725334216316
2015-08-21,1154.0999755859375,1166.5,1150.5,1159.5999755859375,261,0.005724176570631,0.0057078557245757,0.009551396511120845,0.008442344251311417,0.1516237190507744,0.13401806022819476,0.005724176570631
2015-08-24,1164.0,1169.0,1147.5,1153.4000244140625,299,-0.0053466292707898,-0.0053609736452838,0.009299324605005406,0.008491526465580124,0.14762220159424957,0.1347988036754897,0.0053466292707898
2015-08-25,1151.5,1155.5,1134.0,1138.199951171875,217,-0.0131784922147103,-0.0132660990787526,0.011345360107351588,0.008822409904160982,0.18010200827115222,0.14005141542409888,0.0131784922147103
2015-08-26,1139.199951171875,1143.0,1119.5999755859375,1124.5999755859375,116,-0.0119486699783594,-0.0120206291206046,0.012641856184087122,0.009030942751218898,0.20068324544003105,0.14336177174511996,0.0119486699783594
2015-08-27,1127.199951171875,1127.4000244140625,1118.4000244140625,1122.4000244140625,564,-0.0019562077357584,-0.001958123609083,0.012661610536389003,0.009023811454666334,0.20099683606104263,0.14324856592189875,0.0019562077357584
2015-08-28,1125.300048828125,1139.0,1123.5999755859375,1133.0999755859375,279,0.0095330995537539,0.0094879463003545,0.01262451151690051,0.00900674238941079,0.2004079073843373,0.14297760291122774,0.0095330995537539
2015-08-31,1131.0999755859375,1134.0,1124.800048828125,1131.5999755859375,194,-0.0013238019877498,-0.0013246789876694,0.008420022856682101,0.007975654203280086,0.13366371907356295,0.1266095853895566,0.0013238019877498
2015-09-01,1133.5,1144.699951171875,1133.5,1138.699951171875,375,0.0062742804340032,0.0062546790833755,0.0085131762782858,0.00800439177466241,0.13514248379759178,0.12706578019252618,0.0062742804340032
2015-09-02,1137.300048828125,1140.4000244140625,1130.800048828125,1132.5,201,-0.0054447628328203,-0.0054596395787817,0.008518601796809973,0.00778301023589961,0.13522861123408297,0.12355145721396313,0.0054447628328203
2015-09-03,1130.300048828125,1132.9000244140625,1120.300048828125,1123.699951171875,122,-0.0077704625413906,-0.0078008098963234,0.0075917756622760025,0.007951533566053845,0.12051570247064991,0.12622668214416635,0.0077704625413906
2015-09-04,1123.4000244140625,1125.199951171875,1116.199951171875,1120.5999755859375,51,-0.00275872183024,-0.0027625341162804,0.006215100889046305,0.007817617445186446,0.09866166795355778,0.12410082963002073,0.00275872183024
2015-09-08,1119.800048828125,1124.300048828125,1116.4000244140625,1120.4000244140625,138,-0.0001784322472169,-0.0001784481681442,0.006181546540217069,0.00763455815543839,0.09812900917911657,0.1211948534948999,0.0001784322472169
2015-09-09,1123.5,1123.5,1102.0999755859375,1102.199951171875,150,-0.0162442635180284,-0.0163776480279103,0.007012487946919878,0.008241087346937181,0.11131979507632744,0.13082320591654115,0.0162442635180284
2015-09-10,1107.300048828125,1113.5,1105.5,1109.5,56,0.0066231619955738,0.0066013252241179,0.00806701005241374,0.008294507535478229,0.1280598145352693,0.1316712251197599,0.0066231619955738
2015-09-11,1110.800048828125,1111.699951171875,1098.199951171875,1103.5,81,-0.0054078413699865,-0.0054225166758575,0.007020904808069315,0.00832621551867641,0.11145340860485448,0.13217457374846672,0.0054078413699865
2015-09-14,1107.800048828125,1108.5999755859375,1104.0999755859375,1107.699951171875,19,0.0038060273419799,0.0037988027454549,0.007646225050965591,0.008286359522909134,0.12138005971972277,0.1315418794301364,0.0038060273419799
2015-09-15,1104.5,1104.5,1102.800048828125,1102.800048828125,8,-0.004423492425513,-0.0044333050161047,0.007408858370407574,0.008273485173603946,0.11761198048198625,0.13133750547081655,0.004423492425513
2015-09-16,1109.800048828125,1119.9000244140625,1109.800048828125,1119.199951171875,31,0.0148711476402065,0.0147616562974262,0.009933891375186231,0.00868312641358651,0.1576956367792332,0.13784035855731652,0.0148711476402065
2015-09-17,1118.5999755859375,1130.5,1117.0999755859375,1117.300048828125,14,-0.0016975539909206,-0.0016989964683834,0.009951544495003257,0.00863616442934842,0.15797587136863486,0.1370948601691078,0.0016975539909206
2015-09-18,1128.300048828125,1141.199951171875,1127.800048828125,1138.0999755859375,59,0.0186162408026639,0.0184450795810628,0.00938002767702937,0.009203799075740971,0.1489033231459356,0.14610578082850045,0.0186162408026639
2015-09-21,1137.5999755859375,1138.5,1130.800048828125,1133.0999755859375,17,-0.0043932871516193,-0.0044029659959821,0.009899064428341618,0.009255919212654475,0.15714277613758615,0.14693316235193107,0.0043932871516193
2015-09-22,1132.5999755859375,1135.0,1122.5,1125.0,43,-0.007148509187593,-0.0071741822017442,0.010165309355730952,0.009249513385600865,0.1613692833318139,0.1468314729999778,0.007148509187593
2015-09-23,1128.5999755859375,1132.199951171875,1128.300048828125,1131.5999755859375,33,0.0058666449652777,0.0058495032140747,0.010228788737094457,0.009288535512631516,0.16237698727062227,0.14745093006248905,0.0058666449652777
2015-09-24,1133.0,1155.9000244140625,1133.0,1153.800048828125,37,0.0196183048083686,0.0194283462895939,0.011265789721749186,0.009611671968927005,0.1788388675589754,0.1525805622798684,0.0196183048083686
2015-09-25,1149.800048828125,1149.800048828125,1143.4000244140625,1146.0,56,-0.0067603124441251,-0.0067832668675043,0.011560436268704576,0.00961395105738261,0.18351623648642268,0.1526167416874851,0.0067603124441251
2015-09-28,1133.199951171875,1133.199951171875,1132.0,1132.0,4346,-0.0122164048865619,-0.0122916385115566,0.012941205309663445,0.009893269995857427,0.20543526548878863,0.1570507923735346,0.0122164048865619
2015-09-29,1132.199951171875,1134.4000244140625,1124.300048828125,1127.0999755859375,2417,-0.0043286434753202,-0.0043380391760506,0.01073045143780233,0.009895261803234818,0.1703406357592826,0.1570824113354153,0.0043286434753202
2015-09-30,1124.300048828125,1126.0,1112.0999755859375,1115.5,865,-0.0102918781272327,-0.0103452057144903,0.011230379867720701,0.01007965786651972,0.17827675355265257,0.16000960809256237,0.0102918781272327
2015-10-01,1115.199951171875,1119.0,1113.300048828125,1114.199951171875,1181,-0.0011654404555132,-0.0011661201093563,0.011014833415523782,0.009907789648635193,0.17485505970168067,0.15728128471577246,0.0011654404555132
2015-10-02,1112.199951171875,1141.199951171875,1105.800048828125,1137.0999755859375,323,0.0205528858531873,0.0203445253969838,0.01368746797870118,0.009792325962437082,0.2172818180988195,0.15544835552093844,0.0205528858531873
2015-10-05,1137.0999755859375,1141.699951171875,1132.5,1138.0999755859375,226,0.000879430148158,0.0008790436760322,0.010945086687448969,0.00972729541913065,0.17374786471820225,0.15441602764966503,0.000879430148158
2015-10-06,1136.300048828125,1150.0,1136.300048828125,1146.800048828125,145,0.00764438399861,0.0076153137506832,0.011230352814477622,0.009796608267683072,0.1782763240957325,0.1555163350092522,0.00764438399861
2015-10-07,1147.5999755859375,1152.9000244140625,1143.0,1149.0,104,0.0019183389241419,0.0019165012618254,0.009817366931575762,0.009486873614751657,0.15584586858251237,0.1505994498247996,0.0019183389241419
2015-10-08,1142.699951171875,1146.699951171875,1138.699951171875,1144.699951171875,138,-0.0037424271785247,-0.0037494475801528,0.009754967118973154,0.00923474344882715,0.15485530226649116,0.14659700752247742,0.0037424271785247
2015-10-09,1151.5999755859375,1157.199951171875,1151.5999755859375,1156.300048828125,22,0.010133745218015,0.010082743094216,0.008326121914098275,0.009380561467128791,0.13217308782185477,0.1489117968010679,0.010133745218015
2015-10-12,1155.9000244140625,1166.800048828125,1155.9000244140625,1164.9000244140625,40,0.0074374947874933,0.007409973000988,0.007856002414118166,0.00932271925373381,0.12471017212127836,0.14799358012952,0.0074374947874933
2015-10-13,1163.5,1166.199951171875,1154.9000244140625,1165.800048828125,132,0.0007726194481927,0.0007723211314338,0.004931269978716718,0.009312824325066067,0.07828148406841928,0.14783650300654655,0.0007726194481927
2015-10-14,1172.4000244140625,1189.0,1167.300048828125,1180.0999755859375,143,0.0122661915927924,0.0121915714483318,0.005709526714309636,0.009491608154887383,0.09063592673965815,0.15067460831942792,0.0122661915927924
2015-10-15,1184.199951171875,1188.300048828125,1177.800048828125,1187.9000244140625,143,0.0066096508681412,0.0065879029042088,0.005648898014592916,0.009454181444339606,0.08967347596907622,0.15008047770842423,0.0066096508681412
2015-10-16,1182.5,1184.0999755859375,1176.199951171875,1183.5999755859375,243,-0.0036198743494815,-0.0036264419486807,0.00648729788163886,0.009341473909497994,0.10298266125367535,0.1482913010599799,0.0036198743494815
2015-10-19,1176.5,1177.800048828125,1169.300048828125,1173.300048828125,62,-0.008702202577111,-0.0087402878534618,0.0076706025515519355,0.009502570007600013,0.12176704054454357,0.15084862233654475,0.008702202577111
2015-10-20,1168.699951171875,1179.0999755859375,1168.699951171875,1178.0,19,0.0040057538364284,0.0039977521658931,0.0071251859007799455,0.009506629221762349,0.11310881963140486,0.15091306036369612,0.0040057538364284
2015-10-21,1175.9000244140625,1176.4000244140625,1164.9000244140625,1167.5999755859375,41,-0.0088285436452143,-0.0088677461411841,0.007923272906692716,0.009111734131905106,0.12577805808482884,0.1446442951533595,0.0088285436452143
2015-10-22,1166.199951171875,1168.5999755859375,1163.5,1166.5999755859375,48,-0.0008564577088983,-0.000856824678346,0.007932972044492666,0.0090821110145425,0.12593202712413132,0.14417404274375986,0.0008564577088983
2015-10-23,1166.199951171875,1178.699951171875,1163.300048828125,1163.300048828125,38,-0.0028286703470528,-0.002832678595479,0.0058645138391483454,0.009024395395087412,0.09309627107209903,0.14325783568870665,0.0028286703470528
2015-10-26,1165.0999755859375,1170.0,1163.800048828125,1167.0,176,0.003180564786877,0.0031755174900332,0.005118131411455442,0.009020322317735061,0.0812478173523546,0.14319317759023636,0.003180564786877
2015-10-27,1164.5,1166.800048828125,1162.0,1166.800048828125,302,-0.0001713377651028,-0.0001713524450945,0.0051605633088303085,0.00895265424524755,0.08192140284101766,0.1421189802412301,0.0001713377651028
2015-10-28,1175.0999755859375,1182.699951171875,1175.0999755859375,1177.0999755859375,217,0.0088274994230221,0.0087887648361165,0.0056156216970522825,0.008716063506934794,0.08914523080451303,0.1383632187047698,0.0088274994230221
2015-10-29,1158.0,1162.0,1144.9000244140625,1147.199951171875,329,-0.0254014315132228,-0.0257296173950933,0.010975930963173878,0.010014217365440581,0.17423750241583033,0.15897077234340126,0.0254014315132228
2015-10-30,1147.5,1147.5999755859375,1139.199951171875,1141.5,249,-0.0049685768954683,-0.0049809613126343,0.010771891935753303,0.009489849771137593,0.17099848326999237,0.15064669484275975,0.0049685768954683
2015-11-02,1137.9000244140625,1138.699951171875,1132.5999755859375,1135.800048828125,180,-0.0049933869223609,-0.0050058955364459,0.010736974541192545,0.009500367974038422,0.17044418681536386,0.15081366613744923,0.0049933869223609
2015-11-03,1133.300048828125,1134.699951171875,1114.199951171875,1114.199951171875,185,-0.0190175178091743,-0.0192006766701733,0.012151933488017097,0.01004514136971741,0.19290596374734564,0.15946167569255398,0.0190175178091743
2015-11-04,1119.0,1121.9000244140625,1106.5,1106.5,141,-0.0069107444887037,-0.0069347342721266,0.011448775812614975,0.010046739573571082,0.18174368169786387,0.15948704639220118,0.0069107444887037
2015-11-05,1107.9000244140625,1110.699951171875,1104.4000244140625,1104.4000244140625,84,-0.0018978541219498,-0.0018996573289276,0.011281466202798364,0.009285516800297223,0.17908772398070785,0.14740300948979196,0.0018978541219498
2015-11-06,1105.199951171875,1109.5,1084.800048828125,1087.5999755859375,78,-0.01521192362979,-0.0153288118515097,0.008767079361826366,0.009576898478170778,0.13917307029455656,0.1520285502273169,0.01521192362979
2015-11-09,1088.5999755859375,1088.5999755859375,1087.9000244140625,1087.9000244140625,5,0.0002758816061607,0.0002758435578281,0.007035701979123133,0.009373177642772734,0.1116883064131486,0.14879458222324363,0.0002758816061607
2015-11-10,1090.0999755859375,1091.300048828125,1085.0,1088.199951171875,18,0.0002756933092027,0.0002756553127857,0.007609936749919328,0.009359241371233179,0.12080400079930605,0.14857335077106085,0.0002756933092027
2015-11-11,1091.4000244140625,1091.4000244140625,1084.199951171875,1084.699951171875,15,-0.0032163206736325,-0.0032215041504368,0.00770858385014419,0.009208273289166442,0.12236997496782193,0.146176806764719,0.0032163206736325
2015-11-12,1086.0,1086.5999755859375,1080.800048828125,1080.800048828125,4,-0.0035953743148385,-0.0036018532070941,0.005403675095332937,0.009221441390808088,0.08578068280826517,0.14638584389781467,0.0035953743148385
2015-11-13,1083.0999755859375,1085.9000244140625,1080.800048828125,1080.800048828125,23,0.0,0.0,0.005483403616648441,0.008282776030324996,0.08704633384706359,0.13148499324892035,0.0
2015-11-16,1092.0,1092.4000244140625,1083.699951171875,1083.699951171875,11,0.0026831071546435,0.0026795140483331,0.005938479289154767,0.008308335342122554,0.09427043619006686,0.13189073474511015,0.0026831071546435
2015-11-17,1075.5,1075.800048828125,1065.0999755859375,1068.699951171875,6,-0.0138414696649008,-0.0139381560305052,0.005459937986112629,0.008409619561835715,0.0866738285105331,0.13349857188768763,0.0138414696649008
2015-11-18,1064.0,1071.9000244140625,1064.0,1068.800048828125,5,9.36630119054982e-05,9.365862579947371e-05,0.005444976379260487,0.008384515276735508,0.08643632036486498,0.13310005371638436,9.36630119054982e-05
2015-11-19,1077.4000244140625,1082.4000244140625,1077.4000244140625,1078.0,10,0.0086077383528959,0.0085709030015649,0.006878543261896311,0.008615068753631166,0.10919348912026003,0.13675997669898748,0.0086077383528959
2015-11-20,1082.9000244140625,1082.9000244140625,1076.4000244140625,1076.4000244140625,5,-0.0014842074081052,-0.0014853099349744,0.006830112928451737,0.00830820125752203,0.10842468141102236,0.13188860621806434,0.0014842074081052
2015-11-23,1070.0,1071.5,1066.800048828125,1066.800048828125,57,-0.0089185947307677,-0.0089586034554639,0.007427501767210351,0.008179417158857052,0.1179079352311881,0.12984422203074153,0.0089185947307677
2015-11-24,1073.199951171875,1079.4000244140625,1073.199951171875,1074.300048828125,222,0.0070303708818149,0.0070057730450993,0.008156827937638273,0.008354115346549605,0.12948562926080845,0.13261746978551062,0.0070303708818149
2015-11-25,1070.199951171875,1072.0,1068.5,1070.5,148662,-0.0035372322958284,-0.0035435030938658,0.008048066582979527,0.007862498906900413,0.12775909628071921,0.12481330074705407,0.0035372322958284
2015-11-27,1070.699951171875,1074.199951171875,1051.0999755859375,1056.199951171875,52133,-0.0133582894237506,-0.0134483139869048,0.00792796737124617,0.007847403638164201,0.1258525803993111,0.12457367078475585,0.0133582894237506
2015-11-30,1056.5,1068.4000244140625,1052.0999755859375,1065.800048828125,4601,0.009089280534049,0.0090482216334389,0.008924593025300877,0.008197148135933632,0.1416735221844462,0.13012569256582243,0.009089280534049
2015-12-01,1064.5999755859375,1074.5999755859375,1063.4000244140625,1063.800048828125,3441,-0.0018765245903291,-0.0018782874683327,0.007999107056494727,0.00814103846052819,0.12698188789240167,0.1292349790822183,0.0018765245903291
2015-12-02,1068.699951171875,1069.5,1049.5999755859375,1054.199951171875,503,-0.0090243440643055,-0.0090653101045387,0.008435076670524204,0.008089212505766283,0.13390269095981852,0.12841226755566737,0.0090243440643055
2015-12-03,1054.4000244140625,1064.5999755859375,1046.199951171875,1061.699951171875,1161,0.0071143998742011,0.0070892119256158,0.008713957169823733,0.008260012514456912,0.13832978163973098,0.1311236336372058,0.0071143998742011
2015-12-04,1063.0,1088.800048828125,1058.699951171875,1084.5,889,0.0214750399140162,0.0212477002379133,0.011946907495986387,0.009399688047268278,0.18965127702404022,0.14921542184794925,0.0214750399140162
2015-12-07,1084.9000244140625,1086.5,1067.4000244140625,1076.4000244140625,656,-0.0074688571562355,-0.007496888732961,0.012305393131084532,0.009445278576416131,0.19534206005839266,0.14993914906153963,0.0074688571562355
2015-12-08,1071.0,1078.4000244140625,1069.5999755859375,1076.300048828125,306,-9.287958349124548e-05,-9.28838970668577e-05,0.010664648248143933,0.009395675449146112,0.169296042507417,0.14915172382749428,9.287958349124548e-05
2015-12-09,1075.0999755859375,1086.0,1070.5999755859375,1077.5999755859375,386,0.0012077735750619,0.0012070448032928,0.010292796769916885,0.009411583754646916,0.1633930832911739,0.14940426034830767,0.0012077735750619
2015-12-10,1073.0,1076.300048828125,1071.699951171875,1073.0999755859375,226,-0.0041759466424943,-0.0041846902580793,0.010458317490314086,0.009163085229919364,0.1660206432691694,0.14545946856273448,0.0041759466424943
2015-12-11,1067.800048828125,1079.4000244140625,1064.4000244140625,1076.9000244140625,410,0.00354118806689,0.0035349328234069,0.009419535365256007,0.00820037655816413,0.14953048825347215,0.1301769421799165,0.00354118806689
2015-12-14,1074.0,1076.699951171875,1060.0,1064.699951171875,509,-0.0113288819441019,-0.0113935425458854,0.010609165997991228,0.008358508210546229,0.16841528909092301,0.13268720433958098,0.0113288819441019
2015-12-15,1064.5999755859375,1066.199951171875,1061.800048828125,1062.9000244140625,220,-0.0016905483613777,-0.0016919789508065,0.0051839782703116104,0.008343345235866788,0.08229310383124376,0.13244649957875437,0.0016905483613777
2015-12-16,1064.800048828125,1078.699951171875,1064.300048828125,1078.0,81,0.0142063931123357,0.0141064279601127,0.007789651052444504,0.008234962712650546,0.12365687690844429,0.1307259803613792,0.0142063931123357
2015-12-17,1072.5999755859375,1072.5999755859375,1050.5,1050.800048828125,56,-0.02523186565109,-0.0255556471899864,0.012398946276850889,0.009294422765848213,0.19682717020678597,0.14754438730998892,0.02523186565109
2015-12-18,1053.699951171875,1070.300048828125,1052.699951171875,1066.199951171875,253,0.0146554069548476,0.0145490543133004,0.014142575018148106,0.009760604115116166,0.22450641837656807,0.1549447868061062,0.0146554069548476
2015-12-21,1070.199951171875,1081.9000244140625,1070.199951171875,1081.9000244140625,26,0.0147252616405875,0.0146178976671851,0.015289251554991263,0.009801164097164899,0.2427093440808868,0.15558865656019935,0.0147252616405875
2015-12-22,1078.5999755859375,1078.5999755859375,1073.800048828125,1074.800048828125,106,-0.006562506170367,-0.0065841340881427,0.015514165330513557,0.009870704645076942,0.2462797395796744,0.156692578535062,0.006562506170367
2015-12-23,1074.5,1074.800048828125,1069.4000244140625,1069.4000244140625,202,-0.0050242130338106,-0.0050368768269854,0.014930765039357016,0.009906361289472775,0.2370185470684571,0.15725861021701262,0.0050242130338106
2015-12-24,1074.300048828125,1077.800048828125,1073.5,1077.199951171875,24,0.0072937409573057,0.0072672702643836,0.015073936500038207,0.00999366239189156,0.23929132354728283,0.1586444722541039,0.0072937409573057
2015-12-28,1077.9000244140625,1098.800048828125,1070.5,1070.5,361,-0.0062197841399697,-0.0062392075789594,0.014275090145529473,0.010035960372162948,0.22661003080859893,0.1593159318746544,0.0062197841399697
2015-12-29,1079.0999755859375,1079.699951171875,1077.5,1077.5,252,0.0065390004670715,0.0065177139481654,0.009507457970959313,0.010112751240425582,0.15092621634934258,0.1605349491169563,0.0065390004670715
2015-12-30,1068.5999755859375,1070.199951171875,1059.699951171875,1060.0999755859375,71,-0.0161485145374129,-0.0162803227288128,0.010617586395184515,0.01051360868745113,0.16854895875240597,0.1668983638130634,0.0161485145374129
2015-12-31,1061.9000244140625,1062.0,1058.5,1060.300048828125,10,0.0001887305412651,0.000188712733897,0.008236084156912639,0.010215804139979396,0.13074378273713952,0.16217086318157736,0.0001887305412651
2016-01-04,1063.4000244140625,1082.5,1063.199951171875,1075.0999755859375,143,0.0139582439651586,0.0138617247995518,0.010128170884479709,0.010538641302160335,0.16077972837779042,0.1672957442521809,0.0139582439651586
2016-01-05,1075.5999755859375,1081.5,1075.300048828125,1078.4000244140625,82,0.0030695273956511,0.0030648260146564,0.00990742205080837,0.01043518168085434,0.1572754492811789,0.1656533736799054,0.0030695273956511
2016-01-06,1081.5999755859375,1093.699951171875,1081.5999755859375,1091.9000244140625,52,0.012518545710656,0.0124408365820727,0.010611304317700077,0.010673930937644465,0.168449233863962,0.16944340063491445,0.012518545710656
2016-01-07,1091.5999755859375,1109.4000244140625,1091.5999755859375,1107.699951171875,122,0.0144701221765162,0.0143664290629781,0.010823906797069904,0.010813120754137236,0.17182419359513182,0.17165297047174996,0.0144701221765162
2016-01-08,1111.0999755859375,1111.0999755859375,1093.0,1097.800048828125,98,-0.0089373501671428,-0.0089775278482974,0.011963961484372915,0.01091442548611333,0.18992200069683546,0.17326113323640677,0.0089373501671428
2016-01-11,1105.699951171875,1107.9000244140625,1096.5,1096.5,43,-0.0011842309804165,-0.0011849327360058,0.008997327256253036,0.010890766282757302,0.14282814230585186,0.172885555026619,0.0011842309804165
2016-01-12,1093.800048828125,1098.5,1084.0,1085.5999755859375,87,-0.009940742739683,-0.0099904818262874,0.01055524052503059,0.010753954057248478,0.1675592487462107,0.17071372827656123,0.009940742739683
2016-01-13,1081.5,1093.9000244140625,1081.5,1087.5,50,0.001750206758283,0.0017486769311837,0.00947778623588603,0.010645852614751693,0.15045519215751238,0.16899767107727817,0.001750206758283
2016-01-14,1091.5,1091.5,1073.699951171875,1073.9000244140625,59,-0.0125057246767241,-0.0125845793646501,0.010828643650602054,0.010909106078317002,0.17189938881378983,0.17317669025549942,0.0125057246767241
2016-01-15,1085.0,1095.800048828125,1081.800048828125,1091.5,44,0.016388839916025,0.0162559923918094,0.011672843403036162,0.011138532616917246,0.1853006444246075,0.17681872364726706,0.016388839916025
2016-01-19,1089.800048828125,1094.4000244140625,1084.9000244140625,1089.9000244140625,17,-0.0014658502848717,-0.0014669256944553,0.009782670300446623,0.011092014322438266,0.15529507663871572,0.17608026861562956,0.0014658502848717
2016-01-20,1099.800048828125,1109.800048828125,1099.800048828125,1107.0999755859375,30,0.0157812191821189,0.0156579905176128,0.011316243804732604,0.010772525502386079,0.17963980129618703,0.17100854082848824,0.0157812191821189
2016-01-21,1103.5999755859375,1103.5999755859375,1094.0999755859375,1099.0999755859375,16,-0.0072260863304292,-0.0072523209510779,0.011755673782789139,0.010766232674362625,0.186615535939572,0.1709086452805281,0.0072260863304292
2016-01-22,1098.0,1103.199951171875,1097.199951171875,1097.199951171875,4,-0.0017287093588093,-0.0017302053011144,0.010933010180950196,0.01077479820203669,0.17355615612078898,0.1710446188169698,0.0017287093588093
2016-01-25,1099.300048828125,1109.300048828125,1099.300048828125,1106.199951171875,8,0.008202698141198,0.0081692388592,0.01121895339995156,0.010861557462975364,0.17809536400016632,0.17242187938722275,0.008202698141198
2016-01-26,1115.0999755859375,1121.699951171875,1114.300048828125,1121.699951171875,181,0.0140119333612154,0.0139146737005461,0.009682401216437788,0.011072250355786755,0.153703354275862,0.17576652537154913,0.0140119333612154
2016-01-27,1117.800048828125,1117.800048828125,1115.800048828125,1116.0999755859375,168706,-0.0049924006683668,-0.0050049043334806,0.009328167322777027,0.011128456474784968,0.14808006554440317,0.1766587698497254,0.0049924006683668
2016-01-28,1125.4000244140625,1125.699951171875,1109.800048828125,1115.5999755859375,52861,-0.0004479885412931,-0.0004480889181392,0.009250447974837598,0.010878782943634778,0.14684630914416819,0.17269532541545293,0.0004479885412931
2016-01-29,1114.4000244140625,1118.5999755859375,1108.800048828125,1116.4000244140625,6955,0.0007171466884487,0.000716889661639,0.0074615889870037104,0.010862423922453552,0.11844905306994107,0.17243563400502515,0.0007171466884487
2016-02-01,1116.699951171875,1130.0,1115.300048828125,1127.9000244140625,1682,0.0103009671699314,0.0102482737607334,0.007086502893070134,0.010729909099415312,0.11249474592121994,0.17033202640429165,0.0103009671699314
2016-02-02,1128.300048828125,1131.4000244140625,1123.0,1127.300048828125,1230,-0.000531940396268,-0.0005320819267533,0.006946090139336659,0.009477336321570596,0.11026576255753674,0.15044804998917283,0.000531940396268
2016-02-03,1128.5,1146.0,1125.0,1141.300048828125,1630,0.012419053839795,0.0123425699777456,0.007539430763144652,0.00938587637703086,0.11968475295762403,0.1489961683801174,0.012419053839795
2016-02-04,1142.5,1157.5999755859375,1141.0,1157.5999755859375,771,0.0142818943839957,0.0141808688845787,0.007596688524653407,0.009365987787450755,0.12059369174310651,0.1486804468083767,0.0142818943839957
2016-02-05,1155.5999755859375,1174.800048828125,1146.0,1157.800048828125,877,0.0001728345252307,0.0001728195910649,0.006716909599307383,0.009225918513587313,0.10662763427201906,0.1464569160185923,0.0001728345252307
2016-02-08,1173.5,1200.4000244140625,1165.0,1197.9000244140625,931,0.0346346293788162,0.0340483492999052,0.012411284941781425,0.010812066196203628,0.1970230404402865,0.17163622988353736,0.0346346293788162
2016-02-09,1188.699951171875,1199.199951171875,1186.699951171875,1198.699951171875,700,0.0006677742228144,0.0006675513608169,0.012417640838838664,0.010806876528744534,0.1971239371781196,0.17155384646663402,0.0006677742228144
2016-02-10,1189.800048828125,1197.699951171875,1182.0999755859375,1194.699951171875,671,-0.0033369484966521,-0.0033425285262591,0.013441104003704107,0.010728855549725604,0.21337091123973395,0.17031530182145477,0.0033369484966521
2016-02-11,1205.5999755859375,1260.800048828125,1204.5999755859375,1247.9000244140625,995,0.0445300706591673,0.0435670911253648,0.018374992224049702,0.013061496731215098,0.29169395860548697,0.20734483260646927,0.0445300706591673
2016-02-12,1247.800048828125,1247.800048828125,1233.5,1239.0999755859375,250,-0.0070518860934047,-0.0070768681585398,0.02017521188554806,0.01265311724235206,0.3202715597831682,0.20086200919804165,0.0070518860934047
2016-02-16,1233.0999755859375,1233.5999755859375,1193.5999755859375,1207.9000244140625,422,-0.0251795269038895,-0.025501955096164,0.02448040604988352,0.01380140180624792,0.3886143984112372,0.2190904615404579,0.0251795269038895
2016-02-17,1196.5,1212.9000244140625,1196.5,1211.0999755859375,53,0.0026491854517738,0.0026456825451971,0.02439403454242956,0.013686564351400731,0.38724329323672757,0.21726747346013026,0.0026491854517738
2016-02-18,1209.5999755859375,1239.199951171875,1201.5999755859375,1226.0999755859375,315,0.0123854349784318,0.0123093629579548,0.021415573081497368,0.013768568495684084,0.3399616833454273,0.21856924889363272,0.0123854349784318
2016-02-19,1230.800048828125,1232.800048828125,1221.800048828125,1230.4000244140625,76,0.0035070947832538,0.0035009592673835,0.021379329448269917,0.013682888764477047,0.3393863335046517,0.2172091253265966,0.0035070947832538
2016-02-22,1226.0999755859375,1226.0999755859375,1203.0,1209.5,280,-0.0169863654090997,-0.0171322885436758,0.0227321332683684,0.014059176791975707,0.3608614283884841,0.22318251257915156,0.0169863654090997
2016-02-23,1207.4000244140625,1226.0999755859375,1207.4000244140625,1222.300048828125,351,0.0105829258603762,0.0105273186808763,0.014138087974465145,0.013937421933367727,0.2244351887663261,0.22124971411840827,0.0105829258603762
2016-02-24,1230.0,1250.0999755859375,1230.0,1238.699951171875,111,0.0134172475567462,0.0133280334103488,0.015205606079590763,0.014016420526229326,0.24138151332365382,0.22250377790222328,0.0134172475567462
2016-02-25,1239.4000244140625,1241.5,1235.0,1238.199951171875,1349,-0.0004036490027524,-0.0004037304909403,0.01051240113572788,0.013791768856552885,0.1668791945237336,0.21893754320474754,0.0004036490027524
2016-02-26,1232.4000244140625,1239.0999755859375,1212.199951171875,1219.800048828125,656,-0.0148602027696218,-0.0149717217583961,0.01264186689883024,0.014231737386462284,0.20068341553130495,0.22592182709375724,0.0148602027696218
2016-02-29,1218.5999755859375,1241.0,1218.5999755859375,1233.9000244140625,580,0.011559251534285,0.0114929537986121,0.012522144415093573,0.013948726839706384,0.1987828800214438,0.22142917394301007,0.011559251534285
2016-03-01,1240.5,1248.4000244140625,1229.0,1230.300048828125,477,-0.0029175585660977,-0.0029218229364777,0.012540949935706999,0.013837357528543108,0.19908140840635313,0.21966124093687447,0.0029175585660977
2016-03-02,1232.800048828125,1242.5999755859375,1226.0,1241.0999755859375,267,0.00877828686433,0.0087399817100605,0.01028315904482911,0.013821923133950049,0.16324008914845392,0.21941622751849402,0.00877828686433
2016-03-03,1238.4000244140625,1267.9000244140625,1238.0,1257.4000244140625,123,0.0131335501964131,0.0130480529011004,0.010606296851421696,0.013755244234347349,0.16836974280113517,0.2183577328022289,0.0131335501964131
2016-03-04,1263.0,1279.9000244140625,1250.9000244140625,1269.9000244140625,268,0.009941148208443,0.0098920600549066,0.010169806662588612,0.013613721209004117,0.16144067586490338,0.2161111244231428,0.009941148208443
2016-03-07,1259.800048828125,1272.300048828125,1259.699951171875,1263.199951171875,67,-0.005276063558845,-0.0052900311330514,0.010645472662857527,0.013688617977715714,0.16899163952794538,0.21730007376722207,0.005276063558845
2016-03-08,1268.699951171875,1276.300048828125,1261.0,1262.0999755859375,43,-0.0008707850130275,-0.0008711643665365,0.0076437271497491015,0.01371099419276019,0.12134040676721215,0.21765528516896557,0.0008707850130275
2016-03-09,1254.5,1260.0,1244.800048828125,1256.5999755859375,79,-0.0043578164221471,-0.0043673393804047,0.007702219872001842,0.013681454024009512,0.1222689499467397,0.21718634952775853,0.0043578164221471
2016-03-10,1250.0,1273.0,1237.5,1272.0,119,0.012255311724705,0.0121808233598875,0.00800872817938711,0.013658038452084081,0.1271346184834403,0.2168146388470323,0.012255311724705
2016-03-11,1270.0,1280.699951171875,1249.4000244140625,1258.699951171875,87,-0.010456013229658,-0.0105110613951131,0.009564921236601671,0.01390202271937087,0.1518384174118105,0.22068776901735124,0.010456013229658
2016-03-14,1256.0,1258.0,1234.5,1244.4000244140625,58,-0.0113608701934873,-0.0114258978623288,0.009312688560153982,0.014176255935388415,0.14783434780538168,0.2250410863622465,0.0113608701934873
2016-03-15,1228.300048828125,1236.0,1228.0,1230.4000244140625,37,-0.011250401579341,-0.0113141660488677,0.008392883046985143,0.014375963327126729,0.13323288795103633,0.2282113429233721,0.011250401579341
2016-03-16,1229.5,1263.800048828125,1228.9000244140625,1229.300048828125,45,-0.000893998345344,-0.0008943982001956,0.008485979636829878,0.014379184431935298,0.13471075049886042,0.2282624763769942,0.000893998345344
2016-03-17,1261.5,1270.0999755859375,1255.9000244140625,1264.5,27,0.0286341411972046,0.0282318457164577,0.015021772021608884,0.015035593759631746,0.23846323812411055,0.23868265141308162,0.0286341411972046
2016-03-18,1257.0999755859375,1264.4000244140625,1251.5,1253.800048828125,542,-0.0084618040109727,-0.0084978083260425,0.015314161108270342,0.015048203495629249,0.24310477098036373,0.23888282476636705,0.0084618040109727
2016-03-21,1256.199951171875,1256.199951171875,1243.4000244140625,1243.800048828125,1061,-0.0079757533981168,-0.0080077298569733,0.014452366756372162,0.015169801251565397,0.22942420976194772,0.24081312929951051,0.0079757533981168
2016-03-22,1244.0,1252.4000244140625,1243.800048828125,1248.199951171875,20,0.0035374675759947,0.0035312254541069,0.014232915037483347,0.0139083777746274,0.22594052172415496,0.22078865239201234,0.0035374675759947
2016-03-23,1247.699951171875,1247.699951171875,1218.5999755859375,1223.699951171875,28,-0.0196282654690045,-0.019823458291528,0.015510931089311857,0.01443223278763123,0.2462283975922762,0.2291045929167882,0.0196282654690045
2016-03-24,1214.199951171875,1221.4000244140625,1214.199951171875,1221.4000244140625,13,-0.0018794858622083,-0.0018812543119597,0.015004953750172804,0.014420316267380452,0.23819625634189945,0.22891542402232726,0.0018794858622083
2016-03-28,1211.5,1222.199951171875,1210.0,1219.9000244140625,33,-0.0012280988783504,-0.0012288536097643,0.015005267905362085,0.011826006113752403,0.23820124340092297,0.1877320270807097,0.0012280988783504
2016-03-29,1217.800048828125,1235.5999755859375,1217.699951171875,1235.5999755859375,189732,0.0128698670855555,0.0127877541176954,0.010243936525207227,0.012014199850327595,0.1626174509521768,0.19071951003237744,0.0128698670855555
2016-03-30,1241.4000244140625,1245.0,1223.4000244140625,1226.9000244140625,48248,-0.0070410742503854,-0.0070659795894341,0.010137035457538293,0.011128373178471459,0.16092044911254108,0.17665744756174132,0.0070410742503854
2016-03-31,1225.5999755859375,1239.5999755859375,1224.5,1234.199951171875,3377,0.005949895356224,0.0059322646282745,0.010372801647037837,0.011165789028447939,0.16466312134237981,0.17725140576652054,0.005949895356224
2016-04-01,1232.300048828125,1235.199951171875,1209.199951171875,1222.199951171875,1602,-0.0097228978080949,-0.0097704738145909,0.010601577863375192,0.011096641553498359,0.16829483118826954,0.1761537236314926,0.0097228978080949
2016-04-04,1221.699951171875,1222.300048828125,1215.0,1218.0,2038,-0.0034363863031151,-0.0034423042399615,0.0077364716970520124,0.011092370472319809,0.12281268081293677,0.17608592231972572,0.0034363863031151
2016-04-05,1215.4000244140625,1236.699951171875,1215.4000244140625,1228.4000244140625,477,0.0085386078933189,0.0085023601715093,0.008429586728390769,0.010739934680954666,0.1338155408302353,0.17049117757730323,0.0085386078933189
2016-04-06,1230.4000244140625,1230.4000244140625,1217.5999755859375,1222.5,248,-0.0048030155460773,-0.0048145870923245,0.008680816483968507,0.010612026300032175,0.13780368956142472,0.16846069497817226,0.0048030155460773
2016-04-07,1224.800048828125,1242.9000244140625,1224.5999755859375,1236.199951171875,375,0.0112065040260735,0.0111441763775809,0.008294733799875598,0.010523376539800467,0.13167481695571584,0.16705342366202067,0.0112065040260735
2016-04-08,1241.0,1242.800048828125,1232.0,1242.5,409,0.0050963024405177,0.0050833602441758,0.007807769987463512,0.010564183551383537,0.1239445060849341,0.16770121488839987,0.0050963024405177
2016-04-11,1241.5,1258.699951171875,1241.5,1256.699951171875,437,0.0114285321302816,0.0113637197960729,0.008530418458573203,0.010362903900760879,0.13541619492419782,0.16450599949124675,0.0114285321302816
2016-04-12,1260.0,1261.699951171875,1253.699951171875,1259.4000244140625,185,0.0021485424899314,0.0021462376732565,0.006639027333205567,0.010174395632868968,0.1053912916261337,0.1615135235097175,0.0021485424899314
2016-04-13,1256.5,1256.9000244140625,1241.300048828125,1246.800048828125,203,-0.0100047445939979,-0.0100551283841754,0.00819775615898355,0.010342937944824568,0.1301353446325113,0.1641890497666758,0.0100047445939979
2016-04-14,1231.4000244140625,1243.699951171875,1224.5,1225.0,264,-0.0174847994661333,-0.0176394640771105,0.010915097523500386,0.010722228760494903,0.17327180149919408,0.17021010480368312,0.0174847994661333
2016-04-15,1225.699951171875,1235.0,1225.699951171875,1233.0999755859375,97,0.0066122249681122,0.0065904600987256,0.010990467390961963,0.010502676805626374,0.17446826105310148,0.16672482556904186,0.0066122249681122
2016-04-18,1238.699951171875,1241.0999755859375,1232.199951171875,1233.5999755859375,304,0.0004054821262666,0.0004053999406051,0.01008659899868768,0.010315370938649468,0.1601197951497643,0.16375143711029644,0.0004054821262666
2016-04-19,1231.5999755859375,1256.199951171875,1228.800048828125,1253.0,386,0.0157263495444281,0.0156039718779101,0.011698306815528695,0.01071417183308193,0.1857048635665253,0.17008220504608695,0.0157263495444281
2016-04-20,1256.0999755859375,1256.0999755859375,1243.0,1253.199951171875,180,0.000159577950419,0.0001595652192123,0.010807483146773806,0.010713648277603622,0.1715634762293116,0.17007389386052807,0.000159577950419
2016-04-21,1247.699951171875,1270.5999755859375,1247.5999755859375,1249.0,124,-0.0033513815316922,-0.0033570099897029,0.010795633922769656,0.010701685953508965,0.17137537562964714,0.16988399785258715,0.0033513815316922
2016-04-22,1248.5,1248.5,1228.0,1228.699951171875,188,-0.0162530414956965,-0.0163865709917167,0.011857441589391013,0.010827411571239733,0.18823104978601846,0.17187983016026065,0.0162530414956965
2016-04-25,1231.5999755859375,1240.9000244140625,1231.5999755859375,1238.9000244140625,442,0.008301516763681,0.0082672486940734,0.0101350258625835,0.010809918655404474,0.16088854778162298,0.17160213873022778,0.008301516763681
2016-04-26,1239.800048828125,1244.199951171875,1233.0,1242.199951171875,97,0.0026635940695645,0.0026600529894869,0.009920904181743398,0.010624443368658986,0.15748947147476264,0.16865780983176606,0.0026635940695645
2016-04-27,1248.5999755859375,1249.5,1248.5999755859375,1249.199951171875,547,0.005635163641245,0.0056193455039855,0.01005647293536054,0.010454034484935579,0.15964155872049432,0.1659526526665965,0.005635163641245
2016-04-28,1245.9000244140625,1270.0999755859375,1238.5,1265.5,887,0.0130483905421496,0.0129639936637719,0.009474263986190792,0.010694393907312269,0.15039927817701795,0.16976824020787565,0.0130483905421496
2016-04-29,1267.300048828125,1295.5,1267.199951171875,1289.199951171875,464,0.0187277369987159,0.0185545320813554,0.011444691347472405,0.009938681082496396,0.18167884282382815,0.15777167102560613,0.0187277369987159
2016-05-02,1292.0999755859375,1304.4000244140625,1290.4000244140625,1294.699951171875,192,0.0042662117656773,0.0042571372842141,0.010969229427746792,0.009805180951383968,0.1741311188389762,0.1556524221440981,0.0042662117656773
2016-05-03,1292.699951171875,1301.5,1284.5,1290.699951171875,151,-0.0030895189239633,-0.0030943013403382,0.0071380701414514355,0.009688822996587585,0.11331335061129687,0.15380529687536615,0.0030895189239633
2016-05-04,1286.9000244140625,1290.0,1273.0,1273.300048828125,109,-0.0134809816394212,-0.0135726750833218,0.01048132225920808,0.010043801937308895,0.16638583265394152,0.15944041286224853,0.0134809816394212
2016-05-05,1282.9000244140625,1286.0,1270.800048828125,1271.4000244140625,330,-0.0014922047759372,-0.0014933192222766,0.01068322209071337,0.00929516714319428,0.1695908931173946,0.14755620393402463,0.0014922047759372
2016-05-06,1278.5999755859375,1295.5999755859375,1276.9000244140625,1292.9000244140625,305,0.0169104920458913,0.0167691014388753,0.011865633965294798,0.009696721676428138,0.1883610997217475,0.15393068453062908,0.0169104920458913
2016-05-09,1286.5,1286.5,1262.300048828125,1265.5999755859375,341,-0.0211153595116507,-0.0213414774208019,0.014686644375781401,0.010562191680550451,0.23314325167417824,0.16766959491919123,0.0211153595116507
2016-05-10,1265.0999755859375,1267.4000244140625,1258.699951171875,1263.9000244140625,23,-0.00134319785451,-0.0013441007533533,0.012192058267758314,0.010340876203497346,0.19354292487898467,0.1641563206377584,0.00134319785451
2016-05-11,1266.9000244140625,1279.199951171875,1266.9000244140625,1274.5999755859375,50,0.0084658208443626,0.0084301867563686,0.012688833986971133,0.0103226087703995,0.20142899494145888,0.1638663341273479,0.0084658208443626
2016-05-12,1267.0,1281.199951171875,1264.0,1270.300048828125,101,-0.0033735500079825,-0.0033792532582231,0.012692741996618755,0.010318877452442731,0.20149103267135196,0.16380710129109122,0.0033735500079825
2016-05-13,1271.4000244140625,1275.699951171875,1264.5999755859375,1271.9000244140625,66,0.0012595257218273,0.0012587331847161,0.011693471523972555,0.010117718437159378,0.18562810569268107,0.16061380092058083,0.0012595257218273
2016-05-16,1272.800048828125,1287.800048828125,1272.800048828125,1273.4000244140625,44,0.0011793379756328,0.0011786431028753,0.01168399004022271,0.010076978857701311,0.18547759180430914,0.15996708014600045,0.0011793379756328
2016-05-17,1272.5,1281.5999755859375,1270.800048828125,1276.199951171875,16,0.0021987801979985,0.0021963664184186,0.009268045010101492,0.009991105923530893,0.14712565341888995,0.15860388957700233,0.0021987801979985
2016-05-18,1276.4000244140625,1276.4000244140625,1256.800048828125,1273.699951171875,17,-0.001958940679871,-0.0019608619136299,0.0038859177209382093,0.009944371273439315,0.061687031429168364,0.15786200000649073,0.001958940679871
2016-05-19,1248.0,1255.5,1247.5,1254.199951171875,69,-0.0153097281522692,-0.0154281320828269,0.007314017261760403,0.010218822954068993,0.1161064245567098,0.16221878536958984,0.0153097281522692
2016-05-20,1256.5999755859375,1256.5999755859375,1252.4000244140625,1252.4000244140625,44,-0.0014351194609206,-0.0014361502311578,0.006000396071721582,0.010187767647003973,0.09525333464198517,0.1617257976532931,0.0014351194609206
2016-05-23,1251.5999755859375,1251.5999755859375,1247.5,1251.0999755859375,56,-0.0010380459939173,-0.0010385851367957,0.006008095528846198,0.009970755344660145,0.0953755597346768,0.15828083415263314,0.0010380459939173
2016-05-24,1240.0,1240.0,1228.199951171875,1228.9000244140625,20,-0.017744346259361,-0.017903664652127,0.00812665731313718,0.010465229809274976,0.12900668544483204,0.16613037293088903,0.017744346259361
2016-05-25,1219.300048828125,1223.5,1218.5999755859375,1223.5,5,-0.0043941934305332,-0.0044038762744231,0.007696544061298122,0.010343823277123276,0.12217884924507537,0.16420310398121604,0.0043941934305332
2016-05-26,1232.5999755859375,1232.5999755859375,1220.0999755859375,1220.0999755859375,199778,-0.002778932908919,-0.0027828013113244,0.007051401802646779,0.009851669056417383,0.11193753338517559,0.15639039793314452,0.002778932908919
2016-05-27,1220.300048828125,1223.199951171875,1206.4000244140625,1213.800048828125,63739,-0.0051634512612681,-0.0051768279421597,0.0068166643871718806,0.009810064838986783,0.10821119243668385,0.15572995145626756,0.0051634512612681
2016-05-31,1212.5,1217.5999755859375,1199.0,1214.800048828125,6432,0.0008238589222051,0.0008235197367245,0.006171718590583705,0.009811663014616234,0.09797299531535127,0.15575532170786913,0.0008238589222051
2016-06-01,1215.699951171875,1219.800048828125,1205.4000244140625,1211.9000244140625,2717,-0.0023872442356748,-0.0023900982462468,0.0061021685974950455,0.009326241944593723,0.09686892340295815,0.14804950111328652,0.0023872442356748
2016-06-02,1212.4000244140625,1217.0,1209.5999755859375,1209.800048828125,1627,-0.0017327960587778,-0.001734299086413,0.0060385899318823235,0.009324045341969142,0.09585964337555457,0.1480146311276433,0.0017327960587778
2016-06-03,1209.0999755859375,1244.5,1206.4000244140625,1240.0999755859375,1622,0.0250454005082596,0.0247369047882475,0.010627700823673411,0.010462826255759667,0.16870952032701694,0.16609221770170296,0.0250454005082596
2016-06-06,1244.4000244140625,1247.300048828125,1240.0,1244.5999755859375,1135,0.0036287396892122,0.003622171697572,0.010334209612698222,0.010030741351932822,0.1640504917896757,0.15923308249695642,0.0036287396892122
2016-06-07,1244.0,1244.9000244140625,1236.5,1244.4000244140625,281,-0.0001606549701086,-0.0001606678765006,0.010157559889831273,0.009921515999100473,0.16124626437442913,0.15749918377421032,0.0001606549701086
2016-06-08,1247.5999755859375,1264.0,1247.300048828125,1259.800048828125,406,0.0123754613564184,0.0122995113038345,0.010009245338155906,0.010160404014860408,0.1588918438571588,0.16129141345957712,0.0123754613564184
2016-06-09,1262.5,1271.4000244140625,1258.0999755859375,1270.199951171875,381,0.0082552007784284,0.0082213129811248,0.009839307258370988,0.010217000570885718,0.15619416047281431,0.16218985593341134,0.0082552007784284
2016-06-10,1267.5999755859375,1278.0,1265.300048828125,1273.4000244140625,397,0.0025193460598349,0.0025161778276834,0.009264288182766223,0.009952270694973078,0.1470660156338036,0.15798739943576837,0.0025193460598349
2016-06-13,1276.199951171875,1287.300048828125,1273.0,1284.4000244140625,328,0.0086382910233266,0.008601194468236,0.008399018156397896,0.00946505831176314,0.1333302797936702,0.15025314262590078,0.0086382910233266
2016-06-14,1281.800048828125,1289.699951171875,1277.800048828125,1285.5999755859375,554,0.000934250349631,0.0009338142093947,0.004640852776055504,0.009431777823448104,0.07367125390023957,0.1497248312523465,0.000934250349631
2016-06-15,1284.5999755859375,1296.199951171875,1278.800048828125,1285.800048828125,162,0.0001556263581106,0.0001556142495852,0.005004513952784441,0.009415998058904104,0.07944419611092284,0.14947433525596304,0.0001556263581106
2016-06-16,1296.300048828125,1316.4000244140625,1281.0999755859375,1296.0999755859375,251,0.0080105198060926,0.007978605910287,0.004627674973137406,0.009176081275055387,0.07346206276415451,0.1456657743834782,0.0080105198060926
2016-06-17,1280.300048828125,1300.0999755859375,1280.300048828125,1292.5,129,-0.0027775446753712,-0.0027814092101873,0.004605753302700731,0.00918933479006558,0.07311406703436317,0.14587616741176476,0.0027775446753712
2016-06-20,1288.9000244140625,1291.199951171875,1280.300048828125,1290.0,153,-0.0019342359767892,-0.0019361090268664,0.00452699498918648,0.00866429960997302,0.07186381756693777,0.13754149231525525,0.0019342359767892
2016-06-21,1293.9000244140625,1293.9000244140625,1266.300048828125,1270.5,134,-0.0151162790697674,-0.015231694595499,0.00794795381794003,0.008218858045127541,0.12616985540457393,0.1304703266900997,0.0151162790697674
2016-06-22,1267.0,1269.199951171875,1264.9000244140625,1268.0,53,-0.0019677292404565,-0.0019696677630475,0.0069025434030348005,0.008223590059416011,0.10957447954955739,0.1305454450881459,0.0019677292404565
2016-06-23,1263.4000244140625,1270.5,1255.199951171875,1261.199951171875,218,-0.0053628145332216,-0.0053772460418744,0.006895068413700974,0.008127855221728292,0.1094558177725764,0.12902570165418484,0.0053628145332216
2016-06-24,1253.699951171875,1355.5999755859375,1253.699951171875,1320.0,694,0.0466223050306096,0.0455681266251197,0.020010681087654747,0.011783642605646297,0.31765971433774776,0.18705952723803157,0.0466223050306096
2016-06-27,1330.0,1331.699951171875,1320.0,1322.5,92,0.0018939393939394,0.0018921481520379,0.01993594688421805,0.011784051039913528,0.31647334563740365,0.18706601093101963,0.0018939393939394
2016-06-28,1314.800048828125,1315.5999755859375,1314.0999755859375,1315.300048828125,1072,-0.0054441974834593,-0.0054590711345373,0.020090764636766352,0.011849560886445083,0.31893100126808815,0.18810594750511062,0.0054441974834593
2016-06-29,1311.5999755859375,1327.4000244140625,1311.5999755859375,1323.9000244140625,414,0.0065384134924952,0.006517130786711,0.020022242096560425,0.011889271110384545,0.3178432396645643,0.18873632776741364,0.0065384134924952
2016-06-30,1315.800048828125,1323.5,1314.5,1318.4000244140625,560,-0.004154392249093,-0.004163045711473,0.018671977137842112,0.01191669145267674,0.296408447955683,0.18917161220683013,0.004154392249093
2016-07-01,1324.5,1344.199951171875,1321.9000244140625,1336.699951171875,137,0.0138804053541683,0.0137849547754134,0.018583755243623695,0.011710572572294048,0.2950079688019251,0.18589957641878407,0.0138804053541683
2016-07-05,1342.199951171875,1356.800048828125,1339.699951171875,1356.4000244140625,90,0.0147378424192479,0.0146302958020764,0.017761791116585855,0.011908478166721269,0.28195969280137456,0.1890412303343211,0.0147378424192479
2016-07-06,1359.0,1374.9000244140625,1359.0,1364.9000244140625,130,0.0062665879143373,0.0062470344985753,0.007957756555927066,0.011903452228942318,0.12632546904586126,0.18896144604551318,0.0062665879143373
2016-07-07,1366.800048828125,1368.5999755859375,1350.5,1360.0999755859375,207,-0.0035167768644341,-0.0035229752607092,0.008531119557582683,0.011318611317806444,0.13542732452593895,0.17967738440110148,0.0035167768644341
2016-07-08,1361.300048828125,1365.800048828125,1335.0,1356.5999755859375,249,-0.0025733402417658,-0.0025766569730396,0.008054667374594088,0.011279925011884061,0.12786388059912895,0.17906325833341513,0.0025733402417658
2016-07-11,1371.699951171875,1371.800048828125,1353.0,1355.0,26,-0.0011794011607927,-0.0011800972016698,0.008247715056595188,0.011252928777518413,0.1309284175456433,0.1786347063986148,0.0011794011607927
2016-07-12,1353.5999755859375,1356.0,1330.300048828125,1334.0999755859375,252,-0.0154243722613007,-0.0155445654290653,0.01069423922849264,0.011675290535786642,0.16976578475773665,0.1853394914527051,0.0154243722613007
2016-07-13,1341.5,1342.4000244140625,1336.699951171875,1342.4000244140625,7,0.0062214593958593,0.0062021860150816,0.009578957678970759,0.011678683802703992,0.1520612390266147,0.18539335789507733,0.0062214593958593
2016-07-14,1341.4000244140625,1341.4000244140625,1322.699951171875,1331.300048828125,20,-0.0082687540107744,-0.0083031297849206,0.007701540351579902,0.011827596930025872,0.12225816289445625,0.18775728050615687,0.0082687540107744
2016-07-15,1333.699951171875,1333.699951171875,1322.9000244140625,1326.5,52,-0.003605534929823,-0.0036120505371026,0.0066279690727271585,0.011859448647691232,0.10521574718318064,0.1882629108487936,0.003605534929823
2016-07-18,1327.5,1335.0,1326.199951171875,1328.4000244140625,54,0.0014323591511966,0.0014313343033443,0.0069503957423496295,0.01111583554634848,0.11033411188643569,0.1764584188219792,0.0014323591511966
2016-07-19,1328.5,1333.199951171875,1326.4000244140625,1331.5,322,0.0023336160260196,0.0023308973728481,0.007280511250575035,0.011113229375087028,0.1155745331185764,0.17641704713578815,0.0023336160260196
2016-07-20,1331.0,1337.5,1315.5,1318.800048828125,751,-0.0095380782364814,-0.009583857031749,0.00767548856931638,0.011315190079113765,0.12184460367198055,0.17962307392056176,0.0095380782364814
2016-07-21,1312.800048828125,1330.5,1312.800048828125,1330.5,318,0.0088716641937278,0.008832542195506,0.007027638284821991,0.011222086363485043,0.11156029923453296,0.1781450982544237,0.0088716641937278
2016-07-22,1330.699951171875,1330.699951171875,1320.4000244140625,1323.0999755859375,55,-0.0055618372146279,-0.005577361821546,0.006584357021996173,0.01123501312917078,0.10452342734078231,0.1783503042979889,0.0055618372146279
2016-07-25,1315.699951171875,1319.300048828125,1313.800048828125,1319.300048828125,548,-0.0028719876259764,-0.002876119695837,0.006026937640778631,0.011259930570723997,0.09567466898876757,0.17874585641993568,0.0028719876259764
2016-07-26,1315.199951171875,1320.699951171875,1315.199951171875,1320.699951171875,63,0.0010610947411042,0.0010605321779994,0.005984403048896304,0.011172933374371329,0.09499945327533797,0.1773648187420816,0.0010610947411042
2016-07-27,1326.0,1326.5999755859375,1326.0,1326.5999755859375,215388,0.00446734658302,0.0044573976096106,0.0062606384935051385,0.011190945022836461,0.09938455501375598,0.17765074479732793,0.00446734658302
2016-07-28,1339.5,1344.300048828125,1330.0999755859375,1332.300048828125,56908,0.0042967536160776,0.0042875489276916,0.006433426084825863,0.011204343279330344,0.10212747299139098,0.17786343552543596,0.0042967536160776
2016-07-29,1333.199951171875,1353.300048828125,1325.800048828125,1349.0,6076,0.012534677294776,0.0124567685920931,0.006328561648509132,0.011328310799098523,0.10046280167217674,0.17983135889317248,0.012534677294776
2016-08-01,1348.800048828125,1353.5,1345.5999755859375,1351.4000244140625,1257,0.0017791137242864,0.0017775329760739,0.005827734173497803,0.011300946027099733,0.09251241198040638,0.17939695660481578,0.0017791137242864
2016-08-02,1352.0999755859375,1366.0,1346.5999755859375,1364.4000244140625,2941,0.0096196535186807,0.0095736792542859,0.005233402613734373,0.011374840647921342,0.08307769095969944,0.18056999734433213,0.0096196535186807
2016-08-03,1362.4000244140625,1364.699951171875,1353.300048828125,1356.0999755859375,715,-0.0060832957194423,-0.0061018743473597,0.0060546812865098715,0.011022073847846476,0.09611508571117042,0.1749699980015433,0.0060832957194423
2016-08-04,1354.4000244140625,1361.5999755859375,1347.0,1358.800048828125,381,0.0019910576585777,0.0019890781304121,0.005990497936587453,0.010993702539931668,0.09509620661793587,0.17451961745087,0.0019910576585777
2016-08-05,1357.5999755859375,1360.800048828125,1333.699951171875,1336.4000244140625,1107,-0.0164851513166937,-0.0166225434700378,0.009794962309582234,0.01144172480243717,0.1554902062344327,0.1816317503813303,0.0164851513166937
2016-08-08,1330.0,1335.4000244140625,1327.800048828125,1333.4000244140625,587,-0.0022448368341771,-0.0022473602575396,0.009750342021546064,0.007753153096014215,0.15478188112100202,0.1230774898119846,0.0022448368341771
2016-08-09,1331.800048828125,1339.4000244140625,1328.5,1339.0,620,0.0041997716239718,0.0041909771975817,0.008402944347267348,0.007780206983076242,0.13339260614151227,0.12350695695496712,0.0041997716239718
2016-08-10,1344.800048828125,1354.199951171875,1344.300048828125,1344.300048828125,110,0.0039582142106981,0.0039504010913762,0.00856327595924794,0.007724064830903775,0.13593779157712876,0.12261572791866934,0.0039582142106981
2016-08-11,1341.5999755859375,1350.4000244140625,1334.800048828125,1342.5,666,-0.0013390231070021,-0.0013399203995291,0.007260423302529646,0.007654297170956426,0.11525564682931029,0.12150820065201572,0.0013390231070021
2016-08-12,1336.800048828125,1351.800048828125,1333.199951171875,1335.800048828125,113,-0.0049906526419924,-0.0050031475380149,0.0071764430844298835,0.007673306615140774,0.11392250219646467,0.1218099662232558,0.0049906526419924
2016-08-15,1336.5,1340.5999755859375,1333.5999755859375,1340.300048828125,62,0.0033687676564675,0.0033631060701886,0.007325644804537745,0.007268965751661444,0.11629100607599548,0.11539125400525124,0.0033687676564675
2016-08-16,1342.199951171875,1355.0,1341.0,1350.5,338,0.0076101998062247,0.0075813883174767,0.0044416642528690604,0.0068806534953613566,0.07050923412202226,0.10922698803800081,0.0076101998062247
2016-08-17,1345.5,1347.300048828125,1338.5999755859375,1342.699951171875,135,-0.0057756748079415,-0.0057924185196337,0.005091888092011151,0.0068462572270542145,0.08083121757139608,0.1086809642061847,0.0057756748079415
2016-08-18,1351.300048828125,1354.4000244140625,1348.199951171875,1351.199951171875,140,0.0063305282707291,0.0063105746436934,0.005370786887802116,0.006933319890686862,0.08525859869910578,0.11006304114488982,0.0063305282707291
2016-08-19,1350.0999755859375,1350.0999755859375,1338.5999755859375,1340.4000244140625,197,-0.0079928412878093,-0.008024955279562,0.006220555678162082,0.007066731066377345,0.09874826004628567,0.1121808779028524,0.0079928412878093
2016-08-22,1334.4000244140625,1337.699951171875,1333.300048828125,1337.699951171875,117,-0.0020143786877113,-0.0020164102771789,0.006242773891022181,0.00707164628750059,0.09910096324111038,0.11225890461923839,0.0020143786877113
2016-08-23,1337.0,1341.199951171875,1334.300048828125,1340.5999755859375,551,0.0021679184569918,0.002165571912573,0.00596365272947135,0.006488515883622062,0.0946700521663965,0.10300199643573896,0.0021679184569918
2016-08-24,1337.199951171875,1337.199951171875,1322.9000244140625,1324.4000244140625,262,-0.0120841052266873,-0.0121577116054157,0.007419193392954354,0.006756227312537324,0.11777604387870438,0.10725178361997613,0.0120841052266873
2016-08-25,1321.4000244140625,1324.0,1317.0,1320.0999755859375,58,-0.0032467900550118,-0.0032520723145331,0.006185730005581765,0.006616012175389335,0.09819541963295719,0.10502593732233377,0.0032467900550118
2016-08-26,1323.800048828125,1340.5,1320.0999755859375,1321.5,141,0.0010605442314632,0.0010599822517309,0.006256223705426193,0.006589453297711589,0.09931447242566833,0.10460432820971596,0.0010605442314632
2016-08-29,1315.0,1323.0,1315.0,1322.9000244140625,437,0.001059420668984,0.0010588598789471,0.005293954459812857,0.006586804545279768,0.08403892171659662,0.10456228056840092,0.001059420668984
2016-08-30,1322.0,1322.0999755859375,1308.0,1311.699951171875,705,-0.008466303602306,-0.0085023463272623,0.005370737301501453,0.006741547084074018,0.08525781154098583,0.10701874221775501,0.008466303602306
2016-08-31,1310.300048828125,1313.699951171875,1306.300048828125,1306.9000244140625,214,-0.0036593176309294,-0.0036660293121431,0.005352561565718386,0.006551863366241623,0.08496928068032014,0.10400760654689901,0.0036593176309294
2016-09-01,1305.300048828125,1313.0999755859375,1301.5,1312.199951171875,225,0.0040553421522726,0.0040471414160044,0.00571008638952373,0.006376510835080353,0.0906448113082469,0.10122397141158848,0.0040553421522726
2016-09-02,1309.5999755859375,1326.699951171875,1309.199951171875,1322.0999755859375,55,0.00754460050484,0.0075162823500366,0.005335952914663394,0.006462038332221009,0.0847056265184976,0.10258167833774026,0.00754460050484
2016-09-06,1323.300048828125,1349.4000244140625,1323.199951171875,1349.4000244140625,46,0.0206490048651775,0.0204387042359299,0.00927706540573987,0.007453086128263527,0.14726884776040933,0.11831407437198324,0.0206490048651775
2016-09-07,1348.4000244140625,1350.5,1343.9000244140625,1344.300048828125,14,-0.0037794393757715,-0.0037865995033078,0.009634622994595408,0.007499024275474763,0.15294489851738313,0.11904331985125528,0.0037794393757715
2016-09-08,1344.800048828125,1345.4000244140625,1335.699951171875,1336.800048828125,30,-0.0055791116027541,-0.0055947329752397,0.010113303186759064,0.007545361615354626,0.16054371099336898,0.11977890231768565,0.0055791116027541
2016-09-09,1338.5,1338.5,1328.0,1330.0999755859375,35,-0.0050120234870285,-0.0050246258031166,0.009615844174748431,0.007565979354448646,0.1526467939940008,0.12010619877912079,0.0050120234870285
2016-09-12,1327.0,1329.300048828125,1319.9000244140625,1321.0,177,-0.0068415726283498,-0.0068650834818671,0.009997372789589029,0.007278184310957301,0.15870337299153983,0.11553759409731008,0.0068415726283498
2016-09-13,1324.5999755859375,1324.5999755859375,1315.0,1319.0,79,-0.0015140045420136,-0.0015151518050107,0.009988846416758578,0.007264741729291846,0.15856802101897108,0.11532419972891725,0.0015140045420136
2016-09-14,1319.199951171875,1322.300048828125,1319.199951171875,1321.5,73,0.0018953752843062,0.0018935813270292,0.009570784387513138,0.007015956138914696,0.1519314920470764,0.11137485091743132,0.0018953752843062
2016-09-15,1320.699951171875,1320.699951171875,1310.800048828125,1313.5,37,-0.006053726825577,-0.0060721249187493,0.003071824163185515,0.007015225330318815,0.048763696842647794,0.11136324969062718,0.006053726825577
2016-09-16,1312.199951171875,1312.5999755859375,1305.800048828125,1305.800048828125,4,-0.0058621630543395,-0.0058794129797974,0.003164378333949098,0.007044696114354542,0.050232948754501267,0.11183108388363094,0.0058621630543395
2016-09-19,1313.5,1313.5,1313.5,1313.5,20,0.0058967306509025,0.0058794129797973,0.004828547324587543,0.006548946210941811,0.07665081248738949,0.10396129814214468,0.0058967306509025
2016-09-20,1313.699951171875,1313.699951171875,1313.699951171875,1313.699951171875,97,0.0001522277669394,0.0001522161814686,0.004774770961568249,0.006542241562917176,0.07579713918961399,0.10385486515433626,0.0001522277669394
2016-09-21,1326.300048828125,1326.9000244140625,1324.0,1326.9000244140625,76,0.0100480122804393,0.009997866634651,0.005911580000988541,0.0067695360096568106,0.09384342322847189,0.10746305263709079,0.0100480122804393
2016-09-22,1338.5999755859375,1340.4000244140625,1338.199951171875,1340.4000244140625,23,0.0101740897969773,0.0101226821354536,0.006784154607214017,0.006995110232068978,0.1076951156790082,0.111043932405227,0.0101740897969773
2016-09-23,1337.199951171875,1337.199951171875,1337.199951171875,1337.199951171875,40,-0.0023874016591325,-0.0023902560464245,0.007018077133876253,0.007004264382905584,0.11140852066863313,0.11118925004469278,0.0023874016591325
2016-09-26,1335.199951171875,1341.800048828125,1335.199951171875,1339.699951171875,24,0.0018695782914208,0.0018678328051372,0.006141486067957015,0.006951151508777877,0.09749306889709314,0.11034610930654605,0.0018695782914208
2016-09-27,1328.0,1328.699951171875,1325.9000244140625,1325.9000244140625,48,-0.0103007593198322,-0.010354179302007,0.007308198776156524,0.007175288538971383,0.11601405896122056,0.11390417435550161,0.0103007593198322
2016-09-28,1319.4000244140625,1319.4000244140625,1319.4000244140625,1319.4000244140625,10551,-0.004902330402228,-0.0049143862411903,0.007535890273038398,0.0070602546855618765,0.11962854941958143,0.11207806854465152,0.004902330402228
2016-09-29,1321.199951171875,1325.0,1314.699951171875,1321.699951171875,6108,0.0017431610696185,0.001741643527652,0.007541844243809373,0.007009050988929521,0.11972306577542151,0.11126523505967308,0.0017431610696185
2016-09-30,1320.5999755859375,1327.699951171875,1312.9000244140625,1313.300048828125,868,-0.0063553776606425,-0.0063756590495026,0.00672719985322265,0.006965184204299546,0.10679098698874409,0.11056887144199141,0.0063553776606425
2016-10-03,1313.5,1316.800048828125,1308.199951171875,1309.0,299,-0.0032742318345011,-0.0032796038609326,0.004356377810447687,0.0068524291085403696,0.06915535382090796,0.10877893978738708,0.0032742318345011
2016-10-04,1307.5999755859375,1310.199951171875,1266.300048828125,1266.300048828125,1893,-0.0326202835537624,-0.0331641858936562,0.011816347992288095,0.00898956306950269,0.18757870915555003,0.14270488966220743,0.0326202835537624
2016-10-05,1272.0999755859375,1274.0,1261.300048828125,1265.199951171875,246,-0.0008687495963283,-0.0008691271779573,0.011487828191292284,0.008960539715307024,0.18236361899037795,0.14224415819771935,0.0008687495963283
2016-10-06,1265.300048828125,1265.300048828125,1249.800048828125,1249.800048828125,114,-0.0121719119017401,-0.0122465962745548,0.011569522092805266,0.008963998488487432,0.18366046947258166,0.1422990645197798,0.0121719119017401
2016-10-07,1253.9000244140625,1263.5999755859375,1248.9000244140625,1248.9000244140625,169,-0.0007201347246756,-0.0007203941462396,0.011881024486983858,0.008962696042574441,0.18860541667936828,0.14227838883188848,0.0007201347246756
2016-10-11,1258.9000244140625,1258.9000244140625,1253.0,1253.0,26,0.0032828693296416,0.0032774924785764,0.01209838553288799,0.008996337605986721,0.19205591631241967,0.1428124320949143,0.0032828693296416
2016-10-12,1251.699951171875,1254.0,1251.0999755859375,1251.0999755859375,127,-0.001516380218725,-0.0015175310867917,0.012313197456001849,0.008981043876381559,0.19546594987568444,0.14256965166399074,0.001516380218725
2016-10-13,1258.699951171875,1259.0,1255.0,1255.0,315,0.003117276388912,0.0031124277566076,0.012847190614627533,0.00893429295434584,0.203942828472885,0.14182750378437387,0.003117276388912
2016-10-14,1253.9000244140625,1253.9000244140625,1250.5999755859375,1253.0999755859375,311,-0.0015139636765437,-0.0015151108775773,0.005149275299658111,0.008924439260335417,0.08174221125061776,0.14167108124129243,0.0015139636765437
2016-10-17,1249.9000244140625,1255.0,1249.9000244140625,1254.4000244140625,41,0.0010374661666696,0.0010369283705775,0.005236920405686893,0.008878163994059815,0.08313353417572203,0.1409364841627812,0.0010374661666696
2016-10-18,1260.9000244140625,1261.699951171875,1260.800048828125,1260.800048828125,11,0.0051020601797675,0.0050890887726205,0.00263553862899129,0.008803605709349158,0.041837878698090476,0.1397529080856375,0.0051020601797675
2016-10-19,1262.9000244140625,1271.5,1262.9000244140625,1267.9000244140625,219,0.0056313255956301,0.0056155289579083,0.0029199553359858924,0.00787631363252451,0.046352853950608335,0.12503260271764577,0.0056313255956301
2016-10-20,1270.0,1270.5,1265.5,1265.5999755859375,415,-0.00181406166404,-0.0018157090665284,0.0032147576188740535,0.00786955282024485,0.05103269510934545,0.12492527814992915,0.00181406166404
2016-10-21,1265.9000244140625,1265.9000244140625,1265.9000244140625,1265.9000244140625,224,0.0002370803049249,0.0002370522058305,0.0030081493090557726,0.007849410135155166,0.04775288986987412,0.1246055229370228,0.0002370803049249
2016-10-24,1269.199951171875,1269.199951171875,1261.800048828125,1262.0,42,-0.0030808312969798,-0.0030855868275568,0.0034027267320503284,0.007829925074157256,0.05401661227510012,0.12429620718293444,0.0030808312969798
2016-10-25,1264.0999755859375,1274.0999755859375,1264.0999755859375,1271.9000244140625,61,0.0078447103122523,0.0078141005512344,0.004107618353707953,0.007956775677021424,0.06520641986805475,0.1263098980759577,0.0078447103122523
2016-10-26,1274.0,1274.0,1264.800048828125,1264.800048828125,279,-0.0055821805563753,-0.0055978191517196,0.005055518762353187,0.007996336749510703,0.08025387236164548,0.12693791063239146,0.0055821805563753
2016-10-27,1269.4000244140625,1269.4000244140625,1267.9000244140625,1267.9000244140625,338,0.0024509609948304,0.0024479622887396,0.0048068964068972144,0.0080047904582635,0.07630711482419986,0.12707210909848787,0.0024509609948304
2016-10-28,1270.300048828125,1281.5,1262.0,1275.5,560,0.0059941442066377,0.0059762507924528,0.004869071113958206,0.008062569588696625,0.0772941077005299,0.12798932435906155,0.0059941442066377
2016-10-31,1276.5999755859375,1276.5999755859375,1271.5,1271.5,58,-0.0031360250882006,-0.0031409527196917,0.005013753425476552,0.00802050667827173,0.07959086819285502,0.12732159635663842,0.0031360250882006
2016-11-01,1279.300048828125,1290.699951171875,1279.0,1286.4000244140625,49,0.011718461985106,0.0116503325411206,0.006503223674927935,0.008256467976208737,0.10323547538452123,0.13106736583690246,0.011718461985106
2016-11-02,1288.300048828125,1307.0,1288.300048828125,1306.800048828125,30,0.0158582276328504,0.0157337996882696,0.007711370887960097,0.00879051466300344,0.12241421782155447,0.13954509416744315,0.0158582276328504
2016-11-03,1296.4000244140625,1303.0999755859375,1287.300048828125,1302.0999755859375,73,-0.0035966276909786,-0.0036031111066422,0.008209600667305602,0.008596164033655092,0.13032337037304323,0.13645987357301545,0.0035966276909786
2016-11-04,1300.0,1303.300048828125,1296.699951171875,1303.300048828125,11,0.0009216444702315,0.0009212200167436,0.007348219793277208,0.008359268340079575,0.1166493729123237,0.13269927102183757,0.0009216444702315
2016-11-07,1292.0,1294.5,1278.300048828125,1278.300048828125,34,-0.0191820755492788,-0.0193684386299867,0.011588760512042077,0.0090000524686798,0.1839658699100933,0.1428714037119581,0.0191820755492788
2016-11-08,1284.0999755859375,1289.4000244140625,1273.199951171875,1273.4000244140625,50,-0.0038332349424179,-0.0038406006164108,0.011509765261246117,0.00898749940848671,0.18271185917992558,0.14267213005917567,0.0038332349424179
2016-11-09,1272.199951171875,1318.5999755859375,1270.0,1272.5999755859375,108,-0.0006282776918377,-0.0006284751409729,0.011441191783245099,0.008838762857213009,0.18162328896397287,0.14031101050596195,0.0006282776918377
2016-11-10,1274.4000244140625,1287.5,1253.300048828125,1265.5,63,-0.0055791102641413,-0.0055947316291167,0.010349584914224986,0.00884905642625158,0.16429456713471038,0.14047441584863796,0.0055791102641413
2016-11-14,1227.800048828125,1229.5,1210.4000244140625,1221.199951171875,216,-0.035005965095318,-0.0356333591081817,0.012999532708937332,0.010746169251128118,0.20636118424738786,0.17059014831056526,0.035005965095318
2016-11-15,1224.300048828125,1226.0,1222.5,1224.0,20,0.0022928668032111,0.0022902421952745,0.013625179293232243,0.010757283648510465,0.21629301587135594,0.1707665838992415,0.0022928668032111
2016-11-16,1229.300048828125,1229.300048828125,1223.0,1223.4000244140625,66,-0.0004901761323018,-0.0004902963078952,0.013468280239297335,0.010760489041752355,0.21380232060543747,0.17081746793947472,0.0004901761323018
2016-11-17,1224.5999755859375,1225.0,1211.0,1216.5,1139,-0.0056400394608192,-0.0056560045407988,0.012698838550311333,0.009134555806363178,0.20158781246090265,0.1450065780040683,0.0056400394608192
2016-11-18,1211.9000244140625,1211.9000244140625,1207.199951171875,1208.5,607,-0.0065762433210029,-0.0065979620800396,0.012627550976097121,0.00918465609132922,0.20045615730326347,0.14580189537186997,0.0065762433210029
2016-11-21,1209.5999755859375,1209.5999755859375,1209.5999755859375,1209.5999755859375,19,0.0009101990781443,0.0009097850981472,0.012777057881865084,0.008967808397140571,0.20282950585495627,0.14235954494466427,0.0009101990781443
2016-11-22,1210.4000244140625,1211.0999755859375,1207.5999755859375,1211.0,19,0.0011574276143517,0.0011567583114072,0.013163433930062368,0.008976736134282648,0.20896303547144776,0.14250126837815522,0.0011574276143517
2016-11-23,1212.800048828125,1213.800048828125,1186.800048828125,1189.0999755859375,309,-0.0180842480710673,-0.0182497666411063,0.007187592559012903,0.00946085499562286,0.11409949461843891,0.150186417050767,0.0180842480710673
2016-11-25,1177.0,1189.300048828125,1177.0,1178.199951171875,14,-0.0091666173054048,-0.0092088892673848,0.00687316536371613,0.009558348358422404,0.10910811763329412,0.15173407620544893,0.0091666173054048
2016-11-28,1188.0,1190.5999755859375,1188.0,1190.5999755859375,189914,0.0105245501001158,0.0104695525690085,0.009090999162262558,0.009786820724688769,0.14431513771465956,0.15536096258099652,0.0105245501001158
2016-11-29,1193.199951171875,1194.800048828125,1179.4000244140625,1187.9000244140625,42124,-0.0022677231876695,-0.0022702983658282,0.009068994950259068,0.009787273957005927,0.1439658316781165,0.15536815742098053,0.0022677231876695
2016-11-30,1187.0999755859375,1193.300048828125,1167.9000244140625,1170.800048828125,7158,-0.014395130258855,-0.0144997453251275,0.00996840903988647,0.010038983237983431,0.15824358771904648,0.15936391838190067,0.014395130258855
2016-12-01,1172.699951171875,1174.5999755859375,1160.0,1166.9000244140625,1588,-0.0033310764019578,-0.0033366367884376,0.009712171755005279,0.009943716665633009,0.15417594692453823,0.15785160842972012,0.0033310764019578
2016-12-02,1172.300048828125,1177.300048828125,1166.4000244140625,1175.0999755859375,1521,0.00702712400404,0.0070025488295214,0.010557125947430185,0.009986385801734018,0.16758917889892452,0.15852895996640756,0.00702712400404
2016-12-05,1181.800048828125,1186.699951171875,1157.0,1174.0,358,-0.000936069788776,-0.0009365081756959,0.008621928558545553,0.009989695983008397,0.1368688727260628,0.15858150746508684,0.000936069788776
2016-12-06,1170.9000244140625,1174.5,1167.0999755859375,1167.5999755859375,652,-0.0054514688365098,-0.0054663823176939,0.008196156454991683,0.009990872300911583,0.13010995011890852,0.15860018093289435,0.0054514688365098
2016-12-07,1167.699951171875,1178.5,1166.4000244140625,1175.0,182,0.0063378079554592,0.0063178085079115,0.007296084756538391,0.010123713138572755,0.11582175486149894,0.16070896385532413,0.0063378079554592
2016-12-08,1173.800048828125,1177.800048828125,1169.0999755859375,1169.800048828125,322,-0.0044254903590426,-0.0044353118287595,0.007361494611200231,0.009944832124595163,0.11686010411386757,0.15786931579178948,0.0044254903590426
2016-12-09,1166.5999755859375,1168.800048828125,1156.0,1159.4000244140625,365,-0.0088904291160536,-0.0089301847863701,0.006007030175325599,0.009995679672612529,0.09535864777183356,0.15867649559277766,0.0088904291160536
2016-12-12,1158.300048828125,1163.9000244140625,1153.0,1163.5,331,0.003536290753495,0.0035300527792166,0.006193427680861607,0.010017457880995038,0.09831761643973995,0.15902221393306162,0.003536290753495
2016-12-13,1163.5,1164.0,1155.4000244140625,1156.699951171875,637,-0.005844476861302,-0.0058616226542922,0.005491734908427547,0.009891006561405508,0.08717858900394816,0.15701486146552254,0.005844476861302
2016-12-14,1159.800048828125,1164.0,1142.0,1161.300048828125,487,0.0039769152333668,0.0039690282097477,0.00597840362775046,0.00997761163128122,0.09490421541716451,0.1583896743285336,0.0039769152333668
2016-12-15,1139.800048828125,1143.300048828125,1123.9000244140625,1127.800048828125,244,-0.0288469806178042,-0.0292712336296997,0.012019113993920302,0.010644967746786485,0.19079751964349645,0.16898362423380375,0.0288469806178042
2016-12-16,1126.9000244140625,1140.9000244140625,1126.9000244140625,1135.300048828125,146,0.0066501149807478,0.0066281005113914,0.012068172225168422,0.01016498997414879,0.1915762949213558,0.1613642133063755,0.0066501149807478
2016-12-19,1139.4000244140625,1140.699951171875,1137.9000244140625,1140.5,249,0.0045802439427731,0.0045697865449492,0.012587925417291375,0.010302294751100597,0.19982712105829165,0.16354385906818952,0.0045802439427731
2016-12-20,1133.5,1133.5,1126.5,1131.5,46,-0.0078912757562472,-0.0079225766508506,0.012522750900736153,0.010272240327365626,0.19879250768254778,0.163066759882189,0.0078912757562472
2016-12-21,1136.0999755859375,1136.0999755859375,1130.0,1131.0999755859375,50,-0.0003535346125165,-0.0003535971206106,0.012246628769772488,0.009922936768558014,0.19440920474248138,0.1575217377901404,0.0003535346125165
2016-12-22,1131.199951171875,1132.800048828125,1128.300048828125,1128.800048828125,104,-0.0020333540866899,-0.0020354241577117,0.012233662922243673,0.009929553115843434,0.1942033782938908,0.15762676904716955,0.0020333540866899
2016-12-23,1130.9000244140625,1132.800048828125,1130.300048828125,1131.9000244140625,70,0.0027462574874583,0.002742493412203,0.012117995217646838,0.009987558798773978,0.19236721040738136,0.15854758071714564,0.0027462574874583
2016-12-27,1134.300048828125,1142.199951171875,1134.300048828125,1137.300048828125,84,0.0047707609308145,0.0047594169162982,0.005029740007042622,0.010103813994549283,0.07984464730768225,0.16039307473698916,0.0047707609308145
2016-12-28,1141.199951171875,1141.199951171875,1138.0,1139.4000244140625,1570,0.0018464569557534,0.0018447543496458,0.004459118115121225,0.008203253293024966,0.07078630559564308,0.13022260893009435,0.0018464569557534
2016-12-29,1143.800048828125,1158.800048828125,1143.5999755859375,1156.4000244140625,950,0.0149201330838502,0.0148099227809,0.007009895778556252,0.008751382980675999,0.11127864567924806,0.13892389796851123,0.0149201330838502
2016-12-30,1162.0,1162.0,1150.0,1150.0,16,-0.0055344381519754,-0.005549809897021,0.006493138211857337,0.00877269496550538,0.10307537362167085,0.13926221523933355,0.0055344381519754
2017-01-03,1155.199951171875,1160.800048828125,1146.5,1160.4000244140625,52,0.0090434994904891,0.0090028519293036,0.006807832724391137,0.008971289695304639,0.10807099413639765,0.142414808839755,0.0090434994904891
2017-01-04,1156.300048828125,1165.0,1156.300048828125,1163.800048828125,36,0.0029300451073148,0.0029257608917391,0.0063571635861016385,0.008954898688251913,0.10091684335548291,0.1421546096693585,0.0029300451073148
2017-01-05,1172.0,1183.300048828125,1171.5,1179.699951171875,500,0.0136620567766432,0.0135695722791674,0.007173457383975014,0.009353118495698875,0.11387510567110717,0.14847615313522664,0.0136620567766432
2017-01-06,1176.5,1176.5,1171.9000244140625,1171.9000244140625,16,-0.0066117886586876,-0.0066337433600607,0.008627597209004894,0.009404713762118605,0.1369588597623714,0.149295202597875,0.0066117886586876
2017-01-09,1173.9000244140625,1183.5999755859375,1173.0,1183.5,62,0.0098984344605141,0.0098497658565933,0.008777949086736932,0.009037535286079609,0.1393456218281548,0.14346642499162576,0.0098984344605141
2017-01-10,1184.300048828125,1188.9000244140625,1182.300048828125,1184.199951171875,8,0.0005914247333123,0.0005912499106309,0.007826802314725446,0.00887475896936819,0.12424663491376933,0.14088243107152876,0.0005914247333123
2017-01-11,1187.5,1197.0,1176.5,1195.5999755859375,20,0.0096267732512411,0.0095807311251879,0.006986745197537335,0.00884021689425718,0.11091114159875183,0.14033409262845767,0.0096267732512411
2017-01-12,1192.699951171875,1204.300048828125,1192.300048828125,1198.9000244140625,110,0.0027601613378318,0.0027563590874691,0.006872016711339697,0.008839917168724674,0.10908988334210869,0.14032933463313416,0.0027601613378318
2017-01-13,1195.699951171875,1196.0,1187.699951171875,1195.300048828125,65,-0.0030027320982806,-0.0030072493432917,0.007465990143070181,0.008419564144308696,0.11851891925653946,0.1336564372403829,0.0030027320982806
2017-01-17,1205.5,1214.5999755859375,1200.800048828125,1212.0,79,0.0139713465152517,0.013874646895225,0.007534364081707919,0.008719411490612458,0.11960432188330013,0.13841636629799742,0.0139713465152517
2017-01-18,1213.5999755859375,1214.699951171875,1203.0999755859375,1211.300048828125,114,-0.0005775174685437,-0.0005776842959905,0.0063909178277018,0.008657547398360265,0.10145267532928862,0.13743430427889305,0.0005775174685437
2017-01-19,1200.5,1204.0,1195.800048828125,1200.9000244140625,26,-0.0085858367001008,-0.0086229073368269,0.0076123351404155555,0.0088289668275493,0.12084207406810507,0.14015550335600604,0.0085858367001008
2017-01-20,1202.800048828125,1212.0999755859375,1202.800048828125,1204.300048828125,38,0.0028312301981352,0.0028272298148097,0.007584793873566891,0.008756156519620964,0.12040487001086567,0.13899967555004356,0.0028312301981352
2017-01-23,1212.0,1215.0,1210.0,1215.0,16,0.008884788456404,0.0088455509633968,0.007471830818556744,0.008821107041082531,0.11861163710549591,0.1400307331139112,0.008884788456404
2017-01-24,1219.0,1219.0,1207.699951171875,1210.300048828125,24,-0.0038682725694444,-0.0038757736862718,0.007819552420315429,0.008809532015392873,0.12413154640792703,0.13984698527754708,0.0038682725694444
2017-01-25,1202.0,1202.800048828125,1194.9000244140625,1197.300048828125,403,-0.0107411381273488,-0.0107992405837165,0.009000147057972351,0.008888557599224042,0.1428729052704268,0.14110147752972083,0.0107411381273488
2017-01-26,1199.699951171875,1199.699951171875,1185.5999755859375,1189.5,19,-0.0065146984966378,-0.0065360117616481,0.0068861104577149545,0.008982920198447986,0.10931361462980958,0.14259943735339412,0.0065146984966378
2017-01-27,1187.9000244140625,1188.300048828125,1187.9000244140625,1188.0999755859375,234352,-0.001176985636034,-0.0011776788275988,0.006859672981403828,0.00890437441709311,0.10889393270414116,0.14135256172940458,0.001176985636034
2017-01-30,1191.699951171875,1198.5,1187.0999755859375,1193.199951171875,50503,0.0042925475050383,0.0042833608031836,0.006756316889703093,0.008908282170101133,0.10725320561339878,0.14141459538527035,0.0042925475050383
2017-01-31,1194.9000244140625,1214.699951171875,1193.5,1208.5999755859375,3212,0.0129064909858047,0.0128239120085774,0.008525070483022274,0.007189551043587144,0.13533129844424535,0.11413058459721889,0.0129064909858047
2017-02-01,1211.9000244140625,1211.9000244140625,1197.9000244140625,1205.5999755859375,1145,-0.0024822108725806,-0.0024852966654386,0.00771480952230873,0.007193837085418919,0.12246880444957146,0.11419862340199308,0.0024822108725806
2017-02-02,1209.699951171875,1224.199951171875,1208.9000244140625,1216.699951171875,1512,0.0092070137779678,0.0091648876000605,0.008473736482271538,0.007299227918510817,0.13451639644551464,0.11587165101095555,0.0092070137779678
2017-02-03,1214.9000244140625,1220.5999755859375,1206.199951171875,1218.5,865,0.0014794517139506,0.0014783584034642,0.0067962596875134635,0.0070494412399043135,0.10788727787144503,0.11190641041649779,0.0014794517139506
2017-02-06,1221.9000244140625,1235.4000244140625,1218.5,1230.0,908,0.0094378334017233,0.0093935753012021,0.005869190445641791,0.007139046068495563,0.09317050989866722,0.11332884297283588,0.0094378334017233
2017-02-07,1234.199951171875,1236.199951171875,1228.5,1234.199951171875,1177,0.0034145944486787,0.0034087779579315,0.005319514763920839,0.007080313431512956,0.08444467896522603,0.11239649126504181,0.0034145944486787
2017-02-08,1232.0999755859375,1243.9000244140625,1231.0,1237.5999755859375,288,0.0027548408269131,0.00275105320752,0.0054070365711805955,0.0070803028226421455,0.0858340445830515,0.11239632285443868,0.0027548408269131
2017-02-09,1239.4000244140625,1243.5,1226.9000244140625,1235.0999755859375,885,-0.0020200388245938,-0.0020220818548175,0.004790315072155308,0.007130262771255399,0.07604389429540424,0.11318941245170408,0.0020200388245938
2017-02-10,1227.5999755859375,1234.4000244140625,1221.5,1234.4000244140625,391,-0.0005667162057411,-0.000566876850066,0.004460796126090463,0.007154705629024315,0.07081294319397415,0.11357743078963374,0.0005667162057411
2017-02-13,1230.5,1231.0999755859375,1219.0,1224.4000244140625,398,-0.0081011015896137,-0.0081340938161608,0.005395836356527927,0.007032103274384102,0.08565624668744248,0.11163117874646003,0.0081011015896137
2017-02-14,1225.9000244140625,1233.5,1222.0999755859375,1223.9000244140625,159,-0.0004083632718312,-0.0004084466748187,0.005410030098858883,0.00690560726637643,0.08588156536172871,0.10962311687227562,0.0004083632718312
2017-02-15,1225.5,1231.699951171875,1217.300048828125,1231.699951171875,175,0.0063730097248315,0.0063527879685143,0.0046504729602863245,0.0068298278472767515,0.07382396959048783,0.1084201558876675,0.0063730097248315
2017-02-16,1234.5,1240.699951171875,1233.199951171875,1240.0,87,0.0067386938030062,0.0067160902945164,0.0051730047722995335,0.006882671960376218,0.08211890495072925,0.10925903017675725,0.0067386938030062
2017-02-17,1240.699951171875,1241.199951171875,1234.800048828125,1237.5999755859375,301,-0.0019355035597278,-0.0019373790671676,0.005163442633239841,0.006563952571486449,0.08196711069900667,0.10419951673065639,0.0019355035597278
2017-02-21,1237.300048828125,1237.5,1228.0999755859375,1237.5,119,-8.078182604209783e-05,-8.078508906953723e-05,0.005087750773334511,0.006387481849063757,0.08076553967351802,0.10139813085937027,8.078182604209783e-05
2017-02-22,1236.0999755859375,1238.5999755859375,1231.800048828125,1232.0,36,-0.0044444444444444,-0.0044543503493803,0.005398027629690012,0.0062994450599326195,0.0856910320704914,0.10000059015777653,0.0044444444444444
2017-02-23,1236.0999755859375,1250.300048828125,1236.0999755859375,1250.199951171875,112,0.0147726876395088,0.014664634347995,0.0066437724237044995,0.006755450613357739,0.10546661760258572,0.10723945390273999,0.0147726876395088
2017-02-24,1250.0,1258.800048828125,1250.0,1256.9000244140625,1264,0.0053592013308809,0.0053448919133608,0.0065065331146704755,0.006629398034402418,0.10328801111174751,0.10523843124653531,0.0053592013308809
2017-02-27,1254.699951171875,1263.0999755859375,1250.4000244140625,1257.4000244140625,544,0.0003978041135237,0.000397725010445,0.0065086626888078095,0.006630269135651187,0.10332181705314268,0.1052522595501613,0.0003978041135237
2017-02-28,1253.5999755859375,1257.300048828125,1247.199951171875,1252.5999755859375,721,-0.0038174397446523,-0.003824744764663,0.006710400247141372,0.006651450711661631,0.10652430150985463,0.10558850664516159,0.0038174397446523
2017-03-01,1247.800048828125,1248.9000244140625,1236.9000244140625,1248.9000244140625,138,-0.0029538170557158,-0.002958188183111,0.00680673930279464,0.006271409690139088,0.10805363660666278,0.09955554245945201,0.0029538170557158
2017-03-02,1247.199951171875,1247.5999755859375,1230.699951171875,1231.9000244140625,79,-0.013611978275023,-0.0137054706313458,0.008877026080008872,0.006813892624056593,0.14091842033722823,0.10816719206130646,0.013611978275023
2017-03-03,1231.699951171875,1235.199951171875,1222.9000244140625,1225.5,121,-0.0051952466005563,-0.0052087888179787,0.008935365518623194,0.006683408988495341,0.1418445302144319,0.10609582856215452,0.0051952466005563
2017-03-06,1235.199951171875,1235.199951171875,1224.5,1224.5,29,-0.0008159934720521,-0.0008163265759448,0.005834894456144687,0.006676429806672827,0.09262607794360991,0.10598503748541206,0.0008159934720521
2017-03-07,1224.300048828125,1225.4000244140625,1213.699951171875,1215.0999755859375,53,-0.0076766226329624,-0.0077062395698814,0.0047142454871829526,0.006650378620067627,0.07483632707036776,0.10557148771871909,0.0076766226329624
2017-03-08,1212.199951171875,1212.199951171875,1206.699951171875,1208.5,24,-0.0054316317328167,-0.0054464366788032,0.004118044887229792,0.006687949774856425,0.06537193595646634,0.10616791131096312,0.0054316317328167
2017-03-09,1204.5,1205.5999755859375,1202.300048828125,1202.4000244140625,37,-0.0050475594422321,-0.0050603414003299,0.004052876815157287,0.006450008786059013,0.06433742488371405,0.10239071521256259,0.0050475594422321
2017-03-10,1196.199951171875,1203.300048828125,1196.199951171875,1200.699951171875,3,-0.0014138998733104,-0.0014149003729183,0.004270278421647079,0.006334133152951066,0.06778856839610155,0.10055124656326785,0.0014138998733104
2017-03-13,1206.199951171875,1210.0,1202.300048828125,1202.4000244140625,35,0.0014159018167096,0.0014149003729183,0.003218435109215763,0.006330524874228364,0.051091073458703486,0.10049396691430018,0.0014159018167096
2017-03-14,1203.0999755859375,1205.9000244140625,1196.800048828125,1201.9000244140625,22,-0.00041583498823,-0.0004159214715748,0.003293111988877345,0.006289392055539103,0.05227653217232855,0.09984100366045082,0.00041583498823
2017-03-15,1198.199951171875,1221.199951171875,1197.699951171875,1200.0999755859375,36,-0.00149766934983,-0.0014987919775942,0.0032352915676626555,0.005823299246896681,0.051358661440918114,0.09244200970319003,0.00149766934983
2017-03-16,1222.199951171875,1231.4000244140625,1222.199951171875,1226.5,47,0.0219981876103054,0.0217597184045053,0.00941748624789478,0.0070757277218178715,0.1494979595238022,0.11232369538041422,0.0219981876103054
2017-03-17,1227.0999755859375,1230.9000244140625,1227.0999755859375,1229.800048828125,26,0.0026906227705869,0.002687009524943,0.008927029228063392,0.006900147983176497,0.14171219570436386,0.10953645343817346,0.0026906227705869
2017-03-20,1229.300048828125,1234.4000244140625,1229.300048828125,1233.5999755859375,23,0.0030898736436328,0.003085109794671,0.008281903497646211,0.00691524450583597,0.13147114222204728,0.10977610330588636,0.0030898736436328
2017-03-21,1226.4000244140625,1246.0999755859375,1226.4000244140625,1246.0999755859375,11,0.0101329444288151,0.0100819503382853,0.008244508665244676,0.006947543648585667,0.1308775176609269,0.110288836301544,0.0101329444288151
2017-03-22,1247.9000244140625,1249.5,1247.699951171875,1249.300048828125,3,0.0025680710255071,0.0025647791657264,0.008164105783388626,0.006936827095642405,0.12960116148042278,0.11011871629754562,0.0025680710255071
2017-03-23,1246.4000244140625,1247.5,1244.800048828125,1246.9000244140625,16,-0.0019210952695581,-0.0019229429398218,0.00836357252961329,0.006935287435741235,0.13276759791244896,0.11009427495433294,0.0019210952695581
2017-03-24,1248.0,1248.300048828125,1247.5999755859375,1248.199951171875,3,0.0010425268524822,0.0010419837987625,0.00806970047509119,0.006922904084888762,0.1281025236712264,0.10989769535381312,0.0010425268524822
2017-03-27,1255.800048828125,1257.699951171875,1253.800048828125,1255.4000244140625,72,0.0057683652650584,0.0057517919495583,0.0037876702536680817,0.006989494136101938,0.060127401237136065,0.11095477964561982,0.0057683652650584
2017-03-28,1255.9000244140625,1255.9000244140625,1255.300048828125,1255.300048828125,19,-7.963643778341467e-05,-7.963960893288656e-05,0.0040051567881085786,0.006796477144507847,0.0635798929389451,0.10789072989421297,7.963643778341467e-05
2017-03-29,1252.199951171875,1253.4000244140625,1252.0999755859375,1253.4000244140625,190678,-0.0015136018004908,-0.0015147484528922,0.004340891837073109,0.00680654035952534,0.06890952161475455,0.10805047848016931,0.0015136018004908
2017-03-30,1253.0999755859375,1253.5999755859375,1241.0999755859375,1245.0,51328,-0.0067017905301137,-0.006724348370036,0.003910620257963327,0.00685689288270473,0.062079172047493324,0.10884980000547301,0.0067017905301137
2017-03-31,1242.0999755859375,1248.800048828125,1238.699951171875,1247.300048828125,8223,0.0018474287776104,0.0018457243799123,0.0038368639584270585,0.0067579376786476705,0.06090832709030919,0.10727893484024922,0.0018474287776104
2017-04-03,1247.5,1252.4000244140625,1243.5999755859375,1250.800048828125,1160,0.0028060609821096,0.0028021313424812,0.003903507584447342,0.006761290561238515,0.061966261855812776,0.10733216020131267,0.0028060609821096
2017-04-04,1253.0999755859375,1260.300048828125,1253.0,1255.0,724,0.0033578118067791,0.0033521869446828,0.004056885420060966,0.006782398670470194,0.06440105951379074,0.10766724104735552,0.0033578118067791
2017-04-05,1255.4000244140625,1255.4000244140625,1243.0,1245.4000244140625,907,-0.007649382937002,-0.0076787895241424,0.004458991930950116,0.006887238113923156,0.0707843024840262,0.10933151561715726,0.007649382937002
2017-04-06,1256.0999755859375,1257.5,1249.0,1250.300048828125,169,0.0039344984085478,0.0039267785123386,0.004857402301976269,0.00637135893505823,0.07710887105293125,0.10114218753416045,0.0039344984085478
2017-04-07,1249.5,1269.0999755859375,1249.5,1254.300048828125,445,0.0031992320593356,0.0031941254051334,0.005026832342085523,0.006320974046058259,0.07979848955744796,0.10034235221738333,0.0031992320593356
2017-04-10,1252.699951171875,1255.199951171875,1246.800048828125,1251.0999755859375,182,-0.0025512820837225,-0.0025545421499374,0.004277985108157259,0.006336685358939889,0.06791090825173118,0.10059176157731405,0.0025512820837225
2017-04-11,1254.5,1273.5,1254.5,1271.199951171875,401,0.016065842840836,0.0159381530021803,0.007251882111772141,0.006949828887963942,0.11512005962944197,0.11032511335203099,0.016065842840836
2017-04-12,1275.0,1285.0999755859375,1272.0,1275.300048828125,492,0.003225375876132,0.0032201855089563,0.007254273863407994,0.006935038992378909,0.11515802750959976,0.11009033103822334,0.003225375876132
2017-04-13,1285.300048828125,1287.5999755859375,1282.0,1285.9000244140625,915,0.008311750317643,0.0082773979419526,0.007553526607767313,0.006515041190780567,0.11990851755396983,0.10342307263288499,0.008311750317643
2017-04-17,1291.800048828125,1294.800048828125,1284.300048828125,1289.4000244140625,73,0.0027218290174579,0.0027181315485903,0.00581891474195314,0.006395777632227033,0.09237240784497357,0.10152982233445354,0.0027218290174579
2017-04-18,1283.9000244140625,1291.699951171875,1278.5999755859375,1291.699951171875,394,0.0017837185623272,0.0017821296255692,0.00593927536482955,0.006377884461318996,0.09428307349962844,0.10124577705211929,0.0017837185623272
2017-04-19,1288.0,1288.0,1274.0,1281.4000244140625,194,-0.0079739313673179,-0.0080058931789567,0.007656519562218989,0.006393332996213725,0.12154348001959546,0.10149101494082982,0.0079739313673179
2017-04-20,1279.699951171875,1281.9000244140625,1276.199951171875,1281.9000244140625,127,0.0003901982132616,0.0003901221057362,0.007371135352505381,0.006253329711120911,0.117013146137554,0.09926853169030385,0.0003901982132616
2017-04-21,1279.800048828125,1287.4000244140625,1279.199951171875,1287.4000244140625,474,0.0042905061980273,0.004281328219062,0.004983327676060687,0.006122176046519415,0.07910787439441214,0.09718653180988185,0.0042905061980273
2017-04-24,1275.0,1276.4000244140625,1265.0,1275.800048828125,605,-0.0090103894407,-0.0090512285019582,0.006363553780856407,0.006430314149754115,0.10101828455238523,0.10207807255361483,0.0090103894407
2017-04-25,1275.5999755859375,1276.9000244140625,1262.0999755859375,1265.5999755859375,356,-0.0079950406425808,-0.0080271723575239,0.005805318241834831,0.006686473077658896,0.09215657009689013,0.10614446946968467,0.0079950406425808
2017-04-26,1266.0,1266.0,1262.0999755859375,1262.0999755859375,1156,-0.0027654867790113,-0.0027693178023,0.005375683766328904,0.006726124796366425,0.0853363342358,0.10677392099022313,0.0027654867790113
2017-04-27,1266.699951171875,1267.199951171875,1262.199951171875,1263.699951171875,206,0.001267709069715,0.0012669062050332,0.005301538325920707,0.006700368542215618,0.08415931185878331,0.10636505313109747,0.001267709069715
2017-04-28,1265.9000244140625,1267.199951171875,1264.699951171875,1266.0999755859375,85,0.0018992043260244,0.0018974031177029,0.005102632931071449,0.005503272323478866,0.08100178660358186,0.08736173978993812,0.0018992043260244
2017-05-01,1268.699951171875,1269.300048828125,1253.300048828125,1253.300048828125,34,-0.0101097283031609,-0.0101611786661985,0.005870208717344621,0.00585840110474397,0.09318667446082393,0.09299923442171162,0.0101097283031609
2017-05-02,1256.199951171875,1256.199951171875,1251.199951171875,1255.0999755859375,90,0.0014361499143764,0.0014351196373916,0.0053379062213036454,0.0058423878764876985,0.08473663430012374,0.09274503230379119,0.0014361499143764
2017-05-03,1255.0999755859375,1255.800048828125,1238.699951171875,1246.4000244140625,195,-0.0069316798192219,-0.0069558155103679,0.005036798257832562,0.005710731360114032,0.07995669356537008,0.09065504989895623,0.0069316798192219
2017-05-04,1239.800048828125,1239.800048828125,1224.199951171875,1226.5,72,-0.0159660013031671,-0.0160948310056021,0.006847121380539252,0.006388325065417465,0.1086946822174807,0.10141151650401027,0.0159660013031671
2017-05-05,1227.0,1233.699951171875,1224.800048828125,1224.800048828125,16,-0.0013860180773542,-0.0013869794888681,0.0069232073100326105,0.006385238402366139,0.10990250890374442,0.10136251724712111,0.0013860180773542
2017-05-08,1224.0,1234.0,1224.0,1225.300048828125,43,0.0004082298988135,0.0004081465956588,0.006815709157277616,0.006380742143671482,0.10819602863221313,0.10129114135310346,0.0004082298988135
2017-05-09,1226.0999755859375,1226.199951171875,1214.0,1214.300048828125,55,-0.0089773929336902,-0.0090179325346382,0.006371322114353817,0.006441132769414291,0.10114160302359859,0.10224981281651375,0.0089773929336902
2017-05-10,1219.800048828125,1220.199951171875,1217.300048828125,1217.300048828125,23,0.0024705590705487,0.0024675122566788,0.006759089441984856,0.006471666897886785,0.1072972185164056,0.10273452707914364,0.0024705590705487
2017-05-11,1218.5,1222.699951171875,1218.300048828125,1222.699951171875,13,0.0044359665876529,0.004426156688095,0.007248573752501494,0.006546237650742757,0.11506754105417524,0.10391830108195822,0.0044359665876529
2017-05-12,1228.0,1229.5,1226.0999755859375,1226.199951171875,29,0.0028625174938834,0.0028584282924305,0.0074643566186409225,0.006481760019875231,0.11849298786013726,0.10289475042354565,0.0028625174938834
2017-05-15,1227.5,1232.699951171875,1227.5,1228.5999755859375,13,0.0019572863396126,0.0019553733504766,0.004472873451328884,0.006483155072002971,0.07100466478847636,0.10291689618952148,0.0019572863396126
2017-05-16,1230.4000244140625,1237.300048828125,1230.4000244140625,1235.0,20,0.0052092011567965,0.0051956802036999,0.004755751014477954,0.0065397952153898545,0.07549520688991083,0.10381603059126987,0.0052092011567965
2017-05-17,1241.0,1259.199951171875,1240.699951171875,1257.5,26,0.0182186234817813,0.0180546529118167,0.007953668595954222,0.007347430183345113,0.12626057469311489,0.11663683824324526,0.0182186234817813
2017-05-18,1254.800048828125,1260.0,1245.800048828125,1251.699951171875,43,-0.0046123648732604,-0.0046230346493643,0.006890538147188153,0.007257455918032142,0.10938390202118178,0.11520854106076207,0.0046123648732604
2017-05-19,1252.699951171875,1252.699951171875,1252.699951171875,1252.699951171875,14,0.0007989135088355,0.0007985945473087,0.00699523233723064,0.007224226258251048,0.11104587076457632,0.11468103656516972,0.0007989135088355
2017-05-22,1251.699951171875,1260.699951171875,1251.699951171875,1260.699951171875,14,0.0063862060444053,0.0063659006344214,0.007048349257684879,0.007294626891288733,0.11188907573616542,0.11579861196812512,0.0063862060444053
2017-05-23,1261.5,1261.5999755859375,1250.5999755859375,1254.800048828125,20,-0.0046798624353604,-0.0046908472766638,0.007853582546966808,0.007332517418506226,0.12467175792114853,0.11640010544050078,0.0046798624353604
2017-05-24,1251.9000244140625,1257.800048828125,1249.699951171875,1252.4000244140625,14,-0.0019126747853603,-0.0019145062835238,0.008098342998695534,0.0066913589333530196,0.12855720963749676,0.10622203002433507,0.0019126747853603
2017-05-25,1257.0999755859375,1258.300048828125,1255.800048828125,1255.800048828125,11,0.0027148070486928,0.002711128616023,0.008027829727650588,0.00668226618528988,0.12743784616160903,0.10607768712367968,0.0027148070486928
2017-05-26,1267.5999755859375,1267.5999755859375,1267.5999755859375,1267.5999755859375,271457,0.0093963420122684,0.0093524709946018,0.005393881881042114,0.006734270648111143,0.08562522035096828,0.1069032323778231,0.0093963420122684
2017-05-30,1267.4000244140625,1270.0,1258.4000244140625,1262.0999755859375,129819,-0.0043389082564928,-0.0043483486361126,0.005345919327926506,0.00674276545786208,0.08486383842424253,0.1070380833020378,0.0043389082564928
2017-05-31,1262.4000244140625,1273.199951171875,1258.5,1272.0,2712,0.0078440889038653,0.0078134839794827,0.005894012967704352,0.006908221701069484,0.09356455522041293,0.10966461973637666,0.0078440889038653
2017-06-01,1268.0,1269.199951171875,1260.800048828125,1267.0,825,-0.0039308176100628,-0.0039385635789283,0.0059626973163176885,0.006795688552370251,0.09465488545277305,0.10787821138212134,0.0039308176100628
2017-06-02,1265.199951171875,1279.0,1259.0,1276.800048828125,1732,0.0077348451682122,0.0077050846169835,0.00593248594562721,0.006953893444914392,0.09417529481109269,0.1103896361933143,0.0077348451682122
2017-06-05,1279.199951171875,1282.0,1277.0,1279.300048828125,433,0.0019580199752455,0.0019561055527115,0.005624937910525494,0.006915937589019808,0.08929312110857848,0.10978710566034025,0.0019580199752455
2017-06-06,1279.4000244140625,1295.199951171875,1279.4000244140625,1294.4000244140625,942,0.0118033104116344,0.0117341946746894,0.006512473065711593,0.007043121547701623,0.10338230491127569,0.11180608841291304,0.0118033104116344
2017-06-07,1291.5999755859375,1293.0999755859375,1284.300048828125,1290.0999755859375,641,-0.0033220401321233,-0.0033275703585958,0.006643563652689468,0.006898811962750508,0.10546330346546533,0.10951524477141143,0.0033220401321233
2017-06-08,1285.4000244140625,1287.5999755859375,1268.0999755859375,1276.300048828125,319,-0.0106967886357371,-0.0107544105607226,0.008029974425402958,0.00718090598432852,0.12747189218295005,0.11399334853601248,0.0106967886357371
2017-06-09,1277.9000244140625,1277.9000244140625,1264.5999755859375,1268.5,467,-0.0061114538350812,-0.0061302052068687,0.007961348372192917,0.007275839350171605,0.12638248736142813,0.11550036899887119,0.0061114538350812
2017-06-12,1266.4000244140625,1269.300048828125,1263.199951171875,1266.0999755859375,255,-0.0018920176697378,-0.0018938097960156,0.007845668671128044,0.007277369535775083,0.12454612903689244,0.11552465994227062,0.0018920176697378
2017-06-13,1264.0999755859375,1266.9000244140625,1259.699951171875,1265.800048828125,150,-0.0002368902642729,-0.0002369183272036,0.007062562094653199,0.007021981461518242,0.1121146975284227,0.11147049994849884,0.0002368902642729
2017-06-14,1269.4000244140625,1278.0,1256.800048828125,1272.800048828125,336,0.0055300993284685,0.0055148644702221,0.007448455105880621,0.007083237277481145,0.11824055917073638,0.11244290588086393,0.0055300993284685
2017-06-15,1263.199951171875,1264.199951171875,1250.300048828125,1252.199951171875,743,-0.0161848655452335,-0.016317271069001,0.007120552454960857,0.007600208844923343,0.11303526595930126,0.1206495750949238,0.0161848655452335
2017-06-16,1252.800048828125,1255.300048828125,1251.300048828125,1254.0,34,0.0014375091026319,0.0014364768755273,0.007491847130601097,0.00696253538953141,0.11892938620850006,0.11052682281111804,0.0014375091026319
2017-06-19,1252.0999755859375,1252.199951171875,1241.9000244140625,1244.199951171875,108,-0.007815030963417,-0.0078457283565422,0.00713459757825333,0.007127930206061852,0.11325822537949201,0.11315238412719025,0.007815030963417
2017-06-20,1242.199951171875,1245.5,1240.5,1241.0,75,-0.0025718946290433,-0.0025752076317164,0.007052755774910225,0.0071506824209756365,0.11195902702852255,0.11351356434181688,0.0025718946290433
2017-06-21,1244.0999755859375,1245.0,1240.0,1243.4000244140625,205,0.0019339439275281,0.001932076265552,0.007306100035889363,0.0069287289529001905,0.11598074249234001,0.1099901622668812,0.0019339439275281
2017-06-22,1251.0,1252.699951171875,1246.300048828125,1247.5999755859375,156,0.0033777956324667,0.0033721036946664,0.0076185662141332764,0.006938186945510838,0.12094098929685307,0.11014030324497916,0.0033777956324667
2017-06-23,1250.0,1273.5999755859375,1249.800048828125,1256.199951171875,269,0.0068932155772916,0.0068695659857476,0.007858017656597644,0.006996325394595881,0.12474216310387153,0.11106322251231926,0.0068932155772916
2017-06-26,1260.199951171875,1260.199951171875,1241.5999755859375,1246.300048828125,194,-0.0078808332499253,-0.0079120511397746,0.005649088224954949,0.007166614904268115,0.08967649546496459,0.1137664846731744,0.0078808332499253
2017-06-27,1251.5999755859375,1251.800048828125,1245.9000244140625,1246.4000244140625,111,8.02179106320633e-05,8.021469334752496e-05,0.005588027894104853,0.007162250275312089,0.08870719276256052,0.11369719833647812,8.02179106320633e-05
2017-06-28,1248.5,1248.5,1248.0,1248.0,370,0.00128367743469,0.0012828542252268,0.004684288037557428,0.007108991784361089,0.07436076730063046,0.11285174600292454,0.00128367743469
2017-06-29,1248.199951171875,1250.699951171875,1238.0999755859375,1244.199951171875,540,-0.0030449109199719,-0.0030495560930492,0.004738166659675171,0.0062801308028464725,0.07521606391126869,0.09969398583172906,0.0030449109199719
2017-06-30,1243.699951171875,1243.699951171875,1239.0999755859375,1240.699951171875,43,-0.0028130526742935,-0.002817016742802,0.004817332097675511,0.006246376120372585,0.0764727762795511,0.09915814685926991,0.0028130526742935
2017-07-03,1236.0,1236.0,1217.9000244140625,1217.9000244140625,33,-0.0183766645080282,-0.0185476129544249,0.008008823190288216,0.0070606922189049995,0.12713612673473726,0.11208501417114874,0.0183766645080282
2017-07-05,1222.5,1225.0,1217.0999755859375,1220.4000244140625,40,0.0020527136463461,0.0020506097083853,0.007132103306545299,0.00694963667486504,0.11321863004364195,0.11032206206368045,0.0020527136463461
2017-07-06,1225.0999755859375,1225.0999755859375,1222.199951171875,1222.199951171875,5,0.0014748662092798,0.0014737796623219,0.0071819054113242,0.006929876397834627,0.11400921394771729,0.11000837739051916,0.0014748662092798
2017-07-07,1219.0999755859375,1220.4000244140625,1208.5999755859375,1208.5999755859375,116,-0.0111274555140487,-0.0111898287826293,0.007674713486589708,0.007178197759957031,0.1218322996151389,0.11395035680692334,0.0111274555140487
2017-07-10,1211.4000244140625,1212.0999755859375,1209.5999755859375,1212.0999755859375,28,0.0028959126846772,0.0028917276073374,0.0078935354074976,0.007181644980675094,0.12530598991992925,0.1140050797393294,0.0028959126846772
2017-07-11,1208.699951171875,1214.9000244140625,1208.699951171875,1213.5999755859375,12,0.0012375216815549,0.0012367565827513,0.008153683941270841,0.006917944615171257,0.12943571986574176,0.10981896621276947,0.0012375216815549
2017-07-12,1218.300048828125,1219.4000244140625,1217.9000244140625,1218.0999755859375,7,0.0037079763435454,0.0037011187459087,0.008608082565400183,0.006957032976709361,0.13664907439895868,0.1104394747154903,0.0037079763435454
2017-07-13,1221.4000244140625,1221.4000244140625,1216.300048828125,1216.300048828125,7,-0.0014776510909514,-0.0014787438939784,0.0050964228974936165,0.006746046597196651,0.08090320537670001,0.10709016977421516,0.0014776510909514
2017-07-14,1214.9000244140625,1227.5,1214.800048828125,1226.5999755859375,23,0.0084682449595692,0.0084325905188393,0.0060515100883214695,0.006966268007530882,0.09606474450058275,0.11058607628491286,0.0084682449595692
2017-07-17,1229.9000244140625,1233.4000244140625,1229.9000244140625,1232.800048828125,7,0.0050546823459911,0.0050419503253712,0.006271243541379579,0.006866107530655336,0.09955290492966222,0.10899607800685089,0.0050546823459911
2017-07-18,1236.199951171875,1241.199951171875,1236.199951171875,1241.0999755859375,29,0.006732581464206,0.0067100188507612,0.0033469503082358054,0.0069946555732614485,0.053131188996497505,0.11103671492041034,0.006732581464206
2017-07-19,1240.4000244140625,1241.199951171875,1240.0999755859375,1241.199951171875,3,8.055401490958403e-05,8.055077060915145e-05,0.003631173854901499,0.006570087939040263,0.05764309792385463,0.10429691267115258,8.055401490958403e-05
2017-07-20,1236.5999755859375,1244.800048828125,1236.5999755859375,1244.800048828125,5,0.0029004977424071,0.0028962994150305,0.0035187309231029117,0.006604697298337399,0.05585812171849828,0.1048463192175656,0.0029004977424071
2017-07-21,1250.699951171875,1254.300048828125,1250.5,1254.300048828125,16,0.0076317477726188,0.0076027733094086,0.0038304375158637444,0.006540422615941609,0.06080631047728498,0.10382599026626407,0.0076317477726188
2017-07-24,1256.0,1256.0,1253.9000244140625,1253.9000244140625,8,-0.0003189224256479,-0.0003189732922199,0.0035597222032220186,0.006455796369209177,0.05650883811720234,0.10248259024680723,0.0003189224256479
2017-07-25,1252.699951171875,1253.5999755859375,1249.199951171875,1251.699951171875,18,-0.0017545842566001,-0.001756125342464,0.003689999210014189,0.00645472448851197,0.05857692148633407,0.10246557466824759,0.0017545842566001
2017-07-26,1244.800048828125,1249.0,1244.800048828125,1249.0,7,-0.0021570274644072,-0.0021593571989522,0.003984393154225755,0.006462966438982453,0.06325028046953743,0.10259641157582565,0.0021570274644072
2017-07-27,1259.5999755859375,1259.5999755859375,1259.5999755859375,1259.5999755859375,220309,0.0084867698846577,0.0084509597188985,0.004376780174607325,0.006578420803876667,0.06947923131125304,0.10442919279954763,0.0084867698846577
2017-07-28,1258.4000244140625,1270.0,1256.9000244140625,1268.4000244140625,64180,0.0069863837715871,0.0069620920676366,0.004611387419070794,0.005985853120872344,0.07320350585899987,0.09502247245432846,0.0069863837715871
2017-07-31,1268.9000244140625,1270.800048828125,1265.800048828125,1266.5999755859375,7780,-0.0014191491591594,-0.0014201571050572,0.004922720241997324,0.005992254002809041,0.07814576120561172,0.09512408330498437,0.0014191491591594
2017-08-01,1268.4000244140625,1273.300048828125,1262.0,1272.5999755859375,1061,0.0047370915171731,0.0047259068072399,0.004524650062933234,0.005838677813552929,0.07182659301668452,0.09268613688054839,0.0047370915171731
2017-08-02,1268.5,1272.0999755859375,1262.9000244140625,1271.800048828125,393,-0.0006285767508711,-0.0006287743880614,0.004553435701047202,0.005811047179397559,0.07228355085536368,0.0922475141612957,0.0006285767508711
2017-08-03,1265.9000244140625,1269.800048828125,1256.5999755859375,1267.800048828125,878,-0.0031451484875202,-0.0031501048621089,0.004771473537169411,0.005851739577397441,0.07574479420005582,0.09289348595344701,0.0031451484875202
2017-08-04,1269.0,1269.5999755859375,1253.9000244140625,1258.300048828125,521,-0.0074932951838747,-0.0075215109613676,0.0058257759778583525,0.006012325384665768,0.092481326588324,0.09544270661415825,0.0074932951838747
2017-08-07,1258.699951171875,1259.0999755859375,1255.300048828125,1258.199951171875,260,-7.954991048697568e-05,-7.955307474891721e-05,0.004822711294299611,0.005882111632488972,0.07655816837867523,0.09337562738091587,7.954991048697568e-05
2017-08-08,1256.9000244140625,1264.0999755859375,1251.4000244140625,1256.4000244140625,555,-0.0014305570081576,-0.0014315812317578,0.003655157791099628,0.005696427337966298,0.058023831107698765,0.09042798058685105,0.0014305570081576
2017-08-09,1260.199951171875,1277.800048828125,1260.199951171875,1273.0,574,0.0132123330654017,0.0131258114611557,0.006603955060848749,0.0061654188765124214,0.1048345365627133,0.09787299045477069,0.0132123330654017
2017-08-10,1276.5999755859375,1287.4000244140625,1274.9000244140625,1283.699951171875,608,0.008405303355754,0.0083701754964516,0.007100930555885374,0.006322860319425687,0.11272377796807405,0.10037229587879273,0.008405303355754
2017-08-11,1286.300048828125,1291.0999755859375,1282.0,1287.699951171875,139,0.0031159929517394,0.0031111483070121,0.007075688652554585,0.006288255736796902,0.11232307517508684,0.09982296515963902,0.0031159929517394
2017-08-14,1288.4000244140625,1288.4000244140625,1278.800048828125,1284.199951171875,338,-0.002718024487626,-0.0027217250231354,0.007027636278074443,0.006286206193141816,0.11156026737840323,0.09979042966276386,0.002718024487626
2017-08-15,1280.5,1280.5,1267.4000244140625,1273.699951171875,188,-0.0081762968379015,-0.0082099060776778,0.007182165297687078,0.005406952986641464,0.11401333951582916,0.08583271771962755,0.0081762968379015
2017-08-16,1271.300048828125,1282.5999755859375,1269.4000244140625,1276.9000244140625,110,0.0025124231489868,0.0025092722903703,0.007138120810822626,0.005409199469609155,0.11331415496262841,0.08586837953116987,0.0025124231489868
2017-08-17,1283.800048828125,1288.5,1283.199951171875,1286.4000244140625,43,0.0074398933498018,0.0074123538528677,0.007187547042239203,0.005515917988149043,0.11409877206205676,0.08756248349322054,0.0074398933498018
2017-08-18,1288.5999755859375,1300.699951171875,1284.300048828125,1285.699951171875,358,-0.0005442111543074,-0.0005443592909452,0.005804773222627174,0.004977934106369317,0.09214791818519084,0.07902225412991858,0.0005442111543074
2017-08-21,1285.199951171875,1290.800048828125,1284.699951171875,1290.800048828125,18,0.0039667868475856,0.0039589398932568,0.005118109061406874,0.0049878501453305725,0.08124746255633279,0.07917966636841244,0.0039667868475856
2017-08-22,1287.199951171875,1288.4000244140625,1283.199951171875,1285.0999755859375,100,-0.0044159227041883,-0.0044257016903033,0.005336987655620295,0.005126855008382944,0.08472205252195758,0.08138630016040342,0.0044159227041883
2017-08-23,1289.4000244140625,1289.4000244140625,1286.9000244140625,1288.9000244140625,250,0.0029570063810735,0.0029526430372122,0.0053353233462039625,0.005119665845805374,0.08469563242903592,0.08127217574251305,0.0029570063810735
2017-08-24,1288.699951171875,1288.699951171875,1284.0,1286.5,550,-0.0018620718198477,-0.0018638076307166,0.003978426770157646,0.005128877992354106,0.06315556705871435,0.0814184140353672,0.0018620718198477
2017-08-25,1285.4000244140625,1292.699951171875,1280.300048828125,1292.5,280,0.0046638165565486,0.0046529746607852,0.004154616038442733,0.00500604898299997,0.06595248498407902,0.07946856396015439,0.0046638165565486
2017-08-28,1293.5,1311.300048828125,1293.5,1309.699951171875,145,0.0133075057422631,0.0132197386708567,0.005772385274258055,0.005404364908195668,0.09163377544402912,0.08579163324798093,0.0133075057422631
2017-08-29,1318.800048828125,1323.800048828125,1313.0999755859375,1313.0999755859375,1178,0.0025960330921752,0.0025926692188273,0.005608651590060187,0.005332622884917215,0.08903458378623745,0.08465276393509658,0.0025960330921752
2017-08-30,1308.199951171875,1312.5,1304.9000244140625,1308.0999755859375,1178,-0.003807783179471,-0.0038150512418455,0.006137204886736893,0.005424708639299213,0.09742510725213689,0.08611457996741582,0.003807783179471
2017-08-31,1306.5999755859375,1322.300048828125,1301.699951171875,1316.199951171875,373,0.0061921685934664,0.0061730758937949,0.005598028811318242,0.005481447378848488,0.08886595240153555,0.0870152795347197,0.0061921685934664
2017-09-01,1320.199951171875,1327.699951171875,1316.9000244140625,1324.5,313,0.0063060698495962,0.0062862697879068,0.005692659051833302,0.0054386174895837665,0.09036816089899001,0.08633537612067038,0.0063060698495962
2017-09-05,1335.199951171875,1339.199951171875,1328.5999755859375,1339.199951171875,39,0.0110984908809927,0.0110373545624189,0.005608087630634774,0.005677219540467141,0.0890256312079024,0.09012306625435472,0.0110984908809927
2017-09-06,1340.0,1340.300048828125,1332.5999755859375,1333.9000244140625,20,-0.0039575320721709,-0.0039653838247769,0.0067256211129258555,0.005744143059202283,0.10676592526348365,0.09118544417896206,0.0039575320721709
2017-09-07,1336.4000244140625,1349.0,1336.4000244140625,1345.0999755859375,26,0.0083963947573917,0.0083613411143993,0.005858010438159223,0.005794949289205323,0.09299303278193893,0.0919919680768068,0.0083963947573917
2017-09-08,1351.0,1355.800048828125,1345.5999755859375,1346.0,37,0.0006691133970695,0.0006688896405072,0.00596997259679459,0.005690827738201764,0.09477037694993379,0.09033908969634034,0.0006691133970695
2017-09-11,1331.0,1331.0,1327.300048828125,1331.0,9,-0.0111441307578008,-0.0112066918095614,0.007831915893274552,0.006115127045560286,0.1243278104566725,0.09707463238870599,0.0111441307578008
2017-09-12,1327.0,1328.0,1325.199951171875,1328.0,15,-0.0022539444027047,-0.0022564883587325,0.007820448837183564,0.006131335437453465,0.12414577658455182,0.09733193263331574,0.0022539444027047
2017-09-13,1323.4000244140625,1323.4000244140625,1323.4000244140625,1323.4000244140625,16,-0.0034638370376035,-0.0034698500104358,0.00764846855806004,0.006169223213225023,0.1214156742907419,0.09793338242784128,0.0034638370376035
2017-09-14,1319.5999755859375,1329.300048828125,1319.5999755859375,1324.699951171875,316,0.0009822629090459,0.0009817808045111,0.005947948911787833,0.006158644157237533,0.0944207617890472,0.09776544512034892,0.0009822629090459
2017-09-15,1320.5999755859375,1321.199951171875,1319.800048828125,1320.4000244140625,15,-0.0032459627963363,-0.0032512423615178,0.0059056526512978064,0.0061612240911618,0.09374932946917948,0.09780640030172444,0.0032459627963363
2017-09-18,1309.800048828125,1310.4000244140625,1306.0,1306.300048828125,129,-0.0106785635604592,-0.0107359885974678,0.0049326476962342665,0.006344040791092155,0.07830335465598925,0.10070852544287587,0.0106785635604592
2017-09-19,1307.9000244140625,1310.300048828125,1305.0999755859375,1306.199951171875,20,-7.662684873954717e-05,-7.662978472650562e-05,0.004817624304540176,0.006344019401695292,0.07647741491972283,0.10070818589672711,7.662684873954717e-05
2017-09-20,1312.0,1312.0,1298.699951171875,1312.0,12,0.0044403989013483,0.0044305694172918,0.004710567023284083,0.0063484493110024685,0.07477793326626893,0.10077850852687127,0.0044403989013483
2017-09-21,1299.0999755859375,1304.0999755859375,1290.300048828125,1290.5999755859375,336,-0.0163109942180353,-0.0164454829191264,0.0071700550096087026,0.006740634823755025,0.11382109465246477,0.10700426053414495,0.0163109942180353
2017-09-22,1295.0,1295.699951171875,1293.300048828125,1293.300048828125,209,0.0020921069992749,0.0020899215909679,0.007543601163681495,0.006581336877167875,0.11975095601375213,0.10447548402794786,0.0020921069992749
2017-09-25,1293.0999755859375,1309.199951171875,1291.0,1306.800048828125,51,0.0104384129670702,0.0103843089156889,0.009112720105026097,0.006821934783456527,0.1446599469914247,0.10829485738396345,0.0104384129670702
2017-09-26,1304.5,1305.5999755859375,1297.0,1297.0,39,-0.0074992718564046,-0.0075275327751207,0.00935553095474192,0.006954591983004429,0.14851444973528277,0.11040072514171956,0.0074992718564046
2017-09-27,1283.4000244140625,1283.4000244140625,1283.4000244140625,1283.4000244140625,19488,-0.0104857174910851,-0.0105410799770725,0.00932772243298886,0.0070641887967963606,0.14807300313796123,0.11214052062439059,0.0104857174910851
2017-09-28,1283.0999755859375,1288.0,1277.0,1285.5,5226,0.001636259580793,0.0016349223665728,0.009423437879795384,0.007056435443149949,0.1495924387512262,0.11201743995093974,0.001636259580793
2017-09-29,1284.199951171875,1289.4000244140625,1281.5,1281.5,492,-0.0031116297160638,-0.0031164809018184,0.008951466433281347,0.006947723699146377,0.1421001243108288,0.11029169451558633,0.0031116297160638
2017-10-02,1275.0,1276.0999755859375,1270.4000244140625,1272.699951171875,136,-0.006866990892021,-0.0068906771719025,0.007209353380495648,0.007056590705759967,0.1144449369502458,0.11201990466846383,0.006866990892021
2017-10-03,1269.699951171875,1273.300048828125,1268.5999755859375,1271.5,192,-0.000942839017767,-0.0009432837700489,0.0070128600690602325,0.007010655878624285,0.11132570233217176,0.11129071189375729,0.000942839017767
2017-10-04,1273.800048828125,1280.800048828125,1270.0,1273.699951171875,218,0.0017302014721785,0.0017287063978827,0.0047679942481900035,0.006981360710130578,0.07568956219978278,0.1108256655110568,0.0017302014721785
2017-10-05,1277.800048828125,1277.800048828125,1267.5999755859375,1269.9000244140625,36,-0.0029833767005458,-0.0029878358398845,0.004455406073797208,0.006970813135663447,0.07072737876644462,0.110658227957207,0.0029833767005458
2017-10-06,1267.5999755859375,1272.0,1260.5,1271.5999755859375,46,0.0013386496095701,0.001337754416992,0.0032145373749320185,0.0069732881212697245,0.051029198845155097,0.11069751713568306,0.0013386496095701
2017-10-09,1280.5999755859375,1284.0,1279.0,1281.800048828125,19,0.0080214481267879,0.0079894473263649,0.00473682093515045,0.007082862883080014,0.07519470119671502,0.11243696255399804,0.0080214481267879
2017-10-10,1282.5999755859375,1293.0,1281.699951171875,1290.5999755859375,18,0.0068652882061113,0.0068418294213784,0.005257976632050434,0.006747268847672321,0.0834677914067665,0.10710957239900588,0.0068652882061113
2017-10-11,1287.300048828125,1292.0,1284.9000244140625,1285.800048828125,21,-0.0037191436917805,-0.0037260769024233,0.004558820664009235,0.006746906469984957,0.07236903449226469,0.10710381983155721,0.0037191436917805
2017-10-12,1291.5,1294.5,1289.300048828125,1293.300048828125,14,0.0058329442488631,0.0058159984933913,0.004678187984278492,0.006821874261578504,0.07426393195686862,0.10829389662893468,0.0058329442488631
2017-10-13,1293.300048828125,1301.699951171875,1291.699951171875,1301.5,74,0.0063403316030994,0.0063203162587442,0.0048815524502282106,0.006826830685544847,0.07749224277133111,0.10837257742017756,0.0063403316030994
2017-10-16,1302.0,1303.800048828125,1291.9000244140625,1299.9000244140625,173,-0.0012293319907318,-0.001230088239154,0.004551105697470028,0.006711066255614894,0.07224656319524912,0.10653487406660664,0.0012293319907318
2017-10-17,1295.0999755859375,1295.0999755859375,1283.0,1283.0,571,-0.0130010186142432,-0.0130862715798296,0.007726699007230095,0.006704461208403564,0.12265754417148297,0.10643002219269251,0.0130010186142432
2017-10-18,1279.9000244140625,1279.9000244140625,1279.9000244140625,1279.9000244140625,163,-0.0024161929742303,-0.0024191166789139,0.007203140264698924,0.006690126320294419,0.11434630679465592,0.1062024628986401,0.0024161929742303
2017-10-19,1286.4000244140625,1286.9000244140625,1285.0999755859375,1286.9000244140625,134,0.0054691771751504,0.005454275534116,0.006991462336442729,0.00656314374062357,0.11098602385741234,0.10418667693876103,0.0054691771751504
2017-10-20,1279.5999755859375,1279.5999755859375,1277.4000244140625,1277.4000244140625,304,-0.0073820808297252,-0.0074094632310417,0.007406974429138259,0.006637588531284557,0.11758207384148668,0.10536845135372044,0.0073820808297252
2017-10-23,1274.699951171875,1280.800048828125,1271.5,1277.699951171875,115,0.0002347947018006,0.0002347671418385,0.006837640595798743,0.006401452378021254,0.10854417942553796,0.10161990613120366,0.0002347947018006
2017-10-24,1275.5,1275.5,1273.699951171875,1275.0,111,-0.0021131339712415,-0.0021153697891088,0.005854219800615247,0.006400811881378312,0.09293285827642846,0.10160973856220687,0.0021131339712415
2017-10-25,1269.9000244140625,1275.4000244140625,1269.9000244140625,1275.4000244140625,105,0.0003137446384804,0.0003136954309234,0.005956634283992579,0.006394679468060036,0.09455863779843393,0.10151238951874597,0.0003137446384804
2017-10-26,1273.5,1273.5,1264.699951171875,1266.300048828125,39,-0.0071349971865636,-0.0071605730072062,0.004500417708703122,0.006469969226643559,0.07144191631883752,0.10270757738363852,0.0071349971865636
2017-10-27,1268.4000244140625,1268.5,1267.0999755859375,1268.5,567,0.0017373063942554,0.0017357990230928,0.004685075996267321,0.006487053094382567,0.07437327575736905,0.10297877537644973,0.0017373063942554
2017-10-30,1270.0,1274.0999755859375,1267.9000244140625,1274.0999755859375,222,0.0044146437413776,0.0044049277861881,0.0044430448926332106,0.006318947391385827,0.0705311510988189,0.10031018007184336,0.0044146437413776
2017-10-31,1273.0999755859375,1274.5999755859375,1266.0999755859375,1267.0,235,-0.0055725419684372,-0.0055881265043856,0.004075700248016094,0.006376292673792648,0.06469973564816914,0.10122050820851065,0.0055725419684372
2017-11-01,1272.199951171875,1274.800048828125,1270.300048828125,1274.0999755859375,78,0.0056037692075276,0.0055881265043857,0.0048192913470928855,0.006413918782232375,0.07650387839983944,0.10181780416291865,0.0056037692075276
2017-11-02,1274.9000244140625,1274.9000244140625,1274.9000244140625,1274.9000244140625,70,0.0006279325354803,0.000627735468338,0.004767313557190497,0.00572412864922975,0.07567875656515653,0.09086772527041198,0.0006279325354803
2017-11-03,1265.300048828125,1267.9000244140625,1265.300048828125,1266.5,75,-0.0065887710825977,-0.0066105728521327,0.005367351118565035,0.005812947353446794,0.08520405755332464,0.09227767848918779,0.0065887710825977
2017-11-06,1269.0,1280.5,1269.0,1279.4000244140625,128,0.0101855700071555,0.0101340466567384,0.006014425272709148,0.0057964287892538205,0.09547604130342142,0.092015454411965,0.0101855700071555
2017-11-07,1276.800048828125,1276.800048828125,1270.4000244140625,1273.699951171875,11,-0.0044552705435487,-0.0044652248384112,0.006413625813609922,0.0056989418540558355,0.10181315343021692,0.09046789729229458,0.0044552705435487
2017-11-08,1275.9000244140625,1284.9000244140625,1274.699951171875,1281.5999755859375,15,0.0062024218551584,0.0061832660043633,0.0066229245284072005,0.005510911759855383,0.10513566752469113,0.0874830120827919,0.0062024218551584
2017-11-09,1279.699951171875,1286.9000244140625,1279.699951171875,1285.5999755859375,18,0.0031210986861724,0.0031162381684789,0.0060022029919786285,0.005533035691026662,0.09528201861181959,0.08783421860220578,0.0031210986861724
2017-11-10,1283.5,1283.5,1272.4000244140625,1272.4000244140625,10,-0.0102675415545638,-0.0103206163704988,0.00731252458228392,0.005819415569585568,0.11608272900461837,0.09238035823716424,0.0102675415545638
2017-11-13,1277.300048828125,1277.300048828125,1277.0,1277.300048828125,3,0.0038510093681576,0.003843613213939,0.007470739190156678,0.005725586865228629,0.1185943080418719,0.09089087373175707,0.0038510093681576
2017-11-14,1276.9000244140625,1281.5,1276.9000244140625,1281.5,4,0.0032881476640733,0.0032827535277863,0.006862392568556539,0.005750149270991396,0.1089371048117902,0.09128078983525552,0.0032881476640733
2017-11-15,1281.4000244140625,1284.699951171875,1275.9000244140625,1276.5,13,-0.0039016777214202,-0.0039093091225873,0.0059677017233848925,0.005792850746472659,0.09473432795212798,0.0919586547436892,0.0039016777214202
2017-11-16,1277.5,1277.5,1277.4000244140625,1277.4000244140625,43,0.0007050720047492,0.0007048235582582,0.005682013322575268,0.005764456446084969,0.09019916518613992,0.09150790919882422,0.0007050720047492
2017-11-17,1288.300048828125,1295.800048828125,1288.300048828125,1295.800048828125,1,0.0144042774873927,0.0143015214578967,0.0075948232949989225,0.006319348194239059,0.12056408214028376,0.10031654261988986,0.0144042774873927
2017-11-20,1274.5999755859375,1275.9000244140625,1274.5999755859375,1274.5999755859375,1,-0.0163606053737689,-0.0164959179717935,0.010100662154810156,0.00688124644440278,0.16034304083225678,0.10923640081222324,0.0163606053737689
2017-11-21,1281.0999755859375,1281.0999755859375,1281.0999755859375,1281.0999755859375,4,0.0050996392001434,0.0050866800793786,0.009445885907211599,0.006826376828021732,0.14994879013902976,0.10836537265535665,0.0050996392001434
2017-11-22,1284.699951171875,1291.5999755859375,1282.9000244140625,1291.5999755859375,4,0.008196081648661,0.0081626761766559,0.009799661666876612,0.006961284361158075,0.15556480621876925,0.11050696335136445,0.008196081648661
2017-11-24,1286.699951171875,1286.699951171875,1286.699951171875,1286.699951171875,0,-0.0037937631671444,-0.0038009777393278,0.009964483140504077,0.006913119812327799,0.15818126599841803,0.10974237484207723,0.0037937631671444
2017-11-27,1293.800048828125,1293.800048828125,1293.800048828125,1293.800048828125,1,0.0055180678679465,0.0055028991073646,0.009887625381482945,0.006888095360556288,0.15696118689824415,0.10934512398557834,0.0055180678679465
2017-11-28,1294.699951171875,1294.699951171875,1294.699951171875,1294.699951171875,275442,0.0006955497834191,0.0006953080007765,0.009887828577898421,0.006886898758351878,0.15696441254134005,0.10932612851447149,0.0006955497834191
2017-11-29,1293.4000244140625,1296.199951171875,1281.0999755859375,1282.0999755859375,47244,-0.0097319657535577,-0.0097796308343386,0.00899541543080149,0.006699211753545876,0.14279779301768214,0.1063466896802599,0.0097319657535577
2017-11-30,1283.0999755859375,1284.5,1269.699951171875,1273.199951171875,3049,-0.0069417553884556,-0.0069659614591834,0.006846842971687617,0.00680556526133824,0.10869026261397535,0.10803499927632769,0.0069417553884556
2017-12-01,1274.0999755859375,1288.5999755859375,1271.0,1278.800048828125,823,0.0043984431911858,0.0043887983112285,0.006762067467691101,0.006777817251318577,0.10734449320890568,0.10759451327299396,0.0043984431911858
2017-12-04,1272.5,1276.0999755859375,1270.300048828125,1274.300048828125,850,-0.0035189238568795,-0.0035251298326162,0.005692106301821684,0.006672304739863524,0.09035938626458243,0.1059195540798984,0.0035189238568795
2017-12-05,1275.4000244140625,1275.800048828125,1260.0,1261.5999755859375,1499,-0.0099663130782007,-0.0100163092386766,0.006458914826689085,0.006912409011017136,0.10253209422460302,0.10973109122107967,0.0099663130782007
2017-12-06,1264.9000244140625,1267.800048828125,1261.5999755859375,1262.800048828125,373,0.0009512311869142,0.0009507790532284,0.0056609308371173535,0.0069088533127638005,0.08986449110489525,0.1096746462611866,0.0009512311869142
2017-12-07,1262.300048828125,1262.4000244140625,1243.9000244140625,1249.800048828125,358,-0.0102945830672591,-0.0103479387866588,0.005842355714115814,0.007143976602478772,0.09274452174196571,0.11340711277333783,0.0102945830672591
2017-12-08,1246.300048828125,1249.300048828125,1241.5,1245.199951171875,157,-0.003680666887926,-0.0036874572093574,0.005463458419121674,0.007063246804264657,0.08672971365202826,0.11212556695653599,0.003680666887926
2017-12-11,1248.4000244140625,1249.199951171875,1239.9000244140625,1243.699951171875,146,-0.0012046258101667,-0.0012053519550518,0.005404931604864598,0.007051011178404145,0.08580062927870971,0.1119313324175631,0.0012046258101667
2017-12-12,1241.300048828125,1244.4000244140625,1236.5,1238.5,692,-0.0041810335097105,-0.004189798469908,0.0041981436605765515,0.007013332258426097,0.06664346456404746,0.1113331981059746,0.0041810335097105
2017-12-13,1241.9000244140625,1254.5,1239.800048828125,1245.4000244140625,349,0.0055712752636758,0.0055558131123276,0.0057072421531821375,0.007053435902681649,0.09059966045606843,0.11196982372218017,0.0055712752636758
2017-12-14,1252.9000244140625,1257.699951171875,1250.300048828125,1253.800048828125,139,0.0067448404122318,0.0067221957422354,0.0059243879350700844,0.007090736456937393,0.09404674287880152,0.11256195166413359,0.0067448404122318
2017-12-15,1253.0999755859375,1260.300048828125,1253.0999755859375,1254.300048828125,578,0.0003987876699058,0.0003987081752366,0.005899703553734512,0.007089590732516309,0.09365489047311307,0.11254376385279838,0.0003987876699058
2017-12-18,1256.199951171875,1262.4000244140625,1255.699951171875,1262.199951171875,45,0.0062982556296085,0.0062785045059894,0.004738218677130184,0.007099518120013532,0.07521688966276749,0.11270135624371573,0.0062982556296085
2017-12-19,1261.0999755859375,1264.300048828125,1259.5,1260.699951171875,329,-0.0011884012502197,-0.0011891079589433,0.004370336470287308,0.006830514730758703,0.06937694067633625,0.10843105982490503,0.0011884012502197
2017-12-20,1261.300048828125,1266.5999755859375,1261.300048828125,1266.0999755859375,63,0.0042833541867302,0.0042742067370609,0.00423650896148486,0.006840939910917758,0.06725249483511274,0.10859655442934846,0.0042833541867302
2017-12-21,1266.4000244140625,1267.4000244140625,1264.300048828125,1267.300048828125,226,0.0009478503003936,0.000947401373952,0.003190539374361669,0.006738477309085729,0.050648242396323505,0.10697001105055537,0.0009478503003936
2017-12-22,1266.300048828125,1276.300048828125,1266.300048828125,1275.4000244140625,119,0.0063915215606813,0.006371182406177,0.0033012691726313575,0.006822531429172113,0.05240602344999919,0.10830432884106897,0.0063915215606813
2017-12-26,1282.4000244140625,1284.0999755859375,1281.800048828125,1284.0999755859375,84,0.0068213509529073,0.0067981908011914,0.0033142483226404865,0.006668346829750795,0.05261206106891813,0.10585672420467944,0.0068213509529073
2017-12-27,1284.0,1287.0,1284.0,1287.0,456,0.0022584101465614,0.0022558637714853,0.0030990921479551216,0.006645622817226173,0.04919656268137345,0.10549599168910144,0.0022584101465614
2017-12-28,1288.199951171875,1294.0999755859375,1288.199951171875,1294.0999755859375,245,0.00551668654696,0.0055015253658284,0.0030019108250268914,0.006692769419435492,0.04765385700608331,0.10624442079674672,0.00551668654696
2017-12-29,1294.199951171875,1306.300048828125,1294.0,1306.300048828125,65,0.0094274580576076,0.0093832969095139,0.002872660830704114,0.006841706612285644,0.04560207695447584,0.10860872543624414,0.0094274580576076
2018-01-02,1302.300048828125,1317.5999755859375,1302.300048828125,1313.699951171875,68,0.0056647799641349,0.0056487954355944,0.0028552172128229274,0.006899210797417285,0.04532516810520268,0.10952157607546657,0.0056647799641349
2018-01-03,1320.0,1320.0999755859375,1312.0999755859375,1316.199951171875,42,0.0019030220696665,0.0019012136171542,0.0026268213184736052,0.006419912915468549,0.04169949568370375,0.10191295807812847,0.0019030220696665
2018-01-04,1319.4000244140625,1322.0,1319.4000244140625,1319.4000244140625,2,0.0024312971895632,0.0024283463684654,0.002804700310121704,0.005575155795489327,0.04452323713588658,0.08850285453183143,0.0024312971895632
2018-01-05,1320.300048828125,1320.300048828125,1320.300048828125,1320.300048828125,1,0.0006821467313995,0.0006819141750703,0.00303937035580779,0.005525830217404779,0.04824850862213587,0.08771983525451416,0.0006821467313995
2018-01-08,1319.9000244140625,1319.9000244140625,1314.5999755859375,1318.5999755859375,41,-0.0012876415809394,-0.0012884713036933,0.0036156734811521505,0.005370221825885823,0.05739703711883865,0.08524962861927057,0.0012876415809394
2018-01-09,1309.5999755859375,1311.699951171875,1309.5999755859375,1311.699951171875,16,-0.0052328413027585,-0.0052465805680311,0.004719255978807686,0.005417996379174186,0.07491586615907907,0.08600802614125985,0.0052328413027585
2018-01-10,1320.300048828125,1320.699951171875,1315.300048828125,1317.4000244140625,70,0.0043455618314958,0.0043361471425678,0.0036440709157711843,0.005385846231776831,0.05784783241808373,0.08549765837349502,0.0043455618314958
2018-01-11,1317.0999755859375,1320.5999755859375,1316.300048828125,1320.5999755859375,9,0.002428989762087,0.0024260445347754,0.0031584333862260693,0.005396009465519517,0.050138575635106784,0.08565899470749122,0.002428989762087
2018-01-12,1327.800048828125,1338.199951171875,1327.800048828125,1333.4000244140625,14,0.0096926011394522,0.0096459292202186,0.004650823256390846,0.005268131781458478,0.07382953036875463,0.08362899940592884,0.0096926011394522
2018-01-16,1331.0999755859375,1335.4000244140625,1331.0,1335.4000244140625,13,0.0014999249762868,0.0014988012123869,0.004645265830523166,0.0050316555172787505,0.07374130896810127,0.07987505508999382,0.0014999249762868
2018-01-17,1334.4000244140625,1338.0,1326.800048828125,1338.0,27,0.0019469638598204,0.001945070982196,0.00462213396649142,0.005004531493790921,0.07337410201056511,0.07944447456576818,0.0019469638598204
2018-01-18,1328.9000244140625,1328.9000244140625,1326.0,1326.0,211,-0.0089686098654708,-0.0090090699423659,0.006163433761371839,0.0052848631373995925,0.09784147772885583,0.08389460144743138,0.0089686098654708
2018-01-19,1330.0999755859375,1333.0,1330.0999755859375,1331.9000244140625,50,0.0044494905083427,0.0044396207914287,0.005644276248801248,0.004859654727485698,0.08960010771165978,0.07714462719939913,0.0044494905083427
2018-01-22,1328.4000244140625,1330.9000244140625,1328.4000244140625,1330.9000244140625,162,-0.0007508071038889,-0.0007510891007015,0.0056499724814131945,0.004880046556675674,0.08969053260106691,0.07746833745228544,0.0007508071038889
2018-01-23,1335.800048828125,1335.9000244140625,1335.699951171875,1335.699951171875,47,0.0036065269139398,0.0036000389903175,0.005700544676557382,0.004323867987884373,0.0904933413107038,0.06863927638689175,0.0036065269139398
2018-01-24,1355.9000244140625,1357.199951171875,1355.9000244140625,1355.9000244140625,18,0.0151232117845516,0.0150099960472096,0.007161504295870503,0.004777088434663,0.1136853562799645,0.07583392793448675,0.0151232117845516
2018-01-25,1356.300048828125,1362.4000244140625,1346.699951171875,1362.4000244140625,4,0.0047938637679492,0.0047824097943095,0.007199454696967285,0.004726622096133632,0.11428780022070792,0.07503279964651452,0.0047938637679492
2018-01-26,1351.5999755859375,1352.0,1350.9000244140625,1351.5999755859375,280546,-0.0079272230142316,-0.0079588104913194,0.008297635647067154,0.004967692857059821,0.13172088235178525,0.07885967933719334,0.0079272230142316
2018-01-30,1338.699951171875,1347.800048828125,1332.800048828125,1335.4000244140625,52100,-0.0119857587041255,-0.0120581670710743,0.008980797840351008,0.005635043441194441,0.14256574596308835,0.0894535414346767,0.0119857587041255
2018-01-31,1337.5,1346.9000244140625,1331.800048828125,1339.0,4881,0.0026958031452164,0.0026921759851948,0.008894012732825276,0.0055741596484192605,0.14118807509098583,0.08848704118733158,0.0026958031452164
2018-02-01,1343.800048828125,1350.5999755859375,1336.800048828125,1344.300048828125,1680,0.0039582142106981,0.0039504010913762,0.008935714518513996,0.005572183979547638,0.14185007041594383,0.08845567841628763,0.0039582142106981
2018-02-02,1348.5,1352.0999755859375,1327.699951171875,1333.699951171875,2841,-0.0078852170432415,-0.0079164697652263,0.009513922170599634,0.005819870051785018,0.15102883233738276,0.09238757291841455,0.0078852170432415
2018-02-05,1331.0999755859375,1340.199951171875,1329.0,1333.0,641,-0.0005248190728807,-0.0005249568386138,0.0067600029678961246,0.005809156373115334,0.10731172029067018,0.09221749854209471,0.0005248190728807
2018-02-06,1338.199951171875,1343.699951171875,1319.5,1326.0999755859375,529,-0.005176312388644,-0.0051897559055789,0.005996212817048927,0.0059295170919780515,0.09518692753277701,0.09412816572048498,0.005176312388644
2018-02-07,1325.4000244140625,1331.0999755859375,1310.5,1311.5999755859375,491,-0.010934318880138,-0.0109945379165909,0.006430258882709608,0.006353603065984087,0.10207719521648205,0.10086032185086842,0.010934318880138
2018-02-08,1317.0999755859375,1321.0999755859375,1307.0,1316.9000244140625,459,0.0040409034208446,0.004032760898676,0.006065778499170214,0.0063012101616669565,0.09629124850084199,0.10002861027914323,0.0040409034208446
2018-02-09,1320.9000244140625,1322.0,1311.9000244140625,1313.0999755859375,451,-0.0028856016080763,-0.0028897729829466,0.0057056013189382025,0.0062455847977532,0.09057361301995565,0.09914558500212363,0.0028856016080763
2018-02-12,1323.800048828125,1325.5,1318.0,1324.199951171875,140,0.0084532600657345,0.0084177313447984,0.006747240855109394,0.0063972793198195516,0.10710912803084549,0.10155366088595383,0.0084532600657345
2018-02-13,1324.5,1329.5999755859375,1323.4000244140625,1328.0999755859375,71,0.0029451929903872,0.0029408644064392,0.006442518981642864,0.006351321269844865,0.10227181825344071,0.10082409946010684,0.0029451929903872
2018-02-14,1332.800048828125,1355.5,1324.0,1355.5,400,0.0206309953450409,0.0204210589152143,0.010288605083925482,0.0071501165501924036,0.16332654233892996,0.11350458142161708,0.0206309953450409
2018-02-15,1352.0,1355.9000244140625,1349.699951171875,1352.0999755859375,111,-0.0025083175315843,-0.0025114686304111,0.01000497873763209,0.007132093887606365,0.15882411367358074,0.11321848052262176,0.0025083175315843
2018-02-16,1354.0,1361.4000244140625,1344.9000244140625,1353.199951171875,110,0.0008135312519776,0.0008132005147932,0.008121156872157293,0.0071300335320052845,0.12891936865122822,0.11318577339142485,0.0008135312519776
2018-02-20,1348.4000244140625,1350.199951171875,1328.5,1328.800048828125,283,-0.018031261619999,-0.0181958057779877,0.011786331161283577,0.007918510094819526,0.1871022067356448,0.12570245079028175,0.018031261619999
2018-02-21,1326.800048828125,1331.5,1324.4000244140625,1330.0,119,0.0009030336602811,0.0009026261706847,0.01164581034311647,0.007919012150965998,0.18487150790225984,0.12571042068452828,0.0009030336602811
2018-02-22,1322.0,1331.4000244140625,1322.0,1330.5999755859375,70,0.0004511094631109,0.000451007743827,0.01128082267873103,0.007913547170107236,0.17907750835283875,0.1256236668028962,0.0004511094631109
2018-02-23,1328.0,1332.0999755859375,1327.699951171875,1328.199951171875,427,-0.0018037159612945,-0.0018053446156436,0.011269136254703627,0.00785494056420315,0.1788919921226858,0.12469331577644953,0.0018037159612945
2018-02-26,1335.0,1340.5,1330.699951171875,1330.699951171875,652,0.0018822467187973,0.0018804775121498,0.006977204653224709,0.007825597767135858,0.11075969015301142,0.12422751331358299,0.0018822467187973
2018-02-27,1331.699951171875,1332.5999755859375,1312.699951171875,1315.5,710,-0.0114225232806909,-0.0114882613757851,0.007727948605767594,0.008103287403919437,0.12267738093329633,0.1286356996371182,0.0114225232806909
2018-02-28,1315.4000244140625,1321.0,1315.4000244140625,1315.5,58,0.0,0.0,0.007651216628738333,0.007889913649524107,0.12145929856034185,0.1252484962944889,0.0
2018-03-01,1310.4000244140625,1318.0999755859375,1301.800048828125,1302.9000244140625,43,-0.0095780886248099,-0.0096242535332142,0.005405682712521263,0.008054464536872284,0.08581255274311395,0.12786066065011858,0.0095780886248099
2018-03-02,1314.300048828125,1323.199951171875,1314.300048828125,1321.0999755859375,155,0.0139688010060938,0.0138721364570732,0.008349662856049853,0.008482968506095659,0.1325467886900473,0.13466295028033334,0.0139688010060938
2018-03-05,1323.5,1325.9000244140625,1318.0999755859375,1318.0999755859375,18,-0.0022708349522673,-0.0022734172079491,0.008338057895523238,0.00833624518877235,0.13236256565287843,0.13233378982530197,0.0022708349522673
2018-03-06,1321.5999755859375,1333.5999755859375,1321.4000244140625,1333.5999755859375,18,0.0117593507981894,0.0116907469334413,0.009674998677125101,0.008579086615290454,0.1535858426073115,0.1361887779608484,0.0117593507981894
2018-03-07,1338.0999755859375,1338.0999755859375,1326.0,1326.0,27,-0.0056988420253969,-0.0057151423838907,0.009931057414633467,0.008642896981899024,0.1576506490501453,0.13720173612753322,0.0056988420253969
2018-03-08,1324.800048828125,1326.800048828125,1319.300048828125,1319.9000244140625,62,-0.0046002832473133,-0.0046108971139959,0.008963951812852462,0.008651837879214764,0.1422983235670453,0.1373436684723045,0.0046002832473133
2018-03-09,1316.800048828125,1322.4000244140625,1313.0,1322.4000244140625,88,0.0018940828500324,0.0018922913369371,0.008974521374920117,0.008158515855237426,0.14246611016323255,0.12951242412201402,0.0018940828500324
2018-03-12,1319.4000244140625,1319.4000244140625,1319.4000244140625,1319.4000244140625,0,-0.0022686024989519,-0.0022711796760658,0.007932989131479532,0.00809312777160994,0.12593229837163872,0.1284744204741015,0.0022686024989519
2018-03-13,1325.9000244140625,1325.9000244140625,1325.300048828125,1325.9000244140625,13,0.0049264816429623,0.0049143862411902,0.006165537058700256,0.008055923848121429,0.09787486653884114,0.12788382649802263,0.0049264816429623
2018-03-14,1322.199951171875,1324.4000244140625,1322.199951171875,1324.4000244140625,19,-0.0011313070158988,-0.0011319474267273,0.006093748664783241,0.007765842163070509,0.09673526111489016,0.12327892250678685,0.0011313070158988
2018-03-15,1316.800048828125,1316.800048828125,1316.800048828125,1316.800048828125,0,-0.0057384290590751,-0.0057549571034445,0.004043766397478633,0.007808202168123026,0.06419280148660818,0.12395136674021326,0.0057384290590751
2018-03-16,1310.0999755859375,1311.300048828125,1310.0999755859375,1311.300048828125,34,-0.0041767920686931,-0.004185539229898,0.0038348588087615426,0.007788273605898014,0.060876496326170676,0.1236350106224065,0.0041767920686931
2018-03-19,1309.4000244140625,1316.9000244140625,1307.300048828125,1316.800048828125,6,0.0041943108329136,0.004185539229898,0.004112900546316712,0.007721244355254839,0.06529027207617429,0.12257095425579337,0.0041943108329136
2018-03-20,1311.0999755859375,1311.0999755859375,1311.0999755859375,1311.0999755859375,4,-0.0043287310379888,-0.0043381271193985,0.0042234350207026785,0.0077545905423266935,0.06704495245932131,0.12310030856477955,0.0043287310379888
2018-03-21,1312.4000244140625,1328.800048828125,1312.4000244140625,1320.699951171875,34,0.0073220774652575,0.0072954011940572,0.0052552415680280845,0.007831329749913208,0.08342437361142864,0.12431850571927201,0.0073220774652575
2018-03-22,1326.5999755859375,1326.5999755859375,1326.5999755859375,1326.5999755859375,0,0.00446734658302,0.0044573976096106,0.005188164149721967,0.007598390506333328,0.08235955260687121,0.12062070986467284,0.00446734658302
2018-03-23,1343.199951171875,1349.300048828125,1343.199951171875,1349.300048828125,8,0.0171114681591646,0.0169667159365154,0.008188513988671913,0.008167366700381545,0.12998862972719674,0.12965292693287853,0.0171114681591646
2018-03-26,1348.5,1354.4000244140625,1345.0999755859375,1354.4000244140625,10,0.0037797194110877,0.003772594220179,0.007296799350645671,0.008153095277010873,0.11583309869127623,0.12942637511031624,0.0037797194110877
2018-03-27,1341.0,1341.300048828125,1341.0,1341.300048828125,290889,-0.009672161362818,-0.0097192405330392,0.008522456546423827,0.008257618067398616,0.13528980348715108,0.13108562296854323,0.009672161362818
2018-03-28,1345.0,1346.4000244140625,1322.4000244140625,1324.199951171875,59284,-0.0127488981091069,-0.0128308626945596,0.010411985863104767,0.008585410359609318,0.16528515148857253,0.13628916428978324,0.0127488981091069
2018-03-29,1324.0,1327.0999755859375,1321.699951171875,1322.800048828125,5585,-0.0010571684000676,-0.0010577275967254,0.010212440481330994,0.007644378979928003,0.16211746675590347,0.12135075425051467,0.0010571684000676
2018-04-02,1327.0,1344.199951171875,1324.699951171875,1342.0999755859375,649,0.0145902071706984,0.0144847941924774,0.01124254339756969,0.00813327637882342,0.1784698436029234,0.1291117598551364,0.0145902071706984
2018-04-03,1340.4000244140625,1341.5,1328.5,1332.800048828125,702,-0.0069293844922039,-0.0069535041644929,0.011701169741427103,0.00822186918080743,0.18575031110622045,0.13051812698713686,0.0069293844922039
2018-04-04,1331.800048828125,1347.300048828125,1331.5999755859375,1335.800048828125,718,0.0022509002776807,0.0022483707966792,0.009343117205576337,0.007533402469637733,0.14831738757650237,0.11958905676492755,0.0022509002776807
2018-04-05,1333.5,1333.699951171875,1322.5999755859375,1324.300048828125,258,-0.0086090728998615,-0.0086463450411927,0.009372166446142192,0.007701208439156983,0.14877852997437763,0.12225289394808767,0.0086090728998615
2018-04-06,1326.5,1333.0,1319.0,1331.9000244140625,348,0.0057388622711769,0.0057224577334245,0.009399669529287743,0.007774760816564442,0.14921512788412158,0.12342050174183389,0.0057388622711769
2018-04-09,1333.0,1337.5,1327.0,1336.300048828125,290,0.0033035695873631,0.0032981247895706,0.007881574510159724,0.0077884103173810745,0.1251161165610501,0.12363718084991977,0.0033035695873631
2018-04-10,1335.199951171875,1342.0,1333.0,1342.0,105,0.0042654725462845,0.0042564012048198,0.007869986229796263,0.007817922056393336,0.12493215831326242,0.1241056651830207,0.0042654725462845
2018-04-11,1340.0999755859375,1365.4000244140625,1340.0999755859375,1356.5,118,0.0108047690014903,0.0107468145673593,0.006943150223286907,0.007720182612066266,0.11021909283707844,0.12255409960519427,0.0108047690014903
2018-04-12,1351.199951171875,1351.5,1334.5999755859375,1338.4000244140625,34,-0.0133431445528473,-0.0134329641851421,0.008497328865629306,0.008155011256005793,0.13489091392071437,0.12945679033394294,0.0133431445528473
2018-04-13,1335.9000244140625,1346.0,1335.9000244140625,1344.800048828125,67,0.0047818472036149,0.0047704504893987,0.008630585389199032,0.007955537576393432,0.13700629565236944,0.12629024383779924,0.0047818472036149
2018-04-16,1341.0,1348.800048828125,1341.0,1347.5,60,0.002007697110234,0.0020056843799091,0.007524138422123446,0.007578429628781979,0.11944199456978741,0.12030384075696396,0.002007697110234
2018-04-17,1348.0,1348.0999755859375,1339.0,1347.199951171875,409,-0.0002226707444341,-0.0002226955392451,0.00743440375387501,0.007560063338537237,0.11801750087278993,0.12001228493799745,0.0002226707444341
2018-04-18,1343.5,1354.199951171875,1343.5,1351.199951171875,45,0.0029691212477558,0.0029647221128227,0.007423122736128603,0.007284197475071629,0.11783842026783374,0.11563305011834486,0.0029691212477558
2018-04-19,1348.5999755859375,1355.199951171875,1341.5999755859375,1346.800048828125,387,-0.0032562925568003,-0.003261605814892,0.007518294443693699,0.00722637328465456,0.11934922428823339,0.11471511955270161,0.0032562925568003
2018-04-20,1342.5,1343.4000244140625,1335.300048828125,1336.699951171875,310,-0.007499329737208,-0.0075275910932694,0.006459472826132427,0.007316363271706542,0.1025409521911558,0.1161436663100544,0.007499329737208
2018-04-23,1334.0,1334.4000244140625,1322.5,1322.5,68,-0.0106231403385823,-0.0106799687161138,0.005707024815687568,0.007583081317226168,0.09059621033030121,0.12037768402176323,0.0106231403385823
2018-04-24,1326.4000244140625,1331.699951171875,1326.199951171875,1331.4000244140625,28,0.0067296970994801,0.0067071537712843,0.006108632895665218,0.00766651631351165,0.09697154095511124,0.12170217352662913,0.0067296970994801
2018-04-25,1324.0,1325.0,1320.0,1321.199951171875,278,-0.0076611634784041,-0.0076906609445109,0.006296356928679674,0.007750292581440409,0.0999515675939092,0.12303208055088079,0.0076611634784041
2018-04-26,1315.699951171875,1316.300048828125,1315.699951171875,1316.300048828125,569,-0.0037086758438069,-0.0037155700328843,0.006196070968997904,0.0077764818184592275,0.09835957733805273,0.12344782179995072,0.0037086758438069
2018-04-27,1315.300048828125,1321.699951171875,1312.800048828125,1320.300048828125,622,0.0030388208247511,0.0030342129414097,0.0062078558687687,0.007724903719645031,0.09854665682216882,0.12262904486459145,0.0030388208247511
2018-04-30,1309.5999755859375,1316.199951171875,1309.5999755859375,1316.199951171875,49,-0.0031054286939465,-0.0031102605435357,0.006208225381281412,0.007706822908827884,0.09855252265145859,0.12234202089104398,0.0031054286939465
2018-05-01,1313.199951171875,1313.800048828125,1303.4000244140625,1303.800048828125,28,-0.0094209867829806,-0.0094656449831542,0.006464075282804263,0.007860000979826238,0.10261401392579757,0.12477364738406542,0.0094209867829806
2018-05-02,1309.0,1309.300048828125,1302.5999755859375,1302.5999755859375,23,-0.0009204427038226,-0.0009208665713252,0.005684293841517821,0.007824324392866623,0.09023536730203292,0.12420729912372916,0.0009204427038226
2018-05-03,1310.699951171875,1310.699951171875,1310.699951171875,1310.699951171875,4,0.0062183139396221,0.0061990600022897,0.005552923306576834,0.007790317236274124,0.08814992471170068,0.12366745224888806,0.0062183139396221
2018-05-04,1312.699951171875,1312.699951171875,1312.699951171875,1312.699951171875,0,0.0015259022465148,0.0015247392406204,0.005122323090986033,0.00774762973651283,0.08131435820203634,0.12298980919813098,0.0015259022465148
2018-05-07,1310.5999755859375,1312.5,1310.199951171875,1312.199951171875,4,-0.0003808943540781,-0.000380966912758,0.0049715337174665,0.007013837564066703,0.07892065110593285,0.11134121958434133,0.0003808943540781
2018-05-08,1310.0999755859375,1312.0,1308.5,1312.0,337,-0.0001523785850596,-0.0001523901958557,0.004740864305674846,0.006959803381827745,0.07525888771391126,0.11048345353333518,0.0001523785850596
2018-05-09,1311.300048828125,1311.300048828125,1311.300048828125,1311.300048828125,70,-0.0005334993688071,-0.0005336417302308,0.004639200842680877,0.006766082001340497,0.07364503027088931,0.10740822195490289,0.0005334993688071
2018-05-10,1312.199951171875,1320.800048828125,1312.199951171875,1320.800048828125,8,0.0072447187113962,0.0072186018007125,0.0034310505073033982,0.006521837785172692,0.05446623826816077,0.10353096522402741,0.0072447187113962
2018-05-11,1319.0,1319.0,1319.0,1319.0,3,-0.0013628473361445,-0.0013637768572015,0.0034942394959106846,0.006523679659761429,0.05546933236487621,0.10356020407667522,0.0013628473361445
2018-05-14,1319.9000244140625,1319.9000244140625,1316.5,1316.5,4,-0.0018953752843062,-0.0018971737809504,0.0031062753260768894,0.005911325834453831,0.049310592098973115,0.09383938845981725,0.0018953752843062
2018-05-15,1304.5999755859375,1304.699951171875,1288.9000244140625,1288.9000244140625,8,-0.020964660528627,-0.0211875395838486,0.00867360513199421,0.006900185637248451,0.13768921289778147,0.10953705117803487,0.020964660528627
2018-05-16,1290.9000244140625,1294.0,1285.4000244140625,1290.199951171875,26,0.0010085551502752,0.001008046900233,0.008747842045717356,0.006883134092289149,0.13886768736865587,0.1092663662934444,0.0010085551502752
2018-05-17,1291.300048828125,1291.300048828125,1288.199951171875,1288.199951171875,2,-0.001550147322656,-0.0015513500441079,0.008704381033508835,0.0067379145433214245,0.13817776518847055,0.106961077421003,0.001550147322656
2018-05-18,1285.199951171875,1290.199951171875,1285.199951171875,1290.199951171875,2,0.001552554010098,0.0015513500441079,0.00882101329702992,0.006638320721109627,0.1400292449732106,0.10538007450685821,0.001552554010098
2018-05-21,1287.4000244140625,1292.0999755859375,1287.4000244140625,1290.199951171875,52,0.0,0.0,0.007893318751113619,0.006591044024334343,0.12530255060645745,0.10462958021200214,0.0
2018-05-22,1291.699951171875,1291.699951171875,1291.699951171875,1291.699951171875,50,0.0011626104919919,0.0011619351837768,0.008053558647998916,0.006527193710192915,0.1278462801100722,0.10361598789789273,0.0011626104919919
2018-05-23,1289.300048828125,1289.300048828125,1289.300048828125,1289.300048828125,10,-0.0018579410346595,-0.0018596691479237,0.00805439208009675,0.006117197722795757,0.1278595104344654,0.09710750337076922,0.0018579410346595
2018-05-24,1303.699951171875,1303.699951171875,1303.699951171875,1303.699951171875,0,0.0111687751480644,0.011106864926633,0.004407078673613274,0.0061417787084474445,0.0699602050720627,0.09749771442086048,0.0111687751480644
2018-05-25,1303.300048828125,1303.300048828125,1303.300048828125,1303.300048828125,1,-0.0003067441579563,-0.0003067912135685,0.004466162710896466,0.006050266203065353,0.07089813508669267,0.09604499843429964,0.0003067441579563
2018-05-29,1298.699951171875,1298.699951171875,1298.699951171875,1298.699951171875,386334,-0.0035295768310499,-0.003535820483316,0.004742116778235683,0.006038961410572949,0.07527877009943071,0.0958655404169511,0.0035295768310499
2018-05-30,1298.0,1303.699951171875,1295.199951171875,1301.5,50845,0.0021560398347582,0.0021537189162701,0.0047556980546762505,0.006067933358964942,0.07549436617912209,0.09632545583960436,0.0021560398347582
2018-05-31,1301.0,1306.800048828125,1296.5999755859375,1300.0999755859375,4082,-0.0010757006638973,-0.0010762796451007,0.0048199987712375745,0.006018405016172789,0.07651510840998918,0.09553921777234119,0.0010757006638973
2018-06-01,1298.5999755859375,1299.5,1288.9000244140625,1294.800048828125,663,-0.0040765532323188,-0.0040848850264907,0.0052008331059388594,0.006029608652671241,0.08256066605199519,0.09571706998806802,0.0040765532323188
2018-06-04,1293.9000244140625,1297.0999755859375,1290.0,1293.0999755859375,144,-0.0013130006009237,-0.0013138633414813,0.005166167638367907,0.005914761145571026,0.0820103688143481,0.09389392233317065,0.0013130006009237
2018-06-05,1292.0999755859375,1299.800048828125,1289.9000244140625,1297.5,357,0.003402694684971,0.0033969186184965,0.0027405816429205,0.005684920056295822,0.04350538484901878,0.09024530815345234,0.003402694684971
2018-06-06,1296.0999755859375,1300.4000244140625,1294.0999755859375,1297.0999755859375,373,-0.0003083039800095,-0.0003083515154521,0.0027405465317557297,0.005513793723620043,0.043504827476557435,0.08752876183924464,0.0003083039800095
2018-06-07,1298.4000244140625,1302.800048828125,1296.199951171875,1298.699951171875,79,0.0012335021324896,0.0012327419937584,0.0024947530491088287,0.005372515497714796,0.03960297690277241,0.08528603953076253,0.0012335021324896
2018-06-08,1295.300048828125,1299.4000244140625,1294.800048828125,1298.0999755859375,650,-0.000461981680523,-0.0004620884269374,0.0023073252644774593,0.0053394664712944784,0.03662765306126215,0.08476140250087674,0.000461981680523
2018-06-11,1299.300048828125,1302.0,1295.199951171875,1298.9000244140625,71,0.0006163229667759,0.0006161331177777,0.0023098644884416595,0.005303076787532054,0.036667961992056367,0.08418373417973478,0.0006163229667759
2018-06-12,1297.800048828125,1298.0999755859375,1292.699951171875,1295.0999755859375,153,-0.0029255899273996,-0.0029298778307513,0.0020026131983571626,0.005300166999637357,0.031790498970652295,0.08413754272891089,0.0029255899273996
2018-06-13,1294.0,1299.4000244140625,1290.9000244140625,1296.9000244140625,135,0.0013898917937285,0.0013889267881947,0.0019595395009116352,0.005035362208379014,0.031106725221718878,0.07993389698702322,0.0013898917937285
2018-06-14,1297.199951171875,1307.699951171875,1297.199951171875,1304.0,42,0.0054745743328559,0.0054596433199642,0.002551924587490836,0.005136603362128626,0.040510546938551065,0.08154105047862358,0.0054745743328559
2018-06-15,1297.199951171875,1307.699951171875,1274.0,1274.5999755859375,589,-0.0225460309923791,-0.0228040787606981,0.009206359666105642,0.006459505001596984,0.146146428940387,0.102541462960821,0.0225460309923791
2018-06-18,1280.699951171875,1280.699951171875,1276.199951171875,1276.199951171875,35,0.0012552766488183,0.0012544894477869,0.009207819144326885,0.0064561737662775405,0.14616959743889096,0.10248858123953772,0.0012552766488183
2018-06-19,1278.699951171875,1281.800048828125,1269.9000244140625,1275.5999755859375,34,-0.0004701266328889,-0.0004702371770622,0.009207525563159595,0.006455937768210899,0.1461649369823414,0.10248483488637236,0.0004701266328889
2018-06-20,1274.4000244140625,1274.4000244140625,1271.199951171875,1271.199951171875,7,-0.0034493763705517,-0.0034553391851679,0.009108983488181547,0.006470428034713055,0.14460063003793222,0.10271486073594689,0.0034493763705517
2018-06-21,1262.699951171875,1268.9000244140625,1260.0,1267.199951171875,46,-0.0031466332234457,-0.0031515942835918,0.009108908884650293,0.006481065117922654,0.14459944574358846,0.10288371919703308,0.0031466332234457
2018-06-22,1268.0999755859375,1270.199951171875,1267.0,1267.4000244140625,74,0.0001578860873554,0.0001578736246589,0.009019832341175578,0.006292097097023946,0.1431853994534885,0.09988394486278086,0.0001578860873554
2018-06-25,1270.5999755859375,1271.199951171875,1265.5999755859375,1265.5999755859375,37,-0.0014202688917867,-0.0014212784296392,0.008252606423821161,0.00629210817538942,0.1310060655931494,0.09988412072638073,0.0014202688917867
2018-06-26,1267.199951171875,1267.199951171875,1256.5999755859375,1256.5999755859375,89,-0.0071112517174577,-0.0071366571827049,0.002812631930344448,0.006378951403244539,0.044649147703505726,0.1012627142301093,0.0071112517174577
2018-06-27,1255.5,1255.5,1252.300048828125,1252.800048828125,1162,-0.0030239748779563,-0.0030285563284463,0.002417833712920524,0.005232124597672833,0.038381920295373864,0.08305740308367716,0.0030239748779563
2018-06-28,1251.699951171875,1251.699951171875,1244.800048828125,1247.800048828125,378,-0.0039910598699904,-0.003999045403677,0.0022523279540401365,0.005247745292348345,0.03575459782409471,0.08330537392418201,0.0039910598699904
2018-06-29,1250.300048828125,1253.300048828125,1249.0999755859375,1251.300048828125,48,0.0028049365788109,0.0028010100848693,0.0031650366992827476,0.005294883860088287,0.050243399980169245,0.08405367548857996,0.0028049365788109
2018-07-02,1249.9000244140625,1249.9000244140625,1239.800048828125,1239.800048828125,29,-0.0091904415817533,-0.009232934241235,0.004128885945220333,0.005479534040905965,0.06554403241681715,0.08698490623650007,0.0091904415817533
2018-07-03,1238.0999755859375,1254.0999755859375,1237.0,1251.5999755859375,36,0.0095176046887286,0.0094725976367543,0.006305550119211172,0.005822924358138375,0.10009750496931867,0.09243605852864728,0.0095176046887286
2018-07-05,1255.5,1257.300048828125,1253.5999755859375,1257.300048828125,9,0.004554229269235,0.0045438901463892,0.006750010506713736,0.005898700868223344,0.10715309488702578,0.0936389733340785,0.004554229269235
2018-07-06,1255.5,1255.5,1254.300048828125,1254.300048828125,7,-0.0023860652855268,-0.0023889164756203,0.006245050261148971,0.0059024994381757685,0.09913709949659492,0.0936992737626693,0.0023860652855268
2018-07-09,1258.199951171875,1262.300048828125,1257.699951171875,1258.0999755859375,37,0.0030295197400038,0.0030249399923688,0.006215147193113462,0.005502107802789387,0.09866240300783612,0.08734325359709241,0.0030295197400038
2018-07-10,1256.199951171875,1256.9000244140625,1249.300048828125,1253.800048828125,65,-0.0034177941668028,-0.0034236481676053,0.00614767568300679,0.005514554181651173,0.0975913259898907,0.08754083373624187,0.0034177941668028
2018-07-11,1253.199951171875,1253.199951171875,1242.800048828125,1242.800048828125,30,-0.0087733287379285,-0.0088120409762822,0.006987673299490705,0.005669408963774987,0.1109258747605114,0.08999907719321408,0.0087733287379285
2018-07-12,1240.9000244140625,1246.699951171875,1240.9000244140625,1245.0,7,0.001770156972515,0.001768592091113,0.00599094751172594,0.005661377907726878,0.09510334340200832,0.08987158813080298,0.001770156972515
2018-07-13,1244.699951171875,1247.0,1239.5999755859375,1239.5999755859375,2,-0.0043373690072791,-0.0043468026803283,0.004710858626270732,0.005684959456632866,0.07478256232017436,0.09024593361441269,0.0043373690072791
2018-07-16,1242.699951171875,1243.800048828125,1238.0999755859375,1238.0999755859375,2,-0.0012100677876272,-0.0012108005108086,0.003945119856558358,0.0056654583759443685,0.06262683619677735,0.08993636355562008,0.0012100677876272
2018-07-17,1225.699951171875,1225.699951171875,1225.699951171875,1225.699951171875,0,-0.01001536601129,-0.0100658571974821,0.0049375697769659605,0.005875716393505372,0.07838149026528353,0.09327410610936328,0.01001536601129
2018-07-18,1226.699951171875,1226.699951171875,1222.199951171875,1226.300048828125,67,0.0004895958881911,0.0004894760752293,0.004467660782449936,0.0058110684859724385,0.07092191623535263,0.09224785239268624,0.0004895958881911
2018-07-19,1227.199951171875,1228.0,1211.699951171875,1222.4000244140625,33,-0.0031803182408656,-0.0031853862009253,0.004470547958939302,0.0058082283981806555,0.07096774874124473,0.09220276739669434,0.0031803182408656
2018-07-20,1229.5,1229.5,1229.5,1229.5,0,0.0058082259850582,0.0057914232717545,0.005025399729158815,0.005953174045390023,0.07977574753227344,0.09450370821351807,0.0058082259850582
2018-07-23,1222.0,1224.0,1222.0,1224.0,1,-0.0044733631557544,-0.0044833985839759,0.004895467203484006,0.005966971922233505,0.07771313263134909,0.09472274271800937,0.0044733631557544
2018-07-24,1223.9000244140625,1223.9000244140625,1223.9000244140625,1223.9000244140625,0,-8.167940027570264e-05,-8.16827362195705e-05,0.004881458437607275,0.005958014544999985,0.07749075036724054,0.09458054876265366,8.167940027570264e-05
2018-07-25,1231.4000244140625,1231.4000244140625,1231.4000244140625,1231.4000244140625,0,0.0061279515077963,0.0061092519673226,0.0057433422339211795,0.006134272946222851,0.09117273147173757,0.09737856413938294,0.0061279515077963
2018-07-26,1227.800048828125,1227.800048828125,1225.300048828125,1225.300048828125,1,-0.0049536912985201,-0.0049660014980396,0.0045859970146603195,0.006134796563226024,0.07280044568445504,0.09738687630161878,0.0049536912985201
2018-07-27,1222.5999755859375,1222.5999755859375,1222.5999755859375,1222.5999755859375,254428,-0.0022036016768054,-0.0022060331796797,0.004646963010245727,0.005975796977504271,0.07376825086095773,0.09486283612732646,0.0022036016768054
2018-07-30,1222.5,1223.9000244140625,1218.0999755859375,1221.300048828125,62239,-0.0010632478192137,-0.0010638134681618,0.004504251408816106,0.004565561581646048,0.07150277442143844,0.07247604324231695,0.0010632478192137
2018-07-31,1220.4000244140625,1228.0999755859375,1213.0,1223.699951171875,2722,0.001965039095882,0.0019631109320895,0.0038475933910046877,0.004581674814465001,0.06107865155216464,0.07273183288345435,0.001965039095882
2018-08-01,1222.9000244140625,1223.699951171875,1214.4000244140625,1217.9000244140625,1026,-0.0047396641245741,-0.004750931950486,0.003892532956592159,0.004618308635094814,0.06179204503959499,0.07331337675721815,0.0047396641245741
2018-08-02,1214.699951171875,1219.300048828125,1205.800048828125,1210.5999755859375,411,-0.0059939639393939,-0.006011999848421,0.0043489161746814884,0.004677732419485219,0.06903690402524132,0.07425670008997415,0.0059939639393939
2018-08-03,1206.5,1218.5999755859375,1205.0999755859375,1214.199951171875,784,0.0029737119267618,0.0029692991914215,0.0035014299328125858,0.00474171327965029,0.0555834770120382,0.07527236475796281,0.0029737119267618
2018-08-06,1214.4000244140625,1214.4000244140625,1206.5999755859375,1208.5999755859375,297,-0.0046120703435482,-0.0046227387549226,0.0034555154315694427,0.004767152536520064,0.05485460690087267,0.07567620044125709,0.0046120703435482
2018-08-07,1207.800048828125,1214.800048828125,1207.800048828125,1209.5999755859375,715,0.0008274036241935,0.0008270615145103,0.003605582685510464,0.00478722767719968,0.057236850704046584,0.0759948834198945,0.0008274036241935
2018-08-08,1212.0,1215.199951171875,1205.9000244140625,1212.5999755859375,209,0.0024801587802172,0.0024770882622964,0.0039158472298275755,0.004719101156744472,0.062162147653469724,0.07491340843501869,0.0024801587802172
2018-08-09,1214.5,1215.300048828125,1211.5999755859375,1211.9000244140625,44,-0.000577231721893,-0.0005773983842617,0.003705737396590864,0.004707201158833588,0.05882675745294817,0.07472450182457235,0.000577231721893
2018-08-10,1212.5,1216.4000244140625,1205.5999755859375,1211.0999755859375,75,-0.0006601607492431,-0.0006603787513001,0.003396736268860808,0.004675715066190295,0.05392151662007478,0.07422467559922459,0.0006601607492431
2018-08-13,1207.0,1207.4000244140625,1191.300048828125,1191.300048828125,78,-0.0163487136957732,-0.016483828575843,0.006693365480185314,0.005393148702541479,0.1062538829678086,0.08561358150309249,0.0163487136957732
2018-08-14,1193.0999755859375,1197.5,1192.800048828125,1193.0,92,0.0014269714615955,0.0014259543053397,0.0065143977831340115,0.005225148398986766,0.10341285885313845,0.0829466593627577,0.0014269714615955
2018-08-15,1187.800048828125,1188.0999755859375,1174.5999755859375,1177.5,71,-0.0129924559932942,-0.0130775962073433,0.00764099836277743,0.005239047358687344,0.12129708861696466,0.08316729850785913,0.0129924559932942
2018-08-16,1173.199951171875,1180.199951171875,1161.4000244140625,1176.199951171875,123,-0.0011040754378981,-0.0011046853781724,0.007483855069473808,0.005094095602323494,0.11880251617126626,0.0808662607112145,0.0011040754378981
2018-08-17,1174.699951171875,1181.199951171875,1174.699951171875,1176.5,66,0.000255100187537,0.0002550676550167,0.007206448357105328,0.0051136887490093545,0.11439882113358413,0.08117729227240648,0.000255100187537
2018-08-20,1184.800048828125,1190.0,1184.4000244140625,1186.800048828125,68,0.0087548226333404,0.0087167213919223,0.008712640459636767,0.00541068598366214,0.13830887951351026,0.08589197721019746,0.0087548226333404
2018-08-21,1189.800048828125,1192.5999755859375,1189.800048828125,1192.5999755859375,22,0.0048870294229761,0.0048751266583741,0.009194833020111409,0.005542708261326056,0.1459634491078785,0.0879877658955117,0.0048870294229761
2018-08-22,1194.699951171875,1196.300048828125,1194.699951171875,1196.300048828125,17,0.0031025266794673,0.0030977237750973,0.006826438220458283,0.005439679387854781,0.10836634723007361,0.0863522332331269,0.0031025266794673
2018-08-23,1189.300048828125,1190.300048828125,1184.9000244140625,1187.0,95,-0.0077740102386815,-0.007804385383143,0.007497657932730904,0.005534857429597791,0.11902162983261971,0.08786313780548367,0.0077740102386815
2018-08-24,1185.300048828125,1208.0,1185.300048828125,1206.300048828125,12,0.0162595188105518,0.016128748439266,0.007652107369290979,0.006391441833982235,0.12147343862825175,0.10146099367110943,0.0162595188105518
2018-08-27,1210.300048828125,1211.4000244140625,1205.199951171875,1209.0,154,0.0022382086235492,0.0022357075658587,0.007418905737925889,0.00641639905288367,0.11777147749669221,0.1018571772388834,0.0022382086235492
2018-08-28,1209.699951171875,1217.0,1202.300048828125,1207.4000244140625,136,-0.0013233875814205,-0.0013242640321072,0.007572696250445407,0.006176404053836872,0.12021282619745907,0.09804737473862135,0.0013233875814205
2018-08-29,1205.199951171875,1205.199951171875,1202.4000244140625,1204.5,817,-0.0024018753978987,-0.0024047645277593,0.007513924409056,0.006183262696258999,0.11927985213900086,0.09815625231170415,0.0024018753978987
2018-08-30,1205.4000244140625,1205.5999755859375,1196.0,1197.699951171875,493,-0.0056455365945412,-0.005661532869709,0.00791621779948701,0.006235185545541539,0.12566606172999362,0.09898050199108507,0.0056455365945412
2018-08-31,1207.0999755859375,1208.199951171875,1199.0999755859375,1200.300048828125,191,0.002170909044211,0.0021685560260155,0.007875575607041592,0.006139677408773175,0.1250208869263116,0.09746435732265166,0.002170909044211
2018-09-04,1193.800048828125,1193.800048828125,1189.9000244140625,1192.699951171875,26,-0.0063318314980242,-0.0063519625657605,0.007638235830261573,0.006187391123586919,0.12125323477281054,0.09822178906379701,0.0063318314980242
2018-09-05,1192.5,1196.0,1192.5,1194.9000244140625,21,0.0018446158566753,0.0018429166421238,0.0036481740114082026,0.006205549756762329,0.057912967042050116,0.09851004842898291,0.0018446158566753
2018-09-06,1202.0,1202.0,1197.9000244140625,1197.9000244140625,7,0.0025106702976853,0.0025075238304077,0.0036940015532546475,0.006100950632083127,0.05864045671558871,0.09684958880144566,0.0025106702976853
2018-09-07,1198.300048828125,1198.300048828125,1193.0999755859375,1193.5999755859375,29,-0.0035896558481399,-0.003596114122648,0.003793254075427867,0.006074732284002403,0.060216041659586286,0.09643338542859453,0.0035896558481399
2018-09-10,1193.0,1193.0,1193.0,1193.0,11,-0.0005026605212881,-0.0005027868974392,0.003797152874868682,0.006069651616935237,0.06027793318197897,0.0963527323392703,0.0005026605212881
2018-09-11,1190.4000244140625,1196.300048828125,1190.4000244140625,1195.4000244140625,21,0.0020117555859702,0.002009734715579,0.0034445178171169074,0.00609095860164022,0.054680025183734396,0.09669097023557854,0.0020117555859702
2018-09-12,1205.0,1205.0,1204.699951171875,1204.699951171875,37,0.0077797612245917,0.0077496549279547,0.004573994749245137,0.006268496276261369,0.07260991562770724,0.09950929344793213,0.0077797612245917
2018-09-13,1203.4000244140625,1203.4000244140625,1200.0,1202.0,22,-0.0022411814404479,-0.0022436966462969,0.0037353715535642347,0.006226718151524903,0.05929718511093571,0.09884608627816018,0.0022411814404479
2018-09-14,1195.0,1195.0,1195.0,1195.0,1,-0.0058236272878535,-0.0058406507295418,0.004526737791475247,0.006221534956917407,0.07185973467984759,0.09876380561459047,0.0058236272878535
2018-09-17,1199.699951171875,1199.699951171875,1199.699951171875,1199.699951171875,0,0.0039330135329498,0.0039252994549913,0.004686244068968411,0.006241976198891289,0.07439181833665101,0.09908830027110359,0.0039330135329498
2018-09-18,1198.699951171875,1198.699951171875,1196.800048828125,1196.800048828125,2,-0.0024171896822345,-0.002420115801489,0.00454607944046867,0.006203424000084199,0.07216677383894259,0.0984763030878739,0.0024171896822345
2018-09-19,1202.199951171875,1202.199951171875,1202.199951171875,1202.199951171875,0,0.0045119503036763,0.0045018019703054,0.004771236497208819,0.006262875273108527,0.07574103130733675,0.09942006278916536,0.0045119503036763
2018-09-20,1206.199951171875,1206.199951171875,1206.199951171875,1206.199951171875,0,0.0033272335405611,0.0033217105465143,0.004838211934260773,0.006277201016771609,0.07680423340967274,0.0996474769196368,0.0033272335405611
2018-09-21,1196.199951171875,1196.199951171875,1196.199951171875,1196.199951171875,0,-0.0082904994236524,-0.0083250567448427,0.005056495637462541,0.006450564009984368,0.08026937977325341,0.10239952911913323,0.0082904994236524
2018-09-24,1199.300048828125,1199.300048828125,1199.300048828125,1199.300048828125,0,0.0025916216207941,0.0025882691604381,0.005187034297380912,0.006473572193027321,0.08234161675699526,0.10276477270183987,0.0025916216207941
2018-09-25,1202.0999755859375,1202.800048828125,1200.0,1200.0,21,0.0005836330721065,0.0005834628245632,0.004581869149900021,0.005721026140289281,0.07273491786284629,0.09081847446783096,0.0005836330721065
2018-09-26,1194.0,1194.0,1194.0,1194.0,17857,-0.005,-0.0050125418235442,0.00474190253917845,0.005795605149302103,0.07527536915983138,0.0920023795330724,0.005
2018-09-27,1194.5999755859375,1197.300048828125,1180.5,1182.300048828125,4947,-0.0097989540802972,-0.0098472797842121,0.005879452410589535,0.005572951334688892,0.09333341354195478,0.08846785980151377,0.0097989540802972
2018-09-28,1181.699951171875,1191.9000244140625,1180.0,1191.5,404,0.0077814013295471,0.0077512823704614,0.00654920924911189,0.005737652631576361,0.10396547374364476,0.09108241183455813,0.0077814013295471
2018-10-01,1191.5999755859375,1191.5999755859375,1185.800048828125,1187.0999755859375,180,-0.0036928446614037,-0.0036996800454468,0.0062612247638500484,0.005787260899491184,0.0993938617669581,0.09186991867380985,0.0036928446614037
2018-10-02,1193.0,1206.0,1190.300048828125,1202.4000244140625,451,0.0128885933306275,0.0128062422498577,0.00779193571226773,0.006038876411446702,0.12369314475878011,0.09586419109765285,0.0128885933306275
2018-10-03,1202.5999755859375,1202.5999755859375,1196.5999755859375,1198.300048828125,76,-0.0034098265990434,-0.0034156533069074,0.007887016827358985,0.0060187597254812274,0.12520251066824115,0.09554484860804828,0.0034098265990434
2018-10-04,1199.300048828125,1204.5999755859375,1197.199951171875,1197.199951171875,496,-0.0009180485783387,-0.000918470243027,0.00788598142224175,0.005996077584306294,0.1251860741215627,0.09518478077954029,0.0009180485783387
2018-10-05,1197.0999755859375,1205.300048828125,1196.9000244140625,1201.199951171875,34,0.0033411294379728,0.0033355602664464,0.007686343196287645,0.005837756895789735,0.1220169155332226,0.09267151776427228,0.0033411294379728
2018-10-08,1201.0,1201.0,1183.699951171875,1184.4000244140625,250,-0.0139859535803532,-0.0140846786192622,0.00874613196258282,0.005614087134189056,0.1388405406404845,0.08912087037426927,0.0139859535803532
2018-10-09,1185.5999755859375,1189.0999755859375,1185.5999755859375,1187.199951171875,9,0.0023640043060599,0.0023612144438462,0.008194685282050291,0.005616322996325901,0.13008659597247757,0.08915636358534879,0.0023640043060599
2018-10-10,1189.300048828125,1192.0,1189.300048828125,1189.300048828125,1078,0.001768950254906,0.0017673875050836,0.008098082392169395,0.00563077820004769,0.12855307263714752,0.08938583283054055,0.001768950254906
2018-10-11,1198.0999755859375,1224.5999755859375,1196.300048828125,1223.5,126,0.0287563690975829,0.028350664093339,0.012968091101483038,0.0077430149796777915,0.20586206420252282,0.12291655220445169,0.0287563690975829
2018-10-12,1221.5999755859375,1221.5999755859375,1216.0,1218.0999755859375,122,-0.004413587588118,-0.004423356219554,0.013050386413760539,0.007712226353084247,0.2071684617846388,0.1224277979093972,0.004413587588118
2018-10-15,1222.4000244140625,1232.300048828125,1222.4000244140625,1226.4000244140625,136,0.0068139307072332,0.0067908208015279,0.013048365287724184,0.007791194579602123,0.20713637740347574,0.12368137964244989,0.0068139307072332
2018-10-16,1227.0999755859375,1230.5,1227.0999755859375,1227.300048828125,426,0.0007338750783967,0.0007336059237572,0.013091485872880913,0.007675785858400559,0.20782089547174948,0.12184932298988595,0.0007338750783967
2018-10-17,1225.9000244140625,1225.9000244140625,1223.699951171875,1223.699951171875,1,-0.0029333476028844,-0.0029376582988744,0.011212165857061604,0.007706775701365318,0.17798761509716626,0.12234127149580813,0.0029333476028844
2018-10-18,1226.5,1226.5,1226.5,1226.5,165,0.0022881825119331,0.0022855686089612,0.011214865625007408,0.007705202223132768,0.17803047258465937,0.12231629330322792,0.0022881825119331
2018-10-19,1225.300048828125,1225.300048828125,1225.300048828125,1225.300048828125,55,-0.00097835399256,-0.0009788328932091,0.011382028621708076,0.007668386803621156,0.18068410289075304,0.12173186663658647,0.00097835399256
2018-10-22,1224.5,1224.5,1219.5999755859375,1221.199951171875,18,-0.0033461988842417,-0.0033518099283377,0.003914954584360686,0.007703843412687609,0.062147977345983686,0.12229472285612732,0.0033461988842417
2018-10-23,1224.800048828125,1237.800048828125,1224.800048828125,1233.4000244140625,33,0.0099902339747721,0.009940661474511,0.005003356011174555,0.007882492553073802,0.07942581435772787,0.1251306900405113,0.0099902339747721
2018-10-24,1231.5999755859375,1231.5999755859375,1227.800048828125,1227.800048828125,36,-0.0045402752351961,-0.0045506135893191,0.004945391712098078,0.007841880198738266,0.0785056596360687,0.12448598890213933,0.0045402752351961
2018-10-25,1238.5999755859375,1238.5999755859375,1229.0999755859375,1229.0999755859375,7,0.0010587446702361,0.0010581845953804,0.004953046057598406,0.007822862372690894,0.07862716860392571,0.12418409027294872,0.0010587446702361
2018-10-26,1234.300048828125,1234.800048828125,1232.5,1232.5,20,0.0027662716472203,0.0027624525592758,0.004814850869011695,0.007729744463737725,0.07643338799560906,0.12270588929477008,0.0027662716472203
2018-10-29,1224.5,1224.5,1224.5,1224.5,214,-0.0064908722109533,-0.0065120295246227,0.005524773309212569,0.007829742274809733,0.08770305735710288,0.12429330533325421,0.0064908722109533
2018-10-30,1227.699951171875,1227.699951171875,1219.800048828125,1222.5999755859375,72,-0.0015516736742037,-0.0015528787665673,0.005542110676360729,0.007819403464079135,0.08797827952827879,0.12412918180098224,0.0015516736742037
2018-10-31,1216.0,1216.5999755859375,1212.0,1212.300048828125,121,-0.0084246090000748,-0.0084602965958559,0.006289085617529275,0.007959697056154066,0.09983613910785324,0.1263562735319795,0.0084246090000748
2018-11-01,1215.4000244140625,1236.0,1215.4000244140625,1236.0,14,0.0195495753669108,0.019360936987837,0.009365591741272413,0.008689380214904435,0.14867415977020312,0.13793963457553274,0.0195495753669108
2018-11-02,1233.300048828125,1233.300048828125,1230.9000244140625,1230.9000244140625,18,-0.0041261938397552,-0.0041347300670677,0.00933088667775439,0.008570780043320347,0.14812323396638283,0.13605691521876623,0.0041261938397552
2018-11-05,1230.5999755859375,1231.5,1226.699951171875,1229.800048828125,15,-0.0008936351971079,-0.0008940347270811,0.009336998273133636,0.00857192668049428,0.14822025253530682,0.13607511751960372,0.0008936351971079
2018-11-06,1230.699951171875,1233.800048828125,1223.800048828125,1223.800048828125,4,-0.0048788418944343,-0.0048907822962693,0.009422392481630362,0.00863605465887846,0.14957584356983203,0.1370931176169189,0.0048788418944343
2018-11-07,1228.5999755859375,1228.5999755859375,1226.199951171875,1226.199951171875,1,0.0019610248798798,0.0019591045806832,0.009134715922254564,0.008571157722815869,0.14500911976504563,0.13606291069488888,0.0019610248798798
2018-11-08,1222.9000244140625,1222.9000244140625,1222.9000244140625,1222.9000244140625,2,-0.0026911816092136,-0.0026948093485058,0.009181866220630355,0.008360211123528107,0.14575760754751463,0.13271423724510759,0.0026911816092136
2018-11-09,1207.9000244140625,1207.9000244140625,1206.4000244140625,1206.4000244140625,14,-0.013492517516226,-0.0135843686685828,0.010115691541928384,0.008675469651562288,0.16058162495629208,0.13771881122833196,0.013492517516226
2018-11-12,1201.5999755859375,1201.5999755859375,1201.300048828125,1201.300048828125,1,-0.00422743325823,-0.0042363941174127,0.004792821891015411,0.00868481749157792,0.07608368881111856,0.13786720358819382,0.00422743325823
2018-11-13,1196.300048828125,1201.300048828125,1196.300048828125,1199.199951171875,5,-0.0017481874393484,-0.0017497173022614,0.004870159318898869,0.00836622685834888,0.0773113824184207,0.13280973407484206,0.0017481874393484
2018-11-14,1207.9000244140625,1207.9000244140625,1207.9000244140625,1207.9000244140625,0,0.0072548979289781,0.0072287077520842,0.006391714309621038,0.008444980845369803,0.10146531908778099,0.13405991486131508,0.0072548979289781
2018-11-15,1212.800048828125,1212.800048828125,1212.800048828125,1212.800048828125,0,0.0040566473342356,0.0040484413255411,0.0067314107373918075,0.008469041181382654,0.10685783270261183,0.134441860854619,0.0040566473342356
2018-11-16,1216.699951171875,1223.800048828125,1216.699951171875,1220.800048828125,5,0.00659630580303,0.0065746453782541,0.007305669938653266,0.008527796255112118,0.11597391491038228,0.13537456873472756,0.00659630580303
2018-11-19,1223.0999755859375,1223.0999755859375,1223.0999755859375,1223.0999755859375,0,0.001883950414337,0.001882178005493,0.007292814565845112,0.008073557233758353,0.1157698421936139,0.12816374781702705,0.001883950414337
2018-11-20,1225.300048828125,1228.800048828125,1219.0,1219.0,12,-0.003352118116079,-0.0033577490512391,0.0047023420690373895,0.00811015199132389,0.07464736616537912,0.1287446715838697,0.003352118116079
2018-11-21,1225.800048828125,1225.800048828125,1225.800048828125,1225.800048828125,0,0.0055783829599056,0.005562881404039,0.004140576357920667,0.008153721030956122,0.06572961196518992,0.12943630864624253,0.0055783829599056
2018-11-23,1224.800048828125,1224.800048828125,1221.0,1221.0,1,-0.0039158497609083,-0.0039235367746059,0.004601204381344383,0.0062939251458211335,0.07304185514650825,0.09991296423779196,0.0039158497609083
2018-11-26,1220.199951171875,1222.0,1220.199951171875,1220.199951171875,2,-0.000655240645475,-0.0006554554094466,0.0042189137595901455,0.006241239646195752,0.06697317966422442,0.09907660785954428,0.000655240645475
2018-11-27,1221.9000244140625,1222.0,1211.199951171875,1211.199951171875,5,-0.0073758403213805,-0.0074031763319162,0.005153671984071494,0.0062506905950984,0.08181200645192403,0.09922663702224419,0.0073758403213805
2018-11-28,1211.5,1221.4000244140625,1211.5,1221.4000244140625,247168,0.0084214610744646,0.0083861984082811,0.005581856343387203,0.006452949961962974,0.08860922243214536,0.10243740493258643,0.0084214610744646
2018-11-29,1221.0,1228.699951171875,1220.5,1224.0999755859375,55478,0.0022105380038535,0.0022080983593433,0.005600745938745529,0.006444517343417572,0.088909085462254,0.1023035412631532,0.0022105380038535
2018-11-30,1224.0999755859375,1225.0,1216.0999755859375,1220.199951171875,2060,-0.0031860342225689,-0.0031911204357085,0.005583861611798855,0.006455889640647349,0.08864105508132036,0.10248407088498619,0.0031860342225689
2018-12-03,1222.5,1234.0999755859375,1221.300048828125,1233.9000244140625,751,0.0112277280695103,0.0111651649893248,0.006778916170915228,0.0067785547466216135,0.10761195808077552,0.10760622064798343,0.0112277280695103
2018-12-04,1231.0,1241.4000244140625,1230.4000244140625,1241.0999755859375,474,0.0058351171321955,0.0058181587735827,0.00660950316706748,0.006817495172521376,0.1049226100185261,0.10822438074524969,0.0058351171321955
2018-12-06,1237.5,1244.4000244140625,1234.800048828125,1238.0999755859375,434,-0.0024172105865876,-0.0024201367564945,0.00677468907123882,0.006598603170023838,0.10754485495371037,0.10474957792971319,0.0024172105865876
2018-12-07,1238.300048828125,1249.800048828125,1237.5999755859375,1246.800048828125,211,0.0070269553458881,0.0070023813482669,0.005479698905827133,0.00665295079990176,0.08698752338598804,0.1056123198077298,0.0070269553458881
2018-12-10,1249.5999755859375,1249.5999755859375,1241.699951171875,1243.699951171875,131,-0.0024864433227795,-0.0024895396566155,0.005615095314531344,0.006674746444569272,0.08913687474104366,0.1059583149404572,0.0024864433227795
2018-12-11,1245.800048828125,1248.699951171875,1241.5,1241.9000244140625,117,-0.0014472355298531,-0.0014482837866976,0.005823859087876184,0.006667895326870678,0.09245089690322307,0.10584955681865732,0.0014472355298531
2018-12-12,1245.300048828125,1245.5999755859375,1244.0999755859375,1244.4000244140625,84,0.0020130444889712,0.0020110210300008,0.005352981524419657,0.006550077839079876,0.08497594731802703,0.10397926218192423,0.0020130444889712
2018-12-13,1243.5,1243.5,1241.0,1242.699951171875,194,-0.0013661790492072,-0.0013671131226424,0.004003032586948328,0.006548104752747996,0.06354617229091691,0.10394794040742772,0.0013661790492072
2018-12-14,1241.699951171875,1241.699951171875,1234.0999755859375,1237.0,33,-0.0045867477233743,-0.0045972991274951,0.0038499602201754277,0.006402300110286116,0.06111622380045395,0.10163336346371078,0.0045867477233743
2018-12-17,1239.300048828125,1247.4000244140625,1239.300048828125,1247.4000244140625,10,0.0084074570849332,0.0083723112714938,0.004951948038087163,0.005535099127668295,0.07860973808455704,0.08786697464340519,0.0084074570849332
2018-12-18,1248.199951171875,1249.199951171875,1245.5999755859375,1249.199951171875,31,0.0014429426988811,0.0014419026574249,0.004231687748052329,0.005473859454863565,0.06717596044455248,0.0868948249757315,0.0014429426988811
2018-12-19,1255.800048828125,1255.800048828125,1252.0999755859375,1252.0999755859375,268,0.0023215053853804,0.0023188148550025,0.00409536634168483,0.005476974105970248,0.06501192520681462,0.08694426852922559,0.0023215053853804
2018-12-20,1243.199951171875,1263.5999755859375,1243.199951171875,1263.5999755859375,49,0.0091845701016153,0.0091426484304834,0.004935183595124097,0.005591309011197372,0.07834361080286424,0.08875927888165625,0.0091845701016153
2018-12-21,1260.300048828125,1261.300048828125,1253.800048828125,1253.800048828125,96,-0.007755561053464,-0.0077857918229155,0.006287694354169203,0.005815589510338838,0.09981405348669956,0.09231962142955477,0.007755561053464
2018-12-24,1260.300048828125,1268.5,1260.300048828125,1267.5,27,0.0109267432113115,0.0108674776813608,0.007144789890612795,0.006063230496144955,0.11342002332221901,0.09625080020677394,0.0109267432113115
2018-12-26,1269.300048828125,1277.4000244140625,1269.199951171875,1269.199951171875,63,0.0013411843565089,0.001340285772125,0.006432402162882369,0.005390169570400261,0.10211121873444443,0.08556628924648171,0.0013411843565089
2018-12-27,1276.699951171875,1277.300048828125,1276.699951171875,1277.300048828125,480,0.0063820500849933,0.0063617710388762,0.006227411929157721,0.005335149963072921,0.09885709965664988,0.0846928800571583,0.0063820500849933
2018-12-28,1273.5,1280.0999755859375,1273.5,1279.9000244140625,805,0.0020355245334273,0.0020334556603831,0.0062002440460043485,0.005286506145512059,0.09842582288181856,0.08392068339263728,0.0020355245334273
2018-12-31,1278.0,1281.300048828125,1277.5999755859375,1278.300048828125,19,-0.0012500785650582,-0.0012508605650431,0.006454261463118444,0.005233123312311663,0.10245822436799572,0.08307325718706753,0.0012500785650582
2019-01-02,1286.0,1286.0,1277.5999755859375,1281.0,149,0.0021121419609975,0.0021099145250549,0.00584614951651515,0.005217550939857582,0.0928047464879975,0.08282605343804691,0.0021121419609975
2019-01-03,1286.800048828125,1292.0,1286.699951171875,1291.800048828125,10,0.0084309514661398,0.008395609500155,0.00437385878234978,0.005285549709082972,0.06943285564687983,0.08390550043502003,0.0084309514661398
2019-01-04,1294.199951171875,1294.199951171875,1275.300048828125,1282.699951171875,34,-0.0070445094536923,-0.0070694391577606,0.005046554145721841,0.005532080314728449,0.08011156348441204,0.08781905247364445,0.0070445094536923
2019-01-07,1286.800048828125,1286.800048828125,1286.5999755859375,1286.800048828125,2,0.0031964588854191,0.0031913610711298,0.005072282752966109,0.005458569169769967,0.08051999246250237,0.08665209922473387,0.0031964588854191
2019-01-08,1280.5,1283.199951171875,1278.199951171875,1283.199951171875,54,-0.0027977133351281,-0.002801634249852,0.0049292524614465765,0.005473909639445706,0.07824945697464385,0.08689562163127547,0.0027977133351281
2019-01-09,1279.4000244140625,1289.300048828125,1279.199951171875,1289.300048828125,102,0.0047538169329566,0.0047425532281951,0.005156680226653952,0.0054042941463211275,0.08185976082246327,0.08579050993804689,0.0047538169329566
2019-01-10,1284.699951171875,1284.699951171875,1284.699951171875,1284.699951171875,0,-0.003567903111794,-0.0035742832584524,0.005398288610480721,0.005476167432864443,0.0856951750121065,0.08693146299066189,0.003567903111794
2019-01-11,1291.199951171875,1291.199951171875,1286.300048828125,1287.0999755859375,11,0.0018681594965994,0.0018664166569111,0.005388627547347012,0.005199017063456906,0.08554181038939276,0.08253183727132972,0.0018681594965994
2019-01-14,1292.4000244140625,1293.9000244140625,1289.0999755859375,1289.0999755859375,7,0.0015538808468158,0.0015526748231558,0.004248719376299808,0.005057666443851532,0.06744632916114449,0.08028796574848546,0.0015538808468158
2019-01-15,1290.0999755859375,1292.699951171875,1286.199951171875,1286.199951171875,3,-0.0022496505073195,-0.0022521847725428,0.003246866372626746,0.005110827928538682,0.05154240577337247,0.08113187815534047,0.0022496505073195
2019-01-16,1291.5999755859375,1291.5999755859375,1291.5999755859375,1291.5999755859375,2,0.0041984330734443,0.0041896442442616,0.0034090475965668633,0.005046632688202085,0.054116952888590225,0.08011281030763252,0.0041984330734443
2019-01-17,1291.5999755859375,1292.699951171875,1288.5,1291.0,10,-0.000464521211891,-0.0004646291352922,0.0031314178249814235,0.004744650870124028,0.04970971689561378,0.07531899756104639,0.000464521211891
2019-01-18,1281.300048828125,1281.300048828125,1281.300048828125,1281.300048828125,3,-0.0075135175614833,-0.0075418862228437,0.00392733051691159,0.004947593657261743,0.06234443918461689,0.07854061443189067,0.0075135175614833
2019-01-22,1282.5,1283.300048828125,1282.5,1282.5,7,0.0009365106736494,0.0009360724211259,0.00378019754289299,0.00490366105662459,0.06000877563115364,0.0778432060174853,0.0009365106736494
2019-01-23,1281.699951171875,1283.9000244140625,1278.699951171875,1283.0999755859375,14,0.0004678172210039,0.0004677078286435,0.0036860008012508617,0.004778924817513352,0.058513448714967595,0.07586307960849036,0.0004678172210039
2019-01-24,1279.0999755859375,1279.0999755859375,1278.5,1279.0999755859375,1,-0.0031174499852775,-0.0031223193551276,0.003687985099612413,0.004796011749315806,0.0585449484749173,0.07613432624180085,0.0031174499852775
2019-01-25,1297.4000244140625,1297.4000244140625,1297.4000244140625,1297.4000244140625,0,0.0143069730102542,0.0142055940781977,0.006815432732794308,0.0053547634144263155,0.1081916405295784,0.08500423394495477,0.0143069730102542
2019-01-28,1300.800048828125,1307.0999755859375,1298.4000244140625,1302.4000244140625,54,0.0038538614967715,0.0038464543970783,0.006791869411643908,0.005371694812739669,0.10781758440261816,0.08527301156066903,0.0038538614967715
2019-01-29,1308.199951171875,1308.199951171875,1308.199951171875,1308.199951171875,213607,0.0044532606335152,0.0044433742087311,0.006843941087809776,0.005368442964864239,0.10864419663552921,0.08522139007599024,0.0044532606335152
2019-01-30,1310.4000244140625,1323.4000244140625,1308.0999755859375,1309.9000244140625,54958,0.0012995515254869,0.0012987078392666,0.005499506759137771,0.005235630768896298,0.08730196330918402,0.08311306182634495,0.0012995515254869
2019-01-31,1320.0,1325.4000244140625,1316.699951171875,1319.699951171875,1970,0.0074814310826478,0.0074535839816556,0.0056114214492988465,0.005198686366842519,0.08907855393851033,0.08252658762532325,0.0074814310826478
2019-02-01,1320.300048828125,1320.699951171875,1315.4000244140625,1316.9000244140625,878,-0.0021216389038479,-0.0021238927681555,0.005965457060607719,0.0052498090131969,0.09469869503521434,0.08333813447702643,0.0021216389038479
2019-02-04,1318.0999755859375,1318.0999755859375,1308.300048828125,1314.300048828125,675,-0.0019743150867465,-0.0019762666158226,0.005758616832070226,0.005292773105539723,0.09141520820021053,0.08402016829889478,0.0019743150867465
2019-02-05,1311.0999755859375,1315.0999755859375,1311.0,1314.199951171875,362,-7.616042952995894e-05,-7.616332988273438e-05,0.0035804484499058122,0.0051037074217728075,0.056837857083224905,0.08101884361467293,7.616042952995894e-05
2019-02-06,1312.5,1313.5,1305.0,1309.5,358,-0.003576283173412,-0.0035826933617428,0.003966271008770384,0.004900367010779214,0.06296260032895032,0.07779091466080065,0.003576283173412
2019-02-07,1302.9000244140625,1310.4000244140625,1302.199951171875,1309.4000244140625,203,-7.634638101372548e-05,-7.634929554701608e-05,0.0036224006762164158,0.00456800287677156,0.057503828029805054,0.07251479760099105,7.634638101372548e-05
2019-02-08,1309.5,1314.0,1307.800048828125,1313.699951171875,122,0.0032838908489685,0.0032785106548437,0.0038017795578324538,0.0045853542618904276,0.06035137949708265,0.07279024230055324,0.0032838908489685
2019-02-11,1313.4000244140625,1313.4000244140625,1304.699951171875,1307.0,119,-0.0051000619783067,-0.0051131116828413,0.0027299907138998805,0.004613514286660783,0.0433372590629686,0.07323726883528792,0.0051000619783067
2019-02-12,1310.0,1312.0,1307.5999755859375,1309.199951171875,109,0.0016832067114576,0.0016817917066487,0.002928635469057797,0.004610647053480203,0.046490646791339574,0.07319175291960803,0.0016832067114576
2019-02-13,1311.5999755859375,1316.0,1308.0999755859375,1310.800048828125,143,0.0012221950167488,0.0012214487444176,0.002970062358471625,0.00459545741499559,0.04714827827321935,0.07295062488399646,0.0012221950167488
2019-02-14,1305.0,1311.800048828125,1301.5999755859375,1309.800048828125,858,-0.00076289286142,-0.0007631840122664,0.0029698077923991937,0.004598150565777148,0.047144237162100026,0.07299337732726367,0.00076289286142
2019-02-15,1313.5999755859375,1318.800048828125,1313.5999755859375,1318.0999755859375,190,0.0063367891650625,0.0063167961332353,0.0035512038814319077,0.004492224341373835,0.0563736139509368,0.07131185064471655,0.0063367891650625
2019-02-19,1320.9000244140625,1340.0999755859375,1320.5,1340.0999755859375,390,0.0166906914554947,0.0165529326118351,0.006862011317500053,0.005129473813570778,0.10893105263889494,0.08142787240395824,0.0166906914554947
2019-02-20,1342.199951171875,1344.0,1338.0,1343.300048828125,581,0.0023879361991543,0.0023850896102565,0.006871500256146008,0.005122224973388424,0.10908168487007383,0.08131280063346127,0.0023879361991543
2019-02-21,1331.300048828125,1334.9000244140625,1320.9000244140625,1323.5,414,-0.0147398556602438,-0.014849566751193,0.009337529721253792,0.005872488245702956,0.1482286890126708,0.09322286085167997,0.0147398556602438
2019-02-22,1324.199951171875,1331.300048828125,1321.0,1329.199951171875,718,0.004306725479316,0.0042974780783103,0.009383141576860144,0.005863319384532739,0.1489527547732944,0.09307730969290753,0.004306725479316
2019-02-25,1329.199951171875,1331.5999755859375,1325.5999755859375,1325.9000244140625,185,-0.0024826413474535,-0.002485728211593,0.00955086640853189,0.005837243754796438,0.15161530393305606,0.09266337190353761,0.0024826413474535
2019-02-26,1323.300048828125,1325.5,1323.300048828125,1325.0999755859375,939,-0.0006034005682129,-0.0006035826876001,0.009544264533808055,0.005843017222255574,0.15151050242081962,0.09275502285813401,0.0006034005682129
2019-02-27,1327.699951171875,1327.9000244140625,1316.5,1317.699951171875,604,-0.0055845027170801,-0.0056001543506377,0.009641981392784042,0.005963240107677899,0.1530617094673126,0.09466350199849051,0.0055845027170801
2019-02-28,1321.0999755859375,1323.699951171875,1311.5,1312.800048828125,141,-0.0037185266185919,-0.0037254575258755,0.0062370381056329055,0.005994656603271068,0.09900991047082842,0.0951622234049186,0.0037185266185919
2019-03-01,1312.199951171875,1312.199951171875,1288.9000244140625,1296.4000244140625,110,-0.0124924008257785,-0.012571086870169,0.006648970558674293,0.00641832623790739,0.10554913543705426,0.10188777035270244,0.0124924008257785
2019-03-04,1285.5,1287.0,1281.9000244140625,1284.800048828125,28,-0.0089478365994172,-0.0089881089026384,0.005503053821175135,0.006629445839530948,0.08735827117339871,0.1052391901294242,0.0089478365994172
2019-03-05,1287.0,1287.0,1282.0,1282.0,114,-0.0021793654434236,-0.0021817437163371,0.004226565107404586,0.006495013048223936,0.06709464104529321,0.10310513572632062,0.0021793654434236
2019-03-06,1287.0999755859375,1287.0999755859375,1282.5999755859375,1284.9000244140625,14,0.0022621095273498,0.0022595548095685,0.005028842868118137,0.006505832639758379,0.07983040566876826,0.10327689141724522,0.0022621095273498
2019-03-07,1281.0,1284.5999755859375,1281.0,1283.800048828125,11,-0.0008560787337824,-0.0008564453784477,0.004997301955243109,0.006507620503882735,0.07932970919922058,0.10330527288035135,0.0008560787337824
2019-03-08,1292.0999755859375,1297.4000244140625,1291.5999755859375,1297.0,10,0.0102819369604512,0.0102294374047077,0.007430562095923096,0.0067392426577266165,0.1179565164434123,0.10698216058357568,0.0102819369604512
2019-03-11,1291.0,1291.0,1288.800048828125,1288.800048828125,9,-0.0063222445426946,-0.006342314567177,0.007580808191650104,0.0063197060659913075,0.12034159927192471,0.1003222236578361,0.0063222445426946
2019-03-12,1294.699951171875,1296.300048828125,1294.699951171875,1296.300048828125,1,0.0058193666324108,0.0058024995240326,0.006710898807944565,0.0063731694191213745,0.10653221591724679,0.1011709280776628,0.0058193666324108
2019-03-13,1307.5,1307.5,1307.5,1307.5,0,0.0086399373216099,0.0086028266657783,0.00605971469392268,0.006521264840777449,0.09619498857673976,0.10352187001371813,0.0086399373216099
2019-03-14,1293.4000244140625,1293.4000244140625,1293.4000244140625,1293.4000244140625,1,-0.0107839201422084,-0.0108424880507062,0.007796025898306291,0.006805379396700526,0.12375807444922424,0.10803204876667422,0.0107839201422084
2019-03-15,1300.9000244140625,1304.699951171875,1300.5,1301.800048828125,26,0.0064945293455269,0.0064735307580762,0.008044022235762645,0.006768251029635502,0.12769489425901043,0.10744265421163438,0.0064945293455269
2019-03-18,1297.300048828125,1302.199951171875,1297.300048828125,1300.300048828125,8,-0.00115225068654,-0.0011529150377441,0.008061671201348788,0.006762222344268276,0.12797506290204125,0.10734695179834837,0.00115225068654
2019-03-19,1306.9000244140625,1306.9000244140625,1304.800048828125,1305.0,20,0.0036145128011881,0.0036079961480897,0.007253282717365585,0.006794282393877069,0.11514229355395281,0.10785588930805994,0.0036145128011881
2019-03-20,1300.699951171875,1300.699951171875,1300.5,1300.5,2,-0.0034482758620689,-0.0034542348680875,0.00684615752058092,0.0068197632843029045,0.10867938141499006,0.10826038590356742,0.0034482758620689
2019-03-21,1306.0999755859375,1306.0999755859375,1306.0999755859375,1306.0999755859375,0,0.0043060173671183,0.0042967730024311,0.006702484665889489,0.006842056316389005,0.10639864555300459,0.10861427681678384,0.0043060173671183
2019-03-22,1311.5999755859375,1311.5999755859375,1311.5999755859375,1311.5999755859375,0,0.0042110099554459,0.0042021684654013,0.006048802451332455,0.006886421832816112,0.09602176209590131,0.1093185575563023,0.0042110099554459
2019-03-25,1320.699951171875,1322.9000244140625,1320.699951171875,1321.9000244140625,19,0.0078530413387081,0.0078223666977329,0.004041962652336082,0.007009183356879846,0.06416416792015381,0.11126733633574178,0.0078530413387081
2019-03-26,1315.5999755859375,1315.5999755859375,1314.300048828125,1314.300048828125,1,-0.0057492816745398,-0.0057658724148794,0.004899330128593709,0.00702719013602536,0.07777445466639034,0.11155318509293553,0.0057492816745398
2019-03-27,1309.9000244140625,1309.9000244140625,1309.9000244140625,1309.9000244140625,206263,-0.0033478081492773,-0.0033534245976774,0.005151957991400215,0.007050801066344308,0.08178479766178089,0.1119279969920164,0.0033478081492773
2019-03-28,1308.4000244140625,1311.0999755859375,1287.699951171875,1289.800048828125,87798,-0.0153446638761065,-0.0154636116083094,0.007859150970559371,0.007583791685564181,0.12476015390527204,0.12038896076953305,0.0153446638761065
2019-03-29,1289.5999755859375,1298.5,1286.0999755859375,1293.0,1265,0.0024809668558956,0.0024778943384522,0.007951472111782145,0.0076031677161198,0.12622570658784685,0.12069654571900758,0.0024809668558956
2019-04-01,1291.800048828125,1295.9000244140625,1285.699951171875,1288.4000244140625,675,-0.0035575990610499,-0.0035639423656812,0.0076602378674928,0.007514847173060673,0.12160250628591421,0.11929450056345185,0.0035575990610499
2019-04-02,1286.300048828125,1290.9000244140625,1284.5,1290.0,525,0.0012418313843676,0.0012410609495414,0.007339525047588671,0.006772416780967044,0.11651134810349478,0.10750878346391636,0.0012418313843676
2019-04-03,1291.4000244140625,1293.0999755859375,1287.5,1289.9000244140625,172,-7.750045421506258e-05,-7.750345753043755e-05,0.005990954293774413,0.0067416755254243255,0.09510345106369016,0.10702078116098084,7.750045421506258e-05
2019-04-04,1290.5999755859375,1292.5999755859375,1279.5,1289.0,269,-0.0006977474199765,-0.0006979909589999,0.005976153744133399,0.00624785753276062,0.09486849962198701,0.09918166355187714,0.0006977474199765
2019-04-05,1292.0,1292.0,1283.5999755859375,1290.4000244140625,181,0.0010861322064099,0.0010855427915747,0.006136000404608756,0.006183334982267338,0.09740598669111886,0.09815739981651214,0.0010861322064099
2019-04-08,1292.199951171875,1302.0999755859375,1291.800048828125,1297.0999755859375,63,0.0051921505309311,0.0051787177938293,0.0027201403548477443,0.006276592290498085,0.04318088946070872,0.09963781368961927,0.0051921505309311
2019-04-09,1298.5,1304.9000244140625,1298.5,1303.5,30,0.0049341026401388,0.0049219698489649,0.003102488650319177,0.006360775799909167,0.04925048048486985,0.10097418547198558,0.0049341026401388
2019-04-10,1304.0,1309.0999755859375,1301.5,1309.0999755859375,66,0.0042961070854909,0.0042869051629951,0.0024670305808783717,0.006345717323541356,0.03916289636277234,0.10073513957042897,0.0042961070854909
2019-04-11,1307.0,1307.0999755859375,1288.5999755859375,1288.5999755859375,420,-0.0156596137669504,-0.0157835207782013,0.0072633071221807665,0.006922409427713869,0.11530142604704725,0.1098898429145991,0.0156596137669504
2019-04-12,1293.4000244140625,1293.4000244140625,1289.199951171875,1290.5999755859375,607,0.0015520720455473,0.0015508688265574,0.007291417964012878,0.006555358825311307,0.11574767182684188,0.10406309523939736,0.0015520720455473
2019-04-15,1284.800048828125,1287.300048828125,1282.300048828125,1286.800048828125,523,-0.0029443102663064,-0.0029486532746495,0.0073812953850115465,0.006365741213551187,0.11717443165349588,0.10105300896990571,0.0029443102663064
2019-04-16,1285.199951171875,1285.199951171875,1272.199951171875,1272.5999755859375,643,-0.0110351823930371,-0.0110965216959628,0.008378168222629162,0.006671698038840292,0.13299929735604477,0.10590992299973258,0.0110351823930371
2019-04-17,1273.5,1273.5,1271.5999755859375,1272.199951171875,308,-0.0003143363364267,-0.0003143857504482,0.007836587089283174,0.006655158339909344,0.1244019633944568,0.10564736341894555,0.0003143363364267
2019-04-18,1270.800048828125,1273.5999755859375,1270.0999755859375,1271.9000244140625,27,-0.0002357544170129,-0.000235782211454,0.007211643719611025,0.006654365415754247,0.11448129495654955,0.10563477613820801,0.0002357544170129
2019-04-22,1273.5,1273.5,1273.5,1273.5,147,0.0012579413123878,0.0012571507671187,0.006741969527322233,0.006357381364342261,0.10702544829642191,0.1009203004778768,0.0012579413123878
2019-04-23,1266.4000244140625,1269.800048828125,1266.0,1269.300048828125,206,-0.0032979593026108,-0.0033034095568352,0.00434450713648127,0.006286933123882688,0.06896691271364874,0.09980196933052814,0.0032979593026108
2019-04-24,1268.4000244140625,1275.5,1267.800048828125,1275.5,518,0.0048845433966531,0.0048726527191896,0.0049566541090407664,0.006256833184146661,0.0786844446449298,0.0993241476004108,0.0048845433966531
2019-04-25,1280.5999755859375,1280.800048828125,1275.800048828125,1275.800048828125,95,0.0002352401631713,0.0002352124985426,0.004966015899957197,0.006016074602732461,0.07883305846847614,0.09550222360585077,0.0002352401631713
2019-04-26,1284.9000244140625,1284.9000244140625,1284.9000244140625,1284.9000244140625,804,0.0071327600232466,0.0071074422097751,0.0035134547589307694,0.005878536062239383,0.055774365208843255,0.09331886696286194,0.0071327600232466
2019-04-29,1284.800048828125,1284.9000244140625,1277.0999755859375,1278.5999755859375,568,-0.0049031432083581,-0.0049152030519284,0.0042361210092392845,0.00579852278772293,0.06724633628413856,0.09204869560713508,0.0049031432083581
2019-04-30,1281.699951171875,1283.300048828125,1280.800048828125,1282.800048828125,114,0.0032849001426444,0.0032795166444519,0.004311400227792434,0.005839941453518981,0.06844135683123605,0.09270619654312977,0.0032849001426444
2019-05-01,1278.699951171875,1283.300048828125,1278.699951171875,1281.4000244140625,70,-0.0010913816345279,-0.0010919776251389,0.0043992052190784435,0.00579041038020155,0.0698352178561139,0.0919199151301216,0.0010913816345279
2019-05-02,1269.199951171875,1270.800048828125,1266.5999755859375,1269.699951171875,63,-0.0091306953482676,-0.0091726356382502,0.005688558486090681,0.0059770048109480545,0.09030306643585215,0.0948820098888311,0.0091306953482676
2019-05-03,1270.0999755859375,1279.199951171875,1270.0999755859375,1279.199951171875,15,0.007482082669399,0.007454230729596,0.0061238762536058285,0.006097142575242844,0.09721352176064961,0.09678913777317893,0.007482082669399
2019-05-06,1282.199951171875,1282.199951171875,1280.300048828125,1281.699951171875,12,0.0019543465411406,0.0019524392904874,0.006149184094508054,0.00604850531309018,0.09761527128013328,0.09601704517253691,0.0019543465411406
2019-05-07,1280.5,1283.5,1280.5,1283.5,8,0.0014044229513148,0.0014034376717932,0.005492765299824218,0.005843307626528098,0.08719494596028009,0.09275963288304263,0.0014044229513148
2019-05-08,1279.4000244140625,1279.4000244140625,1279.4000244140625,1279.4000244140625,5,-0.0031943713174424,-0.0031994842127267,0.005279786147965056,0.00578955419680361,0.08381400673871527,0.09190632364003593,0.0031943713174424
2019-05-09,1278.9000244140625,1285.0,1278.800048828125,1283.5,38,0.0032046080254024,0.0031994842127267,0.005271798319783845,0.005816793313583266,0.08368720389741728,0.09233873121362803,0.0032046080254024
2019-05-10,1285.4000244140625,1286.5,1283.300048828125,1285.699951171875,6,0.0017140250657381,0.0017125578011547,0.005273667327314758,0.005124593915865927,0.0837168734721691,0.0813504064294554,0.0017140250657381
2019-05-13,1286.699951171875,1300.0999755859375,1281.800048828125,1300.0999755859375,56,0.0112001438601108,0.0111378866771693,0.004653746429527638,0.005508503406621642,0.07387593430370944,0.08744478066043784,0.0112001438601108
2019-05-14,1297.800048828125,1297.800048828125,1294.699951171875,1294.699951171875,6,-0.0041535455083974,-0.004162195438771,0.005014647978986121,0.005523565152553773,0.07960506878957958,0.08768387846471898,0.0041535455083974
2019-05-15,1296.9000244140625,1296.9000244140625,1296.0,1296.300048828125,55,0.0012358829972933,0.0012351199225512,0.005016709984762291,0.005523525731509234,0.07963780211649393,0.08768325267503735,0.0012358829972933
2019-05-16,1285.199951171875,1285.4000244140625,1285.0,1285.0,3,-0.0087171552900429,-0.0087553719439793,0.00636900295526156,0.005757535617727275,0.10110478751434515,0.09139804445461809,0.0087171552900429
2019-05-17,1280.0,1280.0,1274.5,1274.5,1,-0.0081712062256809,-0.00820477351315,0.00705035596925978,0.005942515709905836,0.11192093129484676,0.09433451238303175,0.0081712062256809
2019-05-20,1276.0999755859375,1276.0999755859375,1276.0999755859375,1276.0999755859375,20,0.0012553751164672,0.0012545877919818,0.006915625635892522,0.005944015964733806,0.1097821535579672,0.09435832819009995,0.0012553751164672
2019-05-21,1272.0,1272.0,1272.0,1272.0,0,-0.0032128952780952,-0.0032180677080845,0.006867045272301646,0.0058712116559315256,0.10901096419399188,0.09320259561731124,0.0032128952780952
2019-05-22,1273.5999755859375,1273.5999755859375,1273.5999755859375,1273.5999755859375,0,0.0012578424417748,0.001257052020718,0.004376994213902206,0.005788765225642592,0.06948262907972334,0.09189379911113399,0.0012578424417748
2019-05-23,1284.800048828125,1284.800048828125,1284.800048828125,1284.800048828125,0,0.0087940275258209,0.0087555852761671,0.006150065125419913,0.005979268547803038,0.09762925721227411,0.09491794559734296,0.0087940275258209
2019-05-24,1283.0,1283.0,1283.0,1283.0,9,-0.0014010342152204,-0.001402016581316,0.006064756546788867,0.005265606015829631,0.09627502550972522,0.08358890411958506,0.0014010342152204
2019-05-28,1276.5,1276.5,1276.5,1276.5,0,-0.005066250974279,-0.0050791279340979,0.005463457201549711,0.005330864752944586,0.08672969432367256,0.08462485445526693,0.005066250974279
2019-05-29,1280.5999755859375,1280.5999755859375,1280.5999755859375,1280.5999755859375,189694,0.0032118884339502,0.0032067413386132,0.004571956308890567,0.005346116650826267,0.07257755639026346,0.08486697082816701,0.0032118884339502
2019-05-30,1279.4000244140625,1288.300048828125,1273.9000244140625,1287.0999755859375,55573,0.0050757458409491,0.0050629076669083,0.0048688982108858895,0.005013518510122722,0.0772913629493483,0.07958713902722271,0.0050757458409491
2019-05-31,1287.699951171875,1306.4000244140625,1287.5,1305.800048828125,2814,0.0145288428225434,0.0144243104587369,0.00650819811767896,0.005635467629474051,0.10331444221510326,0.08946027521485819,0.0145288428225434
2019-06-03,1307.0,1327.800048828125,1307.0,1322.699951171875,812,0.01294218234937,0.0128591479707089,0.007215925919370982,0.006043910547791554,0.11454927277032442,0.09594410553465968,0.01294218234937
2019-06-04,1324.300048828125,1328.5999755859375,1320.800048828125,1323.4000244140625,302,0.0005292759265373,0.0005291359094371,0.007251872977224381,0.006045648685842074,0.11511991462299169,0.09597169762081552,0.0005292759265373
2019-06-05,1328.9000244140625,1343.300048828125,1326.300048828125,1328.300048828125,622,0.0037026026323612,0.0036957648723758,0.006832268898863508,0.005996979742888274,0.10845890638028371,0.09519910210304666,0.0037026026323612
2019-06-06,1330.800048828125,1338.699951171875,1326.199951171875,1337.5999755859375,161,0.0070013750025961,0.0069769791799777,0.005199560733025263,0.0060499936274920705,0.08254046775816931,0.09604067143121739,0.0070013750025961
2019-06-07,1333.0999755859375,1347.699951171875,1329.800048828125,1341.199951171875,240,0.0026913693567918,0.0026877541074792,0.0052613330342441466,0.006047457023200388,0.08352107263979335,0.09600040408643516,0.0026913693567918
2019-06-10,1335.800048828125,1336.5,1324.0999755859375,1324.699951171875,268,-0.0123024161949775,-0.0123787173553216,0.00893748967768458,0.006470023144862121,0.14187825019416134,0.10270843330882322,0.0123024161949775
2019-06-11,1328.4000244140625,1328.4000244140625,1319.0999755859375,1326.4000244140625,201,0.0012833647654955,0.0012825419568353,0.007690577743072227,0.006371995491253953,0.12208413687946502,0.10115229255049685,0.0012833647654955
2019-06-12,1326.9000244140625,1334.5,1326.9000244140625,1331.9000244140625,139,0.0041465620467171,0.0041379887499468,0.006236156816247846,0.006383444902493934,0.09899592043555273,0.10133404631929142,0.0041465620467171
2019-06-13,1331.5999755859375,1341.0999755859375,1331.5999755859375,1339.199951171875,157,0.0054808368676348,0.0054658717373067,0.006450037581663035,0.006412232519153071,0.10239117232860515,0.10179103556640144,0.0054808368676348
2019-06-14,1345.4000244140625,1355.4000244140625,1339.300048828125,1340.0999755859375,914,0.0006720612655899,0.000671835533549,0.006395856856107568,0.006094148981716483,0.1015310799745683,0.09674161594919595,0.0006720612655899
2019-06-17,1339.0,1340.300048828125,1335.0,1338.699951171875,76,-0.0010447163939767,-0.0010452624905258,0.005900477508987796,0.006019268916403375,0.09366717663186955,0.0955529317633474,0.0010447163939767
2019-06-18,1349.300048828125,1349.300048828125,1341.5999755859375,1346.5999755859375,29,0.0059012659312842,0.0058839216634618,0.006247041159841903,0.006071676922642705,0.09916870403355706,0.09638488307065533,0.0059012659312842
2019-06-19,1344.0,1344.5999755859375,1344.0,1344.5999755859375,129,-0.0014852220676223,-0.0014863261032115,0.0030415957924913267,0.00609882435444755,0.04828383633427482,0.09681583519039358,0.0014852220676223
2019-06-20,1381.5,1392.9000244140625,1379.5,1392.9000244140625,76,0.0359215005987763,0.035291369343674,0.013069171914501913,0.008680238523459052,0.20746667236393176,0.13779451472277093,0.0359215005987763
2019-06-21,1406.0,1406.0,1390.300048828125,1396.199951171875,35,0.0023691052480243,0.0023663033426528,0.013152769414629105,0.008680478919859725,0.20879374153731123,0.13779833089732446,0.0023691052480243
2019-06-24,1406.0,1420.5999755859375,1402.0999755859375,1414.300048828125,125,0.0129638291715008,0.0128805179868978,0.013327703219355459,0.008870827013434435,0.21157072959653683,0.14082001320612808,0.0129638291715008
2019-06-25,1418.0999755859375,1433.300048828125,1414.9000244140625,1414.9000244140625,105,0.0004242208620686,0.0004241309058386,0.013350413757045633,0.008753967038783204,0.21193124820574938,0.13896491861926125,0.0004242208620686
2019-06-26,1407.199951171875,1413.300048828125,1405.800048828125,1411.5999755859375,1333,-0.0023323547750249,-0.0023350789510775,0.013501639274181599,0.008709848138691509,0.2143318788671228,0.13826455279269928,0.0023323547750249
2019-06-27,1407.0,1410.800048828125,1399.800048828125,1408.4000244140625,437,-0.0022668965905491,-0.002269469890297,0.01402388818889047,0.00875658156891251,0.22262232337188112,0.13900642299836583,0.0022668965905491
2019-06-28,1408.300048828125,1422.0,1408.300048828125,1409.699951171875,356,0.0009229812093713,0.0009225555241278,0.013823064734195933,0.008492057312220073,0.21943434986057758,0.1348072306046514,0.0009229812093713
2019-07-01,1386.5999755859375,1395.800048828125,1382.800048828125,1385.5999755859375,214,-0.0170958192670031,-0.0172436399513118,0.008887803670901324,0.009040110092571454,0.14108950928863115,0.143507298777535,0.0170958192670031
2019-07-02,1391.0999755859375,1418.4000244140625,1390.800048828125,1404.5999755859375,38,0.0137124713732514,0.0136193061550928,0.010442294111836593,0.009249019067833215,0.16576628002148233,0.14682362594868678,0.0137124713732514
2019-07-03,1431.0,1434.0,1413.0999755859375,1417.699951171875,46,0.0093264814279045,0.0092832583383812,0.009813750200131971,0.009230469295798611,0.1557884547507573,0.14652915744660375,0.0093264814279045
2019-07-05,1418.300048828125,1418.300048828125,1390.199951171875,1396.699951171875,20,-0.0148127253461787,-0.0149235293297076,0.011369872962137807,0.009822173294953293,0.18049113777728365,0.15592216723575772,0.0148127253461787
2019-07-08,1395.9000244140625,1397.0,1393.5999755859375,1397.0,14,0.0002148269768844,0.0002148039048737,0.011390448608005638,0.009776257045970288,0.18081776602946856,0.155193269380082,0.0002148269768844
2019-07-09,1394.5,1397.5,1386.199951171875,1397.5,53,0.0003579098067287,0.0003578457722924,0.011401443062967297,0.009755193707037538,0.18099229759124405,0.15485889924050167,0.0003579098067287
2019-07-10,1409.9000244140625,1410.0999755859375,1409.9000244140625,1410.0999755859375,50,0.0090160827090786,0.0089756805002199,0.012028362971912065,0.009697332306410731,0.19094434261738275,0.15394037798109123,0.0090160827090786
2019-07-11,1424.0,1424.0,1404.300048828125,1404.300048828125,6,-0.0041131315922493,-0.0041216137849031,0.009712478684877231,0.009793157203588651,0.15418081928520497,0.1554615510651379,0.0041131315922493
2019-07-12,1405.5999755859375,1410.0999755859375,1405.5999755859375,1409.9000244140625,8,0.0039877343809897,0.0039798044429101,0.008350890727467765,0.00978769463357593,0.13256628054452982,0.15537483545450026,0.0039877343809897
2019-07-15,1414.4000244140625,1415.0,1411.4000244140625,1411.4000244140625,25,0.0010639052230836,0.0010633396770111,0.007440979793603312,0.009550832863769981,0.11812189226718654,0.15161477142646926,0.0010639052230836
2019-07-16,1413.5999755859375,1413.699951171875,1405.0,1409.199951171875,13,-0.0015587878731267,-0.0015600040469458,0.004210204202253445,0.009376784985595599,0.06683491972777021,0.14885184701526194,0.0015587878731267
2019-07-17,1404.5999755859375,1421.300048828125,1404.5999755859375,1421.300048828125,6,0.008586501614755,0.0085498472819709,0.004976155294199483,0.009443737570356773,0.07899401636213571,0.14991468634872818,0.008586501614755
2019-07-18,1422.300048828125,1444.199951171875,1419.5,1426.0999755859375,66,0.0033771382487253,0.0033714485237431,0.004891985598777687,0.009442405523900873,0.07765786387005097,0.14989354076678563,0.0033771382487253
2019-07-19,1440.5,1442.0,1425.0999755859375,1425.0999755859375,22,-0.000701213110665,-0.0007014590755676,0.004199742775748508,0.00941804779904017,0.06666884973042396,0.14950687387187708,0.000701213110665
2019-07-22,1425.300048828125,1425.300048828125,1424.0,1425.300048828125,1,0.0001403924255245,0.0001403825714302,0.0034978787532815056,0.009424569527147934,0.055527103784637113,0.14961040309602622,0.0001403924255245
2019-07-23,1418.5999755859375,1421.300048828125,1416.300048828125,1420.0999755859375,5,-0.0036484059945574,-0.0036550776599472,0.0039788687563584715,0.009096149226129243,0.06316258337213618,0.14439689244402365,0.0036484059945574
2019-07-24,1422.800048828125,1422.800048828125,1422.800048828125,1422.800048828125,20,0.0019013261661902,0.001899520933457,0.003992376201352597,0.00909432580353613,0.06337700741395022,0.14436794650772553,0.0019013261661902
2019-07-25,1413.9000244140625,1413.9000244140625,1413.9000244140625,1413.9000244140625,4,-0.0062552882405316,-0.0062749345276607,0.004831272334718525,0.009222080433439155,0.07669407068214974,0.14639598838508852,0.0062552882405316
2019-07-26,1422.800048828125,1423.0,1418.5,1418.5,5,0.0032533952235016,0.0032481143839337,0.003606059663437122,0.00920231981193569,0.057244422493895414,0.14608229824358704,0.0032533952235016
2019-07-29,1419.5999755859375,1419.5999755859375,1419.5999755859375,1419.5999755859375,224267,0.000775449831468,0.0007751493255889,0.003286707304145322,0.009201840209868783,0.05217486095416831,0.14607468479680322,0.000775449831468
2019-07-30,1426.300048828125,1433.9000244140625,1422.0999755859375,1429.699951171875,73874,0.0071146631161138,0.0070894733079159,0.00440341215905771,0.009230402581106786,0.06990200095790819,0.14652809838370356,0.0071146631161138
2019-07-31,1431.300048828125,1435.800048828125,1411.199951171875,1426.0999755859375,3294,-0.0025179937811333,-0.0025211692591502,0.0045486938102113385,0.009243082467953113,0.07220827567198822,0.1467293853471905,0.0025179937811333
2019-08-01,1411.300048828125,1445.199951171875,1400.9000244140625,1420.9000244140625,2431,-0.0036462739365369,-0.0036529377971195,0.004548401905223297,0.00927916643222777,0.07220364182395932,0.14730220052191897,0.0036462739365369
2019-08-02,1448.0,1448.0,1432.300048828125,1445.5999755859375,1873,0.0173833139189794,0.0172339525633451,0.008017530194395724,0.007351187092682714,0.12727434613993457,0.11669647733007833,0.0173833139189794
2019-08-05,1440.4000244140625,1469.699951171875,1440.4000244140625,1464.5999755859375,1008,0.0131433317106268,0.0130577075680426,0.007919083393995429,0.007663550075740521,0.1257115516325594,0.12165508596179776,0.0131433317106268
2019-08-06,1469.699951171875,1475.0,1457.699951171875,1472.4000244140625,460,0.0053257196218403,0.0053115881284716,0.007878385201771145,0.007396025984398517,0.12506548785994726,0.11740827266934094,0.0053257196218403
2019-08-07,1473.5,1509.9000244140625,1473.199951171875,1507.300048828125,824,0.0237028143407909,0.023426264124913,0.01010262570411527,0.008440796806014565,0.16037421121114687,0.13399349529565707,0.0237028143407909
2019-08-08,1498.4000244140625,1508.5,1492.0,1497.699951171875,367,-0.0063690687621975,-0.0063894378146373,0.011614999591757574,0.008546154599730887,0.18438240238744372,0.13566599842079205,0.0063690687621975
2019-08-09,1506.199951171875,1507.5,1495.5999755859375,1496.5999755859375,74,-0.0007344432274815,-0.000734713063036,0.011396141922024849,0.00852425688946677,0.18090814458765234,0.13531838304694846,0.0007344432274815
2019-08-12,1496.0,1514.9000244140625,1488.0999755859375,1505.300048828125,257,0.0058132255673606,0.0057963939706884,0.010448607505333676,0.008548452326063022,0.1658665020362154,0.13570247369552635,0.0058132255673606
2019-08-13,1510.4000244140625,1531.4000244140625,1483.699951171875,1502.199951171875,672,-0.0020594549629248,-0.002061578556428,0.010220608796352604,0.007783133067139724,0.16224713473696914,0.12355340709945056,0.0020594549629248
2019-08-14,1500.0,1520.5,1497.0,1515.9000244140625,328,0.0091200064488752,0.009078670323797,0.009827739918243667,0.007602665954981391,0.15601053464096998,0.12068858050786886,0.0091200064488752
2019-08-15,1519.800048828125,1522.699951171875,1510.5999755859375,1519.5999755859375,87,0.002440761997682,0.0024377881760616,0.009870795268692471,0.007494921770330815,0.15669401714035958,0.11897819460107578,0.002440761997682
2019-08-16,1524.5999755859375,1524.5999755859375,1504.699951171875,1512.5,1815,-0.0046722661884749,-0.0046832153423627,0.005602266246558606,0.006899528262465817,0.08893321960059201,0.1095266156768768,0.0046722661884749
2019-08-19,1507.199951171875,1507.5999755859375,1492.9000244140625,1500.4000244140625,205,-0.0079999838584711,-0.0080321554255618,0.00595841171103272,0.007158934260215632,0.09458685357796458,0.11364455822874434,0.0079999838584711
2019-08-20,1497.5,1506.0999755859375,1497.5,1504.5999755859375,486,0.0027992209434382,0.0027953104204053,0.006008358478011565,0.007148699970925898,0.09537973392327088,0.11348209392290759,0.0027992209434382
2019-08-21,1504.9000244140625,1505.0,1498.800048828125,1504.5999755859375,350,0.0,0.0,0.005582993574750745,0.0070537231127018995,0.08862727542037181,0.11197438303990594,0.0
2019-08-22,1495.0999755859375,1497.300048828125,1493.800048828125,1497.300048828125,686,-0.0048517392504739,-0.0048635471453845,0.005843893302087172,0.00707772461813187,0.0927689301943123,0.11235539512665915,0.0048517392504739
2019-08-23,1493.5,1527.5999755859375,1493.5,1526.5999755859375,983,0.0195685071811386,0.019379505617472,0.009115079562045823,0.007755390752183427,0.14469740221044475,0.12311301150244502,0.0195685071811386
2019-08-26,1543.199951171875,1543.300048828125,1524.300048828125,1526.300048828125,334,-0.00019646715748,-0.0001964864596801,0.009102056475559644,0.007767868826952291,0.14449066712157527,0.12331109479852073,0.00019646715748
2019-08-27,1530.5,1542.0999755859375,1528.5,1541.0,166,0.0096311018158987,0.0095850184078684,0.009307650326761957,0.007827669855928388,0.14775436832976727,0.12426040670341985,0.0096311018158987
2019-08-28,1538.0999755859375,1538.0999755859375,1537.800048828125,1537.800048828125,2756,-0.0020765419674724,-0.0020787009701012,0.008396642891259935,0.0078079842184546056,0.1332925736285529,0.12394790689648744,0.0020765419674724
2019-08-29,1537.5,1549.300048828125,1519.5999755859375,1526.5,704,-0.00734819122729,-0.0073753221750819,0.009368283339512267,0.008016709634736635,0.14871688756763485,0.12726132015917152,0.00734819122729
2019-08-30,1524.5999755859375,1530.4000244140625,1516.699951171875,1519.0999755859375,276,-0.0048477067894284,-0.0048594950327149,0.009722214978555856,0.00810551240648843,0.15433537815579573,0.1286710204579024,0.0048477067894284
2019-09-03,1522.9000244140625,1547.300048828125,1521.0,1545.9000244140625,139,0.0176420573094853,0.0174882426528529,0.010947297496956065,0.008571366329849046,0.17378296023111373,0.13606622222887801,0.0176420573094853
2019-09-04,1549.0,1553.199951171875,1534.800048828125,1550.300048828125,46,0.0028462541849885,0.0028422112731653,0.008746018909532915,0.008485874899678076,0.1388387459789545,0.13470908784812022,0.0028462541849885
2019-09-05,1551.0,1551.0999755859375,1511.0999755859375,1515.4000244140625,125,-0.0225117869540438,-0.0227690454603242,0.012873386939593227,0.00967801652396712,0.20435868223962336,0.1536337494407447,0.0225117869540438
2019-09-06,1517.300048828125,1526.0,1504.5,1506.199951171875,54,-0.0060710525893945,-0.0060895563587497,0.012064555739097703,0.009672556541633869,0.19151888498477748,0.15354707490824515,0.0060710525893945
2019-09-09,1509.0,1513.0,1498.0,1502.199951171875,69,-0.0026556899015219,-0.0026592225016616,0.012057588871767284,0.009709517560845956,0.19140828939453666,0.15413381289847713,0.0026556899015219
2019-09-10,1498.5,1498.5,1486.9000244140625,1490.300048828125,23,-0.0079216500669346,-0.0079531930287971,0.012091751509662841,0.009874487245700643,0.19195060445854623,0.15675262545841834,0.0079216500669346
2019-09-11,1491.699951171875,1496.5999755859375,1490.199951171875,1494.4000244140625,8,0.0027511074626627,0.0027473300929079,0.012275621594713635,0.009823502520321239,0.1948694515700784,0.15594326803431738,0.0027511074626627
2019-09-12,1499.5,1515.4000244140625,1498.699951171875,1498.699951171875,27,0.0028773599354687,0.002873228259019,0.009154948674129948,0.009796322712791952,0.14533030474385006,0.15551180196588682,0.0028773599354687
2019-09-13,1490.9000244140625,1490.9000244140625,1486.9000244140625,1490.9000244140625,1,-0.0052044618749159,-0.0052180522608912,0.008583140390102334,0.009829734632971418,0.13625312964098815,0.15604219975560685,0.0052044618749159
2019-09-16,1506.5999755859375,1506.800048828125,1496.9000244140625,1503.0999755859375,21,0.0081829438406977,0.0081496450869675,0.00587820641792095,0.009458479728785182,0.09331363402153586,0.1501487108586675,0.0081829438406977
2019-09-17,1497.9000244140625,1505.0999755859375,1497.9000244140625,1505.0999755859375,3,0.0013305834824595,0.0013296990407197,0.005498666320037717,0.009192481908922233,0.087288621752079,0.14592612637481117,0.0013305834824595
2019-09-18,1508.9000244140625,1509.4000244140625,1489.300048828125,1507.5,8,0.001594594680083,0.0015933246639142,0.005402133669331398,0.009156413426942988,0.0857562134290783,0.145353556973903,0.001594594680083
2019-09-19,1496.0999755859375,1502.4000244140625,1496.0999755859375,1498.4000244140625,10,-0.0060364680503731,-0.0060547611780405,0.004938493468963341,0.008148664729886663,0.07839615342116206,0.12935604235514056,0.0060364680503731
2019-09-20,1503.0,1507.300048828125,1503.0,1507.300048828125,2,0.0059396851768891,0.0059221147876135,0.0052849546486573,0.008135396244044647,0.08389605414361173,0.12914541167226642,0.0059396851768891
2019-09-23,1515.5,1523.699951171875,1515.5,1523.699951171875,5,0.0108803169989282,0.0108215522186347,0.0064379076845818665,0.00836043592203165,0.10219861618197167,0.13271780581072043,0.0108803169989282
2019-09-24,1515.0999755859375,1533.0,1515.0999755859375,1532.0999755859375,25,0.0055129124389627,0.0054977719571275,0.0055449506410014445,0.008354195853477228,0.08802336256930808,0.13261874779336646,0.0055129124389627
2019-09-25,1527.5999755859375,1527.9000244140625,1504.5999755859375,1504.5999755859375,25,-0.0179492203108239,-0.0181122614868357,0.009545930327225257,0.009008182330887253,0.15153694607152476,0.14300046127352298,0.0179492203108239
2019-09-26,1507.5,1507.5,1507.5,1507.5,8178,0.0019274388283392,0.0019255837015005,0.009560556196819362,0.008854025817851769,0.15176912455344915,0.1405533024946863,0.0019274388283392
2019-09-27,1504.199951171875,1506.0999755859375,1485.5999755859375,1499.0999755859375,7827,-0.0055721554985489,-0.0055877378688848,0.00977600546719479,0.008894032322410973,0.15518927569083135,0.14118838606601805,0.0055721554985489
2019-09-30,1495.9000244140625,1495.9000244140625,1463.5,1465.699951171875,1078,-0.022280051336141,-0.0225320010130616,0.012722055854716134,0.00972670365593298,0.20195637574231298,0.15440663370012858,0.022280051336141
2019-10-01,1468.699951171875,1485.5,1458.300048828125,1482.0,219,0.0111209997756311,0.0110596161366381,0.01346325085233997,0.009877588304115184,0.21372248156261967,0.1568018532346141,0.0111209997756311
2019-10-02,1476.5999755859375,1503.699951171875,1474.0999755859375,1501.0,205,0.0128205128205127,0.0127390257774297,0.013796558281236833,0.0101538380189287,0.21901357296456833,0.1611871815055086,0.0128205128205127
2019-10-03,1497.4000244140625,1518.199951171875,1496.5999755859375,1507.0999755859375,1213,0.0040639410965606,0.0040557055928038,0.01367433132949659,0.010181322380384368,0.21707328025768324,0.1616234822176392,0.0040639410965606
2019-10-04,1505.5999755859375,1508.699951171875,1497.0999755859375,1506.199951171875,233,-0.0005971895883765,-0.0005973679771035,0.011802292631289589,0.010139434810928868,0.18735558721681433,0.16095853766681403,0.0005971895883765
2019-10-07,1504.800048828125,1505.800048828125,1489.0999755859375,1497.699951171875,121,-0.0056433410407341,-0.005659324852886,0.011964654649972995,0.009507969826218295,0.18993300435960664,0.15093434179967774,0.0056433410407341
2019-10-08,1489.4000244140625,1506.300048828125,1489.300048828125,1497.199951171875,46,-0.0003338452402357,-0.0003339009789636,0.011783964462864695,0.009507805339005951,0.1870646365629769,0.15093173064613147,0.0003338452402357
2019-10-09,1507.699951171875,1507.699951171875,1498.4000244140625,1506.0999755859375,120,0.0059444461022699,0.0059268475903697,0.006647677870041418,0.009394186756523811,0.10552861464118288,0.14912809156475093,0.0059444461022699
2019-10-10,1511.199951171875,1511.199951171875,1490.5999755859375,1494.800048828125,78,-0.0075027733490377,-0.0075310607310308,0.006998603697853992,0.009473103131789536,0.11109938945531216,0.15038085018469347,0.0075027733490377
2019-10-11,1491.9000244140625,1494.9000244140625,1476.9000244140625,1482.699951171875,57,-0.0080947934579852,-0.0081277341845694,0.005550506286380647,0.009491586283972881,0.0881115557055831,0.15067426112942361,0.0080947934579852
2019-10-14,1484.4000244140625,1493.5,1481.300048828125,1491.699951171875,400,0.0060700076187947,0.006051659334595,0.005938221972638566,0.009545196184389357,0.09426635141700627,0.15152529191530123,0.0060700076187947
2019-10-15,1488.9000244140625,1495.4000244140625,1476.5999755859375,1477.5999755859375,367,-0.0094522866846382,-0.0094972430644289,0.006629019784796773,0.009031315031154584,0.10523242672019503,0.14336768150588752,0.0094522866846382
2019-10-16,1482.0,1488.0,1480.0,1488.0,383,0.0070384573537491,0.0070138030307889,0.007385461235302023,0.009132199112144404,0.11724056247670224,0.14496916664315368,0.0070384573537491
2019-10-17,1486.199951171875,1493.199951171875,1485.800048828125,1492.300048828125,271,0.0028898177608367,0.0028856502644308,0.007526134448102245,0.008233505544693182,0.11947368049988936,0.13070284853717737,0.0028898177608367
2019-10-18,1487.300048828125,1489.0999755859375,1486.5999755859375,1488.199951171875,82,-0.002747502192652,-0.0027512835044978,0.00699475278108302,0.008177839296257608,0.11103825804673856,0.12981917423849457,0.002747502192652
2019-10-21,1489.9000244140625,1489.9000244140625,1481.5,1482.4000244140625,72,-0.0038972765408609,-0.003904890712539,0.006617579977267579,0.008192942658189446,0.10505082540558289,0.13005893267629043,0.0038972765408609
2019-10-22,1483.4000244140625,1483.5,1481.699951171875,1481.699951171875,99,-0.0004722566315824,-0.0004723681798664,0.005873607920644299,0.008069371990845295,0.09324063514034411,0.12809730914548095,0.0004722566315824
2019-10-23,1486.4000244140625,1490.300048828125,1486.4000244140625,1489.9000244140625,67,0.0055342333214642,0.0055189757191052,0.005782876223537588,0.008119849798255446,0.09180031410089294,0.1288986194962914,0.0055342333214642
2019-10-24,1490.5,1501.199951171875,1485.9000244140625,1498.9000244140625,115,0.0060406737717448,0.0060225020448662,0.00444227938926438,0.008179742221273413,0.07051899910956866,0.12984938223662712,0.0060406737717448
2019-10-25,1501.4000244140625,1514.300048828125,1499.0,1499.5,93,0.0004002772540963,0.0004001971645275,0.0038732727372569054,0.008119686621911981,0.06148629853624916,0.12889602915214346,0.0004002772540963
2019-10-28,1504.0999755859375,1504.0999755859375,1490.0,1490.0,37,-0.0063354451483828,-0.0063555992495589,0.004655898628753141,0.008061398750495241,0.07391009940724472,0.12797073787882343,0.0063354451483828
2019-10-29,1485.9000244140625,1487.0,1485.9000244140625,1487.0,425,-0.0020134228187919,-0.0020154524793497,0.004597142540374582,0.00806176343817012,0.07297737542008112,0.12797652711618707,0.0020134228187919
2019-10-30,1487.199951171875,1495.4000244140625,1481.0,1493.199951171875,320,0.0041694358923167,0.0041607678799483,0.004498420415630247,0.008097047670059428,0.07141021027424067,0.1285366469328733,0.0041694358923167
2019-10-31,1496.0999755859375,1513.0999755859375,1496.0999755859375,1511.4000244140625,210,0.012188637715869,0.0121149543997926,0.006060291931513314,0.008331026149809299,0.09620415193941308,0.13225094015022804,0.012188637715869
2019-11-01,1511.0,1511.5999755859375,1503.0,1508.0,235,-0.002249586052098,-0.0022521201719947,0.006199254987731119,0.008274572118971963,0.09841012206847986,0.13135476019361148,0.002249586052098
2019-11-04,1511.5999755859375,1511.5999755859375,1508.0,1508.0,101,0.0,0.0,0.0059152213616646705,0.008017911292809883,0.09390122803716945,0.12728039588970802,0.0
2019-11-05,1507.0999755859375,1507.0999755859375,1480.800048828125,1480.800048828125,31,-0.0180371028991213,-0.0182017543344616,0.009300562174882893,0.008562125604608435,0.14764184740700492,0.1359195302633548,0.0180371028991213
2019-11-06,1483.199951171875,1491.0,1483.199951171875,1490.199951171875,567,0.0063478538855998,0.0063277911200314,0.009492719993056717,0.00804692333081265,0.15069225820319318,0.1277409477152029,0.0063478538855998
2019-11-07,1489.0999755859375,1489.0999755859375,1464.199951171875,1464.199951171875,581,-0.0174473230787277,-0.0176013214889179,0.011610238318516913,0.008619976897042808,0.18430681951793082,0.13683789106018496,0.0174473230787277
2019-11-08,1469.0999755859375,1469.0999755859375,1461.300048828125,1461.300048828125,21,-0.0019805371127277,-0.001982500969778,0.011280621969624885,0.008578190651623968,0.17907432219455438,0.13617455497857678,0.0019805371127277
2019-11-11,1461.0,1461.0,1449.300048828125,1455.5,22,-0.0039691019190591,-0.003976999709097,0.009088829722029469,0.007593112800175496,0.14428069891861373,0.12053692887675387,0.0039691019190591
2019-11-12,1454.9000244140625,1454.9000244140625,1447.0999755859375,1452.0999755859375,6,-0.0023359837953023,-0.002338716461921,0.009084000899636754,0.007292501854794622,0.14420404373955517,0.11576487805958298,0.0023359837953023
2019-11-13,1456.800048828125,1463.300048828125,1456.800048828125,1461.699951171875,56,0.006611098235205,0.0065893407664645,0.010027158800102555,0.006978238376166606,0.1591762112497451,0.11077609999598423,0.006611098235205
2019-11-14,1463.800048828125,1471.800048828125,1463.699951171875,1471.800048828125,83,0.0069098296460587,0.0068860661780647,0.008721402631761941,0.007066276557611224,0.13844797468383796,0.11217366279986928,0.0069098296460587
2019-11-15,1469.0999755859375,1469.0999755859375,1467.300048828125,1467.300048828125,13,-0.0030574805345215,-0.0030621641773319,0.008134643266402196,0.007078522021103062,0.12913345852275812,0.11236805350639802,0.0030574805345215
2019-11-18,1472.0,1472.0,1469.699951171875,1470.9000244140625,141,0.0024534692742719,0.0024504644323866,0.004634814916713891,0.007043632320074531,0.07357540585462499,0.1118141966729647,0.0024534692742719
2019-11-19,1467.699951171875,1474.300048828125,1467.699951171875,1473.300048828125,18,0.0016316706602941,0.0016303409319782,0.004490454713572035,0.007055109861981945,0.0712837586742563,0.11199639700226073,0.0016316706602941
2019-11-20,1472.5999755859375,1474.5,1467.300048828125,1473.300048828125,31,0.0,0.0,0.0039503675305977365,0.006950217242138666,0.0627101404395957,0.11033127828343259,0.0
2019-11-21,1463.0999755859375,1463.0999755859375,1463.0999755859375,1463.0999755859375,16,-0.0069232830408855,-0.006947360157733,0.0049851077408214544,0.00693146817476852,0.07913613204645961,0.11003364606597778,0.0069232830408855
2019-11-22,1468.5999755859375,1468.5999755859375,1463.0999755859375,1463.0999755859375,19,0.0,0.0,0.00435049224825243,0.006789414407735328,0.06906192341754123,0.1077786124237594,0.0
2019-11-25,1457.0999755859375,1457.0999755859375,1455.5,1456.5999755859375,14,-0.0044426219044921,-0.0044525196747646,0.003426132680605875,0.006713708359042124,0.05438817018956541,0.106576816158246,0.0044426219044921
2019-11-26,1459.800048828125,1459.800048828125,1459.800048828125,1459.800048828125,346362,0.0021969472029548,0.002194537443213,0.003593628694357243,0.006528651013875961,0.057047086977450055,0.10363912187667296,0.0021969472029548
2019-11-27,1461.0999755859375,1461.9000244140625,1452.0,1453.4000244140625,88364,-0.0043841787916093,-0.0043938174856029,0.003513678924018682,0.006412951478648188,0.05577792371929469,0.1018024486945623,0.0043841787916093
2019-11-29,1453.5999755859375,1465.5999755859375,1452.0999755859375,1465.5999755859375,7020,0.0083940766251144,0.0083590422813672,0.00513768088443748,0.006597183913445433,0.08155815561499169,0.10472704792999489,0.0083940766251144
2019-12-02,1462.800048828125,1464.4000244140625,1453.300048828125,1462.300048828125,2172,-0.0022515876178922,-0.0022541262526476,0.005154304383665094,0.006592186248001286,0.08182204548424733,0.10464771245058821,0.0022515876178922
2019-12-03,1461.5999755859375,1480.4000244140625,1459.5,1478.199951171875,1460,0.0108732146706087,0.0108145263094838,0.00608457126029613,0.0068799472887037015,0.09658957433516649,0.10921577735485857,0.0108732146706087
2019-12-04,1477.5,1483.4000244140625,1471.199951171875,1474.0,613,-0.0028412605267273,-0.0028453045693533,0.006291299154813571,0.0068982754199674095,0.09987127792288535,0.10950672741878048,0.0028412605267273
2019-12-05,1474.699951171875,1478.0,1472.300048828125,1476.9000244140625,907,0.0019674521126611,0.0019655192135956,0.005801282157444528,0.0068272900149379005,0.09209249924348686,0.10837986904824083,0.0019674521126611
2019-12-06,1475.0,1476.0,1458.199951171875,1459.0999755859375,899,-0.012052304512072,-0.0121255224251759,0.007854587469992562,0.007046275555823966,0.12468771057962597,0.11185615673966182,0.012052304512072
2019-12-09,1458.800048828125,1464.199951171875,1458.5999755859375,1459.300048828125,1461,0.0001371209961862,0.0001371115959617,0.0076204252489566115,0.007044799993989608,0.12097050055978,0.11183273292171496,0.0001371209961862
2019-12-10,1460.699951171875,1467.199951171875,1460.699951171875,1462.5999755859375,367,0.0022613079198225,0.0022587550109528,0.00689337151918207,0.00698992532284976,0.10942888040718764,0.11096162452304001,0.0022613079198225
2019-12-11,1463.0999755859375,1475.4000244140625,1463.0999755859375,1469.4000244140625,393,0.0046492882138882,0.0046385136565482,0.007054698626856209,0.007048895046635769,0.1119898688470223,0.11189773986715972,0.0046492882138882
2019-12-12,1475.0999755859375,1483.9000244140625,1463.699951171875,1466.699951171875,955,-0.0018375345020592,-0.0018392248396021,0.005459263075364345,0.007000573110487222,0.08666311463455034,0.11113065291165053,0.0018375345020592
2019-12-13,1463.0999755859375,1475.9000244140625,1463.0999755859375,1475.5999755859375,468,0.0060680607556791,0.0060497242157816,0.0059982156824976325,0.006698505023169045,0.0952187220360978,0.10633547068333349,0.0060680607556791
2019-12-16,1473.800048828125,1475.300048828125,1473.800048828125,1475.0,99,-0.0004065977201573,-0.0004066804034237,0.005946572125132263,0.006692982428881545,0.094398905978453,0.1062478022168737,0.0004065977201573
2019-12-17,1474.0999755859375,1476.9000244140625,1474.0,1474.5999755859375,410,-0.0002712029925847,-0.0002712397747667,0.002919252029266412,0.0066921657715533055,0.04634168930255746,0.10623483818369242,0.0002712029925847
2019-12-18,1472.5999755859375,1472.5999755859375,1472.5999755859375,1472.5999755859375,250,-0.0013563000360183,-0.0013572206434196,0.0030864609732999216,0.005843261018228305,0.048996048999947764,0.09275889299922092,0.0013563000360183
2019-12-19,1475.9000244140625,1478.9000244140625,1473.300048828125,1478.199951171875,319,0.0038027812568102,0.0037955689629014,0.003218558375158475,0.005763318668443658,0.051093030244880724,0.09148984753870704,0.0038027812568102
2019-12-20,1476.699951171875,1478.0999755859375,1474.699951171875,1474.699951171875,118,-0.0023677446323991,-0.0023705521722885,0.003174369907061634,0.004786900473323491,0.05039156006047381,0.07598968921938802,0.0023677446323991
2019-12-23,1482.300048828125,1482.5,1479.9000244140625,1482.5,391,0.0052892446507011,0.0052753057255338,0.003425614349152346,0.004853670754278123,0.05437994193282896,0.07704963456964323,0.0052892446507011
2019-12-24,1488.699951171875,1499.0999755859375,1488.699951171875,1499.0999755859375,52,0.0111972853868043,0.0111350598605751,0.004820827994818224,0.005153611448465989,0.07652827192624319,0.08181104547897824,0.0111972853868043
2019-12-26,1505.199951171875,1512.300048828125,1505.0,1509.300048828125,126,0.0068041314177198,0.0067810877844301,0.004922971432278439,0.005219519015851477,0.07814974872770523,0.08285729567589364,0.0068041314177198
2019-12-27,1513.800048828125,1513.800048828125,1513.800048828125,1513.800048828125,839,0.002981514512965,0.0029770786135146,0.004677108311240068,0.005133567225313335,0.07424679267872701,0.08149285330086582,0.002981514512965
2019-12-30,1512.5999755859375,1515.0999755859375,1510.0,1514.5,446,0.0004623802016765,0.0004622733368912,0.0043867460674297315,0.005019139616546439,0.0696374349552579,0.0796763713253638,0.0004623802016765
2019-12-31,1513.800048828125,1523.4000244140625,1513.800048828125,1519.5,301,0.0033014196104323,0.0032959818895556,0.004395049300783776,0.004977466325111651,0.06976924469845314,0.079014828332664,0.0033014196104323
2020-01-02,1518.0999755859375,1528.699951171875,1518.0,1524.5,214,0.0032905561039815,0.0032851540714616,0.0034596839664004105,0.004987200358996341,0.054920780339838174,0.07916935133013821,0.0032905561039815
2020-01-03,1530.0999755859375,1552.699951171875,1530.0999755859375,1549.199951171875,107,0.0162020014246473,0.0160721496940034,0.005559118650089884,0.00569004339482207,0.08824827274103357,0.09032663863118943,0.0162020014246473
2020-01-06,1580.0,1580.0,1560.4000244140625,1566.199951171875,416,0.0109734059745745,0.010913635018349,0.0055269320849320605,0.005925399978957959,0.08773732685924371,0.09406280857746072,0.0109734059745745
2020-01-07,1558.300048828125,1576.300048828125,1558.300048828125,1571.800048828125,47,0.0035755956013534,0.0035692183565126,0.0056107487218148315,0.005681736366630495,0.0890678747207734,0.09019476864681597,0.0035755956013534
2020-01-08,1579.699951171875,1604.199951171875,1552.300048828125,1557.4000244140625,236,-0.0091614861730018,-0.0092037106781219,0.008003842009535819,0.006049862120754925,0.12705705294169944,0.09603858382648409,0.0091614861730018
2020-01-09,1555.699951171875,1555.699951171875,1543.300048828125,1551.699951171875,54,-0.0036599930350791,-0.0036667071971181,0.008454390565489255,0.006022293217550897,0.13420928953737182,0.09560094105570408,0.0036599930350791
2020-01-10,1551.199951171875,1558.800048828125,1545.4000244140625,1557.5,16,0.0037378675070167,0.0037308990396736,0.00845426492381193,0.006029469214722524,0.13420729503757675,0.09571485647925423,0.0037378675070167
2020-01-13,1557.4000244140625,1558.0,1548.4000244140625,1548.4000244140625,48,-0.0058426809540529,-0.0058598161908312,0.009177579845890913,0.006089794858307312,0.14568956345799508,0.09667249638288584,0.0058426809540529
2020-01-14,1546.699951171875,1546.699951171875,1534.9000244140625,1542.4000244140625,32,-0.0038749676475047,-0.0038824947858764,0.006965028695693414,0.006066590652048854,0.11056640281940008,0.09630414102810268,0.0038749676475047
2020-01-15,1548.0,1553.9000244140625,1545.5999755859375,1552.0999755859375,11,0.006288868658155,0.0062691762425415,0.0057933525776087055,0.006074090998342576,0.09196662106600595,0.096423205334343,0.006288868658155
2020-01-16,1555.699951171875,1556.0999755859375,1548.5,1549.0,98,-0.0019972782905091,-0.0019992755105732,0.005383857464388776,0.005877572078769899,0.08546608766994893,0.09330356419969255,0.0019972782905091
2020-01-17,1554.0999755859375,1558.800048828125,1553.5999755859375,1558.800048828125,108,0.0063266938851678,0.0063067643718606,0.005163150837928026,0.005878247230284815,0.08196247859203389,0.09331428189772709,0.0063266938851678
2020-01-21,1559.300048828125,1566.199951171875,1551.0,1556.4000244140625,45,-0.0015396614953064,-0.0015408479920918,0.004961329118411806,0.005911290041441549,0.0787586581179658,0.09383882026336221,0.0015396614953064
2020-01-22,1549.800048828125,1557.0999755859375,1549.800048828125,1555.300048828125,42,-0.0007067434905442,-0.0007069933514569,0.004749204426283629,0.005331215827982116,0.07539128302412201,0.0846304275987119,0.0007067434905442
2020-01-23,1553.0999755859375,1564.5999755859375,1552.199951171875,1564.5999755859375,15,0.0059795065041112,0.0059617002017713,0.004500493074006589,0.005361989183991153,0.07144311270594027,0.0851189394807525,0.0059795065041112
2020-01-24,1556.300048828125,1571.0999755859375,1556.300048828125,1571.0999755859375,43,0.0041544165290976,0.0041458107671288,0.003884289562757734,0.005372173472975416,0.061661185219324684,0.08528061005634673,0.0041544165290976
2020-01-27,1584.300048828125,1584.5,1576.800048828125,1576.800048828125,22,0.0036280779904294,0.0036215123910229,0.0035869323628744993,0.005360666389179367,0.0569407860106513,0.08509794076410716,0.0036280779904294
2020-01-28,1576.4000244140625,1576.4000244140625,1569.199951171875,1569.199951171875,3,-0.0048199501654622,-0.0048316035862787,0.004244206619034888,0.005467930060170548,0.06737469136044341,0.08680069875303428,0.0048199501654622
2020-01-29,1569.800048828125,1569.800048828125,1569.800048828125,1569.800048828125,251274,0.0003824226834838,0.0003823495785668,0.0037697883990033066,0.005430101872402855,0.059843535594594495,0.08620019488874486,0.0003824226834838
2020-01-30,1576.800048828125,1585.0,1571.4000244140625,1583.5,62336,0.0087271950221317,0.0086893331813026,0.0045321104323966755,0.005540855912191035,0.07194502271041808,0.08795836076459652,0.0087271950221317
2020-01-31,1573.4000244140625,1589.0,1570.0,1582.9000244140625,1095,-0.0003788920656377,-0.0003789638633727,0.004495259289346444,0.0055426697017105595,0.07136002895018181,0.08798715378059219,0.0003788920656377
2020-02-03,1592.9000244140625,1593.300048828125,1568.199951171875,1577.199951171875,1062,-0.003601031748229,-0.0036075310705902,0.004720881137374405,0.005609595312513612,0.07494166475153057,0.08904956491574803,0.003601031748229
2020-02-04,1577.699951171875,1577.699951171875,1547.800048828125,1550.4000244140625,978,-0.0169920920539592,-0.0171381141612854,0.008064349295414793,0.0066131693513088565,0.128017576327359,0.10498080888910545,0.0169920920539592
2020-02-05,1553.199951171875,1560.699951171875,1547.699951171875,1557.800048828125,1305,0.00477297748809,0.0047616229466852,0.008204711264294545,0.006593465875590053,0.13024575350648224,0.10466802590881213,0.00477297748809
2020-02-06,1553.5999755859375,1565.5999755859375,1551.5999755859375,1565.0999755859375,110,0.0046860486127882,0.0046751032672821,0.00838716833370958,0.006583528680279042,0.13314216969018924,0.10451027782367767,0.0046860486127882
2020-02-07,1564.9000244140625,1571.9000244140625,1560.5,1568.5999755859375,431,0.0022362788669072,0.0022337821169152,0.008442988065101065,0.006342749262794928,0.13402828045526302,0.10068802306676189,0.0022362788669072
2020-02-10,1569.300048828125,1574.699951171875,1568.5999755859375,1574.699951171875,128,0.0038888025506049,0.0038812607041441,0.007773450498198354,0.006281211365780113,0.12339970108262395,0.09971113923651925,0.0038888025506049
2020-02-11,1570.9000244140625,1571.0999755859375,1561.9000244140625,1565.5999755859375,440,-0.0057788631917879,-0.0057956254306679,0.007993043833114288,0.006409120805950171,0.1268856372051532,0.10174163865068407,0.0057788631917879
2020-02-12,1565.199951171875,1568.699951171875,1561.0,1567.4000244140625,36,0.0011497501636401,0.0011490897071122,0.00799068021905582,0.006407835837005691,0.12684811599518897,0.10172124040106685,0.0011497501636401
2020-02-13,1570.199951171875,1575.0999755859375,1570.199951171875,1575.0999755859375,74,0.0049125628760617,0.0049005356127643,0.003824179018532565,0.006433061277214241,0.0607069599121694,0.10212168185009056,0.0049125628760617
2020-02-14,1575.800048828125,1582.699951171875,1574.800048828125,1582.699951171875,68,0.004825075045227,0.0048134716803989,0.0038299157844970794,0.006456162709541498,0.06079802824860071,0.10248840571929443,0.004825075045227
2020-02-18,1579.800048828125,1604.300048828125,1579.800048828125,1600.0,310,0.0109307192530812,0.0108714107397919,0.005025875413418,0.006097527893488459,0.0797832987857878,0.09679525451070001,0.0109307192530812
2020-02-19,1600.5999755859375,1610.5,1599.699951171875,1607.5,542,0.0046874999999999,0.0046765478839018,0.005035658500131789,0.005849285658257629,0.0799386004727834,0.09285453119475857,0.0046874999999999
2020-02-20,1606.5,1621.0,1603.0,1616.5999755859375,117,0.0056609490425738,0.0056449860858646,0.005101609627201028,0.00589458375870123,0.08098554215824115,0.09357361624658295,0.0056609490425738
2020-02-21,1619.300048828125,1645.0,1619.300048828125,1644.5999755859375,186,0.0173203021296912,0.0171720154941707,0.0053600242142342585,0.006296661317822105,0.08508774655288945,0.09995639962174517,0.0173203021296912
2020-02-24,1657.0,1686.5999755859375,1650.0,1672.4000244140625,435,0.0169038363375995,0.0167625563888194,0.005753149668603942,0.0067785048384761395,0.09132841967075818,0.1076054283807355,0.0169038363375995
2020-02-25,1645.0999755859375,1653.699951171875,1632.300048828125,1646.9000244140625,409,-0.015247548210802,-0.0153649873762137,0.010989959897514272,0.0075080854889642045,0.17446020484437397,0.11918716215607243,0.015247548210802
2020-02-26,1644.0,1648.0999755859375,1636.4000244140625,1640.0,1990,-0.0041897044822239,-0.0041985058861716,0.011715023323666729,0.007455265232837275,0.18597022990646103,0.11834866658468088,0.0041897044822239
2020-02-27,1641.0999755859375,1658.0,1638.5,1640.0,707,0.0,0.0,0.011543669918640798,0.007384192600207853,0.18325007893044462,0.11722042351892026,0.0
2020-02-28,1640.300048828125,1642.5,1564.0999755859375,1564.0999755859375,289,-0.0462805026915015,-0.0473856787470647,0.02203925581921994,0.011461334221950427,0.34986233987153437,0.1819430402656488,0.0462805026915015
2020-03-02,1583.9000244140625,1608.300048828125,1574.300048828125,1592.300048828125,537,0.0180295848618137,0.0178689794563546,0.023369594180437953,0.011896593526782887,0.37098080665164684,0.18885256752413007,0.0180295848618137
2020-03-03,1594.5,1645.300048828125,1594.0,1642.0999755859375,610,0.0312754664514791,0.0307963531026718,0.025758015696549112,0.013094318364493915,0.4088958227974027,0.20786585988214154,0.0312754664514791
2020-03-04,1645.4000244140625,1645.9000244140625,1631.300048828125,1641.0999755859375,83,-0.0006089763198755,-0.000609161821269,0.024678353461692105,0.013087183431479512,0.3917567161571236,0.20775259633187826,0.0006089763198755
2020-03-05,1637.300048828125,1672.9000244140625,1637.199951171875,1666.4000244140625,154,0.0154165189229813,0.0152988917886068,0.024745745009184653,0.013307703516356935,0.3928265238079221,0.21125324415396135,0.0154165189229813
2020-03-06,1670.800048828125,1686.199951171875,1647.199951171875,1670.800048828125,175,0.0026404370796919,0.0026369572498745,0.0245975695303521,0.013290590587540512,0.390474311003589,0.2109815848308481,0.0026404370796919
2020-03-09,1696.0999755859375,1701.5999755859375,1657.699951171875,1674.5,161,0.0022144787309947,0.0022120303868409,0.024567908541777973,0.013285863215693687,0.39000345740714415,0.21090654012927834,0.0022144787309947
2020-03-10,1671.5999755859375,1674.5999755859375,1643.0,1659.0999755859375,48,-0.0091967897366751,-0.0092393413001944,0.013707386668334097,0.013444150347876091,0.21759801749408536,0.21341927045425585,0.0091967897366751
2020-03-11,1656.5999755859375,1666.5,1635.0,1641.4000244140625,47,-0.0106684054200073,-0.0107257208645275,0.014654553910776939,0.013584903418579986,0.23263383133502888,0.215653656182363,0.0106684054200073
2020-03-12,1637.0,1647.5,1566.4000244140625,1589.300048828125,256,-0.0317411811934972,-0.0322558526437255,0.01477633647538926,0.014887033301047929,0.23456706961495602,0.23632432724465868,0.0317411811934972
2020-03-13,1574.9000244140625,1589.800048828125,1513.800048828125,1515.699951171875,89,-0.0463097561159198,-0.0474163522031018,0.021365057390902376,0.017071621948242816,0.3391597716177011,0.27100359690937487,0.0463097561159198
2020-03-16,1569.0999755859375,1569.0999755859375,1452.0999755859375,1485.9000244140625,193,-0.0196608350714615,-0.0198566805299202,0.017952418757166393,0.017395082496712847,0.28498581278132123,0.27613837393052837,0.0196608350714615
2020-03-17,1469.300048828125,1537.699951171875,1469.300048828125,1524.9000244140625,122,0.0262467187288586,0.0259081844384477,0.023438989225913746,0.018135654768508487,0.37208241884694065,0.28789459428477676,0.0262467187288586
2020-03-18,1537.5,1542.0,1477.300048828125,1477.300048828125,333,-0.0312151451399101,-0.0317127197514012,0.023291546370628937,0.018744826617315198,0.3697418360808793,0.29756489759064075,0.0312151451399101
2020-03-19,1481.5,1491.5999755859375,1471.0,1478.5999755859375,262,0.0008799341466505,0.0008795472315558,0.02418498293822592,0.018713805586315066,0.38392470190131595,0.2970724539900057,0.0008799341466505
2020-03-20,1483.5,1484.0,1483.5,1484.0,14,0.0036521199129078,0.0036454671159334,0.025297829739285932,0.018702842507259843,0.4015905971988273,0.29689842050530374,0.0036521199129078
2020-03-23,1505.300048828125,1567.0,1490.199951171875,1567.0,51,0.0559299191374662,0.054421818628695,0.034930894605302965,0.021450072759892545,0.5545107611918362,0.3405093487614994,0.0559299191374662
2020-03-24,1592.699951171875,1685.5,1592.699951171875,1660.199951171875,442,0.0594766759233407,0.0577750842539242,0.03519438878166536,0.02402686272965103,0.5586936015672482,0.381414621406459,0.0594766759233407
2020-03-25,1676.5,1676.5,1631.0999755859375,1632.300048828125,476,-0.0168051458645427,-0.0169479545362609,0.034758225670761506,0.02423406439073171,0.551769726832177,0.38470384580521283,0.0168051458645427
2020-03-26,1660.5,1660.5,1650.0999755859375,1650.0999755859375,3,0.010904812978834,0.0108457842495699,0.03434021525953603,0.024292159862443388,0.5451340172709463,0.38562608282790134,0.010904812978834
2020-03-27,1623.9000244140625,1623.9000244140625,1623.9000244140625,1623.9000244140625,100638,-0.0158777962302384,-0.016005198817997,0.03150840401982292,0.024501839339300155,0.5001804074699958,0.3889546413326841,0.0158777962302384
2020-03-30,1641.199951171875,1652.800048828125,1607.199951171875,1622.0,16389,-0.0011700378012791,-0.001170722829899,0.03166008196192559,0.024496599291009096,0.5025882201550621,0.38887145814486745,0.0011700378012791
2020-03-31,1618.699951171875,1621.0,1576.0,1583.4000244140625,2874,-0.0237977654660527,-0.0240855065192662,0.034672987170178,0.02483457692401193,0.550416607584145,0.394236686738634,0.0237977654660527
2020-04-01,1570.0,1600.0,1570.0,1578.199951171875,2158,-0.0032841184552284,-0.0032895230082814,0.028156251348372633,0.024824773075989855,0.44696663351772625,0.3940810554760867,0.0032841184552284
2020-04-02,1590.9000244140625,1631.199951171875,1586.0,1625.699951171875,1294,0.0300975804521659,0.0296535360572285,0.01862358305302168,0.02542141653858327,0.2956402156755144,0.40355247681645456,0.0300975804521659
2020-04-03,1624.5,1636.0,1619.800048828125,1633.699951171875,643,0.0049209572739625,0.0049088889393624,0.01769711842886094,0.025238618231438945,0.280933045711345,0.40065064365172964,0.0049209572739625
2020-04-06,1629.0999755859375,1696.699951171875,1625.9000244140625,1677.0,1063,0.0265042848272507,0.0261591316788072,0.020082880790959358,0.02551854640778022,0.3188058490958076,0.4050943656890827,0.0265042848272507
2020-04-07,1695.699951171875,1724.4000244140625,1658.0,1664.800048828125,1144,-0.007274866530635,-0.0073014574140602,0.019006258000709614,0.025391117755720876,0.30171499214285596,0.4030714985495635,0.007274866530635
2020-04-08,1669.699951171875,1677.0,1662.5,1665.4000244140625,747,0.0003603889766581,0.0003603240521491,0.018949433586281896,0.025374670657400566,0.3008129325290203,0.4028104089578985,0.0003603889766581
2020-04-09,1662.699951171875,1736.199951171875,1662.699951171875,1736.199951171875,825,0.0425122647531617,0.0416334393728495,0.019346794646208875,0.02648975528215968,0.3071208438006272,0.4205118286053249,0.0425122647531617
2020-04-13,1722.0,1756.800048828125,1710.699951171875,1744.800048828125,696,0.0049534027750923,0.0049411750382127,0.018389291572191616,0.024854911986898917,0.29192095372004995,0.3945594958543969,0.0049534027750923
2020-04-14,1756.800048828125,1775.0,1739.5,1756.699951171875,675,0.0068202097723131,0.0067970573516078,0.017180916547276864,0.024719792926342965,0.2727385948814945,0.3924145472647026,0.0068202097723131
2020-04-15,1739.4000244140625,1744.9000244140625,1722.699951171875,1727.199951171875,642,-0.0167928506973094,-0.0169354492934753,0.020208833797113912,0.024418277716924466,0.32080529108280326,0.3876281417009531,0.0167928506973094
2020-04-16,1731.0,1750.5999755859375,1715.0,1720.4000244140625,162,-0.0039369655801569,-0.003944735829989,0.01883038736199338,0.02443795398267612,0.2989231323050885,0.38794049273640885,0.0039369655801569
2020-04-17,1715.699951171875,1725.0,1684.9000244140625,1689.199951171875,223,-0.018135359683463,-0.0183018209467802,0.02028664278906995,0.024563572014532593,0.32204047053768503,0.3899346171712746,0.018135359683463
2020-04-20,1686.0,1701.5999755859375,1680.0,1701.5999755859375,106,0.0073407676844059,0.0073139553845947,0.02034948697532086,0.024591076521017084,0.32303809106668185,0.3903712376758237,0.0073407676844059
2020-04-21,1697.0,1707.0999755859375,1659.9000244140625,1678.199951171875,666,-0.0137517775915604,-0.013847209197883,0.011402444628326831,0.024733966425254137,0.18100819694842268,0.3926395445846622,0.0137517775915604
2020-04-22,1696.0,1728.699951171875,1684.800048828125,1728.699951171875,453,0.0300917658618309,0.0296478913427313,0.01737538683966291,0.025245021152882467,0.2758257150677555,0.4007522868785527,0.0300917658618309
2020-04-23,1734.0,1745.0999755859375,1733.300048828125,1733.300048828125,482,0.0026610156685269,0.0026574814347122,0.01712492989679986,0.02513734289466932,0.27184983435808463,0.3990429475215092,0.0026610156685269
2020-04-24,1744.0,1744.0,1714.5,1723.5,221,-0.0056539828950854,-0.005670027160958,0.015977475169893455,0.024364945194089705,0.2536345552694853,0.3867815141476784,0.0056539828950854
2020-04-27,1731.9000244140625,1731.9000244140625,1711.9000244140625,1711.9000244140625,169,-0.0067304761160066,-0.0067532279148038,0.016120680357009688,0.022611948556395513,0.2559078671388694,0.35895355523285105,0.0067304761160066
2020-04-28,1716.5999755859375,1716.5999755859375,1707.0999755859375,1710.5,1255,-0.0008178190280367,-0.0008181536244567,0.01419428017157387,0.022180768064915344,0.22532721224135813,0.3521087771290163,0.0008178190280367
2020-04-29,1710.0,1713.5,1702.0,1703.4000244140625,373,-0.0041508188166836,-0.0041594573781307,0.014121400884239728,0.021865804724749423,0.2241702894212756,0.34710888910792864,0.0041508188166836
2020-04-30,1719.300048828125,1719.300048828125,1680.800048828125,1684.199951171875,327,-0.0112716173341561,-0.0113356234355176,0.013737875081572822,0.021048539901553455,0.21808200604987718,0.33413521224318243,0.0112716173341561
2020-05-01,1686.5999755859375,1701.5,1670.5,1694.5,337,0.0061156923920808,0.0060970674430949,0.005921984327395488,0.021038433725787717,0.09400858678986343,0.33397478167649014,0.0061156923920808
2020-05-04,1702.5999755859375,1709.0,1699.5999755859375,1706.9000244140625,320,0.0073178072670772,0.0072911620263402,0.006833724446003732,0.02104240388761856,0.10848201247481111,0.3340378060417047,0.0073178072670772
2020-05-05,1701.5,1704.4000244140625,1697.199951171875,1704.4000244140625,82,-0.0014646434848216,-0.0014657171235505,0.006658983406316554,0.01872270728826593,0.10570808446571625,0.29721376412764894,0.0014646434848216
2020-05-06,1704.0,1704.0,1684.199951171875,1684.199951171875,469,-0.011851720812508,-0.0119225123458848,0.007542894205893831,0.015561927206692864,0.11973973340679066,0.24703793585879621,0.011851720812508
2020-05-07,1686.199951171875,1721.800048828125,1685.5999755859375,1721.800048828125,853,0.0223251981631324,0.0220796389786099,0.012036152065627475,0.015692601600793003,0.19106799064684005,0.24911232755587429,0.0223251981631324
2020-05-08,1726.199951171875,1728.9000244140625,1703.800048828125,1709.9000244140625,330,-0.0069113858035733,-0.0069353800500091,0.012275991800591586,0.015677135326192793,0.19487532840620012,0.24886680805806954,0.0069113858035733
2020-05-11,1702.300048828125,1704.5,1690.199951171875,1695.300048828125,749,-0.0085384966240588,-0.0085751584266491,0.011871978242907625,0.0154554491256312,0.18846181200661885,0.24534764872338496,0.0085384966240588
2020-05-12,1699.300048828125,1713.0999755859375,1699.300048828125,1704.4000244140625,324,0.0053677669579659,0.0053534118439333,0.011821511166751373,0.015461870927113923,0.18766067200918288,0.24544959166153885,0.0053677669579659
2020-05-13,1702.0,1721.300048828125,1701.9000244140625,1713.9000244140625,431,0.0055738088851917,0.0055583326933722,0.01168105910288999,0.014698304032345975,0.18543106461656497,0.23332834298403196,0.0055738088851917
2020-05-14,1724.300048828125,1743.0999755859375,1720.5,1738.0999755859375,672,0.0141198149408676,0.0140210588797578,0.012656821991739788,0.014795211594253559,0.20092082027134012,0.23486670283784633,0.0141198149408676
2020-05-15,1739.699951171875,1753.4000244140625,1739.699951171875,1753.4000244140625,719,0.008802743825462,0.0087642255553001,0.010944747520416237,0.013953420230241933,0.17374248060847314,0.22150367920798666,0.008802743825462
2020-05-18,1755.699951171875,1770.5,1731.800048828125,1731.800048828125,229,-0.0123189091394906,-0.0123954158696116,0.010032105463333194,0.014207939243811838,0.15925473709411225,0.22554404329104732,0.0123189091394906
2020-05-19,1744.199951171875,1749.5,1744.199951171875,1744.199951171875,167,0.0071601235674643,0.0071346115896029,0.009613933294122665,0.01347977532398855,0.15261645970447538,0.21398479941779294,0.0071601235674643
2020-05-20,1751.5999755859375,1752.0999755859375,1745.5999755859375,1750.5999755859375,16,0.0036693180789062,0.0036626025539089,0.008200540954057797,0.013384741067805014,0.1301795518838237,0.21247617737043112,0.0036693180789062
2020-05-21,1746.800048828125,1746.800048828125,1720.5,1720.5,528,-0.0171940911720067,-0.017343626114691,0.011592328555220285,0.013824628896286155,0.18402251083959337,0.2194591801639831,0.0171940911720067
2020-05-22,1726.5999755859375,1734.5999755859375,1726.5999755859375,1734.5999755859375,6,0.0081952778761624,0.0081618789380695,0.011790223962076312,0.011512945162493056,0.18716400303245134,0.18276233854728444,0.0081952778761624
2020-05-26,1726.4000244140625,1726.4000244140625,1704.800048828125,1704.800048828125,39,-0.0171797112747832,-0.0173289947496414,0.012254756920476673,0.011889770736243066,0.19453823513477414,0.18874425908203496,0.0171797112747832
2020-05-27,1685.5999755859375,1710.300048828125,1685.5999755859375,1710.300048828125,137416,0.0032261847973202,0.0032209918291327,0.011543351267772723,0.011829288930415767,0.1832450205047327,0.1877841401796562,0.0032261847973202
2020-05-28,1709.300048828125,1727.800048828125,1705.0,1713.300048828125,23355,0.0017540781818112,0.0017525415832908,0.010960529452790942,0.011444352205514619,0.17399301101810216,0.18167345911215146,0.0017540781818112
2020-05-29,1732.699951171875,1754.5,1725.300048828125,1751.699951171875,150112,0.0224128297725871,0.0221653532445072,0.014046460079085181,0.012138257585666381,0.22298064102033632,0.19268886552789924,0.0224128297725871
2020-06-01,1749.800048828125,1761.0,1737.5999755859375,1750.300048828125,146131,-0.0007991678842106,-0.0007994873891009,0.013990329073221152,0.011613320453223809,0.22208958892619954,0.18435574688958073,0.0007991678842106
2020-06-02,1750.300048828125,1757.0,1728.0,1734.0,175351,-0.0093127168904773,-0.0093563513533056,0.012620463805333455,0.011709759552535884,0.20034365195522522,0.18588667013023757,0.0093127168904773
2020-06-03,1733.699951171875,1738.9000244140625,1690.300048828125,1704.800048828125,256523,-0.0168396488880478,-0.016983047914524,0.013795397417461162,0.01185380993191004,0.21899514482342963,0.18817339901076874,0.0168396488880478
2020-06-04,1702.800048828125,1729.0,1698.9000244140625,1727.4000244140625,198723,0.0132566723009379,0.0131695715536377,0.013138319036577112,0.010756842060333213,0.2085643488972526,0.17075957390424798,0.0132566723009379
2020-06-05,1720.800048828125,1723.199951171875,1671.699951171875,1683.0,273683,-0.0257033829955647,-0.0260394867887949,0.016731269041166934,0.011721025022974162,0.2656006620086509,0.18606550392932858,0.0257033829955647
2020-06-08,1686.699951171875,1707.5999755859375,1680.699951171875,1705.0999755859375,154767,0.0131312986250371,0.0130458305150413,0.017701159612636484,0.01195848727969344,0.28099719751497937,0.1898351003915889,0.0131312986250371
2020-06-09,1703.9000244140625,1729.4000244140625,1697.5999755859375,1721.9000244140625,182910,0.009852823335096,0.0098046007648526,0.015483122369603424,0.012033485950856423,0.2457869478525105,0.1910256673869343,0.009852823335096
2020-06-10,1718.9000244140625,1749.4000244140625,1714.0999755859375,1720.699951171875,198763,-0.0006969471079459,-0.0006971900884845,0.015484871288451978,0.012033131390532956,0.24581471107852956,0.1910200389162903,0.0006969471079459
2020-06-11,1746.5999755859375,1754.9000244140625,1727.5,1739.800048828125,205348,0.011100190735312,0.0110390357565911,0.015868120694698756,0.012161471453910873,0.25189860679278236,0.1930573742619557,0.011100190735312
2020-06-12,1733.5999755859375,1753.0,1728.199951171875,1737.300048828125,151397,-0.001436946735163,-0.0014379801332001,0.014007944676999926,0.011956322368426791,0.22236922796695685,0.18980073349065646,0.001436946735163
2020-06-15,1740.699951171875,1743.800048828125,1706.199951171875,1727.199951171875,200225,-0.0058136748819312,-0.0058306400751142,0.01347658340130549,0.011982257315999919,0.2139341292160518,0.1902124380199204,0.0058136748819312
2020-06-16,1732.300048828125,1741.300048828125,1721.800048828125,1736.5,182423,0.0053844656617869,0.0053700212536363,0.007258606982354951,0.011950632403031758,0.11522681364040922,0.18971040809023354,0.0053844656617869
2020-06-17,1735.300048828125,1739.300048828125,1717.300048828125,1735.5999755859375,140069,-0.0005182979637561,-0.0005184323265744,0.0063281782376605035,0.011946127086773204,0.10045671521364413,0.18963888841184653,0.0005182979637561
2020-06-18,1735.5,1749.199951171875,1722.699951171875,1731.0999755859375,155912,-0.0025927633459897,-0.002596130378078,0.00564714028192595,0.011728995333723832,0.08964557282802746,0.18619202869002177,0.0025927633459897
2020-06-19,1729.800048828125,1760.9000244140625,1728.300048828125,1753.0,181151,0.0126509298844221,0.0125715754417583,0.007126898206419874,0.011244973326883305,0.11313600164075557,0.17850841753492713,0.0126509298844221
2020-06-22,1765.800048828125,1779.0,1753.5,1766.4000244140625,228682,0.0076440527176626,0.0076149849829085,0.006542242121957811,0.011221009066527425,0.10385487402883121,0.17812799669539556,0.0076440527176626
2020-06-23,1764.9000244140625,1786.800048828125,1758.300048828125,1782.0,194678,0.0088315077956999,0.0087927381266115,0.006742073704641227,0.01115203169944587,0.10702710206009176,0.17703301493905674,0.0088315077956999
2020-06-24,1784.4000244140625,1796.0999755859375,1770.5999755859375,1775.0999755859375,239533,-0.0038720675724256,-0.0038795834336231,0.0063139404510557376,0.011175503284330037,0.10023069735818682,0.177405614797937,0.0038720675724256
2020-06-25,1772.300048828125,1779.5999755859375,1764.0999755859375,1770.5999755859375,152200,-0.0025350684817144,-0.0025382872087643,0.00670767200129426,0.011169540355874794,0.10648099194969322,0.17731095624326754,0.0025350684817144
2020-06-26,1774.800048828125,1786.199951171875,1754.0,1780.300048828125,201233,0.0054784103557763,0.0054634584493578,0.006595055446813935,0.010932331791964449,0.10469325956970983,0.1735453870294983,0.0054784103557763
2020-06-29,1789.199951171875,1790.4000244140625,1776.5,1781.199951171875,130505,0.0005054779076945,0.0005053501967718,0.006197640349223189,0.010828871999937234,0.09838449047678437,0.17190301374710745,0.0005054779076945
2020-06-30,1784.199951171875,1804.0,1774.800048828125,1800.5,199417,0.0108354195807311,0.0107771370544332,0.005805783957812309,0.010702124309846447,0.0921639631088381,0.1698909565437148,0.0108354195807311
2020-07-01,1798.9000244140625,1807.699951171875,1767.9000244140625,1779.9000244140625,263254,-0.011441252755311,-0.0115072074396867,0.00784533026395294,0.01089126613856407,0.12454075698952922,0.17289348999155563,0.011441252755311
2020-07-02,1779.0,1791.699951171875,1766.300048828125,1790.0,186306,0.0056744622997926,0.0056584231855575,0.007406227970826562,0.010916031081979942,0.11757022418314572,0.17328662128062153,0.0056744622997926
2020-07-06,1787.9000244140625,1799.0,1779.199951171875,1793.5,184653,0.0019553072625697,0.0019533981375365,0.00713393319041361,0.010373970276388037,0.11324767854950404,0.16468167275819245,0.0019553072625697
2020-07-07,1793.9000244140625,1810.800048828125,1781.199951171875,1809.9000244140625,221733,0.0091441451988081,0.0091025906316659,0.0073949736857767435,0.010396703535411342,0.11739156794659181,0.16504255205738655,0.0091441451988081
2020-07-08,1807.9000244140625,1829.800048828125,1803.800048828125,1820.5999755859373,247500,0.0059119017777453,0.0058944950572858,0.007419354723821597,0.00980640498169244,0.11777860492682553,0.15567185302285866,0.0059119017777453
2020-07-09,1818.800048828125,1825.5,1799.5999755859375,1803.800048828125,283371,-0.009227687016971,-0.0092705258600923,0.008798202018158096,0.010024379461462537,0.13966712714731747,0.15913209061664077,0.009227687016971
2020-07-10,1808.4000244140625,1817.0,1796.5,1801.9000244140625,223832,-0.0010533453612537,-0.0010539005193618,0.007869965100887569,0.010038153966046147,0.12493182290223516,0.1593507540980089,0.0010533453612537
2020-07-13,1803.4000244140625,1818.800048828125,1802.0999755859373,1814.0999755859373,230398,0.0067706038107424,0.0067477862074945,0.0062471542041499,0.009306415772710392,0.0991704985563136,0.14773477039176425,0.0067706038107424
2020-07-14,1805.199951171875,1815.0,1791.0999755859375,1813.4000244140625,253207,-0.0003858393590732,-0.0003859138142311,0.006192289290341269,0.009303645069967715,0.09829954505046982,0.1476907868492802,0.0003858393590732
2020-07-15,1811.0999755859373,1819.5,1804.0,1813.800048828125,183055,0.0002205935859032,0.0002205692587156,0.0062231086483197666,0.009091764848754848,0.0987887871911365,0.1443272926109046,0.0002205935859032
2020-07-16,1813.0999755859373,1816.199951171875,1794.0999755859375,1800.300048828125,196566,-0.0074429372789587,-0.0074707741480215,0.006038396850188235,0.00858439686538921,0.0958565782986829,0.13627307556781357,0.0074429372789587
2020-07-17,1796.9000244140625,1813.9000244140625,1795.199951171875,1810.0,167012,0.0053879636220579,0.0053735004740792,0.0059446663174830905,0.008340744443018239,0.0943686522199344,0.13240521327222124,0.0053879636220579
2020-07-20,1812.300048828125,1823.4000244140625,1806.5999755859373,1817.4000244140625,177739,0.0040884112784875,0.0040800764348858,0.004831681123789316,0.006562912844663616,0.0767005600074697,0.10418301157902843,0.0040884112784875
2020-07-21,1819.5999755859373,1844.9000244140625,1817.199951171875,1843.9000244140625,271085,0.0145812697501992,0.0144759852568098,0.006865009347609836,0.006648045623931713,0.10897864489145637,0.10553445255320726,0.0145812697501992
2020-07-22,1842.800048828125,1871.800048828125,1842.0999755859373,1865.0999755859373,382234,0.0114973430723888,0.0114317509018858,0.007467346598018024,0.006716059422841033,0.11854045231127938,0.10661413813901617,0.0114973430723888
2020-07-23,1871.5999755859373,1897.699951171875,1863.0999755859373,1890.0,418749,0.0133505038550225,0.0132621712002349,0.007916411195284953,0.006957274351186337,0.1256691317931094,0.1104433064165238,0.0133505038550225
2020-07-24,1884.9000244140625,1904.5999755859373,1880.5,1897.5,300174,0.0039682539682539,0.0039604012160969,0.007583718312940432,0.006796466247878262,0.12038779601524016,0.10789055691558092,0.0039682539682539
2020-07-27,1901.199951171875,1941.9000244140625,1899.0,1931.0,428229,0.0176548089591568,0.0175007731587294,0.0055619519364267156,0.007253056144639709,0.08829324976727533,0.11513869682343357,0.0176548089591568
2020-07-28,1937.0999755859373,1974.699951171875,1900.199951171875,1944.5999755859373,434445,0.0070429702671865,0.0070182843922428,0.005361028774766178,0.00705759430917836,0.08510369345695566,0.11203583637882385,0.0070429702671865
2020-07-29,1950.5999755859373,1974.9000244140625,1935.199951171875,1953.4000244140625,209835,0.0045253774239473,0.0045151686908594,0.005278391471157027,0.007053456161985153,0.08379186693075515,0.11197014532865301,0.0045253774239473
2020-07-30,1963.4000244140625,1965.0999755859373,1930.0,1942.300048828125,28853,-0.0056823873488314,-0.0056985935341977,0.007622665624039782,0.0072272619432677135,0.12100606541166145,0.11472922657084665,0.0056823873488314
2020-07-31,1948.5999755859373,1981.0999755859373,1948.0,1962.800048828125,2914,0.0105544969802007,0.0104991871150994,0.007547801406007364,0.007225936181510698,0.11981763279359486,0.11470818075540594,0.0105544969802007
2020-08-03,1984.300048828125,1984.300048828125,1955.5,1966.0,178754,0.0016302991095733,0.0016289716145934,0.007289044107516419,0.007060850437096243,0.11570998802321517,0.11208752580707025,0.0016302991095733
2020-08-04,1993.5,2037.699951171875,1982.5999755859373,2021.0,274420,0.0279755849440488,0.0275914166965091,0.011038281680454834,0.008303571048887907,0.17522728936778179,0.13181510393467896,0.0279755849440488
2020-08-05,2037.0,2070.300048828125,2027.5,2049.300048828125,366379,0.0140029929876916,0.0139058568290255,0.010645911972275653,0.00844833644649112,0.1689986133487592,0.1341131833777119,0.0140029929876916
2020-08-06,2055.0,2081.800048828125,2049.0,2069.39990234375,312758,0.0098081554856346,0.0097603677475917,0.01063073108896659,0.008337960748430424,0.16875762429725077,0.13236102349058934,0.0098081554856346
2020-08-07,2076.39990234375,2089.199951171875,2024.800048828125,2028.0,398127,-0.0200057525357285,-0.0202085772691644,0.015341219166494757,0.009432242157513062,0.24353430433849638,0.14973220232711332,0.0200057525357285
2020-08-10,2044.800048828125,2060.800048828125,2027.800048828125,2039.699951171875,251306,0.0057692066922461,0.0057526285505738,0.014543723152475322,0.00943334925592573,0.23087444759053216,0.1497497769695741,0.0057692066922461
2020-08-11,2038.4000244140625,2040.5,1911.300048828125,1946.300048828125,565001,-0.0457910009215269,-0.0468725549254521,0.024500550676741655,0.01317064728819757,0.3889341844487621,0.20907754398190811,0.0457910009215269
2020-08-12,1921.5999755859373,1961.0,1874.199951171875,1949.0,459842,0.001387222475538,0.0013862611713655,0.024496465281065055,0.013090633063124399,0.3888693308029566,0.20780735753656115,0.001387222475538
2020-08-13,1927.300048828125,1974.800048828125,1923.0,1970.4000244140625,349891,0.0109800022647832,0.0109201596891765,0.021847362475310626,0.012892257676931345,0.3468161274741386,0.20465824590794185,0.0109800022647832
2020-08-14,1963.800048828125,1970.0,1939.0999755859373,1949.800048828125,241798,-0.0104547174841125,-0.0105097519589339,0.020514021656412456,0.013131526691749192,0.32564999815596396,0.20845652376585055,0.0104547174841125
2020-08-17,1956.4000244140625,2000.800048828125,1939.0999755859373,1998.699951171875,289437,0.0250794446195341,0.0247701165327503,0.023220633508711206,0.013736548139644644,0.36861612929653825,0.2180609414998001,0.0250794446195341
2020-08-18,1993.5999755859373,2024.5999755859373,1985.199951171875,2013.0999755859373,361475,0.0072046954349598,0.0071788656066333,0.022501570933794086,0.013714635905384343,0.3572013647945915,0.2177130955646648,0.0072046954349598
2020-08-19,2010.5,2015.5999755859373,1930.5,1970.300048828125,443256,-0.0212607060140442,-0.0214899701931889,0.023477995616307798,0.014437960894385277,0.37270162609809043,0.22919552379251482,0.0212607060140442
2020-08-20,1934.4000244140625,1963.0999755859373,1928.9000244140625,1946.5,383338,-0.0120794032575295,-0.0121529521334877,0.015866615515028954,0.014528569046288456,0.25187471280627377,0.23063388361266068,0.0120794032575295
2020-08-21,1955.5999755859373,1963.0999755859373,1916.5999755859373,1947.0,355065,0.0002568713074748,0.0002568383216891,0.0158573464665739,0.014519037059333066,0.2517275712236601,0.23048256801075503,0.0002568713074748
2020-08-24,1947.9000244140625,1970.300048828125,1930.800048828125,1939.199951171875,286258,-0.0040061884068438,-0.0040142346767245,0.015116026878395928,0.014547828132364654,0.2399594875896217,0.23093961212607672,0.0040061884068438
2020-08-25,1935.9000244140625,1944.0999755859373,1919.0999755859373,1923.0999755859373,274113,-0.008302380358564,-0.0083370370738337,0.014940528839895799,0.014670049315713644,0.23717354259691584,0.23287981326258944,0.008302380358564
2020-08-26,1939.0,1963.4000244140625,1908.4000244140625,1952.5,342207,0.0152878294354432,0.0151721480921998,0.012204432260475897,0.014861409298103576,0.19373935592371855,0.2359175588083502,0.0152878294354432
2020-08-27,1963.0,1987.0,1914.699951171875,1932.5999755859373,467170,-0.0101920739636685,-0.0102443687813881,0.011464462186950035,0.01493356088226705,0.18199269517064087,0.23706292969872558,0.0101920739636685
2020-08-28,1937.5,1983.0,1928.199951171875,1974.9000244140625,334102,0.0218876380847001,0.0216515425716644,0.013206435348151094,0.015342758028518812,0.20964566182116307,0.24355873301580253,0.0218876380847001
2020-08-31,1973.9000244140625,1985.800048828125,1962.300048828125,1978.5999755859373,245105,0.0018734878354018,0.0018717350459455,0.012006074292070902,0.015342795001889585,0.1905905207939128,0.2435593199498677,0.0018734878354018
2020-09-01,1973.699951171875,2001.199951171875,1969.199951171875,1978.9000244140625,304894,0.0001516470392335,0.0001516355419836,0.01200927130733288,0.015191065261200157,0.19064127183783802,0.24115068498772846,0.0001516470392335
2020-09-02,1976.800048828125,1980.4000244140625,1938.9000244140625,1944.699951171875,332591,-0.0172823653647252,-0.0174334486895174,0.01406018500702823,0.015506802397068342,0.22319851749693384,0.24616285663477863,0.0172823653647252
2020-09-03,1948.9000244140625,1956.5999755859373,1927.199951171875,1937.800048828125,303029,-0.0035480549786572,-0.0035543642539143,0.013674258715755233,0.015368208629278778,0.21707212755027488,0.2439627487777709,0.0035480549786572
2020-09-04,1938.0,1956.5999755859373,1921.5999755859373,1934.300048828125,304742,-0.001806171902058,-0.0018078049972579,0.012176856224948086,0.015365235910290265,0.19330159993080853,0.2439155583268032,0.001806171902058
2020-09-08,1938.0,1948.300048828125,1911.699951171875,1943.199951171875,416013,0.004601097099254,0.0045905444089167,0.011643082530154912,0.015051798765193846,0.18482820521394355,0.23893989790135203,0.004601097099254
2020-09-09,1939.4000244140625,1959.699951171875,1926.300048828125,1954.9000244140625,227182,0.0060210341375994,0.0060029801444504,0.0077592071111951206,0.015037208927756836,0.12317359432359712,0.2387082914121889,0.0060210341375994
2020-09-10,1955.300048828125,1975.199951171875,1948.5999755859373,1964.300048828125,271478,0.0048084425273255,0.0047969188932799,0.008041444744065979,0.015040049180730306,0.12765397784679616,0.2387533790303588,0.0048084425273255
2020-09-11,1953.800048828125,1963.4000244140625,1944.0,1947.9000244140625,205234,-0.0083490424102196,-0.0083840908819236,0.008467742479726844,0.015084412992193126,0.13442124460496774,0.23945763270440826,0.0083490424102196
2020-09-14,1948.9000244140625,1972.5,1945.199951171875,1963.699951171875,200091,0.0081112616457639,0.0080785421747348,0.0060286246946737575,0.015033127060177759,0.09570145013909677,0.2386434937731953,0.0081112616457639
2020-09-15,1966.199951171875,1982.4000244140625,1955.5999755859373,1966.199951171875,239538,0.0012731069217106,0.0012722972082552,0.00563064693733243,0.015032035393271808,0.08938374909953459,0.2386261640983093,0.0012731069217106
2020-09-16,1961.4000244140625,1983.800048828125,1957.199951171875,1970.5,298385,0.0021869845056003,0.0021845965359877,0.005365670874823155,0.01409173189312308,0.08517738451082671,0.22369930878840658,0.0021869845056003
2020-09-17,1967.5999755859373,1969.300048828125,1938.199951171875,1949.9000244140625,273140,-0.0104541870519855,-0.0105092159228432,0.007173072500119432,0.013915380954912905,0.11386899582931409,0.22089982443254433,0.0104541870519855
2020-09-18,1951.0999755859373,1968.199951171875,1951.0999755859373,1962.0999755859373,176074,0.0062567059947296,0.0062372140710178,0.007203716103000656,0.013830167046559906,0.11435544794430655,0.219547095574069,0.0062567059947296
2020-09-21,1957.300048828125,1962.9000244140625,1885.4000244140625,1910.5999755859373,386667,-0.0262473883292417,-0.0265979997255427,0.01206508566942661,0.01415841261590508,0.19152729736795235,0.22475783244674585,0.0262473883292417
2020-09-22,1918.0999755859373,1925.5,1898.9000244140625,1907.5999755859373,282714,-0.0015701873957576,-0.0015714214319344,0.01191859272812041,0.014084759293879466,0.18920179401881682,0.22358862220686465,0.0015701873957576
2020-09-23,1905.0999755859373,1909.9000244140625,1856.0,1868.4000244140625,411558,-0.0205493560880519,-0.0207634319309742,0.01240997557458367,0.011984059960495848,0.19700225488040576,0.19024105411415135,0.0205493560880519
2020-09-24,1866.9000244140625,1880.9000244140625,1851.0,1876.9000244140625,345036,0.0045493469754507,0.0045390299750749,0.012829343574523859,0.012022274698384317,0.2036595154943675,0.19084769427137377,0.0045493469754507
2020-09-25,1872.699951171875,1879.300048828125,1854.0999755859373,1866.300048828125,230857,-0.0056475973403253,-0.0056636053177095,0.012269964465152265,0.011823710965734457,0.19477964742235526,0.1876955927354443,0.0056475973403253
2020-09-28,1862.699951171875,1888.199951171875,1851.0999755859373,1882.300048828125,235915,0.0085731123513856,0.0085365719186562,0.013586333970669499,0.011850432484443922,0.21567636549276128,0.18811978369439952,0.0085731123513856
2020-09-29,1886.4000244140625,1904.800048828125,1880.800048828125,1903.199951171875,217795,0.0111033851148023,0.0110421950621412,0.014354300832732293,0.011031987039286123,0.22786746148570206,0.175127365037033,0.0111033851148023
2020-09-30,1903.199951171875,1908.199951171875,1885.800048828125,1895.5,259868,-0.0040457920184023,-0.0040539983765546,0.010663503734656826,0.010913952174017756,0.16927787391906274,0.1732536196398223,0.0040457920184023
2020-10-01,1891.199951171875,1917.9000244140625,1890.0,1916.300048828125,262086,0.0109733837130703,0.0109136129984775,0.011582496976579724,0.01052677206756507,0.1838664393671248,0.16710732599423037,0.0109733837130703
2020-10-02,1911.0,1923.5999755859373,1895.199951171875,1907.5999755859373,212728,-0.0045400370612671,-0.0045503743291114,0.007571612248215318,0.010338297211708078,0.12019561819553035,0.1641153804123123,0.0045400370612671
2020-10-05,1910.9000244140625,1924.9000244140625,1891.199951171875,1920.0999755859373,177587,0.006552736506594,0.0065313606581195,0.007677277520449659,0.010420305058024526,0.12187300239081837,0.16541721461376824,0.006552736506594
2020-10-06,1917.800048828125,1927.0,1878.199951171875,1908.800048828125,219440,-0.0058850720803556,-0.0059024573596891,0.007723693633101867,0.010448267348216952,0.12260983533624298,0.16586110220939013,0.0058850720803556
2020-10-07,1882.5999755859373,1902.4000244140625,1877.0999755859373,1890.800048828125,188588,-0.009430008141005,-0.0094747521810493,0.008602169608675256,0.0104793844396964,0.1365552091209152,0.16635507072285974,0.009430008141005
2020-10-08,1890.5999755859373,1905.300048828125,1885.300048828125,1895.0999755859373,185453,0.0022741308688229,0.0022715489468967,0.0073786005207583,0.010063952157147183,0.11713165200970886,0.15976028768558087,0.0022741308688229
2020-10-09,1898.4000244140625,1936.800048828125,1898.0,1926.199951171875,229847,0.01641073082507,0.0162775300872723,0.009520084007151368,0.010387879656958088,0.15112664846019463,0.1649024773294683,0.01641073082507
2020-10-12,1935.0,1939.4000244140625,1923.800048828125,1928.9000244140625,157212,0.0014017616605923,0.0014007801098755,0.008727189095100646,0.009533705192662953,0.1385398319416268,0.15134287807674782,0.0014017616605923
2020-10-13,1927.300048828125,1930.5999755859373,1889.300048828125,1894.5999755859373,267538,-0.0177821807216496,-0.0179421833318779,0.0112041238187706,0.010011267475079147,0.17785995169705393,0.15892394428565368,0.0177821807216496
2020-10-14,1895.4000244140625,1917.5,1885.0,1907.300048828125,188302,0.0067033006470191,0.0066809334277298,0.01122099814857443,0.01011709924330843,0.17812782337826485,0.16060397152292313,0.0067033006470191
2020-10-15,1906.0,1913.199951171875,1892.699951171875,1908.9000244140625,213574,0.0008388693676806,0.0008385177134201,0.01100903299661912,0.009652733579015225,0.17476298090615028,0.15323239513222037,0.0008388693676806
2020-10-16,1912.699951171875,1918.699951171875,1901.0999755859373,1906.4000244140625,146910,-0.0013096547582513,-0.0013105131055519,0.010243667985526499,0.009637590246995755,0.16261318801690267,0.15299200218895398,0.0013096547582513
2020-10-19,1903.199951171875,1923.4000244140625,1900.199951171875,1911.699951171875,159852,0.002780070651458,0.0027762134023407,0.010254128463037502,0.009652507160063252,0.16277924294943724,0.1532288008427862,0.002780070651458
2020-10-20,1906.4000244140625,1917.5999755859373,1896.5999755859373,1915.4000244140625,163912,0.0019354884849578,0.0019336178404717,0.00788229202598223,0.00961759979480149,0.1251275067716187,0.15267466359834347,0.0019354884849578
2020-10-21,1911.5999755859373,1936.0,1911.5999755859373,1929.5,201272,0.007361373815504,0.0073344111439592,0.008457581463595836,0.009651679016057523,0.13425994347446557,0.15321565446425275,0.007361373815504
2020-10-22,1927.4000244140625,1929.4000244140625,1894.199951171875,1904.5999755859373,215581,-0.0129049102949275,-0.0129889020362004,0.006774730758004303,0.009862176927030826,0.10754551671059696,0.15655720520785657,0.0129049102949275
2020-10-23,1906.5,1917.300048828125,1895.199951171875,1905.199951171875,172958,0.0003150139628418,0.0003149643563609,0.0062527503576349786,0.009765355179464138,0.099259334738834,0.1550202076144718,0.0003150139628418
2020-10-26,1906.0,1911.0999755859373,1892.5,1905.699951171875,166313,0.000262439645609,0.0002624052143491,0.006241487668820037,0.009625504608647745,0.09908054509664453,0.15280014862792818,0.000262439645609
2020-10-27,1904.4000244140625,1913.800048828125,1898.699951171875,1911.9000244140625,153297,0.0032534362182119,0.0032481552457036,0.006346471281382687,0.009648067316775347,0.1007471082801121,0.1531583205155868,0.0032534362182119
2020-10-28,1909.800048828125,1912.5999755859373,1869.0999755859373,1879.199951171875,297085,-0.0171034430799847,-0.017251396396648,0.009009675877986166,0.010069687386538288,0.1430241705986935,0.1598513316296655,0.0171034430799847
2020-10-29,1877.5,1885.0999755859373,1859.199951171875,1868.0,225159,-0.0059599571428738,-0.0059777885724511,0.008867873946493474,0.009965244780138273,0.1407731347217438,0.15819335665278245,0.0059599571428738
2020-10-30,1867.9000244140625,1890.9000244140625,1863.300048828125,1879.9000244140625,213173,0.0063704627484275,0.006350257118022,0.00867057570080521,0.009968272418193931,0.13764112216854102,0.15824141891691354,0.0063704627484275
2020-11-02,1877.0,1897.0999755859373,1873.300048828125,1892.5,164943,0.0067024711007515,0.0066801094047938,0.008355513844787962,0.008890509132219624,0.13263967025679654,0.1411324571556107,0.0067024711007515
2020-11-03,1896.4000244140625,1912.199951171875,1887.5999755859373,1910.4000244140625,171368,0.0094584012755944,0.0094139506662344,0.009241193736594036,0.009061640407676692,0.14669940266637332,0.1438490819340389,0.0094584012755944
2020-11-04,1910.300048828125,1917.9000244140625,1881.800048828125,1896.199951171875,293946,-0.0074330365686332,-0.007460799244494,0.009709785481757627,0.00831740645399004,0.15413806601109703,0.13203473418180742,0.0074330365686332
2020-11-05,1903.4000244140625,1954.300048828125,1902.199951171875,1946.800048828125,297512,0.0266850010332393,0.0263351663071776,0.01426121398501277,0.009573623928303658,0.22638975358932126,0.15197656835969245,0.0266850010332393
2020-11-06,1950.0,1961.800048828125,1937.199951171875,1951.699951171875,246779,0.0025169006682013,0.0025137385783804,0.011359035608782413,0.009486024064260388,0.18031910012619265,0.15058596362884308,0.0025169006682013
2020-11-09,1956.0,1966.0999755859373,1848.0,1854.4000244140625,496088,-0.0498539371789141,-0.0511395558679373,0.023908332363200852,0.013244598940186739,0.3795330101718398,0.21025149006314253,0.0498539371789141
2020-11-10,1864.0999755859373,1888.9000244140625,1858.9000244140625,1876.4000244140625,264872,0.0118636754262075,0.0117938537144559,0.024270077251766536,0.013268098767282304,0.38527553225100125,0.21062453825322983,0.0118636754262075
2020-11-11,1876.0999755859373,1882.5,1853.9000244140625,1861.5999755859373,215170,-0.0078874699613942,-0.0079187405918982,0.024224117393200274,0.013323061132205745,0.3845459421146531,0.21149703874756223,0.0078874699613942
2020-11-12,1863.9000244140625,1883.0,1860.699951171875,1873.300048828125,209934,0.0062849556272179,0.0062652876587889,0.024000570323549568,0.013210686292567771,0.3809972423989751,0.2097131434717452,0.0062849556272179
2020-11-13,1875.5999755859373,1895.800048828125,1872.0999755859373,1886.199951171875,162538,0.0068861912173758,0.0068625896904373,0.02412455080336256,0.013259902872901247,0.38296537150104487,0.21049443246340563,0.0068861912173758
2020-11-16,1886.5999755859373,1898.0,1861.5,1887.800048828125,222937,0.0008483181516656,0.0008479585331886,0.021052952258042594,0.013199159706310328,0.3342052562309786,0.20953016458752882,0.0008483181516656
2020-11-17,1888.199951171875,1892.699951171875,1876.300048828125,1885.0999755859373,160884,-0.0014302750144877,-0.0014312988341418,0.0208955968152976,0.0131612576903762,0.33170731601730424,0.20892848873743056,0.0014302750144877
2020-11-18,1879.5,1884.199951171875,1860.300048828125,1873.9000244140625,209000,-0.0059413035472527,-0.0059590233116993,0.0072090130663667,0.013093329485503496,0.11443953463092876,0.20785016191482922,0.0059413035472527
2020-11-19,1872.0,1872.5999755859373,1850.0,1861.5,222347,-0.0066172283753183,-0.0066392192973251,0.006085037792096029,0.013135604022771193,0.0965969802978939,0.2085212493892332,0.0066172283753183
2020-11-20,1864.800048828125,1879.199951171875,1859.0999755859373,1872.4000244140625,186166,0.0058555059973475,0.0058384291520577,0.005746155463664675,0.01280388159937923,0.09121739010943065,0.20325531916964032,0.0058555059973475
2020-11-23,1869.800048828125,1875.0,1828.0,1837.800048828125,319657,-0.018478944207857,-0.0186518128292537,0.008699810769032664,0.013191228535631002,0.1381052144890921,0.20940426115619018,0.018478944207857
2020-11-24,1835.699951171875,1836.9000244140625,1797.0999755859375,1804.5999755859373,367879,-0.0180651171836445,-0.0182302836039701,0.009215317620524155,0.013203347415758534,0.14628863205827045,0.2095966424141065,0.0180651171836445
2020-11-25,1805.199951171875,1816.300048828125,1798.5999755859375,1805.5,205754,0.0004987390148725,0.0004986146859067,0.00917120927994516,0.013118164348712193,0.1455884338587759,0.20824440314619633,0.0004987390148725
2020-11-27,1806.0999755859373,1817.0,1770.699951171875,1781.9000244140625,71804,-0.0130711578986084,-0.0131573372830029,0.009194026537185734,0.013268750895674171,0.14595064658833076,0.2106348904705164,0.0130711578986084
2020-11-30,1785.0,1787.199951171875,1762.300048828125,1775.699951171875,3145,-0.003479473122644,-0.0034855405676794,0.009330817389357508,0.013269610617532141,0.14812213404718144,0.21064853813191364,0.003479473122644
2020-12-01,1775.0,1815.9000244140625,1774.9000244140625,1814.0999755859373,203653,0.0216252888832486,0.0213947796224991,0.014507816173073411,0.013946139359792465,0.23030444196355832,0.22138809897276243,0.0216252888832486
2020-12-02,1819.0999755859373,1835.699951171875,1810.5,1830.199951171875,185323,0.0088749108663306,0.0088357603128284,0.014875604165045735,0.014064706772819995,0.23614289533528582,0.22327029830356518,0.0088749108663306
2020-12-03,1833.9000244140625,1847.4000244140625,1826.699951171875,1841.0999755859373,180357,0.0059556467625752,0.0059379820004183,0.013482485803094194,0.01403676028960484,0.21402782693967717,0.22282666163592835,0.0059556467625752
2020-12-04,1844.699951171875,1852.699951171875,1832.0,1840.0,171259,-0.000597455651797,-0.0005976341995447,0.010873607199296515,0.013869758739987954,0.17261316302124077,0.22017559422283617,0.000597455651797
2020-12-07,1841.0999755859373,1873.0,1824.800048828125,1866.0,209042,0.0141304347826087,0.0140315308042579,0.011584073293710237,0.014143482537934094,0.18389146262581302,0.22452082480654964,0.0141304347826087
2020-12-08,1866.0999755859373,1879.800048828125,1863.9000244140625,1874.9000244140625,151792,0.0047695736409767,0.0047582352631437,0.008574396979710712,0.014176802275979294,0.1361143323039473,0.22504975925025414,0.0047695736409767
2020-12-09,1875.4000244140625,1875.9000244140625,1828.199951171875,1838.5,219587,-0.0194143815350571,-0.0196053159291061,0.01293008758452232,0.014571486204980288,0.20525877707357948,0.23131517238591717,0.0194143815350571
2020-12-10,1843.0,1854.199951171875,1831.5,1837.4000244140625,164803,-0.0005983005634688,-0.0005984796166729,0.01072141691660603,0.014258557448795008,0.17019721718148292,0.22634758238423508,0.0005983005634688
2020-12-11,1840.0,1851.800048828125,1826.800048828125,1843.5999755859373,153800,0.0033743066776392,0.0033686264790965,0.010316752473739192,0.014240524306267738,0.16377336829994596,0.22606131512133024,0.0033743066776392
2020-12-14,1845.0,1845.5999755859373,1820.0,1832.0999755859373,168491,-0.0062377956998752,-0.0062573320322776,0.010387162784547448,0.014221724125598158,0.1648910973327464,0.22576287150540147,0.0062377956998752
2020-12-15,1830.5,1859.300048828125,1828.5,1855.300048828125,173607,0.0126631043891412,0.0125835977795421,0.011543858576849125,0.014370423306077486,0.18325307378665676,0.22812339781564597,0.0126631043891412
2020-12-16,1857.699951171875,1870.0,1848.199951171875,1859.0999755859373,199679,0.0020481467459736,0.002046052152962,0.01010959325187153,0.014255500102140503,0.16048481760281305,0.22629904851071786,0.0020481467459736
2020-12-17,1868.4000244140625,1902.0,1865.9000244140625,1890.4000244140625,219866,0.0168361299764205,0.0166959732834811,0.012005798552730958,0.014552078130891512,0.1905861435675918,0.23100707876112347,0.0168361299764205
2020-12-18,1891.300048828125,1895.699951171875,1881.9000244140625,1888.9000244140625,153231,-0.0007934828505226,-0.0007937978246683,0.008091966728688121,0.013651548323613254,0.12845598948910586,0.2167116112515683,0.0007934828505226
2020-12-21,1892.9000244140625,1912.0,1859.0,1882.800048828125,232045,-0.0032293798015221,-0.0032346055020207,0.008391245733063423,0.013642052215872355,0.1332068963983062,0.21656086521453533,0.0032293798015221
2020-12-22,1883.0,1889.4000244140625,1863.699951171875,1870.300048828125,176016,-0.0066390480538707,-0.0066611845647065,0.009232184002534213,0.010152401882940938,0.1465563775721666,0.16116438355347362,0.0066390480538707
2020-12-23,1865.5999755859373,1883.699951171875,1860.9000244140625,1878.0999755859373,162537,0.0041704146683305,0.0041617425914878,0.008473949073501767,0.009946209955164436,0.13451977122667125,0.15789118817399994,0.0041704146683305
2020-12-24,1877.300048828125,1887.4000244140625,1873.0999755859373,1883.199951171875,89405,0.0027154973921696,0.0027118170901877,0.00747153876771952,0.009841231574717672,0.11860700094218302,0.15622470804779715,0.0027154973921696
2020-12-28,1887.0,1904.0999755859373,1873.0,1880.4000244140625,196760,-0.0014867920722226,-0.0014878984443218,0.007598607092405648,0.00978395640283311,0.12062414806198164,0.155315492881167,0.0014867920722226
2020-12-29,1878.0,1891.300048828125,1875.5999755859373,1882.9000244140625,149267,0.0013295043435128,0.0013286213351687,0.003689394238874419,0.009704749962956552,0.05856731786721685,0.154058129628278,0.0013295043435128
2020-12-30,1881.800048828125,1899.0,1879.5,1893.4000244140625,133658,0.0055765042561235,0.005561013120503,0.004349318988087213,0.00975746713691606,0.06904329848981917,0.15489498882099195,0.0055765042561235
2020-12-31,1899.0,1904.9000244140625,1889.0999755859373,1895.0999755859373,130631,0.0008978299091344,0.0008974271009457,0.004053185697055751,0.009753765626265872,0.064342328231841,0.15483622916105802,0.0008978299091344
2021-01-04,1908.199951171875,1948.699951171875,1906.0999755859373,1946.5999755859373,273370,0.0271753472974833,0.0268126537604593,0.009714525615935842,0.01084507853663418,0.15421331330839683,0.17216028454139,0.0271753472974833
2021-01-05,1946.0,1957.0,1938.4000244140625,1954.4000244140625,201945,0.0040070116746906,0.0039990049848829,0.009719200429501824,0.010749788595412329,0.1542875236731239,0.17064760361987613,0.0040070116746906
2021-01-06,1952.800048828125,1962.5,1902.5999755859373,1908.5999755859373,366605,-0.0234343267785499,-0.0237132772438304,0.014783684847607458,0.011649927208829234,0.23468372140753893,0.18493686111940197,0.0234343267785499
2021-01-07,1921.5,1929.5999755859373,1907.5,1913.5999755859373,199982,0.0026197212951681,0.002616295806582,0.014703088909685786,0.011074583592010454,0.23340430055700248,0.17580356434833638,0.0026197212951681
2021-01-08,1915.199951171875,1918.4000244140625,1827.800048828125,1835.4000244140625,443506,-0.0408653596203826,-0.0417238173114482,0.022098348350208696,0.013061160708270028,0.35080040471956014,0.20733949840758448,0.0408653596203826
2021-01-11,1849.4000244140625,1856.0,1817.0999755859373,1850.800048828125,268363,0.008390554761477,0.0083555497283374,0.022314082986021458,0.013137315129123828,0.3542250858928221,0.2085484123604883,0.008390554761477
2021-01-12,1845.4000244140625,1864.0,1835.800048828125,1844.199951171875,240656,-0.0035660781727496,-0.003572451786565,0.022246811317082955,0.012900982509813842,0.35315718125507284,0.20479674833616796,0.0035660781727496
2021-01-13,1855.0,1863.0,1841.5999755859373,1854.9000244140625,225988,0.0058020136240586,0.00578524676611,0.01845106313075792,0.012895506414957824,0.29290154681242975,0.20470981802529903,0.0058020136240586
2021-01-14,1845.5999755859373,1857.5999755859373,1826.5999755859373,1851.4000244140625,257661,-0.0018868941473574,-0.0018886765746397,0.018009104379717093,0.012334795704476478,0.28588566914241337,0.19580881144099513,0.0018868941473574
2021-01-15,1847.300048828125,1856.5999755859373,1822.0999755859373,1829.9000244140625,231105,-0.0116128333782453,-0.0116807889445338,0.016785425676708925,0.012436350458203542,0.2664603719455793,0.19742094317790446,0.0116128333782453
2021-01-19,1828.800048828125,1845.0,1800.800048828125,1840.199951171875,331589,0.0056286827806948,0.0056129009387319,0.017075220088188608,0.012431156787753504,0.2710607156102487,0.1973384962154899,0.0056286827806948
2021-01-20,1839.9000244140625,1872.0,1831.0999755859373,1866.5,274396,0.0142919517041486,0.0141907845405184,0.008656651168689165,0.012698397466310515,0.1374200770739291,0.2015808104694619,0.0142919517041486
2021-01-21,1871.0,1874.5999755859373,1857.5,1865.9000244140625,196937,-0.0003214441928408,-0.0003214958670993,0.008275649743167687,0.012437090102304671,0.1313718669473835,0.19743268466400618,0.0003214441928408
2021-01-22,1870.0999755859373,1870.800048828125,1836.300048828125,1856.199951171875,249715,-0.0051986028807913,-0.0052121626316695,0.008453145600778134,0.012440462829664949,0.13418952633527176,0.1974862250510181,0.0051986028807913
2021-01-25,1855.300048828125,1867.4000244140625,1846.199951171875,1855.199951171875,211978,-0.000538735064274,-0.0005388802341498,0.008182914336394672,0.011903993128914185,0.12989973800307264,0.18897003256637152,0.000538735064274
2021-01-26,1854.9000244140625,1860.800048828125,1847.199951171875,1850.9000244140625,170259,-0.002317769982204,-0.0023204601686753,0.00820152697803219,0.01191295512140747,0.13019520452916167,0.18911229978670466,0.002317769982204
2021-01-27,1849.699951171875,1851.5,1828.4000244140625,1844.9000244140625,195540,-0.0032416661736764,-0.0032469317560534,0.006700675154442768,0.011915572418665957,0.10636992044930929,0.1891538480926232,0.0032416661736764
2021-01-28,1843.4000244140625,1862.9000244140625,1831.5,1837.9000244140625,27283,-0.0037942435402282,-0.0038014599418898,0.006605254162410803,0.011879102256401484,0.10485515916067936,0.1885749022148674,0.0037942435402282
2021-01-29,1842.0,1876.0,1838.699951171875,1847.300048828125,276173,0.0051145461065322,0.0051015112416478,0.0033839024747344773,0.01168378459213622,0.05371778645426074,0.185474330417044,0.0051145461065322
2021-02-01,1865.0,1876.0,1851.699951171875,1863.9000244140625,242045,0.0089860743502216,0.0089459398393845,0.005233871036257179,0.011795437959813635,0.08308512693672251,0.1872467726805478,0.0089860743502216
2021-02-02,1863.5999755859373,1866.300048828125,1830.4000244140625,1833.4000244140625,235995,-0.0163635386021243,-0.0164988999921812,0.008001385724101199,0.011733568966225407,0.12701806061924548,0.186264632855146,0.0163635386021243
2021-02-03,1838.5,1845.9000244140625,1830.0999755859373,1835.0999755859373,137228,0.0009272123645891,0.0009267827687351,0.008056950348433033,0.011738579208828108,0.12790012168529405,0.1863441679907551,0.0009272123645891
2021-02-04,1834.5,1835.699951171875,1784.5999755859375,1791.199951171875,279616,-0.0239224156711381,-0.02421320358815,0.011717035587654613,0.012465888718576597,0.18600217360696597,0.19788984852455593,0.0239224156711381
2021-02-05,1794.300048828125,1816.0,1792.199951171875,1813.0,205758,0.0121706394720826,0.0120971727303135,0.013351795862683756,0.012674223681327222,0.21195318845257394,0.2011970635295843,0.0121706394720826
2021-02-08,1818.0999755859373,1840.5999755859373,1807.300048828125,1834.199951171875,177562,0.0116932990468145,0.011625460749054,0.014331755148090597,0.012852363677462491,0.22750955983750437,0.20402494829955187,0.0116932990468145
2021-02-09,1832.4000244140625,1849.5,1830.300048828125,1837.5,154392,0.001799176161801,0.0017975595830865,0.014180872148008047,0.012845035105617823,0.22511436646578978,0.20390861082815429,0.001799176161801
2021-02-10,1838.300048828125,1856.5999755859373,1834.0,1842.699951171875,176443,0.0028299053996598,0.0028259087556818,0.013663478840240622,0.01286052660319901,0.21690100233161952,0.20415453072836898,0.0028299053996598
2021-02-11,1844.300048828125,1848.5999755859373,1821.699951171875,1826.800048828125,147019,-0.0086285899848417,-0.0086660318030556,0.012531939979696484,0.012937446174331398,0.1989383797887884,0.20537559106538922,0.0086285899848417
2021-02-12,1825.4000244140625,1831.5,1810.0999755859373,1823.199951171875,171902,-0.0019707124808538,-0.0019726568896954,0.01252683240139686,0.012879892175879499,0.19885729949689282,0.2044619496642225,0.0019707124808538
2021-02-16,1826.0,1827.0999755859373,1788.0999755859375,1799.0,355922,-0.013273339085118,-0.0133622171993893,0.009553107790902586,0.01305975827848439,0.15165088477513125,0.2073172355249203,0.013273339085118
2021-02-17,1793.0999755859375,1794.199951171875,1767.9000244140625,1772.800048828125,257335,-0.0145636193284464,-0.0146707098546283,0.009528334277203567,0.012068696599598798,0.1512576174370381,0.19158461910737573,0.0145636193284464
2021-02-18,1776.0,1788.800048828125,1766.5999755859375,1775.0,224767,0.0012409471521219,0.0012401778136113,0.007392492404532708,0.012023473487961038,0.11735217882796464,0.19086672446593958,0.0012409471521219
2021-02-19,1774.5999755859375,1790.9000244140625,1759.0,1777.4000244140625,251783,0.0013521264304576,0.0013512131306875,0.00732912782922813,0.011416673524150815,0.11634629737884182,0.18123407366711053,0.0013521264304576
2021-02-22,1782.0,1812.4000244140625,1778.5999755859375,1808.4000244140625,221198,0.0174412060167601,0.0172908538806126,0.010998519169570176,0.011945678763038627,0.17459607907595595,0.1896317714931953,0.0174412060167601
2021-02-23,1809.300048828125,1815.199951171875,1794.5,1805.9000244140625,191147,-0.0013824374951609,-0.0013833939434632,0.01067598794572252,0.00939815273985309,0.16947605462583076,0.14919104959830953,0.0013824374951609
2021-02-24,1805.0,1813.0,1782.199951171875,1797.9000244140625,224060,-0.0044299240776607,-0.0044397652658934,0.010730784610221585,0.009270698172701751,0.17034592470747295,0.14716777106945858,0.0044299240776607
2021-02-25,1804.9000244140625,1805.0,1763.9000244140625,1775.4000244140625,316252,-0.0125146001971565,-0.0125935673259382,0.010600325310180281,0.009499750888731161,0.16827494752272387,0.15080387021188488,0.0125146001971565
2021-02-26,1770.9000244140625,1773.800048828125,1714.9000244140625,1728.800048828125,362549,-0.0262475920610156,-0.0265982089489047,0.013469832834631908,0.010438269438391724,0.21382696729228945,0.1657023903112221,0.0262475920610156
2021-03-01,1732.800048828125,1757.4000244140625,1717.199951171875,1723.0,241917,-0.0033549564231309,-0.0033605969086871,0.013310975902864895,0.010439750205669753,0.21130519167932382,0.1657258967630255,0.0033549564231309
2021-03-02,1722.800048828125,1737.800048828125,1704.5999755859375,1733.5999755859375,235964,0.0061520461903292,0.00613319961135,0.01375850103010872,0.010399393786196517,0.21840943283216202,0.16508525846463837,0.0061520461903292
2021-03-03,1736.5,1739.0999755859375,1699.4000244140625,1715.800048828125,255653,-0.0102676090265843,-0.0103206845424802,0.01028476386096735,0.010415544425042845,0.16326556481486454,0.1653416419080516,0.0102676090265843
2021-03-04,1708.4000244140625,1721.5999755859375,1687.5999755859375,1700.699951171875,277449,-0.0088006161711926,-0.0088395703090366,0.009933345412687446,0.00999351576191299,0.15768696989325148,0.1586421445753557,0.0088006161711926
2021-03-05,1695.300048828125,1705.699951171875,1683.0,1698.5,269333,-0.0012935563209484,-0.0012943936871242,0.010214020031345796,0.009985944923042585,0.1621425413350388,0.15852196123415227,0.0012935563209484
2021-03-08,1701.5999755859375,1712.0,1673.300048828125,1678.0,273905,-0.0120694730644685,-0.012142900573487,0.010182906385009401,0.010114181779781134,0.1616486275115197,0.16055765822520918,0.0120694730644685
2021-03-09,1679.300048828125,1718.699951171875,1676.699951171875,1716.9000244140625,248946,0.0231823745018251,0.0229177452758659,0.01232071079226567,0.011206468091110552,0.1955852203913073,0.17789716586675547,0.0231823745018251
2021-03-10,1714.5,1725.300048828125,1705.5999755859375,1721.800048828125,226890,0.0028539951915573,0.0028499302796034,0.01233982125865157,0.011249355543053884,0.19588858964028058,0.1785779830599992,0.0028539951915573
2021-03-11,1725.0,1738.0,1716.800048828125,1722.5999755859375,215341,0.0004645874870063,0.0004644795996539,0.012048372398470938,0.011259524948214349,0.19126198241669348,0.1787394173622155,0.0004645874870063
2021-03-12,1720.5,1728.0,1696.5999755859375,1719.800048828125,232207,-0.0016254074059534,-0.0016267298137329,0.011344391035494476,0.011256046117329586,0.1800866247323334,0.17868419263396948,0.0016254074059534
2021-03-15,1726.5,1733.199951171875,1719.199951171875,1729.199951171875,163045,0.0054656948929354,0.005450812187527,0.010680706007738386,0.011264040626675105,0.1695509515384157,0.17881110153546284,0.0054656948929354
2021-03-16,1730.699951171875,1740.5,1724.4000244140625,1730.9000244140625,173891,0.0009831559624065,0.0009826729811213,0.010582797032210843,0.011084839854938692,0.1679966947362138,0.17596637747487043,0.0009831559624065
2021-03-17,1730.0,1750.5999755859375,1722.0,1727.0999755859375,220553,-0.0021954178603766,-0.0021978313231874,0.008783240618614475,0.010766887952555943,0.13942962229257008,0.1709190474993626,0.0021954178603766
2021-03-18,1744.0,1754.199951171875,1716.5999755859375,1732.5,251758,0.0031266426323874,0.0031217648500555,0.0027288182670343864,0.010794486833466734,0.043318647045979396,0.17135716615148444,0.0031266426323874
2021-03-19,1733.699951171875,1746.0999755859375,1727.0999755859375,1741.699951171875,213282,0.0053102171266232,0.0052961676389299,0.003095764477237928,0.010026265683336439,0.04914373754639661,0.15916203346061578,0.0053102171266232
2021-03-22,1745.5999755859375,1747.0,1726.4000244140625,1738.0999755859375,196311,-0.0020669321277269,-0.0020690711799626,0.0033907365868188146,0.009719235553279148,0.05382627462030332,0.15428808124580332,0.0020669321277269
2021-03-23,1738.5,1742.0,1722.699951171875,1725.0999755859375,226204,-0.0074794316682603,-0.0075075428755865,0.0046981670387952435,0.00945818729010989,0.07458108961495777,0.15014406853861614,0.0074794316682603
2021-03-24,1725.9000244140625,1737.699951171875,1722.300048828125,1733.199951171875,186524,0.0046953658921631,0.0046843770460756,0.004568305098726463,0.009512911689096216,0.07251959522579156,0.1510127914408079,0.0046953658921631
2021-03-25,1733.199951171875,1744.800048828125,1720.300048828125,1725.0999755859375,226207,-0.0046734224637271,-0.0046843770460755,0.0049219897356465175,0.00948279638030723,0.0781341647767994,0.15053472573453847,0.0046734224637271
2021-03-26,1725.5,1735.5,1718.800048828125,1732.300048828125,172944,0.0041737136073762,0.0041650278243314,0.005133793434976473,0.00946935609823651,0.08149644426794275,0.15032136787108033,0.0041737136073762
2021-03-29,1731.5,1732.5999755859375,1703.300048828125,1712.199951171875,135457,-0.0116031271082901,-0.0116709686811552,0.006645607666276299,0.009639727036034117,0.10549575117522848,0.15302592266335227,0.0116031271082901
2021-03-30,1711.0,1712.5999755859375,1676.5,1683.9000244140625,25316,-0.0165284006336078,-0.0166665186758293,0.007844217444447004,0.009787633258744374,0.12452309152752837,0.15537386115925392,0.0165284006336078
2021-03-31,1683.699951171875,1713.800048828125,1676.5,1713.800048828125,210770,0.0177564130771163,0.0176006096113774,0.011645512252623254,0.01014687963312604,0.18486677586238037,0.1610767205553469,0.0177564130771163
2021-04-01,1709.0,1732.0,1706.4000244140625,1728.4000244140625,170430,0.0085190659178244,0.0084829834568532,0.011945784002660345,0.010290225646530258,0.18963344212039812,0.16335226797274743,0.0085190659178244
2021-04-05,1730.0,1734.4000244140625,1721.5999755859375,1728.800048828125,101746,0.0002314420321753,0.0002314152535999,0.011792334587082372,0.01028404357168842,0.18719750816571304,0.16325413057704008,0.0002314420321753
2021-04-06,1729.199951171875,1746.699951171875,1728.199951171875,1743.0,152598,0.0082137614361479,0.0081802120834042,0.01200052864748015,0.009846080825113991,0.1905024864152327,0.15630168751135962,0.0082137614361479
2021-04-07,1744.4000244140625,1745.4000244140625,1731.199951171875,1741.5999755859375,122802,-0.0008032268583261,-0.0008035496178634,0.011965697279933135,0.009846238361098533,0.1899495555971106,0.15630418831758547,0.0008032268583261
2021-04-08,1738.5999755859375,1759.4000244140625,1733.5999755859375,1758.199951171875,144574,0.0095314514346802,0.0094863137432648,0.010928063076094228,0.01001489365761765,0.1734776232658371,0.15898150814888612,0.0095314514346802
2021-04-09,1756.5,1758.199951171875,1730.800048828125,1744.800048828125,171395,-0.0076213756773333,-0.0076505667730622,0.008382423033893886,0.00985432318808466,0.13306684039093664,0.15643253096717513,0.0076213756773333
2021-04-12,1744.5,1746.199951171875,1727.0,1732.699951171875,125360,-0.0069349480270687,-0.006959106535928,0.007303540360533094,0.008676981062775344,0.11594010890576152,0.13774280413752296,0.0069349480270687
2021-04-13,1732.199951171875,1749.5,1723.199951171875,1747.5999755859375,175594,0.0085993102290937,0.0085625467707971,0.0073162789362496705,0.008786108745135024,0.1161423275261809,0.13947515238958233,0.0085993102290937
2021-04-14,1746.4000244140625,1750.699951171875,1732.300048828125,1736.300048828125,145260,-0.0064659687088997,-0.0064869636351968,0.007937023304875506,0.008808688289907008,0.12599633888894748,0.13983359155068464,0.0064659687088997
2021-04-15,1736.5999755859375,1770.5999755859375,1734.4000244140625,1766.800048828125,198143,0.017566088315545,0.0174135878868145,0.009954138751610027,0.00913980829252388,0.15801705391554646,0.14508995863694443,0.017566088315545
2021-04-16,1764.800048828125,1784.699951171875,1760.300048828125,1780.199951171875,173498,0.0075842777753134,0.007555661737535,0.010067221237623344,0.009021696721218463,0.15981218272931552,0.14321499556914521,0.0075842777753134
2021-04-19,1778.800048828125,1790.4000244140625,1766.5999755859375,1770.5999755859375,180726,-0.005392638944641,-0.0054072317080146,0.01007819051482265,0.009097180567263118,0.1599863146065045,0.14441326447696629,0.005392638944641
2021-04-20,1770.5,1780.800048828125,1763.5,1778.4000244140625,169041,0.0044053139815185,0.004395638989725,0.009353023590228299,0.00874481882029195,0.1484746465575874,0.1388196951528584,0.0044053139815185
2021-04-21,1779.0999755859375,1798.4000244140625,1776.5999755859375,1793.0999755859375,173968,0.0082658293803825,0.0082318545046649,0.00844597929205065,0.007878629545543447,0.13407576471100435,0.12506936669708277,0.0082658293803825
2021-04-22,1794.5,1798.0999755859375,1777.0999755859375,1782.0,163753,-0.0061903829887177,-0.0062096228520024,0.00919401295430827,0.00799634616786874,0.1459504309668356,0.1269380601441902,0.0061903829887177
2021-04-23,1784.0,1796.300048828125,1769.5,1777.800048828125,175847,-0.0023568749561587,-0.0023596567577034,0.008614907560457838,0.0080215672756074,0.1367574178366895,0.12733843281738658,0.0023568749561587
2021-04-26,1776.0999755859375,1783.0999755859375,1768.199951171875,1780.0999755859375,143358,0.0012936925945796,0.0012928564953409,0.005938720934050059,0.008005268849112535,0.09427427218385805,0.1270797033177841,0.0012936925945796
2021-04-27,1781.0999755859375,1785.9000244140625,1773.9000244140625,1778.800048828125,147945,-0.0007302549158142,-0.0007305216818146,0.00520933182022525,0.007970747425298522,0.08269557895878868,0.12653169270388967,0.0007302549158142
2021-04-28,1776.4000244140625,1782.699951171875,1761.800048828125,1773.9000244140625,198578,-0.0027546797164136,-0.0027584808287531,0.004845410433839135,0.007999756926866223,0.07691850604785563,0.1269922042647261,0.0027546797164136
2021-04-29,1781.9000244140625,1789.9000244140625,1754.5999755859375,1768.300048828125,231520,-0.0031568721511163,-0.0031618655838607,0.004608565544255097,0.00801428742918041,0.07315870998504014,0.12722286883801523,0.0031568721511163
2021-04-30,1772.4000244140625,1773.300048828125,1763.300048828125,1767.699951171875,167292,-0.0003393641574842,-0.0003394217545312,0.002408494248599869,0.00800482292395711,0.03823366089554778,0.1270726244753965,0.0003393641574842
2021-05-03,1768.0999755859375,1798.9000244140625,1765.5999755859375,1791.800048828125,204543,0.0136335907235123,0.0135414894949244,0.005871442782302253,0.008308546151620938,0.09320626463470148,0.13189408124215055,0.0136335907235123
2021-05-04,1793.199951171875,1799.5,1769.199951171875,1776.0,246585,-0.0088179754423259,-0.0088570838622412,0.006872639930270761,0.008483474154553769,0.10909977663593234,0.1346709772007592,0.0088179754423259
2021-05-05,1778.4000244140625,1788.0999755859375,1769.300048828125,1784.300048828125,178811,0.0046734509167369,0.0046625642506906,0.007103715779594979,0.008366105652975632,0.11276799202376182,0.13280780999919098,0.0046734509167369
2021-05-06,1787.0,1818.5999755859373,1781.800048828125,1815.699951171875,287629,0.0175978823541322,0.0174448325816381,0.009581295388799997,0.008870600406526728,0.15209834901968827,0.1408164159329891,0.0175978823541322
2021-05-07,1815.4000244140625,1844.5999755859373,1813.4000244140625,1831.300048828125,367695,0.0085917817237266,0.0085550824255527,0.00940831926593456,0.008878275281712136,0.14935243819656366,0.1409382507994934,0.0085917817237266
2021-05-10,1835.4000244140625,1846.300048828125,1830.5,1837.5999755859373,269707,0.0034401390213709,0.0034342352790495,0.00881372806537358,0.008873180119493675,0.13991359550597357,0.14085736760677592,0.0034401390213709
2021-05-11,1836.199951171875,1842.5,1817.800048828125,1836.0999755859373,311104,-0.0008162821179411,-0.000816615457601,0.00886842388791902,0.00851393408534207,0.1407818647712297,0.13515451361166772,0.0008162821179411
2021-05-12,1838.199951171875,1844.699951171875,1813.0,1822.800048828125,339207,-0.0072435743884632,-0.0072699364542898,0.00917146252355207,0.00795372014776903,0.14559245397640588,0.12626139305280457,0.0072435743884632
2021-05-13,1816.199951171875,1829.0999755859373,1808.4000244140625,1824.0,249928,0.0006583010422049,0.0006580844571208,0.007824779134650748,0.007431281984802396,0.12421451792575841,0.11796794432508968,0.0006583010422049
2021-05-14,1826.4000244140625,1847.0999755859373,1819.0,1838.0999755859373,224380,0.0077302497729918,0.007700524483214,0.007962920351243307,0.007409171126519144,0.12640744175522933,0.11761694533133962,0.0077302497729918
2021-05-17,1845.9000244140625,1869.300048828125,1841.0999755859373,1867.5999755859373,267705,0.0160491814329066,0.0159217549068651,0.007541584053624166,0.007824294185002844,0.11971893538427969,0.12420681958875796,0.0160491814329066
2021-05-18,1867.300048828125,1875.9000244140625,1863.5,1868.0,229016,0.0002141917001992,0.000214168764432,0.007364955591788893,0.007762696822650407,0.11691504547744772,0.12322899177554548,0.0002141917001992
2021-05-19,1870.199951171875,1891.300048828125,1852.199951171875,1881.5,398212,0.0072269807280513,0.007200991244704,0.0075512425251056305,0.007788966791558845,0.11987225886578948,0.12364601460363224,0.0072269807280513
2021-05-20,1869.9000244140625,1885.300048828125,1864.199951171875,1881.9000244140625,223568,0.0002126093085637,0.0002125867104076,0.00746495340359892,0.007688507888956513,0.11850246152764753,0.12205127896402286,0.0002126093085637
2021-05-21,1878.0999755859373,1890.300048828125,1870.300048828125,1876.699951171875,234291,-0.0027632037699806,-0.0027670284647499,0.006517200738467188,0.007521744178219686,0.1034573543896241,0.11940398712610312,0.0027632037699806
2021-05-24,1883.5,1887.9000244140625,1875.699951171875,1884.5,183312,0.0041562578094886,0.0041476444280405,0.0063327903964827984,0.007313777916347851,0.10052993096514969,0.11610262506607547,0.0041562578094886
2021-05-25,1881.199951171875,1901.199951171875,1873.199951171875,1898.0,316673,0.0071637039002387,0.007138166462683,0.006290933155651096,0.007279336969881281,0.09986546786630153,0.11555589199046606,0.0071637039002387
2021-05-26,1900.0,1913.300048828125,1890.699951171875,1901.199951171875,170526,0.0016859595215357,0.0016845398871883,0.0037779241122070876,0.0070714292686390205,0.05997268603784659,0.11225545955161324,0.0016859595215357
2021-05-27,1896.800048828125,1903.9000244140625,1888.199951171875,1895.699951171875,35794,-0.002892909815514,-0.0028971023668486,0.0042518163867890325,0.006593927266605029,0.06749549267851797,0.10467535026410886,0.002892909815514
2021-05-28,1897.5,1905.4000244140625,1881.9000244140625,1902.5,198141,0.0035870913136444,0.0035806730456278,0.0037101987925955158,0.006524975954800926,0.058897579918919085,0.10358078212247689,0.0035870913136444
2021-06-01,1906.800048828125,1919.199951171875,1894.5,1905.0,290653,0.0013140604467805,0.0013131978249603,0.00366499056910259,0.006367524416977103,0.058179921619455226,0.10108131644671779,0.0013140604467805
2021-06-02,1903.0,1911.800048828125,1896.4000244140625,1909.9000244140625,166036,0.002572191293471,0.0025688888712083,0.003077656809197032,0.0063570124429512,0.048856287227639475,0.10091444403235232,0.002572191293471
2021-06-03,1910.5,1912.300048828125,1866.699951171875,1873.300048828125,278578,-0.0191632939515595,-0.0193492898996976,0.008624348982045657,0.007375248596126222,0.13690729575795518,0.1170784418557694,0.0191632939515595
2021-06-04,1872.699951171875,1899.0,1855.5999755859373,1892.0,228826,0.0099823577026931,0.0099328630795115,0.009111232307622423,0.0073858714391890415,0.1446363289398365,0.11724707426153354,0.0099823577026931
2021-06-07,1894.300048828125,1902.9000244140625,1883.699951171875,1898.800048828125,146018,0.0035941061459434,0.0035876627805934,0.009212593580743032,0.007343923698900179,0.14624538926733666,0.1165811745283408,0.0035941061459434
2021-06-08,1901.5999755859373,1906.9000244140625,1885.699951171875,1894.4000244140625,173604,-0.002317265799934,-0.0023199548152398,0.009186496070275418,0.007389137568630821,0.14583110413212538,0.1172989224590497,0.002317265799934
2021-06-09,1894.4000244140625,1901.699951171875,1889.300048828125,1895.5,147332,0.00058064588881,0.0005804773792123,0.009056847602780591,0.0073756691145392865,0.14377299851501366,0.11708511737862556,0.00058064588881
2021-06-10,1891.4000244140625,1903.0,1871.800048828125,1896.4000244140625,250551,0.0004748216375956,0.0004747089454728,0.009034497166228127,0.007325060229112171,0.14341819633414438,0.1162817262288037,0.0004748216375956
2021-06-11,1901.9000244140625,1906.199951171875,1876.0999755859373,1879.5999755859373,220455,-0.0088589161631739,-0.0088983896621689,0.00938938152962019,0.007541100383564413,0.1490518109524696,0.1197112573601114,0.0088589161631739
2021-06-14,1879.5999755859373,1879.699951171875,1845.699951171875,1865.9000244140625,242302,-0.0072887589645791,-0.0073154517521541,0.006429164556906899,0.007722043969229921,0.10205982333291856,0.12258364773413087,0.0072887589645791
2021-06-15,1867.800048828125,1870.9000244140625,1853.0,1856.4000244140625,155343,-0.0050913767488605,-0.0051043819692243,0.004570047791877087,0.007488517046375466,0.07254725962191985,0.11887652276026456,0.0050913767488605
2021-06-16,1861.0,1866.0,1804.4000244140625,1861.4000244140625,234104,0.0026933850109047,0.002689764349263,0.004371636140373727,0.007248111182638779,0.06939757229934682,0.11506019798525083,0.0026933850109047
2021-06-17,1812.300048828125,1826.4000244140625,1767.9000244140625,1774.800048828125,385888,-0.046524107902705,-0.047641137850921,0.01705106819576146,0.01135906551522207,0.2706773162039258,0.18031957487620423,0.046524107902705
2021-06-18,1773.9000244140625,1797.9000244140625,1761.199951171875,1769.0,264605,-0.0032680012782029,-0.0032733528568714,0.016744497779576154,0.010865204883371718,0.2658106617205904,0.17247978039099668,0.0032680012782029
2021-06-21,1764.300048828125,1786.9000244140625,1764.0999755859375,1782.9000244140625,195523,0.0078575604375705,0.007826850574395,0.017697201387232887,0.01084410341670001,0.28093436263467303,0.17214480499232437,0.0078575604375705
2021-06-22,1783.199951171875,1790.0999755859375,1771.199951171875,1777.4000244140625,172745,-0.0030848616998631,-0.0030896296939766,0.017819440692650408,0.010820822311718995,0.2828748514501052,0.17177522890816505,0.0030848616998631
2021-06-23,1779.0999755859375,1795.5999755859375,1773.0999755859375,1783.4000244140625,179273,0.0033757172935664,0.0033700323501919,0.01832078177055138,0.010850995055253719,0.2908333943349874,0.1722542063627575,0.0033757172935664
2021-06-24,1778.199951171875,1788.5999755859375,1772.699951171875,1776.699951171875,152232,-0.0037569099195167,-0.0037639848310173,0.01834228343966989,0.010799392976210803,0.2911747227505497,0.17143504875306878,0.0037569099195167
2021-06-25,1775.699951171875,1791.0,1773.5999755859375,1777.800048828125,161203,0.0006191803267199,0.0006189887136727,0.018192677279130216,0.010799213673795448,0.28879979857820254,0.17143220241546578,0.0006191803267199
2021-06-28,1782.0,1786.0999755859375,1770.4000244140625,1780.699951171875,160788,0.0016311746338748,0.0016298457134696,0.004259602516666778,0.010689998138420979,0.06761909365851096,0.16969845954003204,0.0016311746338748
2021-06-29,1778.800048828125,1779.199951171875,1750.0999755859375,1763.5999755859375,239910,-0.0096029516790203,-0.0096493573460489,0.005638789518226703,0.010297934210376962,0.08951300856399343,0.1634746376301705,0.0096029516790203
2021-06-30,1761.9000244140625,1774.699951171875,1753.199951171875,1771.5999755859375,177887,0.0045361760664246,0.0045259186277727,0.004919779830437168,0.010357946926401827,0.0780990836191696,0.16442730996279048,0.0045361760664246
2021-07-01,1770.800048828125,1783.4000244140625,1765.9000244140625,1776.800048828125,171443,0.0029352412022176,0.0029309417929076,0.004999222195585702,0.010259403837717914,0.07936019206964444,0.16286298692629958,0.0029352412022176
2021-07-02,1777.5,1795.9000244140625,1774.4000244140625,1783.300048828125,205858,0.0036582619435918,0.0036515867780839,0.005032403742938301,0.010302541902976674,0.07988693280411217,0.16354778248259053,0.0036582619435918
2021-07-06,1787.5,1815.699951171875,1784.699951171875,1794.199951171875,276597,0.0061122088517369,0.0060936050715198,0.005183694835237261,0.01039912137621332,0.08228860443892638,0.1650809340902172,0.0061122088517369
2021-07-07,1797.0,1810.199951171875,1794.0999755859375,1802.0999755859373,171075,0.0044030903071323,0.0043934250659068,0.005283481578357962,0.010403801644143318,0.08387266987755715,0.16515523104028876,0.0044030903071323
2021-07-08,1803.800048828125,1819.5,1793.5,1800.199951171875,249340,-0.0010543390709744,-0.0010548952774005,0.00540683191127632,0.010276986801685721,0.08583079570779115,0.16314210782612096,0.0010543390709744
2021-07-09,1803.199951171875,1813.0,1796.5999755859375,1810.5999755859373,185581,0.0057771495923506,0.0057605258581151,0.0023974258950050804,0.010350481602696299,0.03805795622933935,0.16430880162290196,0.0057771495923506
2021-07-12,1808.5,1811.0,1791.0,1805.9000244140625,201416,-0.0025957976556106,-0.0025991725800241,0.0033444123609226634,0.010349317497236667,0.05309090033191056,0.16429032202162572,0.0025957976556106
2021-07-13,1806.699951171875,1818.0,1798.699951171875,1809.9000244140625,242177,0.0022149620388303,0.00221251262665,0.0033487679779506097,0.01032878217169989,0.05316004360868366,0.16396433383485334,0.0022149620388303
2021-07-14,1808.300048828125,1831.0999755859373,1804.9000244140625,1825.0,229879,0.0083429887741042,0.0083083784125886,0.0039914471635664455,0.010476050586295933,0.06336225939630578,0.16630214744082863,0.0083429887741042
2021-07-15,1828.699951171875,1835.0,1820.5999755859373,1829.0,175611,0.0021917808219178,0.0021893823742738,0.003804080289597207,0.010471337465096318,0.06038790248158067,0.1662273289612701,0.0021917808219178
2021-07-16,1830.699951171875,1832.699951171875,1809.5,1815.0,184655,-0.007654455986878,-0.0076839016919145,0.005349139120639054,0.009997757866565997,0.08491495104898601,0.15870948589903988,0.007654455986878
2021-07-19,1811.5999755859373,1818.0,1795.0,1809.199951171875,249675,-0.0031956191890495,-0.0032007360840567,0.005545923889013526,0.009785663167263384,0.08803881240253182,0.15534258692654143,0.0031956191890495
2021-07-20,1813.5,1825.9000244140625,1805.199951171875,1811.4000244140625,221136,0.0012160475909599,0.0012153088039609,0.005103861653899883,0.009753029090616937,0.08102129197378743,0.15482453702010512,0.0012160475909599
2021-07-21,1810.5999755859373,1814.4000244140625,1794.300048828125,1803.4000244140625,218636,-0.0044164733864281,-0.0044262548152524,0.005305035259905442,0.009766449503406159,0.08421482396483224,0.1550375794684978,0.0044164733864281
2021-07-22,1803.9000244140625,1808.4000244140625,1791.9000244140625,1805.4000244140625,193318,0.001109016287526,0.0011084017832512,0.005237660119093232,0.009770978779720444,0.08314527676200983,0.15510947950097795,0.001109016287526
2021-07-23,1807.699951171875,1810.699951171875,1789.0999755859375,1801.800048828125,236764,-0.0019940043963972,-0.0019959950698783,0.003572960051514524,0.009763514785961581,0.05671898244405576,0.15499099227333824,0.0019940043963972
2021-07-26,1802.300048828125,1812.0,1796.0,1799.199951171875,204547,-0.0014430556031681,-0.0014440978106679,0.003129235212332921,0.009668303562422632,0.04967506899395585,0.1534795609563008,0.0014430556031681
2021-07-27,1797.0999755859375,1805.4000244140625,1792.800048828125,1799.800048828125,177043,0.0003335358340017,0.0003334802232905,0.0021809125606525007,0.009608452714833626,0.034620913599981526,0.15252945820543914,0.0003335358340017
2021-07-28,1798.5999755859375,1809.0,1790.699951171875,1799.699951171875,209783,-5.561598707326532e-05,-5.561753369961942e-05,0.002018597029529145,0.00958127672766344,0.032044234424326946,0.1520980527833292,5.561598707326532e-05
2021-07-29,1806.5999755859373,1832.5999755859373,1806.0999755859373,1831.199951171875,30496,0.017502917627735,0.0173515057779073,0.007255572910842155,0.010142560512097916,0.11517864924831217,0.16100815663461004,0.017502917627735
2021-07-30,1828.0,1830.5,1808.9000244140625,1812.5999755859373,157136,-0.0101572608573053,-0.0102091978222093,0.00829576897675342,0.00561346780481985,0.1316912498792059,0.08911103882532594,0.0101572608573053
2021-08-02,1817.0,1823.199951171875,1808.199951171875,1822.199951171875,159755,0.0052962461189676,0.0052822703319121,0.008474461498377545,0.005621535533829249,0.13452790571939272,0.08923911005294952,0.0052962461189676
2021-08-03,1816.800048828125,1818.199951171875,1809.5,1814.0999755859373,103450,-0.0044451628816741,-0.0044550719941794,0.008683942721824281,0.005552601770503244,0.13785331704885842,0.08814482048477117,0.0044451628816741
2021-08-04,1813.699951171875,1835.9000244140625,1808.300048828125,1814.5,244683,0.0002205084722155,0.0002204841637958,0.008628382260133126,0.005509728332557802,0.13697132206268203,0.08746422575684715,0.0002205084722155
2021-08-05,1814.9000244140625,1817.9000244140625,1799.699951171875,1808.9000244140625,169840,-0.0030862362005718,-0.0030910084489011,0.00878381707115158,0.005527939543590645,0.13943877319290496,0.08775331976964446,0.0030862362005718
2021-08-06,1806.699951171875,1807.0,1759.5,1763.0999755859375,323149,-0.0253192814472764,-0.0256453297647459,0.013234395950242723,0.007236611295852383,0.21008952261901556,0.11487764294199761,0.0253192814472764
2021-08-09,1765.0,1765.699951171875,1677.9000244140625,1726.5,289543,-0.0207588770306539,-0.0209773716094308,0.011164122849815378,0.008145528105738856,0.17722495600071114,0.1293062499904323,0.0207588770306539
2021-08-10,1732.0,1739.4000244140625,1718.5,1731.699951171875,182561,0.0030118454514189,0.0030073189314156,0.011889237727986288,0.008164453698298015,0.1887357978382699,0.12960668445838872,0.0030118454514189
2021-08-11,1730.4000244140625,1756.699951171875,1724.5999755859375,1753.300048828125,185442,0.0124733488856616,0.0123961975638895,0.013296255192121584,0.008345613241359675,0.21107150764083032,0.13248250304979223,0.0124733488856616
2021-08-12,1752.9000244140625,1759.5999755859375,1742.5999755859375,1751.800048828125,137119,-0.0008555295489797,-0.0008558957232478,0.013408633064293513,0.008298887631029723,0.2128554510566315,0.13174075698104762,0.0008555295489797
2021-08-13,1754.4000244140625,1781.9000244140625,1753.0,1778.199951171875,144809,0.0150701573284064,0.014957730625635,0.015383404663213628,0.008747685577999657,0.24420397833800755,0.1388652035206404,0.0150701573284064
2021-08-16,1780.699951171875,1791.300048828125,1772.0,1789.800048828125,137698,0.0065235057781918,0.0065023198023483,0.01577538366812533,0.008803749785411315,0.25042645213493714,0.13975519522221957,0.0065235057781918
2021-08-17,1789.0999755859375,1797.5999755859375,1782.0999755859375,1787.800048828125,144815,-0.0011174432592676,-0.0011180680644861,0.011816850739160372,0.008733841219914835,0.1875866900147288,0.13864543114931785,0.0011174432592676
2021-08-18,1787.800048828125,1795.699951171875,1778.800048828125,1784.4000244140625,132725,-0.0019017923264356,-0.0019036030295471,0.00686072349535448,0.008697976749274885,0.10891060909611454,0.13807610032802012,0.0019017923264356
2021-08-19,1789.5,1795.0,1774.5999755859375,1783.0999755859375,151245,-0.0007285635565668,-0.0007288290879736,0.00715731458050158,0.008697195795039879,0.11361884661038259,0.13806370306387322,0.0007285635565668
2021-08-20,1782.800048828125,1791.0,1780.0,1784.0,107966,0.0005047526366359,0.0005046252918738,0.006222584340031721,0.008623506225623478,0.09878046405509351,0.13689391741450185,0.0005047526366359
2021-08-23,1781.199951171875,1809.0999755859373,1778.0,1806.300048828125,156318,0.0125000273700253,0.0124225470306805,0.007019039511888761,0.008929413772332874,0.11142379794596312,0.1417500491711275,0.0125000273700253
2021-08-24,1807.5999755859373,1812.199951171875,1802.5999755859373,1808.5,114785,0.0012179322993997,0.0012171912215175,0.005238689551913408,0.008922916106427542,0.08316161850141163,0.14164690192260013,0.0012179322993997
2021-08-25,1805.0999755859373,1805.300048828125,1784.0,1791.0,163463,-0.0096765275089854,-0.0097236493314409,0.006543816949223031,0.008949289324341565,0.10387987363664114,0.14206556377783824,0.0096765275089854
2021-08-26,1793.0,1800.4000244140625,1781.300048828125,1795.199951171875,134534,0.0023450313634143,0.0023422860683975,0.006566039302423875,0.008950974235440503,0.1042326425573376,0.1420923109123325,0.0023450313634143
2021-08-27,1795.199951171875,1821.9000244140625,1785.199951171875,1819.5,203642,0.0135361238241247,0.0134453289231052,0.00801504924609391,0.009206148097611432,0.12723496230660133,0.1461430703946614,0.0135361238241247
2021-08-30,1821.5999755859373,1826.5,1810.0,1812.199951171875,104875,-0.0040121180698681,-0.0040201882083695,0.008346183749579255,0.009217499345253845,0.13249155958701178,0.14632326586465422,0.0040121180698681
2021-08-31,1812.199951171875,1821.9000244140625,1803.4000244140625,1818.0999755859373,170387,0.0032557248499245,0.0032504364530432,0.008309776500217103,0.009233550955992549,0.13191361242061878,0.14657807728559394,0.0032557248499245
2021-09-01,1816.699951171875,1822.699951171875,1810.5999755859373,1816.0,140116,-0.0011550385645104,-0.0011557061356496,0.007159334004901021,0.0091968833311266,0.1136509039788971,0.1459959967862177,0.0011550385645104
2021-09-02,1816.199951171875,1819.5999755859373,1806.5,1811.5,113025,-0.0024779735682819,-0.0024810488261066,0.007257887535121888,0.009208950430210867,0.11521539276964851,0.14618755604555536,0.0024779735682819
2021-09-03,1811.5,1836.9000244140625,1810.9000244140625,1833.699951171875,184984,0.012255010307411,0.0121805255917895,0.0069824067819848805,0.00945844480783825,0.11084227138693672,0.15014815650582072,0.012255010307411
2021-09-07,1833.5,1833.5,1793.699951171875,1798.5,252475,-0.0191961346508078,-0.0193827727912428,0.01107083153150097,0.010124438932097416,0.1757440022342634,0.16072048547034073,0.0191961346508078
2021-09-08,1796.0999755859375,1804.4000244140625,1783.0999755859375,1793.5,161258,-0.0027800945232138,-0.0027839661633413,0.009417473532371302,0.010137242958095939,0.14949775767112472,0.16092374308177573,0.0027800945232138
2021-09-09,1790.9000244140625,1803.4000244140625,1785.0999755859375,1800.0,154126,0.0036241984945637,0.0036176469119188,0.009588419409298311,0.010159623813387874,0.15221143933912906,0.16127902814516404,0.0036241984945637
2021-09-10,1796.199951171875,1806.0,1788.199951171875,1792.0999755859375,136246,-0.0043889024522569,-0.0043985619580717,0.00946748624381715,0.009635946113553465,0.1502916848523912,0.15296590237969096,0.0043889024522569
2021-09-13,1789.800048828125,1800.199951171875,1784.4000244140625,1794.4000244140625,114310,0.0012834377877679,0.001282614885511,0.009548998106282708,0.009472702218237896,0.15158564555430462,0.15037448587936422,0.0012834377877679
2021-09-14,1794.800048828125,1810.5999755859373,1780.5999755859375,1807.0999755859373,197954,0.0070775473690833,0.0070526190823445,0.010082136893728616,0.009514433844082805,0.160048961429491,0.15103695490211635,0.0070775473690833
2021-09-15,1806.5999755859373,1808.5,1791.699951171875,1794.800048828125,139297,-0.0068064450910216,-0.0068297145868826,0.008588374439277503,0.009560135337292906,0.13633621759579242,0.15176244361558577,0.0068064450910216
2021-09-16,1795.5,1797.300048828125,1745.5,1756.699951171875,255267,-0.0212280458099645,-0.0214566010831894,0.00923588933388906,0.010292865933969927,0.1466151978839067,0.163394181236478,0.0212280458099645
2021-09-17,1754.5999755859375,1767.800048828125,1747.0999755859375,1751.4000244140625,183254,-0.0030169789406989,-0.0030215391961026,0.009234028433326057,0.010292395902728046,0.14658565700328074,0.1633867197218313,0.0030169789406989
2021-09-20,1754.199951171875,1768.4000244140625,1742.300048828125,1763.800048828125,152451,0.0070800640865646,0.0070551181096967,0.009747217194427223,0.009308022378918408,0.15473227602832287,0.14776027447465157,0.0070800640865646
2021-09-21,1765.5,1782.800048828125,1758.300048828125,1778.199951171875,141622,0.0081641353583798,0.0081309890901777,0.010540857532649007,0.008544365262810211,0.16733092582050707,0.13563759357776917,0.0081641353583798
2021-09-22,1775.0,1788.4000244140625,1764.5999755859375,1778.800048828125,172348,0.0003374747906468,0.000337417858838,0.010511774040556674,0.008536808327745156,0.1668692396965053,0.13551763095263317,0.0003374747906468
2021-09-23,1769.199951171875,1777.0999755859375,1737.5,1749.800048828125,225456,-0.0163031252551995,-0.0164374835094388,0.011139487218724833,0.008807476952565462,0.17683387748117088,0.13981436216652743,0.0163031252551995
2021-09-24,1743.699951171875,1758.0,1740.199951171875,1751.699951171875,151552,0.0010857825412808,0.0010851935057551,0.011270370937031001,0.008808326332531822,0.1789115920970042,0.13982784565548495,0.0010857825412808
2021-09-27,1751.800048828125,1760.9000244140625,1744.699951171875,1752.0,137574,0.0001712900819139,0.0001712754134429,0.008084110250811651,0.008338933938530227,0.12833127176925374,0.13237647240448416,0.0001712900819139
2021-09-28,1750.0,1754.300048828125,1727.800048828125,1737.5,215840,-0.0082762557077625,-0.0083106940573895,0.008600690259074917,0.008349258438597107,0.1365317251740475,0.13254036876201236,0.0082762557077625
2021-09-29,1734.0,1746.0,1721.0999755859375,1722.9000244140625,177389,-0.0084028636465827,-0.0084383667302562,0.008122232752264265,0.008459395173642402,0.12893644771844961,0.13428873522886714,0.0084028636465827
2021-09-30,1726.0,1765.0,1721.800048828125,1757.0,246365,0.0197921963565672,0.0195988774784063,0.011392553565307072,0.009284107653014777,0.18085118119070856,0.1473806399701719,0.0197921963565672
2021-10-01,1757.199951171875,1765.199951171875,1749.9000244140625,1758.4000244140625,151195,0.0007968266443156,0.0007965093465081,0.011407266640552376,0.009286841749423593,0.1810847440194289,0.14742404240512108,0.0007968266443156
2021-10-04,1762.5999755859375,1771.5,1747.699951171875,1767.5999755859375,166180,0.0052320012762401,0.0052183619109957,0.009527190965191544,0.009343062718919371,0.15123946792150952,0.14831652262763775,0.0052320012762401
2021-10-05,1770.800048828125,1771.0999755859375,1748.5999755859375,1760.9000244140625,151424,-0.0037904227565143,-0.0037976246133322,0.009737245418376323,0.009044166497802247,0.154573978990961,0.14357169221428046,0.0037904227565143
2021-10-06,1760.5,1765.9000244140625,1745.4000244140625,1761.800048828125,159218,0.0005111161346949,0.0005109855593342,0.009734499376330523,0.00903962490318998,0.15453038692490353,0.1434995966348821,0.0005111161346949
2021-10-07,1763.800048828125,1767.699951171875,1752.0,1759.199951171875,146406,-0.0014758188126851,-0.0014769089059211,0.008983753997636804,0.008885630533805521,0.14261267350517598,0.1410550118067091,0.0014758188126851
2021-10-08,1757.0,1782.4000244140625,1753.5999755859375,1757.4000244140625,240371,-0.0010231507547584,-0.0010236745307903,0.007960379353356185,0.008868938612005979,0.12636710466428175,0.14079003576279714,0.0010231507547584
2021-10-11,1757.4000244140625,1761.0999755859375,1749.9000244140625,1755.699951171875,114771,-0.0009673797761293,-0.0009678479899297,0.0027905976251908224,0.008453355628111128,0.04429936395301411,0.1341928604158215,0.0009673797761293
2021-10-12,1753.5999755859375,1770.0,1750.5,1759.300048828125,168110,0.0020505198817413,0.0020484204353298,0.0028961624290207346,0.008455151414522369,0.04597515326182571,0.1342213676413331,0.0020505198817413
2021-10-13,1760.4000244140625,1797.4000244140625,1757.9000244140625,1794.699951171875,299041,0.0201215832213099,0.0199218194290936,0.008102217005575105,0.009266401570217677,0.12861870759018093,0.14709956461952642,0.0201215832213099
2021-10-14,1793.5999755859375,1801.9000244140625,1787.5999755859375,1797.9000244140625,164651,0.0017830686628692,0.0017814808830744,0.007677720881447359,0.009273562728591062,0.12188004052846402,0.14721324448445713,0.0017830686628692
2021-10-15,1797.300048828125,1797.699951171875,1765.0999755859375,1768.300048828125,202631,-0.0164636382357157,-0.0166006700374961,0.010686124776060249,0.009727647418235,0.16963697181876725,0.15442161546221597,0.0164636382357157
2021-10-18,1767.5,1772.5,1760.300048828125,1765.699951171875,152741,-0.0014703939288884,-0.001471476018904,0.010685951450458718,0.009412142224735711,0.1696342203601423,0.1494131257861254,0.0014703939288884
2021-10-19,1764.800048828125,1786.0,1763.4000244140625,1770.5,166972,0.0027184963248931,0.0027148078968987,0.010686220533597034,0.00879899786815945,0.16963849192253821,0.1396797608744244,0.0027184963248931
2021-10-20,1769.4000244140625,1789.5999755859375,1767.0999755859375,1784.9000244140625,174076,0.0081333094685469,0.0081004123616157,0.010941858208840385,0.008925546991960569,0.17369661420913382,0.14168866593568974,0.0081333094685469
2021-10-21,1782.5,1790.300048828125,1776.800048828125,1781.9000244140625,138729,-0.0016807664065021,-0.0016821804790646,0.011052638614437327,0.008901292719041455,0.1754551986292241,0.14130364128944176,0.0016807664065021
2021-10-22,1783.699951171875,1815.5,1783.4000244140625,1796.300048828125,312812,0.0080812751651415,0.0080487965228915,0.008345581897899305,0.008994372492127468,0.132482005487784,0.14278123687949723,0.0080812751651415
2021-10-25,1794.199951171875,1811.5,1793.0,1806.800048828125,153589,0.0058453486135849,0.0058283308476907,0.008614381963759219,0.009053141171409774,0.1367490742477627,0.14371416074106141,0.0058453486135849
2021-10-26,1808.699951171875,1809.800048828125,1783.0,1793.4000244140625,197929,-0.007416440143863,-0.0074440786738612,0.005833195323606944,0.009064016124015507,0.09259910505077347,0.14388679526174772,0.007416440143863
2021-10-27,1795.0,1801.0,1784.300048828125,1798.800048828125,182801,0.0030110540540595,0.003006529910154,0.005627263991794177,0.008994751950819852,0.08933004650397604,0.14278726059949445,0.0030110540540595
2021-10-28,1798.699951171875,1812.699951171875,1793.0999755859375,1802.5999755859373,220876,0.0021124786828241,0.0021102505371198,0.005631059806350529,0.008044367682395052,0.08939030319201019,0.127700378054294,0.0021124786828241
2021-10-29,1801.5,1802.9000244140625,1772.4000244140625,1783.9000244140625,254513,-0.0103738774132604,-0.0104280611355028,0.0068120567464406805,0.008276410210820683,0.10813804840765093,0.13138393899712314,0.0103738774132604
2021-11-01,1785.300048828125,1797.5,1780.199951171875,1795.800048828125,143332,0.0066707911044348,0.0066486398338861,0.007201151616473809,0.008265769595468693,0.11431473798276286,0.13121502446501476,0.0066707911044348
2021-11-02,1794.800048828125,1797.800048828125,1787.4000244140625,1789.4000244140625,145786,-0.0035638847533381,-0.0035702505196778,0.006652664303681537,0.008174106287784704,0.10560777182122819,0.12975991456612618,0.0035638847533381
2021-11-03,1789.199951171875,1789.300048828125,1758.5,1763.9000244140625,257427,-0.0142505865944368,-0.0143531012988224,0.007696738469384583,0.00859146246428927,0.1221819353777732,0.13638523847313333,0.0142505865944368
2021-11-04,1769.9000244140625,1800.300048828125,1769.300048828125,1793.5,222609,0.0167809825819182,0.0166417375139498,0.010511947786456623,0.008582460444961212,0.16687199782716078,0.1362423358464967,0.0167809825819182
2021-11-05,1792.5999755859375,1820.0999755859373,1785.300048828125,1816.800048828125,299618,0.0129913849055618,0.0129077206949056,0.011600164669377078,0.008863992367383432,0.18414690529541727,0.14071151656362743,0.0129913849055618
2021-11-08,1820.5999755859373,1828.300048828125,1813.800048828125,1828.0,200412,0.006164658119147,0.0061457343468525,0.011737225249006519,0.00890616626468644,0.1863226745449165,0.14138100642812026,0.006164658119147
2021-11-09,1826.9000244140625,1834.800048828125,1821.0,1830.800048828125,224407,0.001531755376436,0.0015305834357677,0.010424371507341372,0.008714596548943533,0.1654817674954368,0.13833993146859785,0.001531755376436
2021-11-10,1834.5,1870.5999755859373,1823.0,1848.300048828125,352787,0.0095586626246824,0.0095132676566283,0.010614151735568456,0.008607104475053202,0.16849443522131247,0.1366335476960515,0.0095586626246824
2021-11-11,1851.5,1868.699951171875,1845.0999755859373,1863.9000244140625,205312,0.0084401748492233,0.0084047557296421,0.010113675428320892,0.008046500927490926,0.1605496201449704,0.12773424227034938,0.0084401748492233
2021-11-12,1864.300048828125,1871.4000244140625,1847.5,1868.5,201358,0.0024679304285022,0.0024648900894051,0.00547597831053436,0.008043654164718608,0.08692846076674526,0.12768905131232647,0.0024679304285022
2021-11-15,1872.5999755859373,1873.0,1858.5,1866.5999755859373,221208,-0.0010168715087304,-0.0010173888733216,0.004978401099189939,0.008039526630878195,0.07902966741112308,0.12762352874390806,0.0010168715087304
2021-11-16,1864.9000244140625,1879.5,1851.0,1854.0999755859373,220431,-0.006696667825722,-0.0067191911160177,0.005703548781504628,0.008126864079814548,0.09054102999832031,0.12900996776407841,0.006696667825722
2021-11-17,1851.5999755859373,1870.5999755859373,1851.0999755859373,1870.199951171875,172417,0.0086834452283781,0.0086459609566424,0.00601330526049244,0.00822024906706099,0.09545826166067685,0.13049240847872454,0.0086834452283781
2021-11-18,1869.5,1873.300048828125,1856.5999755859373,1861.4000244140625,186062,-0.0047053400639318,-0.0047164450252637,0.006734562860692361,0.008288537746504683,0.10690787110874228,0.13157645765773868,0.0047053400639318
2021-11-19,1860.800048828125,1868.0999755859373,1844.199951171875,1851.5999755859373,234083,-0.0052648805735403,-0.0052787888958494,0.006428427506275769,0.008376142847738058,0.10204812301687677,0.13296714552640357,0.0052648805735403
2021-11-22,1848.300048828125,1850.4000244140625,1802.4000244140625,1806.300048828125,352857,-0.0244652880509339,-0.0247695358010931,0.010315980341044539,0.009644189505767304,0.1637611110734108,0.15309676217423526,0.0244652880509339
2021-11-23,1807.0999755859373,1812.5,1781.699951171875,1783.800048828125,311348,-0.0124564022542087,-0.0125346335654345,0.010194701000676463,0.009948216025769379,0.16183586123070748,0.15792303355759865,0.0124564022542087
2021-11-24,1789.800048828125,1796.199951171875,1777.4000244140625,1784.300048828125,203236,0.000280300474444,0.0002802611976054,0.010323237314215701,0.009233225600548352,0.16387631195110258,0.14657291242803566,0.000280300474444
2021-11-26,1789.5999755859375,1816.300048828125,1778.5999755859375,1785.5,186800,0.0006725052620286,0.0006722792316969,0.01065536691551425,0.009227422897761182,0.16914870591957656,0.14648079737699443,0.0006725052620286
2021-11-29,1791.699951171875,1798.9000244140625,1779.0999755859375,1782.300048828125,26926,-0.0017921877187762,-0.0017937956085666,0.008961456273779147,0.008709400854361383,0.14225870811239508,0.13825745237408216,0.0017921877187762
2021-11-30,1783.9000244140625,1808.0999755859373,1768.699951171875,1773.5999755859375,242861,-0.0048813740693706,-0.0048933268890934,0.008954781648258347,0.008755448936091304,0.14215275171705993,0.13898844300973587,0.0048813740693706
2021-12-01,1777.4000244140625,1795.699951171875,1773.699951171875,1784.300048828125,180336,0.0060329687581623,0.006014843265963,0.010216120709918553,0.00880925456615293,0.16217588857356677,0.1398425809074051,0.0060329687581623
2021-12-02,1783.800048828125,1785.199951171875,1762.199951171875,1762.699951171875,172719,-0.0121056420249701,-0.012179512077656,0.006851618515423783,0.008962044465477922,0.10876607202058139,0.14226804536614424,0.0121056420249701
2021-12-03,1769.4000244140625,1788.0,1766.0,1783.9000244140625,175176,0.012027045912206,0.0119552957178515,0.007693675962358261,0.009238520534444003,0.12213331958589298,0.14665696689781418,0.012027045912206
2021-12-06,1787.699951171875,1789.0,1776.4000244140625,1779.5,104477,-0.0024665196220891,-0.0024695664927541,0.007748833601744264,0.009123459001182726,0.12300891996621745,0.14483042168293944,0.0024665196220891
2021-12-07,1779.5,1789.300048828125,1772.4000244140625,1784.699951171875,129894,0.0029221417093987,0.0029178805524319,0.007844802644071575,0.009071323896200193,0.12453238128357202,0.14400280254877929,0.0029221417093987
2021-12-08,1785.0999755859375,1794.300048828125,1780.0999755859375,1785.5,109692,0.0004482819801725,0.000448181531824,0.007806900886483554,0.008973789610626145,0.12393070953459108,0.14245449376519154,0.0004482819801725
2021-12-09,1784.300048828125,1788.4000244140625,1773.300048828125,1776.699951171875,123974,-0.0049286187780033,-0.0049408044751246,0.007812127807592145,0.008995679268149497,0.12401368433484639,0.14280198130573854,0.0049286187780033
2021-12-10,1776.300048828125,1791.0,1770.4000244140625,1784.800048828125,141995,0.0045590689924359,0.0045487079167012,0.007649256060268323,0.009030011439380564,0.1214281755007421,0.1433469876280163,0.0045590689924359
2021-12-13,1784.199951171875,1792.800048828125,1782.199951171875,1788.300048828125,106057,0.0019610039804167,0.0019590837221241,0.005450791193104585,0.00883377632809342,0.08652862767297469,0.14023185181022707,0.0019610039804167
2021-12-14,1787.5999755859375,1789.800048828125,1766.0999755859375,1772.300048828125,153249,-0.0089470444350123,-0.0089873095863991,0.004793203517350138,0.008894398050929642,0.0760897469413712,0.14119419182626464,0.0089470444350123
2021-12-15,1771.9000244140625,1781.300048828125,1753.0,1764.5,161101,-0.0044010881979507,-0.0044108014964797,0.004950318873784625,0.008905971069533301,0.07858387590302075,0.14137790780112627,0.0044010881979507
2021-12-16,1777.9000244140625,1800.699951171875,1775.699951171875,1798.199951171875,167777,0.019098867198569,0.0189187732814574,0.009170955887018013,0.009197771641928637,0.1455844113707606,0.14601009828303244,0.019098867198569
2021-12-17,1801.5,1815.699951171875,1796.5,1804.9000244140625,156607,0.0037259890024026,0.0037190646999661,0.009214935179970941,0.00870554236296592,0.14628256100270004,0.1381962007220725,0.0037259890024026
2021-12-20,1800.199951171875,1804.5999755859373,1789.0,1794.5999755859375,105386,-0.0057067143269992,-0.0057230598369716,0.009310742873620818,0.008426592140204242,0.14780346098920544,0.1337680032165117,0.0057067143269992
2021-12-21,1791.4000244140625,1801.699951171875,1785.0,1788.699951171875,134154,-0.0032876543487838,-0.0032930705586844,0.00934912511405558,0.008349991157118224,0.14841276016691665,0.13255200030793968,0.0032876543487838
2021-12-22,1789.4000244140625,1806.300048828125,1785.800048828125,1802.199951171875,110408,0.0075473809853661,0.0075190420062226,0.009739919334433186,0.00847646860640399,0.15461642609243975,0.13455976757154722,0.0075473809853661
2021-12-23,1805.5999755859373,1812.0,1799.0,1811.699951171875,104844,0.0052713351777768,0.0052574903230989,0.008712378729584908,0.008336191825615737,0.13830472467774313,0.13233294271145257,0.0052713351777768
2021-12-27,1810.199951171875,1814.5999755859373,1803.5999755859373,1808.800048828125,84225,-0.0016006526587772,-0.0016019350718923,0.008363653119035069,0.008159040019585588,0.13276887722985892,0.1295207449730822,0.0016006526587772
2021-12-28,1812.0999755859373,1821.5999755859373,1805.5,1810.9000244140625,100542,0.0011609771833531,0.0011603037705039,0.004807894088282818,0.00814353860704548,0.07632295252520375,0.12927466767777415,0.0011609771833531
2021-12-29,1806.5999755859373,1808.0,1789.0999755859375,1805.800048828125,138685,-0.0028162656784919,-0.0028202388160384,0.0048290845930224376,0.008150206759772046,0.07665934135938558,0.12938052132068628,0.0028162656784919
2021-12-30,1805.5999755859373,1818.0999755859373,1796.199951171875,1814.0999755859373,113430,0.0045962601248119,0.0045857295763422,0.0043135769405679885,0.008142205290024344,0.06847591107531445,0.12925350192623372,0.0045962601248119
2021-12-31,1817.0,1831.4000244140625,1815.4000244140625,1828.5999755859373,106604,0.007992944267207,0.007961169889765,0.004310888402274694,0.00811571378711582,0.06843323185302846,0.12883296235491995,0.007992944267207
2022-01-03,1830.0999755859373,1833.0,1798.199951171875,1800.0999755859375,168305,-0.0155856941816197,-0.0157084280450498,0.007825358407268935,0.008532475779747655,0.12422371359349262,0.13544885388536534,0.0155856941816197
2022-01-04,1801.0999755859375,1817.199951171875,1798.0999755859375,1814.5999755859373,167708,0.0080551081588009,0.0080228389472448,0.008207602878554937,0.008652928552555634,0.1302916564598054,0.1373609823748338,0.0080551081588009
2022-01-05,1815.199951171875,1830.699951171875,1808.199951171875,1825.0999755859373,173344,0.0057863992842883,0.0057697223778501,0.008401473946431,0.007460809897987656,0.13336926425186893,0.1184366854152271,0.0057863992842883
2022-01-06,1810.5999755859373,1811.5999755859373,1785.4000244140625,1789.199951171875,238644,-0.0196701686999567,-0.0198662013909255,0.011559846686183185,0.007986268736131723,0.18350687715404895,0.12677808587480793,0.0196701686999567
2022-01-07,1791.0,1798.4000244140625,1781.300048828125,1797.4000244140625,238931,0.0045830949396219,0.0045726245390472,0.011773157239756445,0.008027561248949907,0.18689307721473114,0.12743358419436313,0.0045830949396219
2022-01-10,1796.4000244140625,1802.0,1789.300048828125,1798.800048828125,173043,0.0007789164320941,0.0007786132341237,0.011578831834185309,0.008027766426284737,0.1838082570353532,0.12743684128357888,0.0007789164320941
2022-01-11,1801.300048828125,1823.0999755859373,1799.699951171875,1818.5,184152,0.0109517181660681,0.0108921823856591,0.012014099760900844,0.008248551728773895,0.19071792116198516,0.13094169930472577,0.0109517181660681
2022-01-12,1821.300048828125,1828.199951171875,1814.4000244140625,1827.300048828125,192979,0.0048391799989688,0.0048275088049651,0.010138248307812608,0.008212448197539376,0.16093970251376144,0.13036857351413902,0.0048391799989688
2022-01-13,1825.699951171875,1828.300048828125,1811.800048828125,1821.4000244140625,215522,-0.0032288208046873,-0.0032340446942814,0.009945354655115384,0.00819184956097035,0.15787761070664313,0.13004158029588717,0.0032288208046873
2022-01-14,1822.0999755859373,1829.300048828125,1814.199951171875,1816.5,174944,-0.0026902516461966,-0.0026938768764707,0.009718847337298405,0.00785710287402457,0.15428191850816317,0.1247276413807192,0.0026902516461966
2022-01-18,1818.699951171875,1822.9000244140625,1804.699951171875,1812.4000244140625,362944,-0.0022570743660542,-0.0022596253977028,0.005222862591592801,0.007596344674784211,0.08291037329530115,0.12058823329565309,0.0022570743660542
2022-01-19,1812.9000244140625,1843.9000244140625,1809.0,1843.199951171875,318489,0.0169940004099093,0.0168512177470646,0.007782902572195724,0.008140706414313062,0.12354974810564888,0.12922970801196423,0.0169940004099093
2022-01-20,1840.0999755859373,1848.5,1836.199951171875,1842.5999755859373,233862,-0.0003255075964798,-0.0003255605855767,0.007861059092981838,0.008138679037265456,0.12479044440967751,0.1291975243990739,0.0003255075964798
2022-01-21,1840.5999755859373,1843.699951171875,1828.4000244140625,1831.800048828125,225249,-0.0058612432980077,-0.0058784878003383,0.007761645047704769,0.00823694786377044,0.12321229536589728,0.13075749365844794,0.0058612432980077
2022-01-24,1835.199951171875,1844.9000244140625,1829.300048828125,1841.699951171875,244325,0.0054044666884267,0.0053899149643273,0.0078102200286529104,0.00820136450914917,0.12398339928306817,0.13019262541560012,0.0054044666884267
2022-01-25,1843.5999755859373,1854.199951171875,1834.4000244140625,1852.5,197804,0.0058641739232565,0.0058470465812111,0.007716565329674895,0.008223059719023748,0.12249667702741751,0.13053702619541704,0.0058641739232565
2022-01-26,1848.0,1850.199951171875,1814.0999755859373,1829.699951171875,270028,-0.0123077186656544,-0.0123840858861322,0.00944605549240042,0.008586597723115517,0.14995148222044374,0.13630801310110266,0.0123077186656544
2022-01-27,1819.0,1821.4000244140625,1790.5999755859375,1793.0999755859375,196036,-0.0200032664167127,-0.0202060404013525,0.012406303978117613,0.009232309535810375,0.19694397009342313,0.14655837035114652,0.0200032664167127
2022-01-28,1797.5,1798.4000244140625,1778.800048828125,1784.9000244140625,28521,-0.0045730585486152,-0.0045835469691828,0.009363919826577135,0.009235465630769837,0.148647618947221,0.1466084718054076,0.0045730585486152
2022-01-31,1788.5,1798.5,1785.0999755859375,1795.0,139421,0.0056585665571118,0.005642617008805,0.010060393184157475,0.00860265506722016,0.15970379074085947,0.13656291553640512,0.0056585665571118
2022-02-01,1798.9000244140625,1809.699951171875,1796.199951171875,1801.5,128880,0.0036211699164345,0.0036146292657687,0.01035318399817164,0.008601100865127342,0.16435170082113335,0.1365382433430567,0.0036211699164345
2022-02-02,1800.800048828125,1812.0,1794.5999755859375,1810.300048828125,123021,0.0048848453111989,0.0048729531661438,0.010290125917855535,0.008577266895603525,0.16335068482911605,0.13615989080636365,0.0048848453111989
2022-02-03,1807.4000244140625,1809.5,1788.5,1804.0999755859373,173722,-0.0034248870767038,-0.0034307654280787,0.009622894326487651,0.00857929699679857,0.15275871168324429,0.13619211766375391,0.0034248870767038
2022-02-04,1805.4000244140625,1815.800048828125,1792.0999755859375,1807.800048828125,177709,0.00205092472272,0.0020488244477911,0.009001207060725061,0.00847775310038241,0.1428897322924631,0.13458015828131195,0.00205092472272
2022-02-07,1808.0,1824.5999755859373,1807.5,1821.800048828125,139808,0.0077442192841377,0.0077143867388372,0.00464433316463262,0.008541167393848649,0.07372650335608508,0.13558682898178318,0.0077442192841377
2022-02-08,1821.5,1829.9000244140625,1816.0,1827.9000244140625,142408,0.0033483233189401,0.0033427301660614,0.0035267505349700894,0.008552560648524495,0.05598542911016916,0.13576769129275865,0.0033483233189401
2022-02-09,1827.0,1837.0999755859373,1825.5,1836.5999755859373,136722,0.0047595333747334,0.0047482426074431,0.003446759827756527,0.008588966752316313,0.054715615999269565,0.13634562027378638,0.0047595333747334
2022-02-10,1834.0,1843.300048828125,1821.800048828125,1837.4000244140625,227458,0.0004356140905805,0.0004355192383076,0.003601558329210863,0.008566086606446506,0.05717296602831142,0.13598240921819205,0.0004356140905805
2022-02-11,1827.0,1867.4000244140625,1821.0999755859373,1842.0999755859373,239093,0.0025579357295228,0.0025546697801315,0.0034856339912227577,0.008541459923540683,0.05533272421301348,0.1355914727466805,0.0025579357295228
2022-02-14,1862.199951171875,1876.5,1851.9000244140625,1869.4000244140625,231016,0.0148200690461666,0.0147113249035365,0.004867773855640083,0.008832690919985649,0.07727351436315412,0.14021462149068203,0.0148200690461666
2022-02-15,1873.800048828125,1881.5999755859373,1845.4000244140625,1856.199951171875,214880,-0.0070611282068024,-0.0070861759524519,0.006695140312321212,0.008415521710427361,0.10628205755451144,0.13359226559193432,0.0070611282068024
2022-02-16,1855.5,1874.5999755859373,1851.800048828125,1871.5,141486,0.0082426727888154,0.0082088874886138,0.006746526939824848,0.008420967371656407,0.10709779497704504,0.13367871278395246,0.0082426727888154
2022-02-17,1872.0,1904.0,1869.699951171875,1902.0,268547,0.0162970878974084,0.0161657157608519,0.008198099601546448,0.008832794668128183,0.13014079661417768,0.1402162684413868,0.0162970878974084
2022-02-18,1901.4000244140625,1905.0,1888.0,1899.800048828125,161745,-0.0011566515099237,-0.0011573209475352,0.008608509402749941,0.007907120609346821,0.13665585023182508,0.1255216483135512,0.0011566515099237
2022-02-22,1903.5,1918.300048828125,1889.699951171875,1907.4000244140625,334589,0.0040004081432809,0.0039924277866669,0.008405049857227651,0.007901350501435618,0.13342603007593987,0.1254300506901249,0.0040004081432809
2022-02-23,1901.199951171875,1912.9000244140625,1891.0999755859373,1910.4000244140625,154843,0.0015728216218942,0.0015715860333709,0.00846829845852289,0.007898406653960638,0.13443007049473915,0.12538331856022586,0.0015728216218942
2022-02-24,1911.9000244140625,1976.5,1878.5999755859373,1926.300048828125,423048,0.0083228769948007,0.0082884328384153,0.007550208285981107,0.007810201387548169,0.1198558408286715,0.12398310336470432,0.0083228769948007
2022-02-25,1906.5,1925.0,1884.4000244140625,1887.5999755859373,229780,-0.0200903661222098,-0.0202949218979387,0.011431219074771556,0.008760690204765418,0.18146497712486043,0.13907164557053292,0.0200903661222098
2022-02-28,1921.0,1935.199951171875,1892.199951171875,1900.699951171875,249273,0.0069400168231468,0.0069160457489282,0.011331474261084353,0.008783320367753056,0.17988157729535156,0.13943088827089783,0.0069400168231468
2022-03-01,1908.4000244140625,1952.5999755859373,1903.0,1943.800048828125,223998,0.0226759082251128,0.0224226315220595,0.012807874673191852,0.009556997857076298,0.20331870725128984,0.1517126376612066,0.0226759082251128
2022-03-02,1945.300048828125,1951.4000244140625,1916.0,1922.300048828125,227975,-0.0110608084473307,-0.0111224340296012,0.013869901468385647,0.009833072030634575,0.2201778599659081,0.1560951793010639,0.0110608084473307
2022-03-03,1931.699951171875,1944.5999755859373,1923.0999755859373,1935.9000244140625,180207,0.0070748453625792,0.0070499360614233,0.014000517576322131,0.009472033419389183,0.22225132639882275,0.15036386902677928,0.0070748453625792
2022-03-04,1938.5,1974.9000244140625,1931.5,1966.5999755859373,241533,0.0158582317189477,0.0157338037105802,0.01490494080318062,0.009808722479855826,0.23660860002813142,0.15570864216568364,0.0158582317189477
2022-03-07,1978.5,2007.5,1964.199951171875,1995.9000244140625,372185,0.0148988351428183,0.0147889377163538,0.0154036270778221,0.00995023221961176,0.24452499921778711,0.15795503964260968,0.0148988351428183
2022-03-08,2001.0,2078.800048828125,1985.800048828125,2043.300048828125,447651,0.0237486967454583,0.0234710831640225,0.011936109933352531,0.01064789170685164,0.18947987103107125,0.16903004066085905,0.0237486967454583
2022-03-09,2060.199951171875,2068.5,1981.0,1988.199951171875,360345,-0.0269662293053097,-0.0273364895929969,0.018911722129318957,0.012000224349403114,0.3002142817088092,0.1904976558330151,0.0269662293053097
2022-03-10,1992.800048828125,2015.0999755859373,1975.0,2000.4000244140625,303267,0.0061362405903875,0.0061174905302547,0.01755353180528049,0.011687585828157607,0.2786536787258091,0.18553467316816752,0.0061362405903875
2022-03-11,2000.300048828125,2004.0,1960.5999755859373,1985.0,262088,-0.007698472418572,-0.007728258628048,0.017105295419498345,0.011049376452500065,0.2715381466937093,0.17540341341388957,0.007698472418572
2022-03-14,1988.699951171875,1994.800048828125,1952.0,1960.800048828125,162203,-0.0121914111697103,-0.0122663360052437,0.018179829666607205,0.01132434448921175,0.2885958490521417,0.17976839567567435,0.0121914111697103
2022-03-15,1953.699951171875,1956.9000244140625,1908.0999755859373,1929.699951171875,220374,-0.0158609225223331,-0.0159880530172169,0.018093873608812334,0.011833354879928669,0.28723133893651337,0.18784868512718308,0.0158609225223331
2022-03-16,1920.0999755859373,1930.0999755859373,1895.199951171875,1909.199951171875,195460,-0.0106234132345552,-0.0106802445422643,0.016489317471324743,0.01206952597331293,0.2617597999099062,0.19159778500692487,0.0106234132345552
2022-03-17,1928.4000244140625,1951.0,1924.0,1943.199951171875,149829,0.0178085066360549,0.0176517930037079,0.014752030637525004,0.012401816144881539,0.23418122640058073,0.19687272794941404,0.0178085066360549
2022-03-18,1943.9000244140625,1946.199951171875,1918.0,1929.300048828125,150882,-0.0071530993685788,-0.0071788054426207,0.011925236415608598,0.012481024951898961,0.1893072592881099,0.1981301287794993,0.0071530993685788
2022-03-21,1922.4000244140625,1941.800048828125,1917.199951171875,1929.5,146411,0.0001036392301945,0.0001036338600205,0.011250462547375079,0.012487504213460142,0.17859555620880413,0.19823298386812063,0.0001036392301945
2022-03-22,1936.0999755859373,1939.5,1909.800048828125,1921.5,153282,-0.0041461518528116,-0.0041547709727748,0.011193051458511695,0.012495784116444164,0.17768418342702447,0.1983644232531734,0.0041461518528116
2022-03-23,1920.9000244140625,1948.800048828125,1915.5999755859373,1937.300048828125,153306,0.0082227680604345,0.0081891452922158,0.011533763696690968,0.012547480545603432,0.18309282253217585,0.19918507862452636,0.0082227680604345
2022-03-24,1944.0999755859373,1967.199951171875,1937.4000244140625,1962.199951171875,181204,0.0128528889259111,0.0127709915477984,0.010720509359799575,0.01269465403568371,0.17018281016381964,0.20152138535052946,0.0128528889259111
2022-03-25,1957.800048828125,1965.0999755859373,1942.5999755859373,1954.199951171875,147904,-0.0040770564667592,-0.0040853903209179,0.009620298590273078,0.01274396835252326,0.15271750564828698,0.2023042258611244,0.0040770564667592
2022-03-28,1958.699951171875,1959.800048828125,1915.699951171875,1939.800048828125,181367,-0.0073686944547894,-0.0073959773928212,0.00787134738111607,0.012860939327751654,0.12495376592059605,0.20416108252752657,0.0073686944547894
2022-03-29,1922.4000244140625,1929.4000244140625,1888.300048828125,1912.199951171875,128051,-0.0142283209410803,-0.0143305140148795,0.009244012751560534,0.012940451720666052,0.14674415314163447,0.20542330263432146,0.0142283209410803
2022-03-30,1918.4000244140625,1937.0,1914.5,1933.5,17765,0.0111390280159098,0.0110774459310575,0.010381275526127953,0.012984018401891666,0.16479764000265468,0.20611490225814988,0.0111390280159098
2022-03-31,1933.5,1949.9000244140625,1919.0999755859373,1949.199951171875,155299,0.0081199644023144,0.0080871748716578,0.010531563288993132,0.012981821443493618,0.16718338427647975,0.20608002662477795,0.0081199644023144
2022-04-01,1942.4000244140625,1944.5,1921.4000244140625,1923.699951171875,135154,-0.0130822904980421,-0.0131686173892753,0.011499369485410131,0.012930316648562987,0.18254683135464,0.20526241335249495,0.0130822904980421
2022-04-04,1927.0999755859373,1941.5999755859373,1918.199951171875,1934.0,108435,0.0053542907363752,0.0053400074835054,0.010284425472977844,0.01295687709382793,0.16326019307206324,0.20568404734978807,0.0053542907363752
2022-04-05,1937.300048828125,1948.9000244140625,1920.9000244140625,1927.5,147256,-0.0033609100310237,-0.003366570575755,0.01026409896820493,0.01296145379467549,0.16293751981214943,0.20575670022339476,0.0033609100310237
2022-04-06,1927.5999755859373,1937.5999755859373,1916.199951171875,1923.0999755859373,153971,-0.0022827623419261,-0.0022853718158432,0.009990324144683217,0.012968851641620028,0.15859147922253514,0.20587413740291016,0.0022827623419261
2022-04-07,1928.0999755859373,1941.699951171875,1923.300048828125,1937.800048828125,122809,0.0076439464556223,0.0076148795269734,0.008549919145208518,0.012954957622573105,0.1357257587275901,0.20565357668825404,0.0076439464556223
2022-04-08,1934.300048828125,1952.199951171875,1930.4000244140625,1945.5999755859373,142498,0.0040251452994488,0.0040170660748866,0.007648570110738392,0.012382979115765415,0.12141728638953325,0.19657369938253075,0.0040251452994488
2022-04-11,1949.5999755859373,1974.5999755859373,1942.9000244140625,1948.199951171875,184385,0.0013363361526332,0.0013354440501542,0.006984743116285326,0.012333755815196178,0.11087935954416765,0.19579230371043485,0.0013363361526332
2022-04-12,1957.4000244140625,1982.699951171875,1953.0,1976.0999755859373,172386,0.0143209245012454,0.0142193486864317,0.0060862314408654875,0.011912138421953362,0.09661592888467438,0.18909933508479596,0.0143209245012454
2022-04-13,1970.5,1985.800048828125,1966.300048828125,1984.699951171875,132029,0.0043519941765028,0.0043425516358554,0.006057003910721124,0.01172191879473687,0.09615195622748261,0.18607969211620645,0.0043519941765028
2022-04-14,1981.5999755859373,1984.0,1962.699951171875,1974.9000244140625,139424,-0.0049377371889519,-0.0049499680918255,0.00638466009966835,0.01171708079603629,0.10135333697639591,0.18600289126777653,0.0049377371889519
2022-04-18,1978.5,2003.0,1974.4000244140625,1986.4000244140625,138130,0.0058230795776166,0.005806190980447,0.005877228774105254,0.011409551590558696,0.09329811440709307,0.18112101647627854,0.0058230795776166
2022-04-19,1981.199951171875,1985.0999755859373,1945.5,1959.0,181440,-0.0137938099462845,-0.0138898285400234,0.008877792988526421,0.011354460597415812,0.14093059463252286,0.1802464740722647,0.0137938099462845
2022-04-20,1952.699951171875,1960.9000244140625,1941.0,1955.5999755859373,139507,-0.0017355918397461,-0.0017370997242304,0.008881378585897956,0.010385065431441394,0.14098751422620298,0.16485780288436577,0.0017355918397461
2022-04-21,1960.0,1960.0999755859373,1938.0,1948.199951171875,154919,-0.0037840174403995,-0.0037911949466546,0.009036130552052185,0.009214287890834913,0.14344412553025723,0.14627228560621833,0.0037840174403995
2022-04-22,1953.0999755859373,1957.800048828125,1928.0,1934.300048828125,176681,-0.0071347411416312,-0.0071603151222987,0.006726351862884579,0.009196484472282433,0.10677752555945176,0.1459896650983584,0.0071347411416312
2022-04-25,1931.9000244140625,1935.5,1891.800048828125,1896.0,231494,-0.0198004693487593,-0.0199991253363896,0.008315422182553565,0.009745890565565093,0.13200323484928006,0.15471121644801522,0.0198004693487593
2022-04-26,1899.800048828125,1912.199951171875,1896.300048828125,1904.0999755859373,166199,0.0042721390221187,0.0042630393437283,0.009273606299945412,0.009584239149971802,0.14721393615826453,0.15214507977956684,0.0042721390221187
2022-04-27,1907.4000244140625,1908.0999755859373,1881.5999755859373,1888.699951171875,178197,-0.0080878234396927,-0.0081207073096645,0.007917967077796061,0.009266567493611757,0.12569383066227116,0.14710219857175094,0.0080878234396927
2022-04-28,1886.800048828125,1897.800048828125,1870.9000244140625,1891.300048828125,170910,0.0013766599901887,0.0013757132626061,0.007873091147627517,0.00907939128121501,0.12498144735579915,0.14413086831565816,0.0013766599901887
2022-04-29,1895.800048828125,1921.300048828125,1893.5,1911.699951171875,177136,0.0107861797795596,0.0107284238816052,0.00989681309342174,0.008678810467588812,0.15710703730369066,0.13777184503862516,0.0107861797795596
2022-05-02,1896.199951171875,1900.4000244140625,1853.4000244140625,1863.5999755859373,193825,-0.0251608394698406,-0.0254827851510851,0.012939012097931994,0.009715116639652143,0.20540044933190504,0.15422269551903048,0.0251608394698406
2022-05-03,1863.5999755859373,1878.4000244140625,1849.699951171875,1870.5999755859373,167434,0.0037561709013218,0.0037491341068324,0.01345920309403237,0.00975364055148879,0.21365822539152443,0.15483424366052534,0.0037561709013218
2022-05-04,1868.300048828125,1892.0,1861.0999755859373,1868.800048828125,161479,-0.0009622189571816,-0.0009626821870185,0.011704162154644905,0.009735381418220092,0.18579781419338592,0.15454438890581798,0.0009622189571816
2022-05-05,1884.0999755859373,1910.699951171875,1872.300048828125,1875.699951171875,218392,0.0036921565515137,0.0036853572723761,0.011654284367456486,0.009623797983947923,0.1850060288683054,0.15277305680070588,0.0036921565515137
2022-05-06,1877.5,1894.0,1865.0,1882.800048828125,194279,0.003785305667793,0.0037781594264218,0.011498100680616572,0.009309970492575169,0.18252668970296376,0.14779119982022043,0.003785305667793
2022-05-09,1883.699951171875,1885.5999755859373,1851.0,1858.5999755859373,218821,-0.0128532359329659,-0.0129365534732574,0.012359448653443433,0.009534321955376969,0.19620016487330072,0.15135266888130317,0.0128532359329659
2022-05-10,1853.9000244140625,1864.699951171875,1834.5,1841.0,260811,-0.009469480155561,-0.0095146007544337,0.011053802664238024,0.0095855290902674,0.1754736773469421,0.15216555694693648,0.009469480155561
2022-05-11,1836.5999755859373,1857.800048828125,1830.5999755859373,1853.699951171875,243561,0.0068983982465371,0.006874713161066,0.007546154302716125,0.009407500184525937,0.11979148583944134,0.14933943568229927,0.0068983982465371
2022-05-12,1852.300048828125,1858.800048828125,1820.0999755859373,1824.5999755859373,255608,-0.0156983203066608,-0.0158228438632713,0.009048801943101242,0.009489793264912649,0.14364527762714355,0.1506457978342474,0.0156983203066608
2022-05-13,1821.4000244140625,1827.5999755859373,1797.199951171875,1808.199951171875,179483,-0.0089882849027199,-0.009028923231326,0.009178934495496345,0.009381146251008802,0.14571106785381271,0.14892107995737125,0.0089882849027199
2022-05-16,1809.4000244140625,1826.0,1785.0,1814.0,159493,0.0032076368680167,0.0032025033755353,0.009106982862763074,0.009214899769788981,0.14456887109398897,0.14628199888348795,0.0032076368680167
2022-05-17,1823.9000244140625,1834.800048828125,1811.0,1818.9000244140625,137288,0.0027012262481049,0.0026975844931451,0.008945810495315691,0.009155278512855617,0.1420103390791012,0.14533554077129535,0.0027012262481049
2022-05-18,1813.199951171875,1822.9000244140625,1805.0,1815.9000244140625,150353,-0.0016493484852013,-0.0016507101578686,0.00825865169577673,0.009151853345675259,0.13110203131036255,0.14528116792794707,0.0016493484852013
2022-05-19,1815.0999755859373,1848.199951171875,1808.4000244140625,1841.199951171875,175242,0.0139324447478743,0.0138362804129985,0.009909675918915584,0.009599143659063775,0.15731122832817665,0.152381681526392,0.0139324447478743
2022-05-20,1839.5999755859373,1847.800048828125,1830.5999755859373,1842.0999755859373,143045,0.0004888249174075,0.0004887054814282,0.009458079083073027,0.009454357964081202,0.15014235080515825,0.15008327987245076,0.0004888249174075
2022-05-23,1844.4000244140625,1864.300048828125,1843.300048828125,1847.800048828125,163266,0.0030943343562961,0.0030895567568646,0.00685157471933212,0.009436624424397449,0.10876537677917977,0.14980176865724212,0.0030943343562961
2022-05-24,1852.300048828125,1869.0999755859373,1847.5999755859373,1865.4000244140625,174762,0.0095248268864909,0.0094797517189562,0.005400615388942161,0.009642881416333151,0.08573211147509596,0.15307599689822288,0.0095248268864909
2022-05-25,1865.4000244140625,1866.699951171875,1838.699951171875,1846.300048828125,182823,-0.0102390775897716,-0.0102918575324349,0.007788569641163661,0.009298449356920467,0.12363971003655974,0.14760830746164016,0.0102390775897716
2022-05-26,1851.800048828125,1852.800048828125,1836.300048828125,1847.5999755859373,123355,0.0007040712362205,0.0007038234943461,0.007818647854540608,0.009233164138045978,0.12411718687141898,0.14657193674105826,0.0007040712362205
2022-05-27,1848.300048828125,1860.699951171875,1845.9000244140625,1851.300048828125,30091,0.0020026376331891,0.0020006350276606,0.007633564334608113,0.009252803422368163,0.12117907707831188,0.146883700714521,0.0020026376331891
2022-05-31,1850.300048828125,1862.0999755859373,1832.800048828125,1842.699951171875,201803,-0.0046454369520996,-0.0046562605275042,0.006209369871159867,0.009140004273309747,0.09857069086503711,0.14509306973547134,0.0046454369520996
2022-06-01,1840.0,1853.0,1830.199951171875,1848.699951171875,158036,0.0032560916909909,0.003250802103585,0.006322860863300927,0.008938788115949836,0.1003723045125445,0.14189886226261716,0.0032560916909909
2022-06-02,1849.9000244140625,1874.4000244140625,1846.5,1871.4000244140625,127471,0.0122789386280872,0.0122041639414353,0.007738594963642043,0.009305860146558731,0.12284638662512264,0.14772595010004894,0.0122789386280872
2022-06-03,1872.5999755859373,1878.5999755859373,1849.699951171875,1850.199951171875,115343,-0.0113284562175984,-0.011393111941204,0.008282071363311338,0.009472292867892277,0.13147380700686884,0.1503679876440826,0.0113284562175984
2022-06-06,1853.699951171875,1861.199951171875,1843.0,1843.699951171875,103179,-0.0035131338079882,-0.0035193193539142,0.0073927365265441325,0.009423266755040233,0.11735605414475536,0.1495897222299544,0.0035131338079882
2022-06-07,1843.5,1858.199951171875,1838.5,1852.0999755859373,119211,0.0045560691199906,0.0045457216543527,0.007609513768869469,0.008827454620351777,0.12079728618330271,0.14013149781095335,0.0045560691199906
2022-06-08,1855.0,1862.4000244140625,1846.5999755859373,1856.5,114141,0.0023756948718012,0.0023728773702063,0.007624126641844801,0.008797042060134036,0.12102925835030015,0.13964871338453985,0.0023756948718012
2022-06-09,1855.0999755859373,1857.800048828125,1841.9000244140625,1852.800048828125,131293,-0.0019929712749124,-0.0019949598847646,0.007392478176853846,0.008692833772888216,0.11735195297056462,0.1379944581089133,0.0019929712749124
2022-06-10,1850.4000244140625,1879.5999755859373,1826.5,1875.5,267204,0.0122517004391446,0.0121772557895717,0.008576697831395063,0.008999564141436012,0.13615085719210993,0.14286365175728524,0.0122517004391446
2022-06-13,1879.0,1882.5,1819.0,1831.800048828125,252543,-0.0233004271777526,-0.0235761738972385,0.01155677468132409,0.009685094947222432,0.18345811058874767,0.15374611592639276,0.0233004271777526
2022-06-14,1820.9000244140625,1833.300048828125,1806.0999755859373,1813.5,165146,-0.0099901999892576,-0.0100404369017463,0.01140598948515665,0.008751472727706539,0.18106446980605284,0.1389253226584535,0.0099901999892576
2022-06-15,1809.699951171875,1845.4000244140625,1808.4000244140625,1819.5999755859373,203421,0.0033636479657774,0.0033580035556229,0.011628498823031337,0.008744607253681206,0.18459669604048926,0.13881633663703188,0.0033636479657774
2022-06-16,1835.800048828125,1860.199951171875,1816.300048828125,1849.9000244140625,180893,0.0166520384890465,0.0165149134762672,0.01348443504838553,0.009312092572089143,0.214058770249388,0.1478248867881581,0.0166520384890465
2022-06-17,1859.300048828125,1861.5,1836.0999755859373,1840.5999755859373,141718,-0.0050273251015664,-0.0050400046142778,0.013548837413456926,0.009319371236780859,0.21508112610032784,0.14794043200806356,0.0050273251015664
2022-06-21,1840.5999755859373,1848.4000244140625,1830.699951171875,1838.800048828125,176299,-0.0009779021958529,-0.0009783806541542,0.013543731139588724,0.00928280845779701,0.21500006651563913,0.14736001588546746,0.0009779021958529
2022-06-22,1834.9000244140625,1850.300048828125,1824.5,1838.4000244140625,149553,-0.0002175464452034,-0.0002175701118638,0.012269796502257742,0.008996784405438146,0.1947769810940649,0.14281952481632063,0.0002175464452034
2022-06-23,1839.699951171875,1848.9000244140625,1823.5,1829.800048828125,167071,-0.0046779675107317,-0.0046889434441648,0.008528971874990583,0.008870491700613653,0.13539323112173612,0.14081469028011687,0.0046779675107317
2022-06-24,1824.199951171875,1833.699951171875,1817.699951171875,1830.300048828125,139723,0.000273253900239,0.0002732165731917,0.007351292344943485,0.00877047752099734,0.11669814815791989,0.1392270143990474,0.000273253900239
2022-06-27,1839.5999755859373,1842.800048828125,1821.800048828125,1824.800048828125,143820,-0.0030049717823705,-0.0030094957753309,0.007452665680402482,0.008299855968893256,0.11830739996910569,0.1317561288680796,0.0030049717823705
2022-06-28,1823.5999755859373,1830.9000244140625,1819.0999755859373,1821.199951171875,111397,-0.0019728724024102,-0.0019748210785831,0.002096356510682453,0.008133972537628589,0.03327862791958135,0.1291228110335653,0.0019728724024102
2022-06-29,1821.4000244140625,1834.9000244140625,1810.699951171875,1817.5,155542,-0.0020316007418593,-0.0020336672419896,0.001697868779892372,0.008124983710301268,0.026952831302495282,0.12898011782344815,0.0020316007418593
2022-06-30,1819.199951171875,1826.800048828125,1802.5,1807.300048828125,208898,-0.0056120776736588,-0.0056278845489153,0.0021630218457140368,0.008174688293700386,0.03433690730495558,0.12976915362361297,0.0056120776736588
2022-07-01,1808.0999755859373,1813.5999755859373,1783.4000244140625,1801.5,249489,-0.0032092340349826,-0.0032143946706111,0.0019281168204543044,0.008189298562108926,0.030607905633615998,0.13000108444439437,0.0032092340349826
2022-07-05,1814.4000244140625,1815.199951171875,1763.0,1763.9000244140625,310369,-0.0208714824235012,-0.0210923707297603,0.007129235138844061,0.008569777621661766,0.11317309929290653,0.13604100226826166,0.0208714824235012
2022-07-06,1764.199951171875,1771.5,1730.699951171875,1736.5,258824,-0.0155337740432111,-0.0156556872742588,0.0075934274636775215,0.00893974801921405,0.12054192400499203,0.1419141002545359,0.0155337740432111
2022-07-07,1737.199951171875,1748.199951171875,1734.699951171875,1739.699951171875,151256,0.0018427590969622,0.0018410632993955,0.008259538525750227,0.008918401263868893,0.13111610929975295,0.14157523101888736,0.0018427590969622
2022-07-08,1738.699951171875,1751.699951171875,1726.0,1742.300048828125,189178,0.0014945667237034,0.001493450970431,0.00868803005588408,0.008678828997023776,0.13791820146554323,0.13777213918428624,0.0014945667237034
2022-07-11,1741.5,1743.0,1729.0,1731.699951171875,171902,-0.0060839679499404,-0.0061025506924926,0.0084909767022637,0.008579298199453814,0.13479007645339847,0.13619213675531405,0.0060839679499404
2022-07-12,1731.300048828125,1742.199951171875,1721.5999755859375,1724.800048828125,255170,-0.0039844675973345,-0.0039924267373435,0.008552692412328264,0.008569192652293046,0.1357697829782981,0.1360317161674163,0.0039844675973345
2022-07-13,1723.5999755859375,1744.300048828125,1704.5,1735.5,300550,0.0062035893256988,0.0061844262777216,0.009823951549993838,0.008674828354928782,0.1559503961593873,0.13770863095987868,0.0062035893256988
2022-07-14,1733.5999755859375,1734.800048828125,1695.0,1705.800048828125,266354,-0.0171131957198934,-0.0172613187920668,0.00888766272269439,0.009089036132467157,0.14108727180521144,0.1442839755827305,0.0171131957198934
2022-07-15,1708.199951171875,1714.199951171875,1696.5999755859375,1703.5999755859375,176797,-0.0012897603348639,-0.0012905927915813,0.007531433056126271,0.009026930428430686,0.11955779329464768,0.143298078095456,0.0012897603348639
2022-07-18,1706.4000244140625,1722.0,1704.4000244140625,1710.199951171875,157535,0.0038741345858892,0.0038666494525419,0.007771161205394808,0.008669979605533862,0.12336335968600559,0.13763165944946687,0.0038741345858892
2022-07-19,1707.199951171875,1716.5,1702.5999755859375,1710.699951171875,131771,0.0002923634746085,0.0002923207447361,0.007683167096085306,0.008541922477936984,0.12196649650557613,0.13559881557008324,0.0002923634746085
2022-07-20,1709.5,1712.699951171875,1690.0999755859375,1700.199951171875,174466,-0.0061378384869931,-0.0061567524512605,0.007687280758390306,0.00856528116201339,0.12203179887019651,0.1359696231842026,0.0061378384869931
2022-07-21,1693.699951171875,1719.5,1678.4000244140625,1713.4000244140625,248875,0.0077638357965421,0.0077338523146315,0.008565337828153325,0.00867777492010767,0.13597052273128676,0.13775540623198976,0.0077638357965421
2022-07-22,1717.199951171875,1738.300048828125,1711.699951171875,1727.4000244140625,200622,0.0081708881758582,0.008137687200759,0.008864886533543606,0.008854026762900532,0.140725711011371,0.14055331749687033,0.0081708881758582
2022-07-25,1726.300048828125,1734.5999755859375,1712.9000244140625,1719.0999755859375,160719,-0.0048049373108816,-0.0048165181338066,0.005711300882949147,0.008864867834505871,0.09066409079368236,0.14072541417334936,0.0048049373108816
2022-07-26,1717.9000244140625,1726.4000244140625,1711.5,1717.699951171875,147367,-0.0008143938304607,-0.0008147256292718,0.005680558999503711,0.008427575263805836,0.09017607852310022,0.13378360981985882,0.0008143938304607
2022-07-27,1715.199951171875,1739.5999755859375,1709.0999755859375,1719.0999755859375,144865,0.0008150576083485,0.0008147256292718,0.005556136823884915,0.007514338913405003,0.08820093771748659,0.11928643219154976,0.0008150576083485
2022-07-28,1732.300048828125,1755.0,1732.0,1750.300048828125,37236,0.0181490743326624,0.0179863458479984,0.008583046480606489,0.00821717378056931,0.13625163887395764,0.130443589819121,0.0181490743326624
2022-07-29,1754.0,1765.699951171875,1750.0,1762.9000244140625,140666,0.0071987517765159,0.0071729644467121,0.007556140036264321,0.00831900012865536,0.11995000444520383,0.13206003298281851,0.0071987517765159
2022-08-01,1782.5,1792.5,1774.300048828125,1787.699951171875,133742,0.0140676875684173,0.0139696559671599,0.008254455595466236,0.008141159460214547,0.13103542028297543,0.12923689989269121,0.0140676875684173
2022-08-02,1789.199951171875,1805.0,1776.0,1789.699951171875,174165,0.001118755973948,0.0011181306328427,0.00839048334478212,0.008116406485121519,0.13319479385953745,0.12884395859486042,0.001118755973948
2022-08-03,1777.300048828125,1789.4000244140625,1770.0,1776.4000244140625,151734,-0.0074313723644591,-0.007459122578999,0.008947679704463718,0.008203528598201525,0.14204001185442547,0.13022697926428528,0.0074313723644591
2022-08-04,1782.0999755859375,1812.0,1779.4000244140625,1806.9000244140625,153292,0.017169556170244,0.0170238250678502,0.00964536126929047,0.008857434135279089,0.15311536334350132,0.14060740785649745,0.017169556170244
2022-08-05,1807.699951171875,1811.5999755859373,1780.199951171875,1791.199951171875,168901,-0.0086889551331311,-0.0087269242048211,0.011246129026561616,0.00895184937916425,0.17852676369856169,0.14210620338825933,0.0086889551331311
2022-08-08,1790.300048828125,1806.4000244140625,1786.9000244140625,1805.199951171875,103683,0.0078159894939928,0.0077856028797125,0.009983882365584692,0.009084249216328754,0.15848921914956207,0.1442079856448357,0.0078159894939928
2022-08-09,1805.5,1817.0,1799.4000244140625,1812.300048828125,120510,0.0039331364105348,0.0039254218511829,0.009910845741607603,0.009104471657049959,0.1573297986877034,0.144529006939142,0.0039331364105348
2022-08-10,1811.5,1824.5999755859373,1803.300048828125,1813.699951171875,154592,0.0007724451283082,0.0007721469461131,0.008879736166975025,0.009099718887708065,0.14096144163409102,0.14445355906483698,0.0007724451283082
2022-08-11,1807.9000244140625,1814.9000244140625,1798.5999755859375,1807.199951171875,121259,-0.003583834247666,-0.0035902715664145,0.00914027891428084,0.009115494866160197,0.1450974295257274,0.14470399495887534,0.003583834247666
2022-08-12,1805.199951171875,1819.0999755859373,1799.5999755859375,1815.5,118649,0.0045927672932608,0.0045822527192586,0.00828826707500748,0.009094992094667211,0.13157216088092713,0.14437852355152717,0.0045927672932608
2022-08-15,1818.9000244140625,1818.9000244140625,1787.5999755859375,1798.0999755859375,137765,-0.0095841500490567,-0.0096303735944986,0.0067729116992677205,0.009250319811568352,0.10751664004837366,0.14684427461534236,0.0095841500490567
2022-08-16,1795.5,1798.0,1785.4000244140625,1789.699951171875,94403,-0.0046716114388051,-0.0046825575193841,0.006119613925423471,0.00842745902459711,0.09714585939838964,0.13378176457962554,0.0046716114388051
2022-08-17,1790.800048828125,1796.5999755859375,1773.9000244140625,1776.699951171875,137832,-0.0072637874250863,-0.0072902971811291,0.005488784307096791,0.008009153577205629,0.08713174965991251,0.1271413714644567,0.0072637874250863
2022-08-18,1777.0999755859375,1786.300048828125,1768.800048828125,1771.199951171875,124319,-0.0030956268087767,-0.0031004281728275,0.004762286955641856,0.008037556424927556,0.07559896173933142,0.12759225269404623,0.0030956268087767
2022-08-19,1773.0999755859375,1773.300048828125,1759.0999755859375,1762.9000244140625,138699,-0.0046860473050042,-0.0046970612460458,0.004426648332135111,0.008093633794135833,0.07027086377021012,0.12848245333266933,0.0046860473050042
2022-08-22,1760.5999755859375,1762.0999755859375,1740.199951171875,1748.4000244140625,142857,-0.0082250835550469,-0.0082590961876859,0.004686585802881364,0.008162146116027034,0.07439724319434039,0.1295700527254757,0.0082250835550469
2022-08-23,1750.0,1767.5,1743.0999755859375,1761.199951171875,145260,0.0073209371877593,0.0072942692044294,0.00561092380901707,0.00821583151320545,0.08907065414394263,0.1304222819852946,0.0073209371877593
2022-08-24,1761.300048828125,1769.5,1754.800048828125,1761.5,112645,0.0001703661347056,0.0001703516240438,0.005286105241024293,0.008150785239324264,0.08391431923119257,0.12938970439888853,0.0001703661347056
2022-08-25,1764.4000244140625,1778.800048828125,1763.0,1771.4000244140625,117570,0.0056202239080684,0.0056044893765446,0.006088581542675898,0.007483598292230612,0.09665323559435056,0.11879843995889924,0.0056202239080684
2022-08-26,1771.800048828125,1772.300048828125,1746.199951171875,1749.800048828125,176904,-0.0121937311099915,-0.0122686845806982,0.00707775663308337,0.007867918582817268,0.11235590334825857,0.12489933543502946,0.0121937311099915
2022-08-29,1748.4000244140625,1757.9000244140625,1731.4000244140625,1749.699951171875,156220,-5.7205196854925866e-05,-5.720683313460224e-05,0.007103618550924446,0.007849774675426168,0.1127664485664666,0.12461130983442244,5.7205196854925866e-05
2022-08-30,1749.800048828125,1752.800048828125,1732.9000244140625,1736.300048828125,130664,-0.0076584001358491,-0.0076878762719719,0.007393290446734686,0.007999974590151775,0.11736484735517766,0.12699565956226483,0.0076584001358491
2022-08-31,1735.5,1738.0,1720.5999755859375,1726.199951171875,176731,-0.0058170231942726,-0.0058340079729571,0.007114045226554993,0.00799096887985313,0.112931966910784,0.12685269834328658,0.0058170231942726
2022-09-01,1723.0,1723.0,1699.0999755859375,1709.300048828125,198618,-0.0097902345161561,-0.0098384739707001,0.006356233402250432,0.008085656105898408,0.10090207714461974,0.12835581145798877,0.0097902345161561
2022-09-02,1707.800048828125,1729.5,1705.9000244140625,1722.5999755859375,174684,0.0077809198957963,0.0077508046538999,0.007738293052728006,0.008072289168741689,0.12284159393794282,0.1281436179089449,0.0077809198957963
2022-09-06,1724.199951171875,1737.4000244140625,1710.5999755859375,1712.9000244140625,206268,-0.0056309946066123,-0.0056469084252778,0.006711071823754018,0.008090416388186248,0.10653496245807496,0.1284313785966133,0.0056309946066123
2022-09-07,1712.9000244140625,1731.199951171875,1701.699951171875,1727.800048828125,173624,0.0086987122433834,0.0086610964280741,0.007461342075995496,0.008245937960339369,0.11844513347919887,0.13090020701715097,0.0086987122433834
2022-09-08,1729.5,1739.4000244140625,1713.699951171875,1720.199951171875,184176,-0.0043987136482631,-0.0044084164528364,0.007474501946830915,0.008287978871635775,0.11865403995229637,0.1315675857942359,0.0043987136482631
2022-09-09,1719.5999755859375,1740.5,1719.4000244140625,1728.5999755859375,154706,0.0048831674529115,0.0048712834626987,0.007507652549001641,0.007615911930510933,0.11918028944723105,0.12089885385061054,0.0048831674529115
2022-09-12,1728.4000244140625,1746.4000244140625,1722.300048828125,1740.5999755859375,154374,0.0069420341140131,0.006918049134246,0.007581426616977828,0.007607233028172324,0.12035141646965443,0.12076108054716471,0.0069420341140131
2022-09-13,1736.0,1742.9000244140625,1706.699951171875,1717.4000244140625,232696,-0.0133287093515356,-0.0134183338750839,0.008499641716070068,0.007453879808133267,0.13492762928323002,0.11832667364931883,0.0133287093515356
2022-09-14,1711.5999755859375,1717.300048828125,1703.300048828125,1709.0999755859375,163288,-0.0048329152848106,-0.0048446315843838,0.008076453720850836,0.00746621378617232,0.12820972812416156,0.11852246948072363,0.0048329152848106
2022-09-15,1707.199951171875,1707.800048828125,1668.9000244140625,1677.300048828125,268094,-0.0186062414206695,-0.0187815150578568,0.01043538040301296,0.008029446702322572,0.16565652829637567,0.1274635148387592,0.0186062414206695
2022-09-16,1673.699951171875,1689.9000244140625,1661.9000244140625,1683.5,217226,0.0036963876416784,0.0036895727892743,0.009646248741081144,0.00726787063718373,0.15312945152142357,0.11537386960186018,0.0036963876416784
2022-09-19,1685.4000244140625,1688.800048828125,1667.5999755859375,1678.199951171875,141171,-0.0031482321521384,-0.0031531982606945,0.009641943437039644,0.007170440114651987,0.15306110693854957,0.11382720800550376,0.0031482321521384
2022-09-20,1684.9000244140625,1688.800048828125,1668.0999755859375,1671.0999755859375,143933,-0.0042307089694405,-0.0042396837406739,0.00891129870019713,0.006926551166886209,0.14146248131600841,0.10995559098567095,0.0042307089694405
2022-09-21,1673.199951171875,1696.9000244140625,1661.300048828125,1675.699951171875,227938,0.0027526633074868,0.0027488816679752,0.008095649276058641,0.0068917377774457,0.12851444811630752,0.10940294556114198,0.0027526633074868
2022-09-22,1682.800048828125,1693.5,1663.300048828125,1681.0999755859375,241279,0.0032225485298165,0.0032173672486056,0.0078006704185834925,0.006947200418195718,0.12383180392290027,0.11028338768801876,0.0032225485298165
2022-09-23,1680.0999755859375,1685.0,1646.5999755859375,1655.5999755859375,243045,-0.0151686398015157,-0.0152848603881177,0.009074922610133703,0.007321192045795153,0.14405993036142567,0.11622032072230908,0.0151686398015157
2022-09-26,1651.0,1657.199951171875,1627.699951171875,1633.4000244140625,219861,-0.0134090067040609,-0.0134997192572736,0.007859437301759085,0.0074237329306999665,0.12476469927215429,0.11784810680635688,0.0134090067040609
2022-09-27,1629.199951171875,1650.0999755859375,1628.699951171875,1636.199951171875,197058,0.0017141708803494,0.0017127033662531,0.0075768493380322394,0.007390438896453399,0.12027875441902604,0.11731958039780598,0.0017141708803494
2022-09-28,1636.5,1671.5999755859375,1622.199951171875,1670.0,279817,0.020657651776555,0.0204471761735973,0.012059460912097992,0.008560541020201666,0.19143800711349268,0.1358943757657246,0.020657651776555
2022-09-29,1669.0,1673.0999755859375,1649.300048828125,1668.5999755859375,201961,-0.0008383379724925,-0.0008386895742917,0.01195873182740142,0.008511514770965923,0.18983898246610292,0.13511610818657233,0.0008383379724925
2022-09-30,1669.5,1684.4000244140625,1667.5,1672.0,179989,0.0020376510031223,0.0020355778081379,0.011932805329699028,0.008541422882173409,0.18942741207437844,0.13559088473320435,0.0020376510031223
2022-10-03,1670.5,1710.4000244140625,1666.5,1702.0,215493,0.0179425837320574,0.0177835154886725,0.013798859847850361,0.009254819632019809,0.21905010920187978,0.14691570705049634,0.0179425837320574
2022-10-04,1708.4000244140625,1738.699951171875,1704.0,1730.5,205084,0.0167450058754405,0.0166063539420794,0.012445267061126752,0.009706523395514862,0.19756248986115044,0.15408628199737542,0.0167450058754405
2022-10-05,1734.4000244140625,1736.5999755859375,1708.800048828125,1720.800048828125,173222,-0.0056052881663536,-0.005621056746632,0.010584797737512398,0.009643372837494214,0.16802845494826166,0.15308379796730986,0.0056052881663536
2022-10-06,1725.5,1734.199951171875,1714.800048828125,1720.800048828125,139443,0.0,0.0,0.010759935093345427,0.00964287549878878,0.17080867428113136,0.1530759029601182,0.0
2022-10-07,1721.0,1722.800048828125,1698.4000244140625,1709.300048828125,157445,-0.0066829379786638,-0.006705368800392,0.010030873093052433,0.009624920876191824,0.159235173822396,0.1527908821624648,0.0066829379786638
2022-10-10,1703.4000244140625,1707.4000244140625,1672.5,1675.199951171875,157149,-0.019949743568795,-0.0201514265597419,0.013401991294679377,0.010027696506851163,0.21275001623264517,0.1591847470797557,0.019949743568795
2022-10-11,1675.5999755859375,1691.300048828125,1667.5,1686.0,171814,0.0064470207395659,0.0064263275931678,0.013581001555935012,0.010127605342779457,0.21559171603311184,0.16077075068162103,0.0064470207395659
2022-10-12,1673.4000244140625,1685.0999755859375,1668.0,1677.5,131769,-0.005041518386714,-0.0050542697159638,0.011497089856526619,0.010081097595341551,0.18251064336799624,0.16003246307907001,0.005041518386714
2022-10-13,1680.199951171875,1688.9000244140625,1648.300048828125,1677.0,237007,-0.0002980625931445,-0.000298107022628,0.008192463391622043,0.01004230645009026,0.1300513245553961,0.1594166727386322,0.0002980625931445
2022-10-14,1672.800048828125,1677.800048828125,1645.5999755859375,1648.9000244140625,183170,-0.0167560975467725,-0.016898069110014,0.009443720836587587,0.010330983763527857,0.1499144207083776,0.16399928302164496,0.0167560975467725
2022-10-17,1649.9000244140625,1674.300048828125,1649.0999755859375,1664.0,148889,0.0091576052898072,0.009115928667959,0.010936270254587873,0.010374971707897033,0.17360790818539532,0.16469756999055965,0.0091576052898072
2022-10-18,1655.9000244140625,1666.0,1650.5999755859375,1655.800048828125,163168,-0.0049278552715594,-0.0049400371873046,0.010904158720194271,0.010365174684210946,0.1730981533800623,0.16454204706098768,0.0049278552715594
2022-10-19,1657.199951171875,1659.800048828125,1632.199951171875,1634.199951171875,179246,-0.0130451123440521,-0.0131309471221589,0.009492617771462474,0.010418082745310937,0.15069063548569125,0.1653819364931148,0.0130451123440521
2022-10-20,1634.5999755859375,1650.300048828125,1626.300048828125,1636.800048828125,163734,0.0015910523399449,0.0015897879571258,0.008796927794552895,0.010424002164826262,0.13964689947467315,0.16547590436477527,0.0015910523399449
2022-10-21,1632.4000244140625,1663.0999755859375,1621.0999755859375,1656.300048828125,271095,0.0119134893806736,0.0118430824095339,0.010659869840571611,0.010651384344769392,0.16922018763882138,0.16908548456895886,0.0119134893806736
2022-10-24,1662.9000244140625,1675.5,1648.0,1654.0999755859375,171022,-0.0013283059695277,-0.0013291889499007,0.01064331699369728,0.01053527303805866,0.16895741934090372,0.1672422747172028,0.0013283059695277
2022-10-25,1654.5,1666.800048828125,1641.199951171875,1658.0,182795,0.0023577924379576,0.0023550172067907,0.00842055847271853,0.010322467858568501,0.1336722217145466,0.16386409722137826,0.0023577924379576
2022-10-26,1657.699951171875,1679.4000244140625,1653.800048828125,1669.199951171875,186926,0.0067550972086096,0.0067323837697453,0.008065413035331563,0.010395337274564875,0.12803446267503554,0.16502086333883176,0.0067550972086096
2022-10-27,1668.800048828125,1674.800048828125,1658.5,1665.5999755859375,189287,-0.0021567072197732,-0.0021590362620999,0.007820382832826088,0.009839125635126076,0.12414472879785984,0.15619127729318424,0.0021567072197732
2022-10-28,1667.199951171875,1670.9000244140625,1640.699951171875,1644.800048828125,196363,-0.0124879485246722,-0.0125665782556803,0.007656270248137993,0.01006009568815203,0.12153952228125549,0.15969906813818083,0.0124879485246722
2022-10-31,1647.199951171875,1648.5,1634.5,1640.699951171875,128413,-0.0024927635788746,-0.0024958756869135,0.0077541769099489745,0.010055364263175779,0.12309374235434566,0.1596239590951761,0.0024927635788746
2022-11-01,1636.0999755859375,1660.300048828125,1633.5999755859375,1649.699951171875,197976,0.0054854636849179,0.0054704733234017,0.006425505096134363,0.01009425953874486,0.10200173119409821,0.1602414024531628,0.0054854636849179
2022-11-02,1651.4000244140625,1673.0999755859375,1637.4000244140625,1650.0,220926,0.0001818808492488,0.0001818643109325,0.006420465589949424,0.010077644369121386,0.10192173151352267,0.15997764481227358,0.0001818808492488
2022-11-03,1639.0999755859375,1643.199951171875,1618.300048828125,1630.9000244140625,254699,-0.011575742779356,-0.0116432632620672,0.007512813014472051,0.010251544190790758,0.1192622092969353,0.1627382188993274,0.011575742779356
2022-11-04,1631.699951171875,1686.4000244140625,1631.0999755859375,1676.5999755859375,293521,0.0280213075527384,0.0276358940095479,0.013617344974360106,0.01117805391972148,0.2161686499147924,0.17744610487952275,0.0280213075527384
2022-11-07,1678.5999755859375,1685.5999755859375,1670.0,1680.5,187589,0.0023261508236032,0.0023234495230534,0.013565326798986654,0.010868739477852638,0.2153428869806314,0.17253589033888855,0.0023261508236032
2022-11-08,1678.0,1720.4000244140625,1667.0999755859375,1716.0,297618,0.0211246652781911,0.0209046328827473,0.013797196744778832,0.011473354089775826,0.21902370825908818,0.18213384975199604,0.0211246652781911
2022-11-09,1715.199951171875,1725.800048828125,1705.0999755859375,1713.699951171875,239645,-0.0013403547949446,-0.0013412538739124,0.01368324558243723,0.010905714742312134,0.21721478963611243,0.1731228544654126,0.0013403547949446
2022-11-10,1709.699951171875,1760.5999755859375,1705.5,1753.699951171875,305717,0.0233413089453884,0.0230730666583334,0.015093891078282658,0.0116401551339452,0.23960809265659483,0.18478173423978445,0.0233413089453884
2022-11-11,1758.300048828125,1775.5999755859375,1750.300048828125,1769.4000244140625,227044,0.0089525424413088,0.0089127060148896,0.01460886999499592,0.011714791230866849,0.23190862165459572,0.18596654554748362,0.0089525424413088
2022-11-14,1769.4000244140625,1778.4000244140625,1755.800048828125,1776.9000244140625,191347,0.0042387249330368,0.0042297668435048,0.01160908988594326,0.011330779743519915,0.18428858871600634,0.17987055217081152,0.0042387249330368
2022-11-15,1774.0,1791.800048828125,1770.199951171875,1776.800048828125,283019,-5.6264046690235325e-05,-5.626562957108344e-05,0.01005028519230481,0.010960363690685168,0.15954333134468096,0.1739903796262501,5.6264046690235325e-05
2022-11-16,1782.0,1788.199951171875,1773.4000244140625,1775.800048828125,200755,-0.0005628095297833,-0.000562967966516,0.010393278323988423,0.010895023684135205,0.16498817851170938,0.17295313917828292,0.0005628095297833
2022-11-17,1777.0,1777.5999755859375,1756.5999755859375,1763.0,169097,-0.0072080462192642,-0.0072341496967658,0.009916530904184135,0.01099924552765688,0.15742004784574623,0.17460760965311714,0.0072080462192642
2022-11-18,1763.0999755859375,1769.9000244140625,1749.199951171875,1754.4000244140625,137327,-0.0048780349324659,-0.0048899713782875,0.010310965114654172,0.010961401064561317,0.1636814968226252,0.17400684742600744,0.0048780349324659
2022-11-21,1752.0,1755.0,1733.9000244140625,1739.5999755859375,166082,-0.0084359602269544,-0.008471744330396,0.006275915910816815,0.010392041225166623,0.09962707649504829,0.1649685401767312,0.0084359602269544
2022-11-22,1739.699951171875,1751.0,1737.5999755859375,1739.9000244140625,153092,0.0001724815085859,0.0001724666353607,0.0045688944048275296,0.010348137922378708,0.07252895017012866,0.16427159685126408,0.0001724815085859
2022-11-23,1740.800048828125,1754.9000244140625,1719.0,1745.5999755859375,167770,0.0032760222379988,0.0032706677682013,0.004345116337634898,0.010289147373225907,0.06897658348215423,0.1633351509146954,0.0032760222379988
2022-11-25,1751.0,1761.199951171875,1745.9000244140625,1754.0,134299,0.004812113045111,0.0048005718393799,0.005126035055493504,0.010302730905921523,0.08137328381180994,0.1635507828113253,0.004812113045111
2022-11-28,1755.0,1763.5,1738.199951171875,1740.300048828125,132767,-0.0078106905198831,-0.007841353734697,0.00554205562906755,0.00987527399409776,0.0879774056795902,0.15676511470203722,0.0078106905198831
2022-11-29,1739.5,1758.199951171875,1737.9000244140625,1748.4000244140625,19416,0.0046543557769775,0.0046435577553877,0.00580115768889657,0.009794206076708773,0.09209052336654319,0.1554782014097341,0.0046543557769775
2022-11-30,1748.0999755859375,1769.4000244140625,1745.0999755859375,1746.0,192239,-0.0013726975409227,-0.0013736405532714,0.00557489234772988,0.00973260360910548,0.08849867242830171,0.15450029255317677,0.0013726975409227
2022-12-01,1783.0999755859375,1818.4000244140625,1782.9000244140625,1815.199951171875,226148,0.0396334199151633,0.0388681701665001,0.015387410766266237,0.011542846816721764,0.24426757325242976,0.18323701259255606,0.0396334199151633
2022-12-02,1817.0,1818.699951171875,1791.800048828125,1809.5999755859373,183724,-0.0030850461307705,-0.0030898146956055,0.01564697556104663,0.011601926774246495,0.24838803662900838,0.18417487784302825,0.0030850461307705
2022-12-05,1810.5,1822.9000244140625,1778.0999755859375,1781.300048828125,179818,-0.0156387749445282,-0.0157623506604918,0.01764674676779714,0.01199003065278684,0.28013342038154465,0.19033583591589248,0.0156387749445282
2022-12-06,1780.800048828125,1793.199951171875,1779.0999755859375,1782.4000244140625,127856,0.0006175128028886,0.0006173222203119,0.017647265672422155,0.011973877314976412,0.2801416577370964,0.1900794096277524,0.0006175128028886
2022-12-07,1783.300048828125,1803.199951171875,1780.5,1798.0,155568,0.0087522303479914,0.0087141516013035,0.017148960757965095,0.012026920063799592,0.2722313124526882,0.1909214371612008,0.0087522303479914
2022-12-08,1799.5,1806.9000244140625,1793.199951171875,1801.5,116274,0.0019466073414904,0.0019447151565822,0.017183151542048018,0.012004064854323749,0.27277407432357054,0.1905586219585886,0.0019466073414904
2022-12-09,1801.9000244140625,1819.0,1800.0999755859375,1810.699951171875,150938,0.0051068282941297,0.0050938326720128,0.01699334877457316,0.011977735515174188,0.26976104879822876,0.1901406566571421,0.0051068282941297
2022-12-12,1808.0,1809.300048828125,1789.0,1792.300048828125,107782,-0.0101617622134697,-0.0102137453793327,0.00858307127739798,0.011882122812186782,0.13625203251081924,0.18862285205144194,0.0101617622134697
2022-12-13,1792.300048828125,1836.9000244140625,1791.800048828125,1825.5,230911,0.0185236569030851,0.0183541836148634,0.011444501658012371,0.012167251884472244,0.18167583159700268,0.1931491357523733,0.0185236569030851
2022-12-14,1822.5999755859373,1825.4000244140625,1806.199951171875,1818.699951171875,143804,-0.0037250335952478,-0.0037319888105368,0.009162916483221198,0.012234957218124586,0.14545678979194698,0.1942239246040338,0.0037250335952478
2022-12-15,1818.699951171875,1819.699951171875,1782.0,1787.800048828125,185317,-0.0169901045655385,-0.0171360923195531,0.011928219833135181,0.012776889787016854,0.18935461957310434,0.20282683743196572,0.0169901045655385
2022-12-16,1786.9000244140625,1804.199951171875,1783.9000244140625,1800.199951171875,128751,0.0069358440569895,0.0069119017336606,0.01173683190805739,0.012505025866303907,0.18631643045092536,0.19851113148402108,0.0069358440569895
2022-12-19,1801.5999755859373,1808.5999755859373,1793.199951171875,1797.699951171875,86090,-0.0013887346227137,-0.0013896998083344,0.011723398942853836,0.011628085820885693,0.18610318873913265,0.1845901398346794,0.0013887346227137
2022-12-20,1796.800048828125,1832.4000244140625,1793.699951171875,1825.4000244140625,197496,0.0154086187876516,0.0152911115664862,0.013075518050941972,0.01186836112885819,0.20756741415677069,0.1884043921011875,0.0154086187876516
2022-12-21,1827.9000244140625,1833.800048828125,1821.300048828125,1825.4000244140625,110177,0.0,0.0,0.012130030755459199,0.011361216761748614,0.19255826864705988,0.1803537248561124,0.0
2022-12-22,1823.800048828125,1829.300048828125,1792.699951171875,1795.300048828125,175774,-0.016489522944758,-0.0166269883828786,0.011720250885954188,0.011846794486322615,0.18605321488511534,0.18806203226460494,0.016489522944758
2022-12-23,1801.0,1812.199951171875,1798.9000244140625,1804.199951171875,105457,0.0049573342069251,0.004945087084415,0.012002945786889499,0.011138730573410886,0.19054085731380058,0.17682186610918255,0.0049573342069251
2022-12-27,1808.199951171875,1841.9000244140625,1808.0,1823.0999755859373,159616,0.0104755708488886,0.0104210822589584,0.010304605480963715,0.01117959297136295,0.1635805407675787,0.17747053656691206,0.0104755708488886
2022-12-28,1822.4000244140625,1822.800048828125,1804.199951171875,1815.800048828125,118076,-0.0040041286026928,-0.0040121665895566,0.0104094322940579,0.011199971230961763,0.16524461483665065,0.1777940314092167,0.0040041286026928
2022-12-29,1812.300048828125,1827.300048828125,1811.199951171875,1826.0,105992,0.0056173316981997,0.0056016133265617,0.010446830253958993,0.011233177740535076,0.16583828904528744,0.17832116840665352,0.0056173316981997
2022-12-30,1821.800048828125,1832.4000244140625,1819.800048828125,1826.199951171875,107496,0.000109502284707,0.0001094962897695,0.008696294078777702,0.011230682015730336,0.13804938876197606,0.17828155000360835,0.000109502284707
2023-01-03,1831.800048828125,1856.5999755859373,1831.300048828125,1846.0999755859373,212272,0.0108969581350018,0.0108380141071707,0.009604336587677958,0.011261159943094365,0.15246411671252746,0.1787653721012998,0.0108969581350018
2023-01-04,1845.199951171875,1871.300048828125,1842.0,1859.0,198354,0.0069877171251075,0.0069634161695899,0.005386418065855389,0.011234236252148496,0.08550673595807336,0.17833797175758742,0.0069877171251075
2023-01-05,1861.199951171875,1864.300048828125,1829.9000244140625,1840.5999755859373,188603,-0.00989780764608,-0.0099471165808747,0.007796043881329449,0.011284089972753014,0.12375835992086683,0.17912937503749254,0.00989780764608
2023-01-06,1835.9000244140625,1875.199951171875,1835.199951171875,1869.699951171875,215367,0.0158100488818457,0.0156863719151724,0.008851174211727948,0.011557305544508858,0.14050803465084188,0.18346653778055025,0.0158100488818457
2023-01-09,1872.800048828125,1886.4000244140625,1869.300048828125,1877.800048828125,204550,0.0043322981589495,0.0043229407715407,0.008186206995019861,0.011561468955413457,0.12995200733831952,0.1835326298797063,0.0043322981589495
2023-01-10,1875.699951171875,1885.199951171875,1872.0,1876.5,170514,-0.0006923254842475,-0.000692565252207,0.008429667012961906,0.011567194230958032,0.13381681530829137,0.1836235158113759,0.0006923254842475
2023-01-11,1881.300048828125,1890.9000244140625,1870.9000244140625,1878.9000244140625,222250,0.0012789898289702,0.0012781726182075,0.008352442977374716,0.011410753009646972,0.13259092174788834,0.18114008841304619,0.0012789898289702
2023-01-12,1879.699951171875,1906.5,1872.4000244140625,1898.800048828125,265174,0.0105913162783999,0.0105356211991341,0.008311702700155603,0.011498398759236018,0.1319441898966947,0.18253142155435295,0.0105913162783999
2023-01-13,1898.800048828125,1925.300048828125,1895.0999755859373,1921.699951171875,247878,0.0120601968374094,0.0119880521371462,0.008815483160796464,0.01159076217600432,0.1399414567820704,0.18399764534040777,0.0120601968374094
2023-01-17,1923.800048828125,1931.800048828125,1906.199951171875,1909.9000244140625,268368,-0.0061403585667038,-0.0061592880975536,0.007832106449190005,0.009454139704450264,0.12433083543805135,0.15007981510822252,0.0061403585667038
2023-01-18,1911.0999755859373,1929.800048828125,1898.5999755859373,1907.0,218967,-0.0015184168684181,-0.0015195708315906,0.006606542939545965,0.009430868052386953,0.10487561786344951,0.14971038908447967,0.0015184168684181
2023-01-19,1907.0,1936.9000244140625,1902.0,1923.9000244140625,214246,0.008862099850059,0.008823061912389,0.006987427551222729,0.008916159153275588,0.11092197362769826,0.14153963861663663,0.008862099850059
2023-01-20,1933.699951171875,1939.0,1922.0,1928.199951171875,165272,0.0022350053034185,0.0022325113943075,0.006779801216371796,0.00890859016086064,0.1076260077418379,0.1414194845870049,0.0022350053034185
2023-01-23,1928.4000244140625,1936.699951171875,1912.5,1928.5999755859373,190094,0.0002074600270678,0.0002074385102122,0.00686071464196617,0.008843540097133642,0.10891046855293217,0.14038684683866168,0.0002074600270678
2023-01-24,1932.0,1943.800048828125,1918.199951171875,1935.4000244140625,201713,0.0035258990533064,0.0035196976439931,0.00617288545782019,0.008845584876394587,0.09799151875847588,0.14041930670312458,0.0035258990533064
2023-01-25,1938.699951171875,1949.5,1920.5999755859373,1942.5999755859373,190302,0.0037201359311,0.003713233339184,0.004706532059310334,0.008834733696058921,0.07471388019892707,0.14024704955552644,0.0037201359311
2023-01-26,1948.0,1949.800048828125,1918.4000244140625,1930.0,223255,-0.0064861400928087,-0.0065072665015738,0.004801625562008252,0.00867885669431918,0.0762234427555475,0.13777257886522004,0.0064861400928087
2023-01-27,1929.300048828125,1935.4000244140625,1916.5,1929.4000244140625,150902,-0.0003108681792421,-0.0003109165087709,0.004695349743869312,0.008145081480084353,0.07453636644449414,0.12929916002796657,0.0003108681792421
2023-01-30,1928.300048828125,1933.5999755859373,1920.300048828125,1922.9000244140625,27220,-0.0033689229386083,-0.0033746105371382,0.003759286170038968,0.008136888160411424,0.0596768178782855,0.1291690951103668,0.0033689229386083
2023-01-31,1923.0,1930.4000244140625,1900.5999755859373,1929.5,194077,0.0034323030329923,0.0034264261246514,0.0039059225029983526,0.007315650076755679,0.062004597499347475,0.11613234469119667,0.0034323030329923
2023-02-01,1944.0,1970.800048828125,1936.0999755859373,1942.800048828125,210613,0.0068930027614018,0.0068693546267782,0.004677028295432352,0.007314772907775456,0.074245522467158,0.11611842006531997,0.0068930027614018
2023-02-02,1967.0999755859373,1975.199951171875,1925.5999755859373,1930.800048828125,259844,-0.0061766520992411,-0.0061958065290501,0.00522887959173292,0.007455016453328289,0.08300589021135753,0.11834471733240849,0.0061766520992411
2023-02-03,1926.300048828125,1932.4000244140625,1874.5,1876.5999755859373,310612,-0.0280713030202602,-0.0284728342291842,0.011350147539259819,0.008922884267707187,0.18017800639663922,0.1416463964985834,0.0280713030202602
2023-02-06,1878.0,1894.0,1873.199951171875,1879.5,164540,0.001545360999569,0.0015441681580152,0.011563461017850952,0.00892160435813406,0.18356425289054065,0.14162607856399653,0.001545360999569
2023-02-07,1880.300048828125,1897.199951171875,1877.5,1884.800048828125,179673,0.0028199248886007,0.0028159563592978,0.011776001255064693,0.008289511591158564,0.18693822455811407,0.13159191696235736,0.0028199248886007
2023-02-08,1885.0999755859373,1898.9000244140625,1881.4000244140625,1890.699951171875,131904,0.0031302537090966,0.0031253646649304,0.012021036355046033,0.00827111470881187,0.1908280361803089,0.13129987550882774,0.0031302537090966
2023-02-09,1888.300048828125,1902.300048828125,1870.199951171875,1878.5,183551,-0.0064526109308424,-0.0064735190144374,0.011807724430313376,0.008221696525507409,0.18744181435314605,0.1305153861692185,0.0064526109308424
2023-02-10,1873.5,1883.5,1863.5,1874.5,155270,-0.0021293585307425,-0.0021316288380568,0.010909462422579137,0.008189164250454442,0.1731823470452918,0.1299989523129787,0.0021293585307425
2023-02-13,1876.699951171875,1877.199951171875,1860.800048828125,1863.5,131217,-0.0058682315284075,-0.0058855172566535,0.010904765127732608,0.008238718364171865,0.17310777980129985,0.1307855994809978,0.0058682315284075
2023-02-14,1864.0999755859373,1881.5999755859373,1852.5,1865.4000244140625,217012,0.0010195999002213,0.001019080461293,0.004015647512488631,0.00823810328813605,0.06374642802564034,0.13077583545162882,0.0010195999002213
2023-02-15,1865.0999755859373,1870.9000244140625,1839.300048828125,1845.300048828125,169531,-0.01077515563572,-0.0108336280373683,0.005289786966401306,0.00826699799606544,0.08397276480965184,0.1312345247199509,0.01077515563572
2023-02-16,1846.5,1854.9000244140625,1836.5999755859373,1851.800048828125,168509,0.0035224623790195,0.0035162730386344,0.005415112867175828,0.008190119938187716,0.0859622518073591,0.13001412338541837,0.0035224623790195
2023-02-17,1845.699951171875,1853.0999755859373,1827.699951171875,1850.199951171875,165081,-0.000864076905745,-0.0008644504353823,0.004908791436327529,0.007980733764803651,0.07792464827043717,0.12669022092892024,0.000864076905745
2023-02-21,1850.5,1856.4000244140625,1839.0,1842.5,210165,-0.0041616859664265,-0.0041703698829981,0.004719020230734425,0.007449373739093032,0.07491212377443558,0.11825514202089313,0.0041616859664265
2023-02-22,1843.699951171875,1855.0,1831.9000244140625,1841.5,141500,-0.0005427408412482,-0.0005428881783716,0.004791398695825405,0.007394167071770463,0.07606109628787941,0.11737876334620397,0.0005427408412482
2023-02-23,1834.699951171875,1841.199951171875,1824.800048828125,1826.800048828125,179972,-0.0079825963463887,-0.008014627845502,0.0050944028975976035,0.0075153008828948336,0.08087113887246065,0.11930170298378329,0.0079825963463887
2023-02-24,1829.699951171875,1835.0999755859373,1815.5,1817.0999755859373,169473,-0.0053098713504032,-0.0053240188203355,0.004854061609313306,0.007546640158741535,0.07705583920097386,0.11979919856473864,0.0053098713504032
2023-02-27,1818.0,1827.300048828125,1812.0,1824.9000244140625,130427,0.0042925809988028,0.0042833941537884,0.0045402099210296145,0.007293933795936194,0.07207359810643539,0.11578760942049908,0.0042925809988028
2023-02-28,1823.9000244140625,1838.5999755859373,1810.800048828125,1836.699951171875,184507,0.0064660675105208,0.0064452521767145,0.005182268674721906,0.0070065399345449085,0.08226596484260665,0.11122537330709162,0.0064660675105208
2023-03-01,1834.0,1852.5,1829.5999755859373,1845.4000244140625,182583,0.0047367961417086,0.0047256128243558,0.005646686361757871,0.007038576665934196,0.08963836706874859,0.11173394065154421,0.0047367961417086
2023-03-02,1843.800048828125,1845.300048828125,1835.9000244140625,1840.5,139755,-0.0026552640886727,-0.0026587955550655,0.005504447466405566,0.007043852219305739,0.08738039460557215,0.11181768746504031,0.0026552640886727
2023-03-03,1842.0999755859373,1864.4000244140625,1842.0,1854.5999755859373,158961,0.0076609484302838,0.0076317523829914,0.006230397422634237,0.006988124419598407,0.09890449289632788,0.11093303607020981,0.0076609484302838
2023-03-06,1861.0,1864.300048828125,1850.5999755859373,1854.5999755859373,136224,0.0,0.0,0.0048928698457828095,0.006962125692465247,0.07767190085608962,0.11052031907181839,0.0
2023-03-07,1852.5999755859373,1856.9000244140625,1817.0999755859373,1820.0,248226,-0.0186563011115137,-0.018832525131226,0.00909198776585571,0.007642440135544534,0.14433083131017577,0.1213199760500976,0.0186563011115137
2023-03-08,1818.0,1828.699951171875,1813.4000244140625,1818.5999755859373,208292,-0.0007692441835509,-0.0007695402036754,0.008917760312460953,0.007577211371784435,0.14156505623072005,0.12028450152667317,0.0007692441835509
2023-03-09,1818.0,1839.4000244140625,1815.4000244140625,1834.5999755859373,228473,0.0087979765835226,0.0087594999008223,0.009256705534060283,0.007764820871296388,0.14694564481727307,0.12326271000248469,0.0087979765835226
2023-03-10,1835.0999755859373,1874.300048828125,1830.0,1867.199951171875,345814,0.0177695279732716,0.0176134956138507,0.011448941967598167,0.00849652403341081,0.1817463193264516,0.13487813760533074,0.0177695279732716
2023-03-13,1877.0999755859373,1919.5,1875.699951171875,1916.5,452332,0.0264031973636158,0.026060649438771,0.014462972763150419,0.00986772034799658,0.2295925748999801,0.15664520428758413,0.0264031973636158
2023-03-14,1919.4000244140625,1919.4000244140625,1899.800048828125,1910.9000244140625,261275,-0.002921980477922,-0.0029262577970727,0.014795878977521272,0.009863070536720413,0.23487729721877953,0.1565713908219034,0.002921980477922
2023-03-15,1908.199951171875,1942.5,1889.5,1931.300048828125,385454,0.0106756105256304,0.0106190285375332,0.014819973021863112,0.010041129806417528,0.23525977831521716,0.15939799409939348,0.0106756105256304
2023-03-16,1922.800048828125,1938.0,1911.5,1923.0,248084,-0.0042976485363634,-0.0043069099722905,0.011469682536953537,0.009987015678712125,0.18207556565783678,0.15853895895345135,0.0042976485363634
2023-03-17,1925.9000244140625,1993.699951171875,1922.300048828125,1973.5,351092,0.0262610504420177,0.0259221495141221,0.012544300907995787,0.011029600106042186,0.19913460344231154,0.17508947364647556,0.0262610504420177
2023-03-20,1989.699951171875,2014.9000244140625,1970.0,1982.800048828125,338016,0.0047124645696097,0.0047013956693613,0.012800363597623184,0.009603554107753235,0.20319947262309,0.15245169522880714,0.0047124645696097
2023-03-21,1983.0999755859373,1988.699951171875,1938.5999755859373,1941.0999755859373,248934,-0.0210309018636717,-0.0212552016726546,0.017155865677755303,0.010475699084284208,0.2723409246562146,0.16629656751937846,0.0210309018636717
2023-03-22,1943.5,1982.300048828125,1936.5,1949.5999755859373,245031,0.0043789604383639,0.0043694006887868,0.014543909679304004,0.01048823948977983,0.23087740861214137,0.1664956402850664,0.0043789604383639
2023-03-23,1974.0,2006.0999755859373,1967.300048828125,1995.9000244140625,262247,0.0237484865654094,0.0234708778596629,0.016266124798658334,0.011267042359495315,0.25821672607194324,0.17885875256673006,0.0237484865654094
2023-03-24,1996.0999755859373,2006.5,1977.699951171875,1983.800048828125,285442,-0.0060624156710903,-0.0060808667227341,0.016747365559199787,0.011257327459406255,0.26585618631078484,0.17870453330884511,0.0060624156710903
2023-03-27,1982.5999755859373,1984.0,1945.0,1953.800048828125,206630,-0.0151224918144959,-0.0152380027151195,0.018083269008961952,0.011659676204814463,0.2870629961327686,0.18509162163285886,0.0151224918144959
2023-03-28,1957.800048828125,1977.0999755859373,1949.9000244140625,1973.5,183582,0.0100828901011087,0.0100323968926969,0.015355281252049801,0.011678246877557624,0.24375753302625774,0.18538642192340427,0.0100828901011087
2023-03-29,1975.4000244140625,1976.0,1959.5,1966.9000244140625,88563,-0.003344299764853,-0.0033499044345975,0.015253630042264155,0.011717723321340561,0.2421438700968877,0.18601309104077351,0.003344299764853
2023-03-30,1965.9000244140625,1984.4000244140625,1954.9000244140625,1980.300048828125,10119,0.006812763357433,0.0067896613514634,0.01256895221108052,0.011503134874007564,0.19952593074704683,0.18260660504554996,0.006812763357433
2023-03-31,1981.300048828125,1986.800048828125,1968.0,1969.0,162212,-0.0057062306466194,-0.0057225733806422,0.012947199091714703,0.011595663057761555,0.20553041382911072,0.18407544442641524,0.0057062306466194
2023-04-03,1990.0,2008.0,1965.9000244140625,2000.4000244140625,187986,0.015947193709529,0.0158213731102134,0.010882771016341783,0.011850279504828512,0.172758634107012,0.18811735521829132,0.015947193709529
2023-04-04,2001.300048828125,2043.4000244140625,1994.0,2038.199951171875,233301,0.0188961839114576,0.0187198686887605,0.012405223100497836,0.012136028144025778,0.19692681169314538,0.19265347423903784,0.0188961839114576
2023-04-05,2038.199951171875,2049.199951171875,2026.0999755859373,2035.5999755859373,197371,-0.0012756234168501,-0.0012764377169681,0.009659417023862568,0.012145058820867652,0.1533384915300241,0.19279683178960297,0.0012756234168501
2023-04-06,2037.0999755859373,2037.699951171875,2016.5,2026.4000244140625,0,-0.0045195280419605,-0.0045297719856682,0.010172720377920181,0.012049051442628144,0.1614869296618548,0.19127276190850867,0.0045195280419605
2023-04-10,2008.5999755859373,2021.5,1996.5,2003.800048828125,136231,-0.0111527710785891,-0.011215429542537,0.011439762511498933,0.012242576433752199,0.18160059997839514,0.19434487590245006,0.0111527710785891
2023-04-11,2007.0,2022.5,2003.699951171875,2019.0,126376,0.0075855628313634,0.0075569371199113,0.011489524676623312,0.012266173554874174,0.18239054986011058,0.19471946858732495,0.0075855628313634
2023-04-12,2019.0999755859373,2043.9000244140625,2015.699951171875,2024.9000244140625,228494,0.0029222508242012,0.0029179893493086,0.010867745368562266,0.012253157175880642,0.1725201093431385,0.19451283997660024,0.0029222508242012
2023-04-13,2029.5,2063.39990234375,2028.300048828125,2055.300048828125,198461,0.0150130989419388,0.0149015177719932,0.010701894112987501,0.012436136517999337,0.16988730228186663,0.19741754698244987,0.0150130989419388
2023-04-14,2054.699951171875,2061.60009765625,2006.0,2015.800048828125,262825,-0.0192186050997866,-0.0194056832906589,0.01148242143815538,0.013077831677731681,0.18227778944517456,0.20760414184344378,0.0192186050997866
2023-04-17,2014.0999755859373,2028.0,1993.4000244140625,2007.0,183425,-0.0043655365685901,-0.0043750933471422,0.011530716053209841,0.013118090531369057,0.18304444269176076,0.20824323133220204,0.0043655365685901
2023-04-18,2007.9000244140625,2024.5999755859373,2003.300048828125,2019.699951171875,164975,0.006327828187282,0.0063078915420747,0.011854114678158974,0.013123739119437814,0.1881782367074947,0.20833289988793352,0.006327828187282
2023-04-19,2017.9000244140625,2020.300048828125,1980.9000244140625,2007.300048828125,218808,-0.0061394774686979,-0.0061584015562569,0.011232212417216511,0.01260242875977725,0.17830584437403937,0.2000573544826726,0.0061394774686979
2023-04-20,2007.699951171875,2024.199951171875,2002.199951171875,2019.0999755859373,162840,0.0058785066859841,0.0058612956826155,0.011065048929338345,0.01258599089757461,0.17565220627074463,0.19979641150983019,0.0058785066859841
2023-04-21,2016.0999755859373,2016.800048828125,1982.300048828125,1990.5,210502,-0.0141647149382178,-0.0142659920243995,0.01215896951564177,0.012949973703412858,0.19301765722322162,0.20557445942433925,0.0141647149382178
2023-04-24,1992.0,2001.5,1984.4000244140625,1999.800048828125,139878,0.0046722174469353,0.0046613365178808,0.010156726511806938,0.012645204493989775,0.16123303490842616,0.2007363982119198,0.0046722174469353
2023-04-25,1999.4000244140625,2014.5,1986.199951171875,2004.5,222551,0.0023502105496142,0.0023474531243087,0.007693205221110566,0.011803110264197007,0.12212584680025342,0.18736856673683494,0.0023502105496142
2023-04-26,2007.699951171875,2020.199951171875,1993.699951171875,1996.0,241399,-0.0042404589673235,-0.0042494752111523,0.0076836214129517464,0.011822831139751107,0.12197370856224628,0.18768162593095056,0.0042404589673235
2023-04-27,1999.800048828125,2013.300048828125,1982.0,1999.0,203898,0.001503006012024,0.0015018776289907,0.007139003493171053,0.011695838200916863,0.11332816711051204,0.18566567552445068,0.001503006012024
2023-04-28,1997.199951171875,2004.0999755859373,1984.4000244140625,1999.0999755859373,172445,5.001279936833747e-05,5.001154876998425e-05,0.006838150458238585,0.011652028924355247,0.10855227324085001,0.18497022481905256,5.001279936833747e-05
2023-05-01,2000.199951171875,2015.4000244140625,1985.699951171875,1992.199951171875,173016,-0.0034515654536186,-0.0034575358477552,0.00625765688012477,0.010685122913952327,0.0993372233686948,0.169621067750854,0.0034515654536186
2023-05-02,1990.5,2028.800048828125,1986.9000244140625,2023.300048828125,245637,0.0156109318434407,0.0154903347166478,0.006637574573094697,0.011017952306471615,0.10536822977432571,0.17490457056056644,0.0156109318434407
2023-05-03,2026.4000244140625,2050.0,2016.0,2037.0,229674,0.006771092196538,0.0067482713087432,0.006804922437848186,0.01026795717698955,0.10802479476977814,0.16299876697785104,0.006771092196538
2023-05-04,2054.699951171875,2085.39990234375,2038.5,2055.699951171875,311003,0.0091801429415194,0.0091382615522673,0.007230103219196858,0.010348901035793025,0.11477433042793442,0.1642837109011626,0.0091801429415194
2023-05-05,2058.0,2061.300048828125,2007.0,2024.800048828125,283299,-0.0150313290254908,-0.015145444433123,0.00986030183146147,0.00992878632633138,0.1565274389884906,0.1576145966410286,0.0150313290254908
2023-05-08,2024.5999755859373,2037.0999755859373,2022.0,2033.199951171875,182213,0.0041485095521465,0.0041399282113904,0.009884707618840194,0.009869953403769186,0.15691486885221956,0.15668065294901246,0.0041485095521465
2023-05-09,2028.4000244140625,2045.0999755859373,2026.4000244140625,2042.9000244140625,199701,0.0047708407806112,0.0047594963869563,0.00985321365210073,0.009416484269397923,0.15641491762947018,0.1494820536082719,0.0047708407806112
2023-05-10,2041.5999755859373,2056.0,2028.300048828125,2037.0999755859373,260807,-0.0028391251450441,-0.0028431631054997,0.009787400710704318,0.00930668607856974,0.15537016957356276,0.1477390613642548,0.0028391251450441
2023-05-11,2036.800048828125,2047.5999755859373,2016.699951171875,2020.5,296976,-0.0081488271488308,-0.0081822103202685,0.008853531636911445,0.00942636520086977,0.14054545761546172,0.14963890853264897,0.0081488271488308
2023-05-12,2020.5,2027.800048828125,2005.699951171875,2019.800048828125,220500,-0.00034642473243,-0.0003464847513394,0.008316745035112786,0.009362959163464182,0.13202423448263748,0.1486323688930775,0.00034642473243
2023-05-15,2013.4000244140625,2027.5,2011.199951171875,2022.699951171875,163251,0.0014357373371847,0.001434707651788,0.007140696592599403,0.009284903122124712,0.11335504423070596,0.147393267650815,0.0014357373371847
2023-05-16,2021.300048828125,2022.699951171875,1989.0999755859373,1993.0,229938,-0.0146833202594719,-0.0147921872061821,0.007037648519512836,0.009261728328187911,0.11171920678387717,0.14702537920216335,0.0146833202594719
2023-05-17,1993.0,1997.0,1978.0999755859373,1984.9000244140625,206552,-0.0040642125368477,-0.0040724938943674,0.0064561461690942215,0.008561583867462549,0.10248814314783403,0.13591093045277092,0.0040642125368477
2023-05-18,1985.5999755859373,1988.800048828125,1954.4000244140625,1959.800048828125,227733,-0.0126454608681598,-0.0127260952018586,0.006125077981406089,0.008828681540664017,0.0972325985980681,0.14015097456710143,0.0126454608681598
2023-05-19,1960.5,1987.4000244140625,1956.300048828125,1981.5999755859373,234604,0.0111235463897696,0.0110621347382021,0.008922325891878545,0.009085687725589892,0.14163753255709924,0.1442308212714175,0.0111235463897696
2023-05-22,1979.4000244140625,1984.800048828125,1970.699951171875,1977.199951171875,165768,-0.0022204402847558,-0.0022229091175592,0.008731590313985781,0.008875425230205564,0.13860969912544058,0.14089300763443272,0.0022204402847558
2023-05-23,1973.9000244140625,1980.0,1955.800048828125,1974.5,214358,-0.0013655428072789,-0.0013664760105076,0.008687241558430063,0.008746990488915366,0.13790568445650683,0.138854169323504,0.0013655428072789
2023-05-24,1977.300048828125,1987.9000244140625,1958.4000244140625,1964.5999755859373,229885,-0.0050139399412827,-0.005026551912924,0.008452124029132334,0.008753495777104848,0.13417330938814442,0.13895743757204104,0.0050139399412827
2023-05-25,1959.5,1965.4000244140625,1939.0,1943.699951171875,253875,-0.0106383104315314,-0.010695301810984,0.007716125321542874,0.008383409176909972,0.12248969211486448,0.13308249492600288,0.0106383104315314
2023-05-26,1941.699951171875,1957.0999755859373,1936.0,1944.300048828125,166036,0.0003087398628003,0.0003086922124563,0.00784318332655491,0.007718039409970344,0.12450667541491554,0.1225200773266633,0.0003087398628003
2023-05-30,1942.699951171875,1962.5999755859373,1931.0,1958.0,37838,0.0070462124300887,0.0070215038752032,0.0072858717424165555,0.007835653468272787,0.11565962828848234,0.1243871426203832,0.0070462124300887
2023-05-31,1958.199951171875,1973.0,1953.0,1963.9000244140625,207753,0.003013291324853,0.0030087604621398,0.005667055789058557,0.0077547233376719866,0.08996172170266714,0.12310241662553302,0.003013291324853
2023-06-01,1981.300048828125,2000.699951171875,1970.0999755859373,1995.5,176911,0.0160904196716253,0.015962340936193,0.008613662096328214,0.008281427351444009,0.13673764670656646,0.13146358363541488,0.0160904196716253
2023-06-02,1994.5999755859373,2000.5,1963.699951171875,1969.5999755859373,209694,-0.0129792154417753,-0.0130641814540417,0.01019660725518592,0.008519284460913707,0.16186612208291318,0.1352394481907678,0.0129792154417753
2023-06-05,1962.300048828125,1980.4000244140625,1953.800048828125,1974.300048828125,179985,0.0023863085400321,0.002383465827303,0.010009581816912147,0.008151383888112223,0.15889718529182162,0.12939920765378216,0.0023863085400321
2023-06-06,1978.0,1982.9000244140625,1970.300048828125,1981.5,135995,0.00364683735694,0.0036402037684398,0.008667835831329745,0.008132202530064067,0.13759762808899986,0.12909471303455872,0.00364683735694
2023-06-07,1980.0,1986.5,1955.4000244140625,1958.4000244140625,189529,-0.0116578226525043,-0.0117263078461518,0.010270140681724218,0.008374842063183162,0.16303342904093782,0.1329464962117544,0.0116578226525043
2023-06-08,1956.199951171875,1985.699951171875,1955.199951171875,1978.5999755859373,191843,0.0103145174224139,0.010261685765725,0.010653813316715655,0.00858412355998843,0.16912404330322706,0.13626873697907899,0.0103145174224139
2023-06-09,1980.5,1987.800048828125,1971.0,1977.199951171875,130408,-0.0007075833575949,-0.0007078338128511,0.010661161066911912,0.008577987631388218,0.16924068522151778,0.13617133213224733,0.0007075833575949
2023-06-12,1975.5999755859373,1981.4000244140625,1963.0999755859373,1969.699951171875,122542,-0.0037932430635327,-0.0038004556551883,0.008379215337819965,0.008600787055692977,0.1330159197943782,0.13653326177272232,0.0037932430635327
2023-06-13,1971.4000244140625,1985.9000244140625,1953.0,1958.5999755859373,198397,-0.0056353636904614,-0.0056513022603873,0.007114505711667226,0.008636165750989501,0.1129392768853205,0.13709488114950952,0.0056353636904614
2023-06-14,1957.199951171875,1973.9000244140625,1952.5,1968.9000244140625,199710,0.0052588833638904,0.0052451037259995,0.007404387616360065,0.008162806391333724,0.11754100946169037,0.12958053427102573,0.0052588833638904
2023-06-15,1955.699951171875,1972.800048828125,1936.0999755859373,1970.699951171875,266353,0.0009141788488464,0.0009137612418549,0.00722737576023372,0.008042765073807794,0.11473103335916884,0.12767493743166883,0.0009141788488464
2023-06-16,1970.300048828125,1980.4000244140625,1965.4000244140625,1971.199951171875,160514,0.0002537169596532,0.0002536847789485,0.005406160374824902,0.007812253308170706,0.08582013539711054,0.12401567659476799,0.0002537169596532
2023-06-20,1970.699951171875,1971.800048828125,1940.800048828125,1947.699951171875,250140,-0.0119216723732309,-0.0119933054022184,0.005513990050610771,0.007643529330390027,0.08753187843360333,0.1213372664822404,0.0119216723732309
2023-06-21,1948.0,1950.4000244140625,1929.300048828125,1944.9000244140625,182021,-0.001437555490068,-0.0014385897642981,0.0054871700898514635,0.0075748374066411045,0.0871061247555535,0.12024681599833084,0.001437555490068
2023-06-22,1943.300048828125,1945.0999755859373,1922.0,1923.699951171875,171779,-0.0109003408792565,-0.0109601848721879,0.00638545702807396,0.0076707104981653595,0.1013659878226397,0.12176875414390752,0.0109003408792565
2023-06-23,1923.5,1949.0,1919.5,1929.5999755859373,186861,0.0030670190590107,0.0030623253507361,0.0067060416856707435,0.007723339815673334,0.10645511149150301,0.12260421865869046,0.0030670190590107
2023-06-26,1936.300048828125,1943.4000244140625,1931.0999755859373,1933.800048828125,147769,0.0021766549001496,0.0021742894188082,0.006225585670275881,0.007659386257956225,0.09882810869566405,0.12158898740362675,0.0021766549001496
2023-06-27,1932.699951171875,1940.300048828125,1919.800048828125,1923.800048828125,180436,-0.0051711654501508,-0.0051845821996822,0.00608455355515219,0.007686401018145676,0.09658929327471974,0.12201783342676276,0.0051711654501508
2023-06-28,1923.0999755859373,1926.0999755859373,1911.4000244140625,1922.199951171875,162493,-0.0008317380266336,-0.0008320841126213,0.0059884250003839545,0.007666711668995519,0.09506329977586692,0.12170527469879455,0.0008317380266336
2023-06-29,1916.5,1921.300048828125,1900.5999755859373,1917.9000244140625,205252,-0.0022369820346687,-0.0022394878166039,0.004723603202844,0.00726436533351361,0.07498487620124047,0.11531822463117478,0.0022369820346687
2023-06-30,1916.4000244140625,1930.800048828125,1908.0999755859373,1929.4000244140625,180688,0.0059961415368945,0.005978236219789,0.0056632700241790205,0.0073617203077323895,0.08990162454830664,0.11686368693524275,0.0059961415368945
2023-07-03,1927.800048828125,1939.9000244140625,1917.699951171875,1929.5,152959,5.181692996392151e-05,5.181558751318032e-05,0.0036789311932939064,0.007021402947662679,0.05840122216784263,0.11146131632574788,5.181692996392151e-05
2023-07-05,1929.0999755859373,1942.9000244140625,1922.0999755859373,1927.0999755859373,245932,-0.0012438582088949,-0.001244632442608,0.003522587826415268,0.006669964100584277,0.05591934816047017,0.10588239758324762,0.0012438582088949
2023-07-06,1922.4000244140625,1934.0,1908.5,1915.4000244140625,231513,-0.0060712735821177,-0.0060897787013512,0.003955771087938084,0.006732856562731275,0.06279591925310153,0.10688078446833664,0.0060712735821177
2023-07-07,1916.5999755859373,1941.0999755859373,1915.4000244140625,1932.5,214272,0.00892762627544,0.0088880106278628,0.005111267465086569,0.006973456001585887,0.08113885558172747,0.1107001821530826,0.00892762627544
2023-07-10,1930.699951171875,1933.699951171875,1918.0,1931.0,208085,-0.0007761966364812,-0.0007764980330625,0.005108615548170287,0.00692566616719063,0.08109675770577894,0.10994154205104173,0.0007761966364812
2023-07-11,1930.800048828125,1944.5,1929.800048828125,1937.0999755859373,189372,0.003158972338652,0.0031539932686078,0.005003974273224922,0.00668674350722935,0.07943562896350992,0.10614876240602815,0.003158972338652
2023-07-12,1938.0,1965.0999755859373,1937.5,1961.699951171875,270869,0.0126993835609836,0.0126194226474975,0.006453748313336149,0.007083246067999373,0.10245007836774005,0.11244304542601469,0.0126993835609836
2023-07-13,1962.699951171875,1968.5,1956.5999755859373,1963.800048828125,241215,0.0010705498845506,0.0010699772546724,0.006403462587779175,0.006970739593409859,0.10165181722181885,0.11065706051012392,0.0010705498845506
2023-07-14,1965.199951171875,1967.800048828125,1954.699951171875,1964.4000244140625,209306,0.0003055176550665,0.0003054709940514,0.006276476442289696,0.006949510606177149,0.09963597465632389,0.11032006078530282,0.0003055176550665
2023-07-17,1958.5999755859373,1963.5999755859373,1949.0,1956.4000244140625,165833,-0.0040724902772215,-0.0040808054490665,0.0058379338740652195,0.006286247855656268,0.09267432720729864,0.09979109103467726,0.0040724902772215
2023-07-18,1958.300048828125,1988.300048828125,1958.0999755859373,1980.800048828125,264086,0.0124718994630814,0.0123947659967087,0.00654417142454433,0.006281001343953678,0.10388550075791755,0.0997078052433834,0.0124718994630814
2023-07-19,1982.5,1984.5999755859373,1973.300048828125,1980.800048828125,159409,0.0,0.0,0.006464722709742561,0.006267560748998807,0.10262429150982248,0.09949444241304337,0.0
2023-07-20,1980.0,1989.800048828125,1967.699951171875,1970.9000244140625,189926,-0.0049979928160439,-0.0050105245552713,0.00725709690107348,0.006298875560441197,0.11520284184322763,0.09999154963362003,0.0049979928160439
2023-07-21,1972.0999755859373,1975.9000244140625,1958.800048828125,1966.5999755859373,156540,-0.0021817691282456,-0.0021841526540097,0.005804457862751209,0.005929139836527072,0.09214291200235909,0.09412217697586077,0.0021817691282456
2023-07-24,1963.5999755859373,1969.800048828125,1955.300048828125,1962.199951171875,197213,-0.0022373764205663,-0.0022398830867918,0.0058722544317961955,0.005622534057064743,0.09321914917097783,0.08925496111790614,0.0022373764205663
2023-07-25,1957.0,1967.0999755859373,1951.5999755859373,1963.699951171875,188848,0.0007644480875172,0.0007641560459023,0.005880115810172448,0.0056249353269852975,0.09334394468385229,0.0892930800961493,0.0007644480875172
2023-07-26,1966.300048828125,1979.9000244140625,1963.199951171875,1970.0999755859373,208106,0.0032591661522642,0.0032538665819251,0.005691266626238423,0.005617515646451373,0.09034605682793075,0.08917529631914743,0.0032591661522642
2023-07-27,1973.300048828125,1982.5999755859373,1941.699951171875,1945.699951171875,194253,-0.012385170659578,-0.012462506090813,0.00506935777276145,0.005975673460289797,0.08047355984123448,0.09486087535233366,0.012385170659578
2023-07-28,1945.5,1962.199951171875,1944.199951171875,1960.4000244140625,23155,0.0075551593827885,0.0075267621070776,0.006344207426979605,0.006062128253776233,0.10071117070558201,0.09623330265162099,0.0075551593827885
2023-07-31,1959.199951171875,1971.5999755859373,1950.0,1970.5,139955,0.0051519972761457,0.0051387711460531,0.006557282255384371,0.006136136554483924,0.10409362874522265,0.09740814800338322,0.0051519972761457
2023-08-01,2004.199951171875,2004.4000244140625,1978.300048828125,1978.800048828125,167756,0.004212153680855,0.0042033073941188,0.006649108454589003,0.006183825518437839,0.10555132446683706,0.09816518683680951,0.004212153680855
2023-08-02,1988.9000244140625,1992.199951171875,1969.0999755859373,1975.0,169658,-0.001920380399412,-0.0019222266939551,0.006625192744759132,0.005766260292903507,0.10517167434301253,0.09153654437933487,0.001920380399412
2023-08-03,1970.800048828125,1974.5,1964.5,1968.800048828125,141345,-0.0031392157832278,-0.003144153457419,0.00680508762199455,0.005794077343870889,0.108027416986809,0.09197812637373627,0.0031392157832278
2023-08-04,1969.5999755859373,1984.199951171875,1954.5,1976.0999755859373,156416,0.0037078050471186,0.003700948082284,0.006838637679030458,0.005410765256421507,0.10856000763114326,0.08589323562623963,0.0037078050471186
2023-08-07,1977.5999755859373,1981.699951171875,1966.0999755859373,1970.0,104407,-0.0030868759988362,-0.0030916502280529,0.004395690228069579,0.005442740716525661,0.06977941910369338,0.08640083031919438,0.0030868759988362
2023-08-08,1971.5,1972.800048828125,1956.5,1959.9000244140625,142336,-0.0051268911603743,-0.00514007876043,0.004230517912712049,0.005537177825294374,0.06715738988424083,0.08789997294522223,0.0051268911603743
2023-08-09,1959.300048828125,1966.0999755859373,1947.199951171875,1950.5999755859373,139259,-0.0047451649126365,-0.0047564589498705,0.0038469527001667564,0.005522761570018905,0.06106848090041798,0.08767112198744792,0.0047451649126365
2023-08-10,1947.699951171875,1963.5,1944.4000244140625,1948.9000244140625,168264,-0.0008715016882762,-0.0008718816666564,0.0029847309158370426,0.0055230910036683754,0.04738113440250523,0.0876763515845079,0.0008715016882762
2023-08-11,1944.9000244140625,1953.5999755859373,1942.699951171875,1946.5999755859373,122320,-0.001180177946181,-0.0011808749045839,0.003008023544963259,0.005508550633557344,0.0477508934267982,0.08744553036480014,0.001180177946181
2023-08-14,1945.5999755859373,1948.199951171875,1934.199951171875,1944.0,120983,-0.0013356496550631,-0.0013365424301086,0.0029775791591894994,0.005418661240823807,0.04726760378534532,0.08601858049274681,0.0013356496550631
2023-08-15,1939.4000244140625,1944.300048828125,1927.5,1935.199951171875,167153,-0.0045267740885416,-0.0045370509561323,0.00184922820484435,0.005488910756556058,0.029355587684547352,0.08713375698284835,0.0045267740885416
2023-08-16,1933.0999755859373,1938.199951171875,1922.0,1928.300048828125,128612,-0.003565472570197,-0.003571844016842,0.0018625574167484488,0.005524946244353485,0.029567182363771715,0.0877058026173577,0.003565472570197
2023-08-17,1922.4000244140625,1933.5,1914.199951171875,1915.199951171875,152329,-0.0067935991933471,-0.0068167807387542,0.0022404670846689853,0.0055539746129042,0.035566312359960175,0.08816661368226444,0.0067935991933471
2023-08-18,1919.199951171875,1926.0,1915.9000244140625,1916.5,114737,0.0006788057964024,0.0006785755119542,0.0025668145574560632,0.0052955108279051765,0.04074691788389434,0.08406362829412115,0.0006788057964024
2023-08-21,1918.4000244140625,1927.9000244140625,1913.5999755859373,1923.0,138109,0.0033915992695017,0.0033858607681699,0.0033938378386873377,0.005336113140054328,0.053875505467485846,0.08470817001772638,0.0033915992695017
2023-08-22,1924.0,1933.199951171875,1917.5,1926.0,131088,0.001560062402496,0.001558846769291,0.0036403863821227217,0.005310107185964186,0.057789342259697236,0.0842953382949495,0.001560062402496
2023-08-23,1926.800048828125,1949.699951171875,1926.199951171875,1948.0999755859373,170040,0.0114745459947753,0.0114092126968444,0.0061198646829802375,0.005211475704913838,0.09714984005119709,0.0827296120731423,0.0114745459947753
2023-08-24,1944.9000244140625,1951.300048828125,1939.199951171875,1947.0999755859373,137393,-0.0005133206778564,-0.0005134524720193,0.005768339445727968,0.005205983682355923,0.0915695499072022,0.08264242891784429,0.0005133206778564
2023-08-25,1944.9000244140625,1950.4000244140625,1931.0,1939.9000244140625,166988,-0.0036977819640248,-0.0037046356606186,0.005785564587100372,0.0052418656792464205,0.09184299054941805,0.08321203795974419,0.0036977819640248
2023-08-28,1944.0,1954.199951171875,1940.0999755859373,1946.800048828125,115553,0.003556896915936,0.0035505861182447,0.004725639854104442,0.00524287164620386,0.07501720703769545,0.0832280071901234,0.003556896915936
2023-08-29,1948.0999755859373,1966.5,1941.699951171875,1965.0999755859373,174220,0.0094000032354775,0.0093560981293722,0.0053234084152316615,0.005012793427005298,0.08450648876358866,0.07957562868957138,0.0094000032354775
2023-08-30,1966.0,1977.0999755859373,1962.800048828125,1973.0,142380,0.0040201641199997,0.0040121048527212,0.0053246870890423246,0.0050731636779657585,0.08452678708105457,0.080533976713339,0.0040201641199997
2023-08-31,1970.199951171875,1974.9000244140625,1965.5,1965.9000244140625,133712,-0.003598568467277,-0.0036050588902832,0.005984080771960162,0.005033030426331249,0.09499433728758004,0.07989688109456326,0.003598568467277
2023-09-01,1966.4000244140625,1980.199951171875,1960.699951171875,1967.0999755859373,160725,0.0006103826018479,0.0006101963941557,0.004668597306408136,0.005018474527511681,0.07411168466557165,0.0796658133642497,0.0006103826018479
2023-09-05,1966.699951171875,1972.5999755859373,1950.5999755859373,1952.5999755859373,192789,-0.0073712572721073,-0.0073985592382777,0.005734205266649733,0.005182964415010466,0.09102768661291206,0.08227700937729036,0.0073712572721073
2023-09-06,1951.5,1954.5,1940.0,1944.199951171875,148775,-0.004301968923021,-0.0043112490160061,0.005810506193479451,0.005234410546863741,0.0922389262760831,0.08309369140209039,0.004301968923021
2023-09-07,1942.199951171875,1947.9000244140625,1940.300048828125,1942.5,117168,-0.0008743705455039,-0.0008747530304013,0.005639319293526595,0.005191189970363768,0.08952141848615898,0.08240758602045176,0.0008743705455039
2023-09-08,1943.800048828125,1954.0,1940.800048828125,1942.699951171875,138694,0.0001029349662162,0.0001029296687761,0.003752652884448369,0.004676953006356708,0.05957151773399754,0.07424432729013443,0.0001029349662162
2023-09-11,1943.300048828125,1954.5999755859373,1939.5,1947.199951171875,131076,0.0023163638817644,0.0023136852466131,0.003359758025952122,0.004477086198133909,0.05333450521213565,0.07107154007077185,0.0023163638817644
2023-09-12,1945.5999755859373,1947.5,1929.9000244140625,1935.0999755859373,161993,-0.0062140385627349,-0.0062334260585246,0.0037106498710383364,0.004488109739983124,0.058904740567208,0.07124653337257265,0.0062140385627349
2023-09-13,1935.199951171875,1938.4000244140625,1927.199951171875,1932.5,161003,-0.0013435872144796,-0.0013444906370898,0.003528880293607934,0.004396630576423603,0.056019237980419134,0.06979434667103648,0.0013435872144796
2023-09-14,1930.699951171875,1934.5,1921.699951171875,1932.800048828125,201744,0.0001552645941138,0.0001552525418142,0.0028967346214741146,0.004394390233955923,0.04598423653542798,0.0697587823369099,0.0001552645941138
2023-09-15,1932.5,1952.4000244140625,1931.199951171875,1946.199951171875,199773,0.006932896318931,0.0069089742955417,0.003968292868854301,0.0045831330209579295,0.0629946963627572,0.07275498119389716,0.006932896318931
2023-09-18,1945.699951171875,1955.699951171875,1943.800048828125,1953.4000244140625,138031,0.0036995547337528,0.0036927282126838,0.004143511642347504,0.004582879847497238,0.06577620816091383,0.07275096218980386,0.0036995547337528
2023-09-19,1955.300048828125,1958.9000244140625,1950.9000244140625,1953.699951171875,131097,0.0001535408795247,0.0001535290933303,0.004142122285341584,0.0045548586515306265,0.06575415280219413,0.0723061394940063,0.0001535408795247
2023-09-20,1953.0,1968.9000244140625,1948.5999755859373,1967.0999755859373,220980,0.0068587934426802,0.0068353789215405,0.004730666573353118,0.00463875320784141,0.07509700373195068,0.07363792428810892,0.0068587934426802
2023-09-21,1952.0,1952.199951171875,1933.0999755859373,1939.5999755859373,225908,-0.0139799706884794,-0.0140786108824544,0.00713221737760384,0.005240928459147692,0.1132204408655581,0.08319716005191438,0.0139799706884794
2023-09-22,1939.5999755859373,1949.0999755859373,1939.5999755859373,1945.5999755859373,139926,0.0030934213629216,0.0030886465794679,0.007153358791479057,0.005272661083880703,0.11355605040642679,0.0837008998528597,0.0030934213629216
2023-09-25,1944.699951171875,1946.800048828125,1933.800048828125,1936.5999755859373,164259,-0.0046258224264674,-0.0046365546527333,0.00746743876130547,0.0053354401648191,0.11854191535811094,0.08469748686706086,0.0046258224264674
2023-09-26,1935.0999755859373,1935.5,1917.199951171875,1919.800048828125,212263,-0.0086749597075304,-0.0087128062073674,0.007488594043221872,0.005555048807979168,0.11887774504730851,0.08818366600043205,0.0086749597075304
2023-09-27,1918.800048828125,1921.699951171875,1890.300048828125,1890.9000244140625,238525,-0.015053663756131,-0.0151681202648815,0.008435615097429896,0.006127526026007933,0.13391123822196843,0.09727146010135734,0.015053663756131
2023-09-28,1893.300048828125,1896.800048828125,1874.5,1878.5999755859373,231419,-0.0065048647042758,-0.0065261135339856,0.008181299467363517,0.006197146307606436,0.12987410275193437,0.09837664780925288,0.0065048647042758
2023-09-29,1882.300048828125,1896.699951171875,1862.300048828125,1866.0999755859373,245131,-0.0066538912820443,-0.0066761271080414,0.006091176925216965,0.006192577806107567,0.09669443601491501,0.0983041250962715,0.0066538912820443
2023-10-02,1864.4000244140625,1864.699951171875,1842.699951171875,1847.199951171875,202147,-0.0101280878095117,-0.0101797258497954,0.005557300665719221,0.006411238195763013,0.08821941313384052,0.10177525117192424,0.0101280878095117
2023-10-03,1844.9000244140625,1849.300048828125,1830.9000244140625,1841.5,216784,-0.0030857250555138,-0.0030904957215765,0.003960000267170616,0.006359894181589089,0.06286305539209673,0.10096019021502836,0.0030857250555138
2023-10-04,1838.699951171875,1846.800048828125,1831.5999755859373,1834.800048828125,195048,-0.0036383117957506,-0.0036449465498704,0.004107521227166796,0.006346621589398099,0.06520487803201312,0.10074949434588515,0.0036383117957506
2023-10-05,1837.5999755859373,1843.5,1826.199951171875,1831.800048828125,172464,-0.0016350555483776,-0.0016363937105459,0.004648665241078096,0.005847302500960822,0.07379527293769658,0.09282304954865013,0.0016350555483776
2023-10-06,1834.300048828125,1849.0,1823.5,1845.199951171875,231024,0.0073151555773363,0.0072885295967217,0.005530823646165688,0.006087227519007163,0.08779910347865945,0.09663174113496995,0.0073151555773363
2023-10-09,1861.0,1877.300048828125,1857.5,1864.300048828125,187802,0.0103512346421426,0.010298027471121,0.007359380166954181,0.006462803343304553,0.11682653835205062,0.10259382251220385,0.0103512346421426
2023-10-10,1875.4000244140625,1879.0999755859373,1866.0999755859373,1875.300048828125,157340,0.0059003377739084,0.0058829989508304,0.007300663834046927,0.0065373138701376714,0.11589444546342899,0.10377664045654486,0.0059003377739084
2023-10-11,1873.699951171875,1890.9000244140625,1871.699951171875,1887.300048828125,169964,0.0063989759972005,0.0063785894726633,0.005703224528084451,0.006390421162682748,0.090535882634851,0.10144479101653672,0.0063989759972005
2023-10-12,1888.0999755859373,1898.300048828125,1880.5999755859373,1883.0,163475,-0.002278412926866,-0.0022810124588875,0.005564069025600301,0.006311708500187429,0.08832685751601525,0.10019526623657046,0.002278412926866
2023-10-13,1881.699951171875,1946.199951171875,1881.5,1941.5,312994,0.0310674455655868,0.0305946205145695,0.011130866919092257,0.008658164225120016,0.17669703446684293,0.1374440961001429,0.0310674455655868
2023-10-16,1941.300048828125,1943.0,1921.199951171875,1934.300048828125,182823,-0.0037084476805948,-0.0037153410203651,0.011457747030054914,0.008677009207627701,0.18188609535968525,0.13774325092320308,0.0037084476805948
2023-10-17,1933.300048828125,1944.5,1924.5999755859373,1935.699951171875,165063,0.0007237255381336,0.0007234637750951,0.011776757913486898,0.008582088980381875,0.18695023613818954,0.13623643902910992,0.0007237255381336
2023-10-18,1936.699951171875,1975.800048828125,1935.9000244140625,1968.300048828125,270045,0.0168415035793711,0.0167012578997467,0.012334030256288616,0.009091299718050573,0.19579666032771562,0.1443199088898807,0.0168415035793711
2023-10-19,1960.0999755859373,1990.199951171875,1957.0,1980.5,264821,0.006198217176867,0.0061790872357724,0.012326697019873602,0.009147291321506837,0.1956802488085594,0.1452087480393988,0.006198217176867
2023-10-20,1988.0,2009.199951171875,1983.699951171875,1994.4000244140625,289109,0.0070184420166941,0.0069939273886837,0.012316412460394574,0.009218943850527846,0.19551698648820723,0.14634619667498938,0.0070184420166941
2023-10-23,1987.699951171875,1994.300048828125,1971.0,1987.800048828125,212290,-0.0033092536628285,-0.0033147413528477,0.012464785274487281,0.009246664244423566,0.19787233189267997,0.14678624428594633,0.0033092536628285
2023-10-24,1984.0999755859373,1992.0,1964.5999755859373,1986.0999755859373,200943,-0.0008552536474631,-0.0008556195855253,0.007329136757535134,0.009159258492812109,0.11634643911132159,0.14539872099442275,0.0008552536474631
2023-10-25,1982.699951171875,1998.5999755859373,1973.5999755859373,1994.9000244140625,240655,0.0044308186578216,0.004421031480322,0.006651293873281072,0.009170981658391832,0.10558601691305566,0.14558482047863702,0.0044308186578216
2023-10-26,1991.199951171875,2003.699951171875,1981.5999755859373,1997.4000244140625,214053,0.0012531956335677,0.0012524110393513,0.0066048977991496945,0.009169271091496912,0.1048495020692876,0.14555766607100765,0.0012531956335677
2023-10-27,1995.0,2019.699951171875,1986.4000244140625,1998.5,213757,0.0005507037010576,0.000550552119423,0.003818396591088535,0.009103962992418158,0.06061516672222233,0.14452093213844314,0.0005507037010576
2023-10-30,2013.5,2016.800048828125,1999.699951171875,2005.5999755859373,181339,0.0035526522821802,0.0035463565197582,0.0034698576187548796,0.009102458070845414,0.05508228206416909,0.14449704224909832,0.0035526522821802
2023-10-31,2005.5999755859373,2017.699951171875,1987.4000244140625,1994.300048828125,214776,-0.005634187722061,-0.0056501196281193,0.003595226873957363,0.009180248248711676,0.05707245729208406,0.14573192303956398,0.005634187722061
2023-11-01,1993.300048828125,2005.9000244140625,1978.199951171875,1987.5,197629,-0.0034097420957898,-0.00341556851453,0.0036108021108097626,0.009135033343778805,0.05731970651201833,0.14501415867552914,0.0034097420957898
2023-11-02,1992.0,1999.199951171875,1986.300048828125,1993.5,158650,0.0030188679245282,0.0030143202929226,0.003754754858992248,0.008731636585981396,0.059604885545429295,0.13861043367059897,0.0030188679245282
2023-11-03,1993.5,2011.9000244140625,1989.300048828125,1999.199951171875,222189,0.0028592682076122,0.0028551882755006,0.0035229928399782566,0.0087297595769087,0.05592577755146183,0.13858063707530915,0.0028592682076122
2023-11-06,1999.4000244140625,2000.0999755859373,1984.199951171875,1988.5999755859373,146279,-0.0053021087659212,-0.0053162148279475,0.004061507050954827,0.008745494385087763,0.06447442562977088,0.1388304194115238,0.0053021087659212
2023-11-07,1984.800048828125,1985.199951171875,1962.800048828125,1973.5,218948,-0.0075932695219349,-0.007622245166061,0.004773170887061447,0.008706714362932383,0.07577173879426895,0.13821480564475952,0.0075932695219349
2023-11-08,1975.300048828125,1977.5,1953.199951171875,1957.800048828125,189359,-0.00795538442963,-0.0079871973352692,0.004606487245012745,0.008345592344158022,0.07312571800736871,0.13248217131700019,0.00795538442963
2023-11-09,1955.5,1971.5,1948.300048828125,1969.800048828125,214077,0.0061293286856247,0.0061106207563358,0.005687619435260572,0.008262105261984695,0.09028815946606264,0.13115685497429797,0.0061293286856247
2023-11-10,1964.0999755859373,1965.5999755859373,1936.9000244140625,1937.699951171875,229637,-0.0162961198398522,-0.0164303620164437,0.007949791181544513,0.008766956299803438,0.12619902264756672,0.13917111674550553,0.0162961198398522
2023-11-13,1943.4000244140625,1953.5,1935.5999755859373,1950.199951171875,183702,0.006450947161577,0.0064302288559975,0.008511414496117808,0.008541859750435267,0.13511451637270713,0.13559781980186378,0.006450947161577
2023-11-14,1950.300048828125,1975.300048828125,1938.800048828125,1966.5,180741,0.0083581423629564,0.0083234065083421,0.009364232298056465,0.008569541005702196,0.14865257927817765,0.13603724610635012,0.0083581423629564
2023-11-15,1966.9000244140625,1979.199951171875,1958.800048828125,1964.300048828125,142924,-0.0011187140462115,-0.0011193402738601,0.009274924871408609,0.0085222940333258,0.14723486783132944,0.13528722367169804,0.0011187140462115
2023-11-16,1963.0,1991.0999755859373,1959.0,1987.300048828125,186810,0.0117090054616255,0.0116409855063168,0.01007207805599663,0.008656425309315633,0.15988928233078786,0.13741649166752723,0.0117090054616255
2023-11-17,1984.199951171875,1996.4000244140625,1981.0999755859373,1984.699951171875,133120,-0.001308356862258,-0.0013092135083783,0.009371693469539439,0.008642964267285573,0.1487710217035766,0.13720280424993128,0.001308356862258
2023-11-20,1980.9000244140625,1987.800048828125,1967.199951171875,1980.300048828125,177887,-0.0022169105920277,-0.0022193715761749,0.009287722596069695,0.008551799196197885,0.14743802541213372,0.13575560361181,0.0022169105920277
2023-11-21,1980.0,2009.800048828125,1979.9000244140625,2001.5999755859373,230024,0.0107559088181696,0.0106984754956052,0.006055837894050339,0.008672299609427274,0.09613344628666988,0.1376684883695229,0.0107559088181696
2023-11-22,2000.300048828125,2008.300048828125,1988.5999755859373,1992.800048828125,199370,-0.0043964462755532,-0.004406139065132,0.006856534645294732,0.00871639328264242,0.10884411316288994,0.13836845373183462,0.0043964462755532
2023-11-23,1991.199951171875,1999.5,1990.9000244140625,1993.300048828125,199370,0.0002509032455584,0.0002508717746031,0.00649799295876871,0.008687255659753533,0.10315244033970475,0.13790590830807717,0.0002509032455584
2023-11-24,1991.199951171875,2004.5,1990.9000244140625,2003.0,214880,0.004866277496746,0.0048544754409741,0.006419638704078695,0.006760992425252387,0.10190860510726318,0.10732742743925561,0.004866277496746
2023-11-27,2002.5,2018.9000244140625,2001.4000244140625,2012.4000244140625,251250,0.0046929727479094,0.0046819950831592,0.005237245953800209,0.006730505580350611,0.08313870209180775,0.10684346378004103,0.0046929727479094
2023-11-28,2014.300048828125,2044.0999755859373,2011.5,2040.0,174665,0.013714954905138,0.0136217560892847,0.006638819373200277,0.007097277343279624,0.10538799036339382,0.11266578501582648,0.013714954905138
2023-11-29,2041.699951171875,2052.10009765625,2036.0,2047.0999755859373,15290,0.0034803801891849,0.0034743376821434,0.0060823176450024215,0.006514527081868875,0.0965537993014587,0.10341491140692216,0.0034803801891849
2023-11-30,2046.0999755859373,2047.0999755859373,2033.0999755859373,2038.0999755859373,151918,-0.0043964633419645,-0.0044061562069063,0.006288254039292231,0.006528665534183741,0.09982293821258777,0.10363935237941303,0.0043964633419645
2023-12-01,2056.5,2095.699951171875,2052.60009765625,2089.699951171875,241615,0.0253176861802881,0.0250025023064596,0.009816281000678957,0.007836475628848394,0.1558286299639487,0.12440019401490811,0.0253176861802881
2023-12-04,2094.39990234375,2152.300048828125,2038.4000244140625,2042.199951171875,378224,-0.0227305360146861,-0.0229928574080921,0.014910923546831866,0.008974452897898604,0.23670357313928572,0.14246502312421588,0.0227305360146861
2023-12-05,2049.0,2059.60009765625,2027.5999755859373,2036.300048828125,209549,-0.0028889934799795,-0.0028931746765513,0.015085097322695184,0.00899613099389851,0.23946849611434637,0.1428091522296947,0.0028889934799795
2023-12-06,2037.800048828125,2053.39990234375,2035.300048828125,2047.9000244140625,154219,0.0056965944643634,0.0056804302284621,0.01511464550352812,0.00901634571674534,0.23993755894341626,0.14313005100654355,0.0056965944643634
2023-12-07,2043.4000244140625,2057.199951171875,2036.5999755859373,2046.4000244140625,173977,-0.0007324576308012,-0.00073272600895,0.014308700924701753,0.009021054499268778,0.22714358538696472,0.14320480061175297,0.0007324576308012
2023-12-08,2045.699951171875,2050.39990234375,2010.5999755859373,2014.5,237289,-0.0155883620179276,-0.0157111381234256,0.01542607311192899,0.00950747502184174,0.24488131896278614,0.15092648702370978,0.0155883620179276
2023-12-11,2020.0,2023.699951171875,1991.199951171875,1993.699951171875,160072,-0.0103251669536486,-0.0103788412738309,0.0157272912496635,0.009680284694465052,0.24966300865975122,0.15366975553115642,0.0103251669536486
2023-12-12,1997.800048828125,2012.5,1992.300048828125,1993.199951171875,148532,-0.0002507899946058,-0.0002508214476753,0.009954271909287042,0.009624914265829322,0.1580191677281377,0.15279077722621326,0.0002507899946058
2023-12-13,1995.0999755859373,2043.300048828125,1987.9000244140625,1997.300048828125,192679,0.0020570428239472,0.0020549300082961,0.007369864400035957,0.009609353782656583,0.11699297039258032,0.15254376221368282,0.0020570428239472
2023-12-14,2043.199951171875,2062.89990234375,2039.0999755859373,2044.9000244140625,231095,0.0238321606279765,0.0235526075465775,0.012594436589151471,0.01052678960767065,0.19993048270720415,0.16710760443477438,0.0238321606279765
2023-12-15,2051.300048828125,2059.60009765625,2029.199951171875,2035.699951171875,172147,-0.0044990332692785,-0.0045091843776831,0.012505454025115523,0.010565276182609855,0.19851792829444415,0.1677185598713971,0.0044990332692785
2023-12-18,2033.300048828125,2048.0,2029.5,2040.5,141406,0.0023579353260592,0.0023551597587741,0.01256210870624598,0.01050870158545684,0.19941729347571727,0.16682046598385386,0.0023579353260592
2023-12-19,2041.0999755859373,2061.0,2034.800048828125,2052.10009765625,134781,0.0056849290155598,0.005668830789303,0.010694206911455636,0.010417332982649139,0.16976527174067854,0.16537003437984218,0.0056849290155598
2023-12-20,2053.800048828125,2056.89990234375,2040.5999755859373,2047.699951171875,122567,-0.0021442163028014,-0.0021465184260001,0.009403430380109499,0.01029150807034877,0.14927482954007584,0.16337262581974243,0.0021442163028014
2023-12-21,2044.4000244140625,2058.0,2043.300048828125,2051.300048828125,119952,0.0017581177624141,0.0017565740824302,0.009286903451110612,0.010255300160511963,0.14742502188903703,0.1627978430702126,0.0017581177624141
2023-12-22,2061.199951171875,2083.0,2058.199951171875,2069.10009765625,170150,0.0086774476694884,0.0086400150112135,0.009374977051629279,0.009771230441541202,0.14882314695329169,0.15511347450853125,0.0086774476694884
2023-12-26,2066.0,2080.5,2065.10009765625,2069.800048828125,79573,0.0003382877284032,0.0003382305220107,0.004473072788815349,0.009743990724937658,0.07100782917297332,0.15468105741303012,0.0003382877284032
2023-12-27,2079.300048828125,2095.800048828125,2072.800048828125,2093.10009765625,128179,0.0112571496175764,0.011194259444757,0.0047655877419136485,0.009822949829381568,0.07565136009696827,0.1559344943376479,0.0112571496175764
2023-12-28,2089.5,2098.199951171875,2074.60009765625,2083.5,129544,-0.0045865449373394,-0.0045970954070667,0.005777374741385961,0.009882701137115105,0.09171298077920015,0.15688301694229087,0.0045865449373394
2023-12-29,2076.10009765625,2084.10009765625,2067.60009765625,2071.800048828125,105724,-0.0056155273203143,-0.0056313536705344,0.006441998122055117,0.00980241946901454,0.10226354986381773,0.15560858497050173,0.0056155273203143
2024-01-02,2072.699951171875,2088.10009765625,2064.300048828125,2073.39990234375,157555,0.0007722045940339,0.000771906597466,0.006267770564695504,0.009789690487004047,0.09949777313397107,0.15540651864544505,0.0007722045940339
2024-01-03,2067.89990234375,2074.300048828125,2038.300048828125,2042.800048828125,221680,-0.0147582979438917,-0.0148682851134033,0.008859272321459184,0.010212726580532941,0.14063658815747326,0.16212200843993535,0.0147582979438917
2024-01-04,2049.300048828125,2058.10009765625,2043.300048828125,2050.0,130263,0.0035245501271674,0.0035183534564172,0.008149510226294008,0.010060847262704104,0.12936946419450998,0.1597109990143199,0.0035245501271674
2024-01-05,2051.39990234375,2071.10009765625,2030.800048828125,2049.800048828125,214684,-9.753715701221743e-05,-9.754191407004556e-05,0.008136603094659599,0.010014116889465564,0.12916456983184704,0.15896917733674545,9.753715701221743e-05
2024-01-08,2052.60009765625,2053.300048828125,2022.699951171875,2033.5,220988,-0.0079520189481133,-0.0079838048711045,0.006176065904562446,0.01014608011314867,0.09804200678530446,0.1610640285691768,0.0079520189481133
2024-01-09,2034.5,2048.60009765625,2031.9000244140625,2033.0,218745,-0.0002458814851241,-0.0002459117189325,0.0063351526739663985,0.010116849553168088,0.10056743095764568,0.16060000781482614,0.0002458814851241
2024-01-10,2036.0,2046.199951171875,2025.9000244140625,2027.800048828125,205007,-0.0025577723422897,-0.002561049030508,0.006268575275643439,0.010100935532142943,0.09951054752424424,0.1603473805628766,0.0025577723422897
2024-01-11,2029.4000244140625,2056.10009765625,2017.300048828125,2019.199951171875,301337,-0.0042410974697529,-0.0042501164328608,0.006042070712083295,0.009806526331028017,0.09591489904823607,0.15567377938384083,0.0042410974697529
2024-01-12,2033.199951171875,2067.300048828125,2033.0999755859373,2051.60009765625,272352,0.0160460317293347,0.0159186549501785,0.007690566063142305,0.010232451150919942,0.12208395146632561,0.1624351262877049,0.0160460317293347
2024-01-16,2053.39990234375,2062.800048828125,2027.5999755859373,2030.199951171875,285254,-0.0104309541166538,-0.0104857378157196,0.008575906941465311,0.010382583267485193,0.13613830220369863,0.16481839975311738,0.0104309541166538
2024-01-17,2031.699951171875,2036.0999755859373,2004.5999755859373,2006.5,254292,-0.0116737029562998,-0.0117423755924649,0.009372358623440534,0.009414016049945786,0.14878158069441189,0.14944287183916297,0.0116737029562998
2024-01-18,2009.0999755859373,2025.5999755859373,2007.699951171875,2021.5999755859373,171928,0.0075255298210501,0.0074973542904088,0.009826272755806347,0.008628008346000773,0.15598724415931747,0.13696538635984665,0.0075255298210501
2024-01-19,2027.4000244140625,2041.9000244140625,2022.199951171875,2029.300048828125,172805,0.0038089005417385,0.0038016650471031,0.009982437234140308,0.00864539952267098,0.15846627839908023,0.1372414627307036,0.0038089005417385
2024-01-22,2031.800048828125,2034.0999755859373,2017.4000244140625,2022.199951171875,152756,-0.0034987914479922,-0.0035049265332265,0.01002544814840159,0.00859644802935696,0.1591490554958615,0.13646438186501875,0.0034987914479922
2024-01-23,2023.199951171875,2039.300048828125,2020.800048828125,2025.800048828125,156699,0.0017802876783592,0.0017787048445716,0.009893598912779304,0.00860518536813921,0.15705601376779832,0.13660308281824887,0.0017802876783592
2024-01-24,2030.699951171875,2037.9000244140625,2011.699951171875,2016.0,234459,-0.0048376190107183,-0.0048493581645693,0.007212823478464585,0.0081589023445819,0.11450002304775082,0.12951855945015314,0.0048376190107183
2024-01-25,2014.800048828125,2025.5999755859373,2004.0,2017.800048828125,196670,0.0008928813631572,0.0008924829817135,0.006349281534075399,0.007920250554287625,0.1007917196585891,0.1257300797277992,0.0008928813631572
2024-01-26,2021.0,2028.0999755859373,2015.5999755859373,2017.300048828125,119588,-0.0002477946218161,-0.000247825327976,0.004215281696094993,0.007920241684627889,0.06691552244369939,0.12572993892631595,0.0002477946218161
2024-01-29,2024.4000244140625,2037.199951171875,2018.800048828125,2025.4000244140625,150708,0.0040152557328507,0.0040072161071339,0.003410261560267315,0.007942144483731364,0.05413622396490255,0.12607763508297998,0.0040152557328507
2024-01-30,2032.5,2048.5,2028.0999755859373,2031.5,26907,0.0030117386750314,0.0030072124756507,0.003283471289293591,0.0066347095852781314,0.05212349081094876,0.10532274950269455,0.0030117386750314
2024-01-31,2035.4000244140625,2055.0,2030.0,2048.39990234375,238373,0.0083189280550086,0.0082845164862083,0.0040400265564385016,0.006759719599449504,0.06413343335059757,0.1073072219560352,0.0083189280550086
2024-02-01,2057.89990234375,2083.199951171875,2046.4000244140625,2071.10009765625,260921,0.0110819158341721,0.0110209613199901,0.0053360040375708155,0.007036431620027175,0.08470643806949361,0.11169988910341944,0.0110819158341721
2024-02-02,2072.0,2074.699951171875,2044.199951171875,2053.699951171875,219800,-0.0084014029568468,-0.0084368936636181,0.006309315932833237,0.007148996840932421,0.1001572854072855,0.11348680658816143,0.0084014029568468
2024-02-05,2057.89990234375,2059.10009765625,2030.800048828125,2042.9000244140625,170431,-0.0052587656496022,-0.0052726416260651,0.006989437192067297,0.007204370671111327,0.11095387568709397,0.11436583889092847,0.0052587656496022
2024-02-06,2041.4000244140625,2055.300048828125,2038.800048828125,2051.39990234375,126384,0.0041606920691703,0.0041520603243281,0.006973967390887857,0.007238472655693183,0.1107083002065795,0.11490719111343257,0.0041606920691703
2024-02-07,2052.60009765625,2061.300048828125,2046.4000244140625,2051.699951171875,125631,0.0001462654004136,0.0001462547046728,0.006979625695496567,0.007052086911016951,0.11079812300760089,0.11194840914338723,0.0001462654004136
2024-02-08,2051.0,2053.800048828125,2034.5999755859373,2047.9000244140625,137076,-0.0018520869757988,-0.0018538042095202,0.007087774769016751,0.007057043590983034,0.11251493632593958,0.11202709399849997,0.0018520869757988
2024-02-09,2049.699951171875,2051.89990234375,2034.300048828125,2038.699951171875,116031,-0.0044924425667799,-0.0045025639113027,0.006569479602854765,0.006744181390546099,0.10428725563359048,0.10706056053656854,0.0044924425667799
2024-02-12,2038.199951171875,2041.800048828125,2025.4000244140625,2033.0,116025,-0.0027958754639684,-0.0027997912241283,0.004044358336652179,0.006717893608632524,0.06420219822967506,0.1066432549357916,0.0027958754639684
2024-02-13,2033.699951171875,2047.300048828125,2002.800048828125,2007.199951171875,217571,-0.0126906290349851,-0.0127718429026214,0.005217238908771291,0.007010735905070501,0.08282110009811303,0.11129198227420727,0.0126906290349851
2024-02-14,2006.300048828125,2008.800048828125,1996.4000244140625,2004.300048828125,193607,-0.0014447501067629,-0.0014457947644992,0.005172023547137873,0.007002746623648023,0.08210332848418177,0.11116515636341935,0.0014447501067629
2024-02-15,2004.800048828125,2020.199951171875,2001.800048828125,2014.9000244140625,204249,0.0052886171370074,0.0052746815132557,0.005432744992394071,0.006599907225034845,0.08624215311783723,0.10477027916124364,0.0052886171370074
2024-02-16,2016.0999755859373,2027.199951171875,2006.5999755859373,2024.0999755859373,162356,0.0045659591346474,0.0045555667653194,0.006022918997629688,0.006624157925023119,0.09561087500648748,0.10515524708897289,0.0045659591346474
2024-02-20,2027.699951171875,2042.699951171875,2023.9000244140625,2039.800048828125,202432,0.0077565700467157,0.0077266425143184,0.007047974350162173,0.006789764996700251,0.11188312426374705,0.10778417785104094,0.0077565700467157
2024-02-21,2036.199951171875,2043.5,2030.9000244140625,2034.300048828125,120599,-0.0026963427141595,-0.0026999843937928,0.0069116751098126615,0.006647583370538662,0.1097194409006361,0.10552711450808301,0.0026963427141595
2024-02-22,2036.5,2045.5,2029.300048828125,2030.699951171875,147947,-0.0017696984563922,-0.0017712662226276,0.00686031104696312,0.006655616133493474,0.10890406168088142,0.105654630666798,0.0017696984563922
2024-02-23,2034.0999755859373,2053.199951171875,2025.4000244140625,2049.39990234375,212029,0.0092086234409389,0.0091664825767754,0.004895830261320748,0.006844695043028155,0.07771889599583441,0.10865616530357428,0.0092086234409389
2024-02-26,2044.199951171875,2046.800048828125,2034.0999755859373,2038.9000244140625,129021,-0.005123391446286,-0.0051365610174116,0.005597912425958374,0.00686707588448869,0.08886410484122478,0.10901145014739591,0.005123391446286
2024-02-27,2041.199951171875,2049.10009765625,2038.0999755859373,2044.0999755859373,148780,0.0025503708419294,0.0025471241651952,0.005461437214005685,0.006214152130039016,0.08669762801551492,0.09864660687123326,0.0025503708419294
2024-02-28,2039.699951171875,2047.4000244140625,2033.4000244140625,2042.699951171875,137077,-0.0006849099509729,-0.0006851446089458,0.0054219896185999554,0.005902566149827293,0.08607141685193659,0.0937003327773062,0.0006849099509729
2024-02-29,2043.800048828125,2059.39990234375,2036.0,2054.699951171875,227074,0.0058745779051474,0.0058573898545427,0.005085883183082273,0.005541585127901888,0.08073589259736766,0.08796993670513474,0.0058745779051474
2024-03-01,2052.800048828125,2097.10009765625,2047.0,2095.699951171875,330592,0.019954251703085,0.0197577750188461,0.008418040047890893,0.006451168600507967,0.13363224295980936,0.10240912669615605,0.019954251703085
2024-03-04,2091.60009765625,2128.39990234375,2088.10009765625,2126.300048828125,328253,0.0146013734643353,0.014495799849847,0.008723453166493311,0.0068866951431126,0.13848052591356141,0.10932289622275386,0.0146013734643353
2024-03-05,2123.300048828125,2150.5,2118.5,2141.89990234375,283148,0.0073366190835684,0.0073098370072657,0.008659538357691097,0.0068952546369396945,0.137465909778452,0.10945877397484437,0.0073366190835684
2024-03-06,2136.39990234375,2160.699951171875,2131.89990234375,2158.199951171875,319763,0.0076100889730135,0.0075812783213518,0.007029668197769681,0.006972270061710599,0.11159252310358915,0.11068135594120328,0.0076100889730135
2024-03-07,2156.699951171875,2172.199951171875,2151.699951171875,2165.199951171875,267795,0.0032434436837973,0.0032381950663336,0.006941531326173554,0.006848565810597035,0.11019339364211765,0.10871761183379541,0.0032434436837973
2024-03-08,2166.60009765625,2203.0,2161.199951171875,2185.5,389682,0.0093756000766294,0.0093319219318698,0.005708930590573994,0.00695820346026913,0.09062646356872736,0.11045805556596733,0.0093756000766294
2024-03-11,2187.60009765625,2195.5,2180.89990234375,2188.60009765625,242418,0.0014184844000229,0.0014174793013918,0.006413351475246269,0.006940588232864329,0.10180879844370505,0.11017842249996161,0.0014184844000229
2024-03-12,2189.10009765625,2190.800048828125,2156.199951171875,2166.10009765625,316254,-0.0102805441816872,-0.0103337539739231,0.007880376215336438,0.007330101162839738,0.1250970942204516,0.1163617485709159,0.0102805441816872
2024-03-13,2163.60009765625,2185.60009765625,2161.300048828125,2180.800048828125,232273,0.0067863674387811,0.0067634437014359,0.006721820930528212,0.007375578065288269,0.10670559923811854,0.11708367201657406,0.0067863674387811
2024-03-14,2179.5,2181.300048828125,2157.0,2167.5,207225,-0.0060987016371684,-0.0061173746775769,0.0073770630662150635,0.007445518974047073,0.11710724567546804,0.11819394952284798,0.0060987016371684
2024-03-15,2166.199951171875,2176.89990234375,2158.699951171875,2161.5,187847,-0.0027681660899654,-0.0027720045470104,0.0070312832473741985,0.007285007660267896,0.11161816122124067,0.11564591140961623,0.0027681660899654
2024-03-18,2159.89990234375,2167.199951171875,2149.199951171875,2164.300048828125,211858,0.0012954193051699,0.0012945809734977,0.006930401976495886,0.00704393889887149,0.11001672069311173,0.11181906346048869,0.0012954193051699
2024-03-19,2164.0,2166.300048828125,2150.199951171875,2159.699951171875,178162,-0.0021254435856713,-0.0021277055465711,0.005552925511391212,0.00695878114162145,0.08814995971204387,0.110467225973139,0.0021254435856713
2024-03-20,2161.39990234375,2192.199951171875,2152.300048828125,2161.0,233572,0.0006019580763612,0.0006017769722727,0.0054851076655750884,0.006948858291048284,0.08707338478515436,0.1103097056036583,0.0006019580763612
2024-03-21,2190.199951171875,2225.300048828125,2168.199951171875,2184.699951171875,391750,0.010967122245199,0.0109074194751242,0.005874199941176538,0.0071404199097880264,0.0932500331749402,0.11335065202724026,0.010967122245199
2024-03-22,2183.39990234375,2188.0,2158.39990234375,2160.0,205808,-0.0113058780262369,-0.0113702753037995,0.006913778855264492,0.0075202892027253065,0.10975283682436004,0.11938089010617219,0.0113058780262369
2024-03-25,2166.60009765625,2182.5,2164.39990234375,2176.39990234375,211610,0.0075925473813658,0.0075638690630155,0.007272993402527681,0.00749494183929855,0.11545519098061038,0.11897851318606195,0.0075925473813658
2024-03-26,2173.0,2200.60009765625,2168.300048828125,2177.199951171875,202373,0.0003676019408305,0.0003675343917906,0.007125444720165165,0.007444193243730968,0.11311292826177151,0.11817290420651626,0.0003676019408305
2024-03-27,2179.39990234375,2196.199951171875,2172.10009765625,2190.60009765625,31200,0.0061547615216335,0.0061358983363096,0.007384631158753099,0.006910398957981358,0.11722738541999664,0.10969918261835136,0.0061547615216335
2024-03-28,2193.60009765625,2234.10009765625,2187.10009765625,2217.39990234375,250248,0.0122340014118385,0.0121597708280425,0.008089341723482331,0.007060629994974002,0.12841431882331725,0.11208402639686664,0.0122340014118385
2024-04-01,2259.199951171875,2286.39990234375,2249.10009765625,2257.10009765625,220767,0.0179039402277134,0.0177455524065896,0.009473585692365139,0.007536743791633979,0.1503885105963469,0.11964209860724109,0.0179039402277134
2024-04-02,2272.699951171875,2301.89990234375,2267.10009765625,2281.800048828125,277228,0.0109432236512343,0.0108837798572605,0.00947161637099823,0.007647680768400302,0.15035724858881647,0.12140316851759134,0.0109432236512343
2024-04-03,2301.699951171875,2321.800048828125,2285.699951171875,2315.0,254574,0.0145498950221014,0.0144450609591154,0.005808181152073087,0.007859444922721703,0.09220201738798808,0.12476482025118532,0.0145498950221014
2024-04-04,2321.0,2325.300048828125,2298.699951171875,2308.5,236227,-0.0028077753779697,-0.0028117245732908,0.0075767830922502544,0.007862870135126413,0.1202777027998388,0.12481919381244794,0.0028077753779697
2024-04-05,2309.5,2350.0,2286.199951171875,2345.39990234375,293212,0.0159843631551872,0.0158579584425655,0.007073116835145552,0.008059570266525977,0.11228224883939623,0.12794171159566978,0.0159843631551872
2024-04-08,2343.60009765625,2372.5,2321.699951171875,2351.0,285570,0.0023876941627967,0.0023848481504602,0.007600976266479231,0.00802838560589572,0.12066175753444958,0.12744667045518412,0.0023876941627967
2024-04-09,2358.10009765625,2384.5,2355.699951171875,2362.39990234375,279608,0.0048489588871756,0.0048372405519139,0.00777734343471485,0.00781474894481394,0.1234614995339784,0.12405529359829266,0.0048489588871756
2024-04-10,2372.39990234375,2378.10009765625,2337.10009765625,2348.39990234375,353847,-0.0059261770143617,-0.0059438064861171,0.008473735087427674,0.008054090907972386,0.13451637430305477,0.12785472947520804,0.0059261770143617
2024-04-11,2351.699951171875,2395.60009765625,2343.10009765625,2372.699951171875,260415,0.0103474918406669,0.0102943230084749,0.008415222837683495,0.00805312700657963,0.13358752113421077,0.1278394280149663,0.0103474918406669
2024-04-12,2389.39990234375,2448.800048828125,2350.60009765625,2374.10009765625,479894,0.0005901068458671,0.0005899328012889,0.007558555426185437,0.008091843779332192,0.11998834757150699,0.128454037728588,0.0005901068458671
2024-04-15,2369.39990234375,2404.300048828125,2340.199951171875,2383.0,343730,0.0037487477265747,0.0037417386831119,0.007014165437027523,0.007573742916193386,0.11134642440623704,0.12022944150110886,0.0037487477265747
2024-04-16,2399.10009765625,2414.800048828125,2379.199951171875,2407.800048828125,297592,0.0104070704272449,0.0103532896813284,0.005693812690537465,0.007414428744885269,0.09038647434567422,0.11770040743545113,0.0104070704272449
2024-04-17,2398.0,2412.0,2370.699951171875,2388.39990234375,284352,-0.0080572082776628,-0.0080898429949623,0.007268028422143866,0.0077149815079159325,0.11537637436045105,0.1224715346364459,0.0080572082776628
2024-04-18,2377.89990234375,2408.0,2377.199951171875,2398.0,200546,0.0040194682836947,0.0040114118023513,0.007225799727705059,0.007679459287373354,0.11470601461839494,0.12190763686701118,0.0040194682836947
2024-04-19,2394.0,2433.300048828125,2386.800048828125,2413.800048828125,275405,0.0065888443820372,0.0065672328250747,0.006391301597857305,0.007699169145519013,0.10145876749164107,0.12222052116518985,0.0065888443820372
2024-04-22,2403.699951171875,2404.300048828125,2338.199951171875,2346.39990234375,262673,-0.02792283748486,-0.0283200923689024,0.01297915777382132,0.009536380869756037,0.20603774217961157,0.1513853531338099,0.02792283748486
2024-04-23,2342.300048828125,2347.89990234375,2304.60009765625,2342.10009765625,270225,-0.0018325114500751,-0.0018341925532569,0.012945834046778747,0.009566517117533249,0.20550874441253691,0.15186375123621265,0.0018325114500751
2024-04-24,2335.699951171875,2350.89990234375,2324.800048828125,2338.39990234375,187699,-0.001579862157131,-0.0015811114553348,0.012715401196268548,0.00929993763308337,0.20185073631443864,0.1476319331132955,0.001579862157131
2024-04-25,2327.39990234375,2357.60009765625,2316.39990234375,2342.5,224471,0.001753377449315,0.0017518420775373,0.011609771766694454,0.009267086487924332,0.18429941323735513,0.14711043735104853,0.001753377449315
2024-04-26,2344.199951171875,2364.39990234375,2338.0,2347.199951171875,171011,0.0020063825707044,0.002004372473428,0.011626704604991309,0.009126995457160432,0.1845682137120988,0.14488656118117665,0.0020063825707044
2024-04-29,2347.60009765625,2358.89990234375,2331.0,2357.699951171875,187309,0.0044734152259835,0.0044634392441664,0.011669819072420257,0.009073020551018569,0.18525263466445477,0.14402973610904013,0.0044734152259835
2024-04-30,2347.0,2347.60009765625,2296.199951171875,2302.89990234375,229064,-0.0232430122420315,-0.0235173909819731,0.013203851968878539,0.010255460976856095,0.20960465194657904,0.16280039595053258,0.0232430122420315
2024-05-01,2298.199951171875,2339.5,2291.699951171875,2311.0,227384,0.0035173468234577,0.0035111754261821,0.009607621395045635,0.01022657272222135,0.1525162614129252,0.1623418091250871,0.0035173468234577
2024-05-02,2329.89990234375,2336.10009765625,2294.300048828125,2309.60009765625,193658,-0.0006057560985504,-0.0006059396429016,0.009625109204495177,0.010235902935480264,0.15279387178159787,0.1624899216688608,0.0006057560985504
2024-05-03,2313.5,2330.699951171875,2285.199951171875,2308.60009765625,231400,-0.0004329753886894,-0.0004330691495981,0.009642285590273556,0.010112770494894929,0.15306653845275284,0.16053525477218142,0.0004329753886894
2024-05-06,2312.800048828125,2341.89990234375,2300.60009765625,2331.199951171875,191895,0.0097894189377227,0.0097418130135697,0.010568402822416263,0.009894624476994133,0.16776819373959928,0.1570722940949941,0.0097894189377227
2024-05-07,2334.800048828125,2338.699951171875,2318.199951171875,2324.199951171875,204623,-0.0030027454300868,-0.0030072627152504,0.010528689761262585,0.009899123166612636,0.1671377684379169,0.15714370857873147,0.0030027454300868
2024-05-08,2322.0,2329.60009765625,2311.39990234375,2322.300048828125,214693,-0.0008174435864659,-0.0008177778756619,0.010225867339036352,0.009909212423892793,0.16233061151416806,0.15730387057279133,0.0008174435864659
2024-05-09,2316.5,2354.199951171875,2312.89990234375,2340.300048828125,249092,0.007750936408533,0.0077210522218838,0.004848277695219751,0.00993542584609921,0.07696402241119722,0.15771999574981202,0.007750936408533
2024-05-10,2353.5,2385.300048828125,2352.0,2375.0,275241,0.0148271377378514,0.0147182903423195,0.006805509696137646,0.010036017483159358,0.10803411720611376,0.15931683848361614,0.0148271377378514
2024-05-13,2369.10009765625,2370.800048828125,2337.60009765625,2343.0,243075,-0.0134736842105263,-0.0135652779609459,0.009456434051372127,0.00999304159203549,0.15011623673648186,0.1586346173619053,0.0134736842105263
2024-05-14,2342.300048828125,2365.199951171875,2340.5,2359.89990234375,192076,0.0072129331386043,0.007187044351227,0.009557276798956252,0.009891534000269195,0.1517170657262742,0.15702323429791318,0.0072129331386043
2024-05-15,2362.89990234375,2396.10009765625,2357.10009765625,2394.89990234375,249843,0.0148311375263161,0.0147222316840847,0.010299225709510036,0.009904776490721391,0.1634951395433179,0.15723345231676714,0.0148311375263161
2024-05-16,2391.5,2402.699951171875,2375.199951171875,2385.5,191026,-0.0039249666904871,-0.0039326895869456,0.010407629100751098,0.009922368969970334,0.16521599003031723,0.15751272426699375,0.0039249666904871
2024-05-17,2381.39990234375,2427.39990234375,2377.800048828125,2417.39990234375,218553,0.0133724176666316,0.0132837960719697,0.010741233485885803,0.009798328008377833,0.1705117954663995,0.1555436350464393,0.0133724176666316
2024-05-20,2422.199951171875,2454.199951171875,2411.10009765625,2438.5,281430,0.008728426618944,0.0086905541219757,0.010777126658268988,0.009895964684124728,0.17108158191374595,0.15709356922363132,0.008728426618944
2024-05-21,2431.5,2438.199951171875,2408.5,2425.89990234375,229421,-0.0051671509765224,-0.0051805468667795,0.01067800247006037,0.009939795998411478,0.16950803420827898,0.15778936976707045,0.0051671509765224
2024-05-22,2425.39990234375,2430.5,2378.0,2392.89990234375,253852,-0.0136031993604177,-0.0136965706088945,0.010711531258548415,0.010217410839392753,0.1700402872248829,0.16219636874405363,0.0136031993604177
2024-05-23,2383.0,2385.699951171875,2328.10009765625,2337.199951171875,273658,-0.0232771755798556,-0.0235523678858701,0.014331041720297399,0.010938773800112486,0.22749823452238915,0.17364765073851962,0.0232771755798556
2024-05-24,2330.39990234375,2349.0,2326.300048828125,2334.5,178343,-0.0011552076109369,-0.0011558753775713,0.01248894573384352,0.010937724824950288,0.19825586729478611,0.17363099877405566,0.0011552076109369
2024-05-28,2338.0,2365.5,2333.800048828125,2356.5,316223,0.009423859498822,0.0093797319527938,0.013411696780469851,0.011062151152994575,0.21290408604317315,0.17560620549738043,0.009423859498822
2024-05-29,2362.5,2363.699951171875,2334.199951171875,2341.199951171875,119317,-0.0064927005423828,-0.0065138698027446,0.011689874618284668,0.010926887360272957,0.18557100658504405,0.17345895935578368,0.0064927005423828
2024-05-30,2336.89990234375,2349.5,2320.800048828125,2342.89990234375,32587,0.0007261025146629,0.000725839029769,0.010511843047509278,0.010845215679513744,0.16687033514791724,0.17216246161711046,0.0007261025146629
2024-05-31,2344.10009765625,2354.0,2319.0,2322.89990234375,183406,-0.0085364295674743,-0.0085730735706837,0.010563096429586473,0.010903566228004449,0.16768395736488065,0.1730887478581342,0.0085364295674743
2024-06-03,2348.0,2375.5,2334.800048828125,2369.300048828125,173149,0.019975095111743,0.019778210440976,0.013748182920634209,0.01148341347619035,0.21824563792214263,0.18229353756076447,0.019975095111743
2024-06-04,2371.300048828125,2373.10009765625,2335.10009765625,2347.39990234375,171547,-0.0092432980344583,-0.0092862823969583,0.010700368982783894,0.010404059006949011,0.1698630915904522,0.16515931654817226,0.0092432980344583
2024-06-05,2347.10009765625,2377.60009765625,2345.300048828125,2375.5,171862,0.011970733077135,0.0118996505628319,0.011450777474515682,0.01062014664201889,0.1817754570954525,0.16858960141091814,0.011970733077135
2024-06-06,2375.300048828125,2397.800048828125,2372.199951171875,2390.89990234375,172202,0.0064828046069249,0.0064618816069364,0.011207741120344308,0.01066691223464491,0.17791737457934087,0.16933198217893616,0.0064828046069249
2024-06-07,2395.699951171875,2406.699951171875,2304.199951171875,2325.0,314551,-0.0275628027250951,-0.0279497842124556,0.01579770188108626,0.011853032294387462,0.2507807427821491,0.18816105439779937,0.0275628027250951
2024-06-10,2311.0,2331.300048828125,2304.5,2327.0,142888,0.0008602150537635,0.0008598452808351,0.015800061113174398,0.011847582322884402,0.2508181944304909,0.18807453878230246,0.0008602150537635
2024-06-11,2329.5,2337.300048828125,2314.5,2326.60009765625,145501,-0.0001718531773743,-0.0001718679458236,0.015435256701633288,0.011814437325923853,0.2450271039297887,0.18754837826732082,0.0001718531773743
2024-06-12,2334.0,2358.800048828125,2327.199951171875,2354.800048828125,241670,0.0121206696416298,0.01204780253321,0.013986671563720627,0.011202427611140047,0.22203152776286206,0.1778330252356797,0.0121206696416298
2024-06-13,2340.89990234375,2342.39990234375,2310.89990234375,2318.0,182657,-0.0156276745647422,-0.0157510739899811,0.014813353489279625,0.01158143498391754,0.2351546964931488,0.18384958075625488,0.0156276745647422
2024-06-14,2319.60009765625,2352.300048828125,2316.699951171875,2349.10009765625,163367,0.0134167806972604,0.0133275727317937,0.015044121630611407,0.011829529996729838,0.2388180271680318,0.18778796698875522,0.0134167806972604
2024-06-17,2348.5,2348.699951171875,2324.300048828125,2329.0,122702,-0.0085565096507825,-0.0085933267471498,0.014786193503099765,0.011947170700998525,0.23472354507888563,0.18965545527407587,0.0085565096507825
2024-06-18,2333.699951171875,2348.199951171875,2320.199951171875,2346.89990234375,154251,0.0076856600874839,0.0076562758640609,0.010729091442163281,0.011895994989947499,0.1703190464978123,0.1888430660464284,0.0076856600874839
2024-06-20,2344.199951171875,2379.5,2338.5,2369.0,252687,0.009416719321595,0.0093726584103834,0.011138338375126573,0.011993072618351244,0.17681564015443305,0.19038412562217388,0.009416719321595
2024-06-21,2373.800048828125,2382.60009765625,2329.199951171875,2331.199951171875,194824,-0.015956120231374,-0.0160847896633347,0.013202322617889716,0.012371905918527007,0.2095803742522765,0.19639791782586358,0.015956120231374
2024-06-24,2333.5,2347.5,2329.5,2344.39990234375,117625,0.0056622990083881,0.0056463284517082,0.012447305788178842,0.012333777061796275,0.19759485364977625,0.1957926409897552,0.0056622990083881
2024-06-25,2346.800048828125,2349.699951171875,2327.10009765625,2330.800048828125,144271,-0.0058009955989286,-0.005817886729156,0.010926725696133795,0.01205821341248622,0.17345639301713484,0.1914182036710923,0.0058009955989286
2024-06-26,2331.800048828125,2335.800048828125,2304.699951171875,2313.199951171875,191628,-0.0075510971715908,-0.0075797510424151,0.00971008757694427,0.011886683426868045,0.15414286162351376,0.18869524956507522,0.0075510971715908
2024-06-27,2309.39990234375,2342.0,2306.800048828125,2336.60009765625,140228,0.0101159203606762,0.010065096901626,0.010210963923913133,0.011962019447765952,0.16209402713355847,0.18989117182144138,0.0101159203606762
2024-06-28,2338.60009765625,2350.60009765625,2329.699951171875,2339.60009765625,135383,0.001283916748531,0.0012830932322313,0.00973688264538938,0.01162354390663516,0.15456822014832608,0.18451803918118084,0.001283916748531
2024-07-01,2336.199951171875,2348.800048828125,2328.199951171875,2338.89990234375,142601,-0.000299279912495,-0.0002993247056653,0.00874562905814562,0.011607832656051528,0.13883255728004013,0.1842686308102002,0.000299279912495
2024-07-02,2341.60009765625,2346.10009765625,2327.39990234375,2333.39990234375,153709,-0.0023515328699995,-0.0023543020655068,0.006220551012813975,0.011306637196314636,0.09874818598618046,0.17948730111528668,0.0023515328699995
2024-07-03,2338.60009765625,2374.5,2335.699951171875,2369.39990234375,193642,0.0154281312705295,0.0153103277667819,0.008382095318786588,0.011570864640204771,0.1330616380748879,0.18368178175183614,0.0154281312705295
2024-07-05,2365.800048828125,2401.5,2356.0,2397.699951171875,293254,0.0119439731554522,0.0118732068381019,0.008472481807998377,0.011772872774863068,0.1344964791088956,0.18688856147454352,0.0119439731554522
2024-07-08,2396.199951171875,2399.300048828125,2358.300048828125,2363.5,240781,-0.0142636492756984,-0.0143663529098656,0.010210183369072428,0.011799152049982126,0.16208163620959953,0.187305732034144,0.0142636492756984
2024-07-09,2366.5,2378.300048828125,2356.0,2367.89990234375,252489,0.0018616045456949,0.0018598739074624,0.009733409451009811,0.010978460247164049,0.1545130848968261,0.17427765355442865,0.0018616045456949
2024-07-10,2371.0,2393.39990234375,2369.699951171875,2379.699951171875,163900,0.0049833393786811,0.0049709636409713,0.009791896642440205,0.011003847788137622,0.1554415402772708,0.17468066827332185,0.0049833393786811
2024-07-11,2377.39990234375,2430.39990234375,2376.800048828125,2421.89990234375,303520,0.0177333075756436,0.0175779069651893,0.011210625767356135,0.01133078303949188,0.17796316693102188,0.17987060449274442,0.0177333075756436
2024-07-12,2421.0,2423.199951171875,2396.10009765625,2420.699951171875,220933,-0.000495458615244,-0.0004955813954204,0.01102689077459527,0.011247081082718071,0.17504646434310886,0.17854187712150657,0.000495458615244
2024-07-15,2419.300048828125,2445.0,2406.10009765625,2428.89990234375,193535,0.0033874298084342,0.003381705391811,0.010084935143256512,0.011253911657469721,0.1600933822636337,0.17865030913413357,0.0033874298084342
2024-07-16,2427.10009765625,2474.5,2424.5,2467.800048828125,246085,0.0160155412114095,0.0158886455072231,0.01074281595594776,0.01140832243237934,0.17053691639984633,0.1811015041950913,0.0160155412114095
2024-07-17,2473.199951171875,2488.39990234375,2455.5,2459.89990234375,259540,-0.0032012911613833,-0.0032064262561509,0.008056067273040042,0.010929549099573463,0.12788610329802141,0.17350121315724784,0.0032012911613833
2024-07-18,2462.5,2478.5,2442.89990234375,2456.39990234375,192770,-0.0014228221224226,-0.0014238352949755,0.008408550820611012,0.010761137525012074,0.13348160614670895,0.17082776229208235,0.0014228221224226
2024-07-19,2448.0,2448.39990234375,2395.699951171875,2399.10009765625,254408,-0.0233267411518898,-0.0236031159880797,0.013713190303102231,0.011489757288048283,0.21769014733986575,0.18239424245200608,0.0233267411518898
2024-07-22,2403.699951171875,2414.39990234375,2385.199951171875,2394.699951171875,197562,-0.0018340820746385,-0.0018357660625298,0.011626754317726492,0.011437990236561963,0.18456900287730454,0.18157246598596682,0.0018340820746385
2024-07-23,2398.0,2413.5,2389.199951171875,2407.300048828125,171191,0.0052616602969755,0.0052478661280986,0.01191417466049332,0.010202126379489973,0.18913165936951634,0.16195373546509345,0.0052616602969755
2024-07-24,2410.699951171875,2433.0,2397.0,2415.699951171875,245884,0.0034893458120599,0.0034832721695538,0.011920107760526972,0.01021030174251783,0.18922584441267262,0.16208351532978973,0.0034893458120599
2024-07-25,2398.10009765625,2400.800048828125,2351.89990234375,2353.5,294897,-0.025748210634231,-0.0260854981052473,0.012582737365073733,0.011342325203590478,0.19974476328255147,0.18005383066752276,0.025748210634231
2024-07-26,2363.800048828125,2389.699951171875,2354.60009765625,2381.0,154523,0.0116847248778415,0.0116169856456658,0.014396477235949013,0.011327120816889866,0.22853699113034182,0.17981246851124028,0.0116847248778415
2024-07-29,2386.89990234375,2402.10009765625,2367.300048828125,2377.800048828125,126409,-0.0013439526131352,-0.0013448565274178,0.014399369141035779,0.010921775563932534,0.22858289870039053,0.17337781210456626,0.0013439526131352
2024-07-30,2380.89990234375,2409.300048828125,2373.800048828125,2405.0,25944,0.011439124658644,0.0113741925804165,0.012741960504493905,0.010849395444568276,0.20227235226178789,0.17222881333034828,0.011439124658644
2024-07-31,2407.10009765625,2447.60009765625,2402.800048828125,2426.5,176268,0.0089397089397089,0.0088999863054093,0.013070586017551941,0.010796920478004778,0.20748912055392332,0.17139579906084762,0.0089397089397089
2024-08-01,2493.39990234375,2506.60009765625,2474.0,2480.800048828125,219834,0.0223779306936431,0.022131218623379,0.015216044795232345,0.011406709819703903,0.2415472227972211,0.18107590476248966,0.0223779306936431
2024-08-02,2490.800048828125,2522.5,2453.10009765625,2469.800048828125,309937,-0.0044340534438461,-0.0044439130148556,0.015585774831900455,0.011372833249505443,0.24741650517274877,0.18053813088238796,0.0044340534438461
2024-08-05,2490.300048828125,2500.800048828125,2403.800048828125,2444.39990234375,352229,-0.0102842926480736,-0.0103375413840451,0.011290756397889746,0.011117735569513624,0.17923520125576628,0.17648858075466062,0.0102842926480736
2024-08-06,2451.699951171875,2459.5,2421.800048828125,2431.60009765625,186107,-0.0052363791518839,-0.0052501370338689,0.011550026228449126,0.011159811364759442,0.18335098222049812,0.1771565132972749,0.0052363791518839
2024-08-07,2432.60009765625,2447.300048828125,2418.800048828125,2432.39990234375,166078,0.0003289211446697,0.000328867061969,0.011460545636819615,0.01108156517195838,0.18193052186478642,0.17591439349413954,0.0003289211446697
2024-08-08,2422.800048828125,2467.89990234375,2420.199951171875,2463.300048828125,178509,0.0127035634455505,0.0126235501072439,0.011618998144672411,0.011129107160779136,0.18444587744714447,0.17666909916965834,0.0127035634455505
2024-08-09,2467.300048828125,2476.5,2456.10009765625,2473.39990234375,152173,0.0041001312529627,0.0040917486202679,0.011381899852605343,0.011034568517382451,0.18068205874461876,0.17516834473138007,0.0041001312529627
2024-08-12,2470.10009765625,2513.39990234375,2462.699951171875,2504.0,171204,0.0123716741588184,0.0122957703946281,0.008861692294592872,0.011195744231110572,0.14067500404002042,0.17772692986682775,0.0123716741588184
2024-08-13,2512.60009765625,2517.300048828125,2498.199951171875,2507.800048828125,155078,0.001517591385034,0.0015164410069502,0.008490394092740479,0.011185957850095709,0.13478082781393907,0.17757157588442382,0.001517591385034
2024-08-14,2506.300048828125,2519.699951171875,2476.199951171875,2479.699951171875,187384,-0.0112050789971795,-0.0112683288181765,0.008720329088098014,0.011429440217239597,0.13843093270650003,0.18143673863697615,0.0112050789971795
2024-08-15,2486.199951171875,2508.0,2469.199951171875,2492.39990234375,169322,0.0051215676984923,0.0051084970796913,0.00813018452553618,0.01116664380405948,0.12906267820580636,0.17726497490868995,0.0051215676984923
2024-08-16,2494.39990234375,2548.300048828125,2488.199951171875,2537.800048828125,223934,0.0182154342253353,0.0180515207146959,0.009618935301590515,0.01141991765191911,0.15269586411137148,0.1812855725988879,0.0182154342253353
2024-08-19,2549.699951171875,2549.89990234375,2523.699951171875,2541.300048828125,155994,0.0013791472663955,0.0013781971163019,0.009272779344931602,0.011003230260610652,0.14720080865439267,0.17467086532773726,0.0013791472663955
2024-08-20,2542.39990234375,2570.39990234375,2535.10009765625,2550.60009765625,191196,0.0036595634712295,0.0036528835609064,0.009277440284893988,0.011004646168638364,0.1472747987824903,0.17469334217086124,0.0036595634712295
2024-08-21,2552.199951171875,2558.0,2528.199951171875,2547.5,148894,-0.0012154385389927,-0.0012161777834786,0.008746876424656715,0.011015362473579331,0.13885235860953277,0.17486345823794525,0.0012154385389927
2024-08-22,2549.89990234375,2551.39990234375,2506.39990234375,2516.699951171875,177369,-0.0120903037598135,-0.0121639859781684,0.010363393674281319,0.010922926424294004,0.1645137744048497,0.17339608144642754,0.0120903037598135
2024-08-23,2521.10009765625,2554.5,2519.800048828125,2546.300048828125,164613,0.0117614726548815,0.0116928441262821,0.00963037994532467,0.011080063758921807,0.15287754219835734,0.17589055930107977,0.0117614726548815
2024-08-26,2545.10009765625,2563.199951171875,2544.0,2555.199951171875,127485,0.0034952292240051,0.0034891351064377,0.00961371712497431,0.011080631546638563,0.15261302812562932,0.17589957265165584,0.0034952292240051
2024-08-27,2553.800048828125,2561.39990234375,2538.5,2552.89990234375,146222,-0.0009001443613326,-0.0009005497345494,0.007176452685042323,0.010755324670254073,0.11392265460146236,0.1707354860835003,0.0009001443613326
2024-08-28,2559.800048828125,2564.300048828125,2527.800048828125,2537.800048828125,165123,-0.0059147847911162,-0.0059323464137318,0.007606814031517619,0.01080479616012852,0.1207544291814736,0.17152082163867413,0.0059147847911162
2024-08-29,2539.199951171875,2562.199951171875,2536.5,2560.300048828125,159965,0.0088659467125433,0.0088268749757906,0.00826955841081902,0.010885068476607829,0.1312751700440978,0.17279510515807806,0.0088659467125433
2024-08-30,2553.60009765625,2560.10009765625,2526.60009765625,2527.60009765625,175644,-0.0127719214733609,-0.0128541836436822,0.00971333535870879,0.01020639608439959,0.15419441856068297,0.1620215149292683,0.0127719214733609
2024-09-03,2536.0,2539.5,2504.39990234375,2523.0,273539,-0.0018199467789684,-0.0018216048942006,0.00846885773803008,0.010206223280668426,0.13443894878167553,0.16201877175507862,0.0018199467789684
2024-09-04,2524.60009765625,2531.5,2502.699951171875,2526.0,167957,0.0011890606420927,0.0011883542693787,0.0068998392688323,0.010185540367762579,0.10953155274988803,0.16169044069145494,0.0011890606420927
2024-09-05,2526.39990234375,2554.0,2523.699951171875,2543.10009765625,152709,0.0067696348599564,0.0067468237725081,0.007360666935345436,0.010223438466738616,0.11684696516699981,0.1622920543617712,0.0067696348599564
2024-09-06,2547.10009765625,2559.800048828125,2513.89990234375,2524.60009765625,228117,-0.0072745858556845,-0.0073011746823137,0.007778557303762339,0.008991176447318762,0.12348076910772154,0.1427305012410401,0.0072745858556845
2024-09-09,2526.5,2536.5,2514.199951171875,2532.699951171875,140583,0.0032083709111572,0.0032032350713926,0.007692139331955277,0.00882028695989921,0.12210892633447308,0.1400177147287155,0.0032083709111572
2024-09-10,2536.0,2547.5,2528.89990234375,2543.10009765625,156108,0.0041063476467329,0.004097939610921,0.006922687344721276,0.008803051658713042,0.1098942547103194,0.1397441128044561,0.0041063476467329
2024-09-11,2545.699951171875,2558.0,2529.0,2542.39990234375,194085,-0.0002753314008934,-0.0002753693115423,0.004577596276201244,0.00864109355014952,0.07266708809570298,0.13717310753603923,0.0002753314008934
2024-09-12,2540.60009765625,2588.5,2538.699951171875,2580.60009765625,233679,0.0150252504640535,0.0149134894888019,0.006821800312775417,0.008880417882186025,0.10829272272807837,0.14097226352757067,0.0150252504640535
2024-09-13,2587.5,2614.60009765625,2585.0,2610.699951171875,174674,0.0116638969141178,0.0115963980281884,0.0074172894555523125,0.008227957216047398,0.11774581980943857,0.13061477155044457,0.0116638969141178
2024-09-16,2608.0,2617.39990234375,2602.5,2608.89990234375,127576,-0.0006894889729924,-0.0006897267798308,0.007611411970904397,0.008159255419270298,0.12082741920643818,0.12952416433707153,0.0006894889729924
2024-09-17,2609.800048828125,2613.699951171875,2587.300048828125,2592.39990234375,159525,-0.0063245048172131,-0.0063445892252105,0.0073887138861632885,0.00798621286933231,0.117292196708386,0.12677719901686121,0.0063245048172131
2024-09-18,2596.0,2627.199951171875,2572.5,2598.60009765625,233128,0.0023916816641191,0.0023888261456158,0.0074063411656509,0.007868699444880169,0.11757202109527512,0.12491173123598955,0.0023916816641191
2024-09-19,2585.10009765625,2620.5,2575.300048828125,2614.60009765625,204475,0.006157161317138,0.0061382834491515,0.00746543462892532,0.007891639346495474,0.11851010074287696,0.12527589088463587,0.006157161317138
2024-09-20,2611.199951171875,2651.0,2608.699951171875,2646.199951171875,207209,0.0120859222578439,0.0120134706780245,0.007744380898879104,0.007864701616623013,0.12293823549955778,0.12484826767987285,0.0120859222578439
2024-09-23,2646.199951171875,2659.800048828125,2638.60009765625,2652.5,170494,0.0023807909244859,0.002377961331995,0.006615008740909981,0.007858298886148137,0.10501000829379786,0.12474662748458308,0.0023807909244859
2024-09-24,2653.300048828125,2689.39990234375,2647.10009765625,2677.0,216553,0.0092365692742695,0.0091941730322142,0.00619358097174166,0.007740570543188398,0.0983200498570212,0.12287774797817194,0.0092365692742695
2024-09-25,2682.800048828125,2694.89990234375,2673.39990234375,2684.699951171875,189943,0.0028763358878876,0.002872207149016,0.005922152662912158,0.007740062165164102,0.094011259033347,0.12286967772722614,0.0028763358878876
2024-09-26,2681.199951171875,2708.699951171875,2677.5,2694.89990234375,217643,0.0037992890667066,0.0037920899964716,0.0038058985684932957,0.00730988174324443,0.06041676676421991,0.1160407752354964,0.0037992890667066
2024-09-27,2695.10009765625,2696.89990234375,2665.300048828125,2668.10009765625,196732,-0.0099446382643719,-0.0099944164719403,0.00701844455033632,0.0076545664878691485,0.1114143532241187,0.12151247592546527,0.0099446382643719
2024-09-30,2680.5,2687.699951171875,2646.199951171875,2659.39990234375,173252,-0.0032608204317906,-0.0032661484924537,0.007384173420279108,0.007099034658775714,0.11722011904699052,0.1126936815344929,0.0032608204317906
2024-10-01,2656.10009765625,2694.699951171875,2653.800048828125,2690.300048828125,202756,0.011619217725451,0.0115522329893456,0.007284134232826353,0.0073311495484093,0.11563204617882475,0.11637839117588693,0.011619217725451
2024-10-02,2684.60009765625,2684.800048828125,2662.10009765625,2669.699951171875,128680,-0.007657174769492,-0.0076866414496075,0.008214176912569083,0.007527449557542095,0.13039601601447687,0.11949455721503743,0.007657174769492
2024-10-03,2679.89990234375,2683.39990234375,2657.800048828125,2679.199951171875,138551,0.0035584523256368,0.003552136013921,0.007509966856742169,0.007517430707802826,0.1192170279436633,0.11933551290603925,0.0035584523256368
2024-10-04,2675.699951171875,2690.60009765625,2651.60009765625,2667.800048828125,192656,-0.0042549651207495,-0.0042640432453931,0.007560670777480381,0.007148533541314798,0.12002192773227874,0.11347945193473696,0.0042549651207495
2024-10-07,2671.699951171875,2679.199951171875,2657.300048828125,2666.0,130705,-0.0006747315372888,-0.0006749592710577,0.007283474920766619,0.006918024211139368,0.11562157992434609,0.10982022975959138,0.0006747315372888
2024-10-08,2662.800048828125,2672.39990234375,2623.39990234375,2635.39990234375,233849,-0.0114779060976181,-0.0115442856830731,0.007595554204030308,0.007302686783535082,0.12057568496145211,0.11592655879099202,0.0114779060976181
2024-10-09,2640.699951171875,2642.89990234375,2622.800048828125,2626.0,143000,-0.0035667840525418,-0.0035731601928393,0.007606667442448399,0.007343438781792495,0.12075210215214113,0.11657347670790033,0.0035667840525418
2024-10-10,2625.800048828125,2648.89990234375,2618.800048828125,2639.300048828125,195581,0.005064755837062,0.0050519731039978,0.0058928507834063205,0.007261753931961194,0.09354610611663164,0.11527676991668866,0.005064755837062
2024-10-11,2647.39990234375,2679.0,2645.300048828125,2676.300048828125,168597,0.0140188683800572,0.0139215128657461,0.008132759067950336,0.007502998163137505,0.12910354779961225,0.11910640336221762,0.0140188683800572
2024-10-14,2673.10009765625,2684.199951171875,2660.0,2665.60009765625,123361,-0.0039980387014378,-0.0040060522242144,0.00814222188931091,0.007086743877354583,0.1292537654317389,0.11249857142813909,0.0039980387014378
2024-10-15,2663.5,2685.89990234375,2654.39990234375,2678.89990234375,160564,0.0049894223440321,0.0049770164248367,0.008218560793357152,0.007075917383078064,0.13046560796453238,0.1123267061595811,0.0049894223440321
2024-10-16,2679.5,2702.5,2674.89990234375,2691.300048828125,156877,0.0046288203876247,0.0046181403431911,0.00832286914592861,0.007089764614685864,0.1321214517279579,0.1125465241466668,0.0046288203876247
2024-10-17,2690.39990234375,2712.699951171875,2688.199951171875,2707.5,181816,0.0060193775788504,0.0060013334988469,0.006165588231389175,0.007074174706710612,0.09787567888009392,0.11229904202987741,0.0060193775788504
2024-10-18,2707.800048828125,2737.800048828125,2707.300048828125,2730.0,178959,0.0083102493074791,0.0082759093038596,0.005355986360274957,0.006931721682171915,0.08502364760844919,0.11003767037124718,0.0083102493074791
2024-10-21,2736.300048828125,2755.39990234375,2728.5,2738.89990234375,210450,0.0032600374885531,0.0032547350872325,0.005427665466887032,0.006931875755795012,0.08616151815021822,0.11004011621418902,0.0032600374885531
2024-10-22,2734.699951171875,2763.300048828125,2733.5,2759.800048828125,173695,0.0076308544414092,0.0076018867438477,0.00409424317246612,0.006987307520743666,0.06499409544821692,0.11092006820291417,0.0076308544414092
2024-10-23,2762.60009765625,2772.60009765625,2722.10009765625,2729.39990234375,214515,-0.011015343846118,-0.0110764619854566,0.006592037226387847,0.007410162958982079,0.1046453468058134,0.11763269018357461,0.011015343846118
2024-10-24,2729.199951171875,2756.300048828125,2728.699951171875,2748.89990234375,175872,0.0071444276022927,0.0071190270890736,0.006727386186531602,0.007079279796843908,0.10679394493832282,0.11238008282335703,0.0071444276022927
2024-10-25,2748.60009765625,2760.89990234375,2729.10009765625,2754.60009765625,153487,0.00207362782022,0.00207148082159,0.006738610960567085,0.006846740846089917,0.10697213270204751,0.10868864142037131,0.00207362782022
2024-10-28,2749.199951171875,2758.300048828125,2736.89990234375,2755.89990234375,161907,0.0004718669285628,0.000471755634373,0.006697916328305744,0.006835379150007387,0.1063261254420951,0.10850828008653367,0.0004718669285628
2024-10-29,2754.300048828125,2787.699951171875,2752.0,2781.10009765625,207424,0.0091440894827379,0.0091025354204535,0.006823593729757053,0.006780578186356764,0.10832119234006106,0.10763834175797624,0.0091440894827379
2024-10-30,2786.89990234375,2801.800048828125,2782.39990234375,2800.800048828125,191549,0.007083510294533,0.0070585400839714,0.0070283915767856715,0.0068350557296872234,0.11157225737373609,0.10850314594811708,0.007083510294533
2024-10-31,2799.10009765625,2801.199951171875,2741.800048828125,2749.300048828125,242571,-0.0183876032212824,-0.0185587565100097,0.010384782328368139,0.00778771794340515,0.16485330876240237,0.12362618975379248,0.0183876032212824
2024-11-01,2754.0,2772.39990234375,2742.60009765625,2749.199951171875,180660,-3.6408414677224776e-05,-3.6409077479642205e-05,0.009304473750498529,0.007541118132122681,0.1477039417448853,0.11971153910973925,3.6408414677224776e-05
2024-11-04,2743.5,2757.5,2739.39990234375,2746.199951171875,145248,-0.0010912265580105,-0.001091822379201,0.00892123358466073,0.0075506149790483005,0.1416201927175775,0.11986229688096586,0.0010912265580105
2024-11-05,2746.0,2759.5,2733.39990234375,2749.699951171875,151434,0.0012744884066093,0.0012736769356604,0.00889376333977685,0.0073962161664845524,0.14118411609907675,0.11741129171636175,0.0012744884066093
2024-11-06,2752.60009765625,2758.800048828125,2660.699951171875,2676.300048828125,361313,-0.0266937861029048,-0.0270565352105754,0.013351293307920932,0.00893649619816439,0.2119452106430382,0.141862479195703,0.0266937861029048
2024-11-07,2667.699951171875,2718.300048828125,2650.300048828125,2705.800048828125,292924,0.0110226803653488,0.0109623733825,0.013676813215496929,0.009139232117301006,0.21711267897651912,0.14508081213883653,0.0110226803653488
2024-11-08,2713.60009765625,2717.800048828125,2687.300048828125,2694.800048828125,233110,-0.0040653410457155,-0.0040736270090936,0.012815790144564429,0.008976329929600275,0.20344436146386,0.14249482007872952,0.0040653410457155
2024-11-11,2692.10009765625,2693.39990234375,2617.10009765625,2617.699951171875,281919,-0.0286106932830798,-0.0290279572462561,0.014944773404391688,0.010408875795260984,0.23724092296939522,0.1652357806921214,0.0286106932830798
2024-11-12,2625.699951171875,2633.39990234375,2595.699951171875,2606.300048828125,282766,-0.0043549308768739,-0.0043644412096167,0.014702067875998936,0.010174869557917141,0.2333880921497087,0.1615210468366228,0.0043549308768739
2024-11-13,2604.699951171875,2625.0,2578.10009765625,2586.5,262752,-0.0075969951491301,-0.0076259993064492,0.014432373538319275,0.010173518960841387,0.22910682726469275,0.16149960677271943,0.0075969951491301
2024-11-14,2578.10009765625,2585.800048828125,2541.5,2572.89990234375,266162,-0.005258108508119,-0.005271981010778,0.013901562407871632,0.010164507452773995,0.22068046179883558,0.1613565535170156,0.005258108508119
2024-11-15,2570.39990234375,2580.800048828125,2558.89990234375,2570.10009765625,179892,-0.0010881902886892,-0.001088782797622,0.011790472803656098,0.01014917434685256,0.18716795327006713,0.16111314800644963,0.0010881902886892
2024-11-18,2571.5,2619.5,2568.5,2614.60009765625,195294,0.017314500723369,0.0171663128429488,0.013407386854627877,0.010697446000573074,0.2128356680914912,0.16981669068635324,0.017314500723369
2024-11-19,2616.300048828125,2643.39990234375,2614.199951171875,2631.0,202241,0.0062724323916498,0.0062528425621742,0.014056532256169625,0.01056470280045943,0.223140531874695,0.16770945771193974,0.0062724323916498
2024-11-20,2635.800048828125,2659.0,2621.89990234375,2651.699951171875,182012,0.0078677123420276,0.0078369232808241,0.008961217541114591,0.010637646502089078,0.14225491834883364,0.168867403077263,0.0078677123420276
2024-11-21,2653.5,2676.5,2651.60009765625,2674.89990234375,186297,0.0087490860953638,0.0087110346242766,0.008809210608598716,0.010714588142480767,0.13984188310286494,0.17008881375291365,0.0087490860953638
2024-11-22,2672.0,2718.5,2670.10009765625,2712.199951171875,220554,0.0139444652846421,0.0138481357053079,0.00789969500532941,0.010711359787763879,0.12540377050416412,0.1700375652105649,0.0139444652846421
2024-11-25,2716.89990234375,2723.199951171875,2616.60009765625,2618.5,305339,-0.0345475823533547,-0.0351584609311592,0.017405898976638825,0.012462724142454406,0.2763100802261999,0.19783961243601042,0.0345475823533547
2024-11-26,2626.199951171875,2642.699951171875,2605.300048828125,2621.300048828125,177858,0.0010693331403952,0.0010687618109707,0.017347788199478544,0.012423475824994194,0.27538760023704717,0.1972165647117458,0.0010693331403952
2024-11-27,2633.5,2657.89990234375,2627.199951171875,2639.89990234375,61653,0.0070956598516602,0.0070706041121447,0.016338413692770063,0.012467696799002718,0.2593642766901723,0.19791855091150345,0.0070956598516602
2024-11-29,2636.39990234375,2664.300048828125,2620.699951171875,2657.0,180756,0.0064775553198317,0.0064566661171555,0.01634859511138818,0.012476320275409094,0.25952590170011663,0.19805544435555208,0.0064775553198317
2024-12-02,2673.800048828125,2678.5,2644.5,2658.5,163543,0.0005645464809935,0.0005643871845796,0.016107416592194945,0.012366272718891251,0.2556973113999799,0.19630849355393284,0.0005645464809935
2024-12-03,2662.0,2678.39990234375,2656.60009765625,2667.89990234375,140965,0.0035357917411134,0.0035295555251458,0.015778468073229183,0.012369503968266944,0.2504754155480214,0.19635978804756554,0.0035357917411134
2024-12-04,2665.800048828125,2682.0,2654.199951171875,2676.199951171875,171792,0.003111079550186,0.0031062501560293,0.014642786124017771,0.012290545326739115,0.2324470235115505,0.19510635847151275,0.003111079550186
2024-12-05,2674.199951171875,2680.0,2646.300048828125,2648.39990234375,156116,-0.0103878818232365,-0.0104422124485564,0.005846315672912684,0.012273349596693588,0.09280738413903719,0.19483338471963677,0.0103878818232365
2024-12-06,2655.0,2667.89990234375,2635.60009765625,2659.60009765625,167166,0.0042290423370685,0.0042201250696847,0.005916646463817253,0.012218631691978118,0.09392385083250103,0.19396476491079878,0.0042290423370685
2024-12-09,2665.0,2700.0,2649.699951171875,2685.800048828125,182150,0.0098510867084729,0.0098028810804825,0.006378828980391575,0.01236828565111295,0.10126077082756689,0.19634044786232072,0.0098510867084729
2024-12-10,2684.39990234375,2721.699951171875,2680.699951171875,2718.39990234375,181509,0.012137855731237,0.0120647826663226,0.007266580644162742,0.012590017119427631,0.11535339159750092,0.19986032580030777,0.012137855731237
2024-12-11,2721.199951171875,2759.699951171875,2719.10009765625,2756.699951171875,264985,0.0140891885682836,0.0139908584689191,0.008163314023886347,0.012750351959593965,0.12958859268797557,0.20240556248178423,0.0140891885682836
2024-12-12,2753.60009765625,2761.300048828125,2696.699951171875,2709.39990234375,219468,-0.0171582144106825,-0.0173071223592825,0.01180934216675965,0.01303684791551707,0.1874674951230882,0.2069535447877738,0.0171582144106825
2024-12-13,2704.89990234375,2716.39990234375,2663.300048828125,2675.800048828125,178685,-0.012401216035536,-0.0124787528155725,0.013018227954096753,0.012805648939647717,0.20665796206373513,0.203283374826635,0.012401216035536
2024-12-16,2668.0,2683.39990234375,2661.39990234375,2670.0,115996,-0.0021675942605148,-0.0021699468932709,0.012268777700202528,0.012807047291831967,0.19476080811282512,0.20330557297938384,0.0021675942605148
2024-12-17,2670.199951171875,2675.800048828125,2646.10009765625,2662.0,147053,-0.0029962546816479,-0.0030007524392383,0.012277926953662808,0.012812781277143125,0.19490604800885192,0.20339659717431158,0.0029962546816479
2024-12-18,2663.300048828125,2667.60009765625,2598.10009765625,2653.300048828125,156334,-0.0032682010412753,-0.0032735532749303,0.011536989020978668,0.012812338726162045,0.1831440229679526,0.20338957189528115,0.0032682010412753
2024-12-19,2600.60009765625,2640.89990234375,2596.699951171875,2608.10009765625,191587,-0.0170353711755435,-0.0171821423669514,0.010968496951808654,0.012256565700681215,0.17411949114393427,0.1945669486303597,0.0170353711755435
2024-12-20,2609.699951171875,2653.800048828125,2603.699951171875,2645.10009765625,153567,0.0141865720695497,0.014086884367597,0.010998021290012946,0.012374728376234396,0.1745881754830082,0.19644272295294207,0.0141865720695497
2024-12-23,2639.10009765625,2646.800048828125,2623.199951171875,2628.199951171875,105131,-0.0063892275756783,-0.0064097260497768,0.009842501345637012,0.012403880926937352,0.15624486503624474,0.19690550534840143,0.0063892275756783
2024-12-24,2629.39990234375,2635.800048828125,2624.199951171875,2635.5,53366,0.0027775850253972,0.0027737346642663,0.009422254618940772,0.011243036183341262,0.14957365506748166,0.17847766633453066,0.0027775850253972
2024-12-26,2638.0,2655.699951171875,2634.10009765625,2653.89990234375,79265,0.0069815603656802,0.0069573021146277,0.010030690378120663,0.011272097671234665,0.15923227331277431,0.17893900315270342,0.0069815603656802
2024-12-27,2653.699951171875,2654.60009765625,2625.199951171875,2631.89990234375,93897,-0.0082896871809562,-0.0083242377122902,0.010414258444955379,0.01129030057900521,0.16532122760703707,0.17922796535529806,0.0082896871809562
2024-12-30,2636.10009765625,2640.699951171875,2608.39990234375,2618.10009765625,110915,-0.0052432862948971,-0.0052570805597965,0.010494174149015321,0.011290033791481646,0.16658985007978452,0.17922373023465657,0.0052432862948971
2024-12-31,2620.0,2642.0,2614.300048828125,2641.0,86292,0.0087467634886269,0.0087087321593298,0.008640581637985692,0.0113804669284258,0.13716498118236764,0.18065931177845865,0.0087467634886269
2025-01-02,2641.0,2674.199951171875,2636.10009765625,2669.0,144517,0.0106020446800454,0.0105462371073919,0.00785647899675228,0.011110844684126818,0.12471773763605258,0.1763791913403814,0.0106020446800454
2025-01-03,2671.10009765625,2681.0,2649.699951171875,2654.699951171875,121173,-0.0053578302091138,-0.0053722348561959,0.007696003477128434,0.011114298033631833,0.12217026773742122,0.17643401156426416,0.0053578302091138
2025-01-06,2652.800048828125,2663.800048828125,2624.60009765625,2647.39990234375,169923,-0.0027498583502449,-0.0027536461562651,0.00782078993843342,0.011035726816555581,0.12415119139902588,0.17518673216071554,0.0027498583502449
2025-01-07,2647.10009765625,2678.5,2643.5,2665.39990234375,161617,0.0067991239193083,0.0067761141150658,0.007796517676866523,0.010988090683573813,0.12376588119184716,0.17443053199297218,0.0067991239193083
2025-01-08,2662.89990234375,2687.0,2658.39990234375,2672.39990234375,197370,0.0026262475637688,0.0026228050016653,0.006730681291594536,0.010680682042029306,0.10684625310956494,0.16955057109457838,0.0026262475637688
2025-01-09,2679.89990234375,2696.800048828125,2673.699951171875,2690.800048828125,156645,0.0068852518922177,0.0068616567889789,0.006017565892051453,0.00859249113255176,0.09552589708987617,0.13640156807555814,0.0068852518922177
2025-01-10,2692.89990234375,2735.0,2686.89990234375,2715.0,298408,0.0089935895394435,0.0089533880702624,0.006051083608499798,0.008717367499661349,0.09605797434329877,0.13838391894756522,0.0089935895394435
2025-01-13,2716.800048828125,2723.800048828125,2675.199951171875,2678.60009765625,211094,-0.0134069621892265,-0.0134976469570703,0.008117673817022643,0.009037681931203953,0.12886407686509416,0.1434687529108057,0.0134069621892265
2025-01-14,2682.0,2693.699951171875,2672.0,2682.300048828125,179414,0.0013813003199367,0.0013803472022434,0.007689784996208572,0.008969572084173285,0.1220715524131419,0.14238754260833894,0.0013813003199367
2025-01-15,2693.300048828125,2722.699951171875,2685.39990234375,2717.800048828125,193720,0.0132349100972166,0.013148093839236,0.008542157272615052,0.009272954515603598,0.13560254282004722,0.14720358940260322,0.0132349100972166
2025-01-16,2722.300048828125,2757.89990234375,2720.39990234375,2750.89990234375,186543,0.0121789141662196,0.0121053478936613,0.009083139958834934,0.009493266588670784,0.1441903767280242,0.15070093513956842,0.0121789141662196
2025-01-17,2746.800048828125,2759.199951171875,2729.199951171875,2748.699951171875,156868,-0.0007997205459931,-0.0008000404930592,0.009294307048068787,0.009491057279224713,0.14754255034718916,0.15066586343938748,0.0007997205459931
2025-01-21,2739.60009765625,2762.0,2715.60009765625,2759.199951171875,294121,0.0038199876983748,0.0038127100731051,0.009211221104127343,0.009258196463887343,0.14622360187650446,0.14696931259454096,0.0038199876983748
2025-01-22,2758.699951171875,2774.39990234375,2756.199951171875,2770.89990234375,158141,0.0042403419030598,0.0042313769872695,0.008920440272400918,0.00925831539459512,0.1416075992758686,0.14697120056099713,0.0042403419030598
2025-01-23,2765.89990234375,2767.10009765625,2741.0,2765.0,194742,-0.0021292369091931,-0.0021315069569863,0.006021189502600428,0.009139231191412424,0.0955834201240406,0.14508079744081093,0.0021292369091931
2025-01-24,2761.800048828125,2794.800048828125,2761.0,2778.89990234375,199562,0.0050270894552442,0.0050144958296032,0.005855720653449705,0.008930493754226897,0.09295668357655536,0.14176719335219973,0.0050270894552442
2025-01-27,2778.10009765625,2778.10009765625,2732.0,2738.39990234375,215514,-0.0145741125708924,-0.0146813582318548,0.008318038564324204,0.008989766928478589,0.1320447686222795,0.14270812582312395,0.0145741125708924
2025-01-28,2742.39990234375,2774.0,2737.39990234375,2767.5,171359,0.0106266793361129,0.0105706130286085,0.007987883800482584,0.00860354966996937,0.12680372422655042,0.13657711691478472,0.0106266793361129
2025-01-29,2771.60009765625,2778.10009765625,2761.0,2769.800048828125,125692,0.0008310926208221,0.0008307474545801,0.007954191180791725,0.008237851086217204,0.12626887047022867,0.13077183187028418,0.0008310926208221
2025-01-30,2772.5,2829.5,2770.0,2823.0,40141,0.0192071450047028,0.0190250162161173,0.010532791757119086,0.008840264648610534,0.16720288560340882,0.14033485070531565,0.0192071450047028
2025-01-31,2829.0,2838.0,2804.0,2812.5,165676,-0.0037194473963868,-0.0037263817408137,0.010841808017622946,0.008855041478354995,0.172108366661619,0.14056942560533436,0.0037194473963868
2025-02-03,2846.5,2872.0,2802.199951171875,2857.10009765625,181344,0.0158578124999999,0.0157333910358376,0.011743901780007443,0.009155550751832836,0.18642866118881085,0.14533986243108074,0.0158578124999999
2025-02-04,2850.39990234375,2877.10009765625,2837.39990234375,2875.800048828125,145862,0.0065450808626603,0.0065237548240982,0.011763850070246433,0.00840076013678722,0.18674533047913067,0.13335793287506365,0.0065450808626603
2025-02-05,2873.699951171875,2906.0,2870.10009765625,2893.0,167383,0.0059809273523323,0.0059631126035235,0.008053080369367924,0.008164210224627577,0.12783868767218223,0.1296028194336921,0.0059809273523323
2025-02-06,2885.0,2894.199951171875,2855.0,2876.699951171875,167701,-0.0056343065427324,-0.005650239122049,0.009373874502523406,0.008135312042760232,0.14880564452883743,0.12914407501831462,0.0056343065427324
2025-02-07,2880.199951171875,2910.60009765625,2876.10009765625,2887.60009765625,192551,0.003789114843185,0.0037819542300944,0.009188899861228703,0.008136248917450515,0.14586926313052245,0.12915894744295534,0.003789114843185
2025-02-10,2884.800048828125,2938.10009765625,2879.89990234375,2934.39990234375,167232,0.0162071627319466,0.016077228698163,0.008515766184676858,0.008456766194264737,0.13518359728696983,0.13424700147505583,0.0162071627319466
2025-02-11,2937.0,2968.5,2907.0,2932.60009765625,218478,-0.0006133467650617,-0.0006135349391367,0.008017055430173337,0.008203551880254706,0.1272668094915516,0.13022734885542167,0.0006133467650617
2025-02-12,2927.0,2936.5,2886.5,2928.699951171875,204625,-0.0013299278300822,-0.0013308129689664,0.007078585296508119,0.008087638054335591,0.11236905797231335,0.12838727391404559,0.0013299278300822
2025-02-13,2928.800048828125,2958.800048828125,2925.800048828125,2945.39990234375,169496,0.005702172107181,0.0056859762623072,0.007026389100119977,0.008042080230160994,0.11154046904215427,0.12766406587581047,0.005702172107181
2025-02-14,2957.300048828125,2964.10009765625,2889.89990234375,2900.699951171875,228078,-0.0151761908922132,-0.0152925278121574,0.009768253272742998,0.008631857635215155,0.1550662134190246,0.13702649193176036,0.0151761908922132
2025-02-18,2895.10009765625,2956.5,2887.60009765625,2949.0,218757,0.0166511702834386,0.0165140594908861,0.01101763876550979,0.008845938487380061,0.17489959325210153,0.1404249201034951,0.0166511702834386
2025-02-19,2954.10009765625,2964.39990234375,2933.699951171875,2936.10009765625,159341,-0.0043743310762123,-0.0043839264548606,0.011419533294688838,0.008890680611133862,0.18127947111701243,0.14113517929898373,0.0043743310762123
2025-02-20,2949.5,2973.39990234375,2939.300048828125,2956.10009765625,172197,0.0068117568661794,0.0067886616702978,0.00999471302929332,0.008890842838493524,0.15866115060580288,0.14113775457848082,0.0068117568661794
2025-02-21,2955.699951171875,2964.699951171875,2930.10009765625,2953.199951171875,163686,-0.0009810718137299,-0.0009815533796747,0.01000615395256277,0.008927311579907353,0.1588427696322425,0.1417166779009319,0.0009810718137299
2025-02-24,2950.39990234375,2974.0,2936.800048828125,2963.199951171875,162775,0.0033861574445821,0.0033804373226475,0.009978455768378604,0.008902684603994784,0.15840307458952632,0.14132573677808247,0.0033861574445821
2025-02-25,2968.5,2970.39990234375,2897.0,2918.800048828125,234850,-0.0149837685864535,-0.0150971593533857,0.01154213827090652,0.009430631228534088,0.1832257647764383,0.14970662962236442,0.0149837685864535
2025-02-26,2929.0,2942.0,2903.300048828125,2930.60009765625,163371,0.0040427739587241,0.0040346239065781,0.009833393144980681,0.008943911419492466,0.15610027683327718,0.14198019218500654,0.0040427739587241
2025-02-27,2931.39990234375,2935.800048828125,2879.0,2895.89990234375,207650,-0.0118406449724244,-0.0119113037264452,0.00829707172501623,0.00934524289332654,0.13171193036675183,0.14835113182341444,0.0118406449724244
2025-02-28,2889.0,2896.10009765625,2844.10009765625,2848.5,210560,-0.0163679353369181,-0.016503369879983,0.009830230776652996,0.009738144821441965,0.15605007579238292,0.15458825657200162,0.0163679353369181
2025-03-03,2872.0,2906.39990234375,2866.300048828125,2901.10009765625,177018,0.0184658935075479,0.0182974691407601,0.012613853029117727,0.010036450882754816,0.20023870913618572,0.15932371848890353,0.0184658935075479
2025-03-04,2904.199951171875,2939.800048828125,2892.5,2920.60009765625,188515,0.0067215881367739,0.0066990989822107,0.013106130397307346,0.010062601892762117,0.20805337008995636,0.15973885290297843,0.0067215881367739
2025-03-05,2929.0,2941.300048828125,2903.39990234375,2926.0,183016,0.0018489016514391,0.0018471945366484,0.013023015432848836,0.01005723525387694,0.20673396093284524,0.15965366015177962,0.0018489016514391
2025-03-06,2929.5,2935.89990234375,2897.60009765625,2926.60009765625,166364,0.0002050914751368,0.0002050704467553,0.011638529982276134,0.01005332339693991,0.18475593575682978,0.15959156134806055,0.0002050914751368
2025-03-07,2919.199951171875,2938.800048828125,2905.300048828125,2914.10009765625,237577,-0.0042711677656303,-0.0042803152589492,0.011633733959051368,0.010090263382079924,0.18467980124842084,0.16017796543274992,0.0042711677656303
2025-03-10,2919.60009765625,2926.39990234375,2885.199951171875,2899.39990234375,221609,-0.0050445059606302,-0.0050572724326166,0.010808037018008657,0.010146629692338658,0.1715722686625862,0.16107275286835146,0.0050445059606302
2025-03-11,2893.199951171875,2929.0,2882.5,2920.89990234375,194119,0.0074153275588579,0.0073879691817607,0.008129857480764661,0.009733828629685986,0.12905748653100824,0.15451973915201847,0.0074153275588579
2025-03-12,2922.300048828125,2948.89990234375,2911.0,2946.800048828125,209823,0.0088671804410662,0.0088280978615194,0.005635316539831346,0.00968648109547329,0.08945787674113653,0.15376812034770496,0.0088671804410662
2025-03-13,2943.300048828125,3001.5,2942.199951171875,2991.300048828125,256564,0.0151011263956293,0.014988239447697,0.007367544943124833,0.009966321925632092,0.11695615015559893,0.15821045580739732,0.0151011263956293
2025-03-14,3001.39990234375,3017.10009765625,2988.60009765625,3001.10009765625,181492,0.0032761838224701,0.0032708288250339,0.007335659763277127,0.00946353912370953,0.11644998861728534,0.15022902626319323,0.0032761838224701
2025-03-17,2994.800048828125,3010.89990234375,2991.39990234375,3006.10009765625,142155,0.0016660557253338,0.0016646693940837,0.007241494636105903,0.009400513110840352,0.11495516356526637,0.14922851932611442,0.0016660557253338
2025-03-18,3009.39990234375,3047.5,3008.199951171875,3040.800048828125,177098,0.0115431788844719,0.0114770646873424,0.006731362463522746,0.009216574039707739,0.10685706637869767,0.14630857709448372,0.0115431788844719
2025-03-19,3041.39990234375,3061.60009765625,3031.300048828125,3041.199951171875,145404,0.0001315122130125,0.0001315035660395,0.0054662415518033445,0.009184727977687001,0.08677389451367665,0.14580303653242205,0.0001315122130125
2025-03-20,3058.0,3065.199951171875,3032.800048828125,3043.800048828125,141231,0.0008549578120464,0.000854592543794,0.005899804294839432,0.009153945656977431,0.09365648968857558,0.14531438234017233,0.0008549578120464
2025-03-21,3052.60009765625,3055.0,3004.10009765625,3021.39990234375,190470,-0.0073592700325368,-0.0073864830544292,0.007515386808995133,0.009207098290966546,0.11930306701833843,0.14615815424655176,0.0073592700325368
2025-03-24,3027.60009765625,3038.39990234375,3007.699951171875,3015.60009765625,202822,-0.0019195753210294,-0.0019214200668664,0.005711925417334586,0.009220947862098547,0.09067400496969684,0.1463780093724328,0.0019195753210294
2025-03-25,3017.5,3042.39990234375,3010.800048828125,3025.89990234375,172592,0.0034155074790935,0.0034096878809129,0.005720721854744024,0.008803124053929929,0.09081364408454914,0.13974526204289606,0.0034155074790935
2025-03-26,3025.800048828125,3036.10009765625,3017.800048828125,3022.5,172002,-0.0011236004010299,-0.0011242321131996,0.005778930339683859,0.008806963676515497,0.09173767513661707,0.13980621416183464,0.0011236004010299
2025-03-27,3025.60009765625,3071.300048828125,3022.300048828125,3061.0,124359,0.0127377998345741,0.0126573564564648,0.006154768712423485,0.009047412942400078,0.09770392434116255,0.1436232279245865,0.0127377998345741
2025-03-28,3069.699951171875,3094.89990234375,3066.800048828125,3086.5,31206,0.0083306109114669,0.0082961028885381,0.006724115516458546,0.00910193795735201,0.10674202466051974,0.14448878570335585,0.0083306109114669
2025-03-31,3091.0,3132.5,3086.0,3122.800048828125,228393,0.0117609100366515,0.0116922880481929,0.007586581541260102,0.008710030697766345,0.12043324835572403,0.13826745082816883,0.0117609100366515
2025-04-01,3157.300048828125,3177.0,3130.5,3146.0,197314,0.0074292144258742,0.0074017537360795,0.00585857776203535,0.008348572742694554,0.09300203876927329,0.13252948367701334,0.0074292144258742
2025-04-02,3147.5,3201.60009765625,3135.699951171875,3166.199951171875,223124,0.0064208363546964,0.0064003105997734,0.004773540693774118,0.008288241251653642,0.07577760929383828,0.1315717509478935,0.0064208363546964
2025-04-03,3196.60009765625,3196.60009765625,3073.5,3121.699951171875,382860,-0.0140547030150542,-0.0141544056498512,0.009340124333295506,0.008779384885573492,0.1482698772019372,0.13936841442808032,0.0140547030150542
2025-04-04,3138.0,3160.199951171875,3032.699951171875,3035.39990234375,341150,-0.0276452093980807,-0.0280345302146488,0.015409088924415415,0.010295318454415527,0.2446117033444977,0.16343311379158415,0.0276452093980807
2025-04-07,3055.10009765625,3084.39990234375,2970.39990234375,2973.60009765625,328515,-0.0203596912023954,-0.0205698065293697,0.016163237658222522,0.010992151558448885,0.2565834433517448,0.17449499638312094,0.0203596912023954
2025-04-08,2997.5,3037.89990234375,2988.60009765625,2990.199951171875,197577,0.0055824095273298,0.0055668856263162,0.015843550177624965,0.010650121226736494,0.2515085619262133,0.16906543319180944,0.0055824095273298
2025-04-09,2998.300048828125,3118.5,2983.300048828125,3079.39990234375,298325,0.0298307647075297,0.0293944826326224,0.019876179289230397,0.011884911201811113,0.3155245644806171,0.18866711636446795,0.0298307647075297
2025-04-10,3099.10009765625,3195.0,3086.10009765625,3177.5,234973,0.0318568879545606,0.0313599829805436,0.02357296776954512,0.012807486330054017,0.37420926229174406,0.20331254249509342,0.0318568879545606
2025-04-11,3194.199951171875,3263.0,3193.39990234375,3244.60009765625,247317,0.0211172612608181,0.0208973820107749,0.024695228608529504,0.012662617068753353,0.39202460080834034,0.20101281426697828,0.0211172612608181
2025-04-14,3246.0,3261.60009765625,3208.699951171875,3226.300048828125,189619,-0.0056401554204921,-0.0056561211582052,0.023874643698665664,0.012504878492180557,0.37899821920166793,0.19850879199234067,0.0056401554204921
2025-04-15,3226.10009765625,3250.89990234375,3225.5,3240.39990234375,123474,0.0043702858699539,0.0043607639030595,0.019194654842673138,0.012492151119544452,0.3047056992926085,0.19830675121531038,0.0043702858699539
2025-04-16,3248.39990234375,3358.39990234375,3245.199951171875,3346.39990234375,258376,0.0327120118487014,0.03218836312627,0.015553800180543876,0.013571852480437924,0.24690892331826378,0.21544647896216312,0.0327120118487014
2025-04-17,3357.5,3371.89990234375,3296.39990234375,3328.39990234375,242065,-0.0053789148115241,-0.0053934332595327,0.017356132475208726,0.013671754474395871,0.27552006150776526,0.21703237395111635,0.0053789148115241
2025-04-21,3347.0,3442.300048828125,3344.0,3425.300048828125,243457,0.0291131322339426,0.0286973946704753,0.017259588982705465,0.014287476021378932,0.27398748107657367,0.22680665049220328,0.0291131322339426
2025-04-22,3435.10009765625,3509.89990234375,3379.10009765625,3419.39990234375,423078,-0.0017225196042004,-0.001724004846912,0.01659313330850593,0.014215624992108919,0.26340782523389455,0.2256660507628484,0.0017225196042004
2025-04-23,3367.699951171875,3396.0,3270.800048828125,3294.10009765625,377411,-0.036643799574778,-0.0373320493598697,0.023462241211588408,0.01616503250623982,0.3724515326764422,0.2566119356807144,0.036643799574778
2025-04-24,3301.800048828125,3377.0,3301.300048828125,3348.60009765625,239603,0.0165447309991511,0.0164093580360803,0.02369218002448928,0.016302602145169404,0.3761016981706249,0.25879578599607816,0.0165447309991511
2025-04-25,3362.0,3384.10009765625,3274.800048828125,3298.39990234375,241249,-0.0149913975537526,-0.0151049044002176,0.024952360730119947,0.016545332378581124,0.39610644669522876,0.2626490089957826,0.0149913975537526
2025-04-28,3336.5,3363.800048828125,3278.0,3347.699951171875,217995,0.0149466560416442,0.0148360554886596,0.022149554307537636,0.016679096055013894,0.35161327409198434,0.26477244152955154,0.0149466560416442
2025-04-29,3354.89990234375,3359.300048828125,3309.199951171875,3333.60009765625,170152,-0.0042118032444005,-0.0042206978714167,0.022104319482488175,0.0167392507547014,0.350895193505902,0.265727367782941,0.0042118032444005
2025-04-30,3324.5,3337.60009765625,3275.60009765625,3319.10009765625,207722,-0.0043496519004168,-0.0043591391570819,0.01812917644747536,0.016730298253628147,0.28779175412657537,0.2655852512342298,0.0043496519004168
2025-05-01,3299.0,3300.60009765625,3209.39990234375,3222.199951171875,214691,-0.0291947044781204,-0.0296293503424672,0.020308926662627694,0.017733873949644357,0.32239421606377106,0.2815165215151545,0.0291947044781204
2025-05-02,3247.60009765625,3277.0,3229.5,3243.300048828125,210994,0.0065483514294562,0.0065270041186847,0.016446074699902946,0.017750757358834825,0.2610733421948065,0.28178453732716,0.0065483514294562
2025-05-05,3247.10009765625,3346.699951171875,3243.10009765625,3322.300048828125,184904,0.0243579067032495,0.0240659838149284,0.01810401294789848,0.01809854732599254,0.28739229595459637,0.28730553189665586,0.0243579067032495
2025-05-06,3345.699951171875,3444.5,3332.10009765625,3422.800048828125,268098,0.0302501274788378,0.029801614972611,0.02022202487749266,0.018719281577707716,0.32101469299204183,0.29715938265844455,0.0302501274788378
2025-05-07,3448.10009765625,3448.199951171875,3367.0,3391.89990234375,304244,-0.0090277392905128,-0.0090687362553258,0.02038070400600479,0.018879029662047773,0.3235336460658392,0.29969530487994117,0.0090277392905128
2025-05-08,3373.10009765625,3422.0,3293.300048828125,3306.0,327126,-0.0253250110017676,-0.0256512081731543,0.02287237851018571,0.01960787687730496,0.36308775258293646,0.31126539573193607,0.0253250110017676
2025-05-09,3310.199951171875,3352.699951171875,3278.89990234375,3344.0,232464,0.0114942528735633,0.0114286958236228,0.023262005274735327,0.019588276767267654,0.3692728857217345,0.31095425363096674,0.0114942528735633
2025-05-12,3281.0,3295.5,3211.199951171875,3228.0,308534,-0.0346889952153109,-0.0353049448147528,0.024521074772762056,0.020736018534763628,0.3892599943724884,0.3291740893476631,0.0346889952153109
2025-05-13,3240.699951171875,3270.39990234375,3220.10009765625,3247.800048828125,214423,0.0061338441227152,0.006115108675363,0.02450457319132324,0.020667241388421784,0.3889980398881301,0.3280822859970318,0.0061338441227152
2025-05-14,3254.10009765625,3261.300048828125,3170.699951171875,3188.300048828125,233929,-0.0183200933263945,-0.0184899843818902,0.022817802264049718,0.020945993839326032,0.36222138153433275,0.33250734397168613,0.0183200933263945
2025-05-15,3180.800048828125,3244.300048828125,3123.300048828125,3226.60009765625,253064,0.0120126864603606,0.0119411068147228,0.01870781905559022,0.021023785359194254,0.29697742076092176,0.33374224606577246,0.0120126864603606
2025-05-16,3243.5,3255.800048828125,3156.39990234375,3187.199951171875,245486,-0.0122110411243694,-0.0122862084278255,0.018768584686328697,0.02098138485026874,0.2979420452440857,0.3330691588532956,0.0122110411243694
2025-05-19,3220.0,3252.89990234375,3209.10009765625,3233.5,185135,0.0145268729723408,0.0144223688164378,0.018928915571589242,0.020407457387517713,0.3004872191433791,0.3239583428311185,0.0145268729723408
2025-05-20,3233.0,3298.5,3207.39990234375,3284.60009765625,224088,0.0158033393091849,0.0156797667483627,0.019539350342139473,0.020087695316387384,0.3101775707103952,0.3188822773175878,0.0158033393091849
2025-05-21,3293.0,3327.199951171875,3287.0,3313.5,229503,0.0087986060660387,0.0087601238932711,0.013556524036805863,0.020107673356470412,0.2152031474631465,0.3191994188720408,0.0087986060660387
2025-05-22,3318.0,3346.800048828125,3277.800048828125,3295.0,234658,-0.0055832201599517,-0.0055988645916739,0.013941210182547,0.01954781188865394,0.2213098507098045,0.31031189359710093,0.0055832201599517
2025-05-23,3295.10009765625,3366.5,3285.5,3365.800048828125,247200,0.0214871164880501,0.0212595228495032,0.012212902067671455,0.019096230146515927,0.1938738099446712,0.303143255679214,0.0214871164880501
2025-05-27,3355.60009765625,3356.0,3283.0,3300.39990234375,297309,-0.0194307877876303,-0.0196220471451395,0.015703304685456904,0.019138545409611626,0.249282233757566,0.303814989656095,0.0194307877876303
2025-05-28,3300.89990234375,3324.5,3273.5,3294.89990234375,127758,-0.0016664647202583,-0.0016678548171698,0.014415707106014256,0.019106547291770234,0.22884225585396212,0.30330703528271225,0.0016664647202583
2025-05-29,3283.699951171875,3328.800048828125,3242.39990234375,3317.10009765625,24370,0.0067377449908898,0.006715147832913,0.013832918521893159,0.01912634568673194,0.2195907738908909,0.3036213250592737,0.0067377449908898
2025-05-30,3315.10009765625,3318.0,3270.89990234375,3288.89990234375,184770,-0.0085014604571098,-0.0085378040007891,0.013340440916395115,0.018225777601470206,0.2117729342683925,0.2893252499055687,0.0085014604571098
2025-06-02,3323.0,3408.10009765625,3319.39990234375,3397.199951171875,180995,0.0329289586317138,0.0323984158768791,0.018160519417727294,0.0191829312232706,0.28828930835439565,0.3045195926041804,0.0329289586317138
2025-06-03,3406.5,3417.800048828125,3357.199951171875,3377.10009765625,168220,-0.0059165941965504,-0.0059341665867443,0.01818936718184502,0.018456264426428566,0.2887472524128102,0.29298411482146886,0.0059165941965504
2025-06-04,3377.800048828125,3409.699951171875,3366.89990234375,3399.199951171875,167220,0.0065440327134402,0.0065227134899486,0.016551987192803534,0.01849607092000012,0.26275465089650557,0.2936160233168038,0.0065440327134402
2025-06-05,3398.0,3427.699951171875,3362.300048828125,3375.10009765625,224859,-0.007089860514771,-0.00711511300437,0.014474411333243306,0.017221963728648183,0.2297741565708999,0.27339019868506653,0.007089860514771
2025-06-06,3377.39990234375,3398.300048828125,3328.800048828125,3346.60009765625,185366,-0.0084441940017693,-0.00848004819043,0.01507551027283429,0.017045277059475436,0.23931630641591417,0.27058538476539795,0.0084441940017693
2025-06-09,3333.39990234375,3359.0,3313.10009765625,3354.89990234375,142005,0.002480070652395,0.0024770003525006,0.014953083220948654,0.01680796485878018,0.237372837217697,0.2668181703686714,0.002480070652395
2025-06-10,3346.300048828125,3370.39990234375,3321.300048828125,3343.39990234375,158897,-0.0034278220914925,-0.003433710533844,0.01449119967198243,0.016604579148135745,0.23004066318627767,0.2635895223051355,0.0034278220914925
2025-06-11,3344.300048828125,3382.300048828125,3335.39990234375,3343.699951171875,201534,8.974362531821711e-05,8.973959859998755e-05,0.00550464071546992,0.016584707304778047,0.0873834623393644,0.2632740665714341,8.974362531821711e-05
2025-06-12,3377.5,3419.800048828125,3358.5,3402.39990234375,230166,0.01755538835095,0.017403072578792,0.008962971330841727,0.016855936297758473,0.14228275889765304,0.2675796933540942,0.01755538835095
2025-06-13,3406.699951171875,3468.0,3399.60009765625,3452.800048828125,270627,0.0148131166032707,0.0147044739681606,0.010252118234584837,0.01603578570236479,0.16274733156205218,0.2545602062758948,0.0148131166032707
2025-06-16,3473.0,3476.300048828125,3400.89990234375,3417.300048828125,192505,-0.0102815105126196,-0.0103347303429319,0.010795003406522674,0.016180510705175306,0.17136536649452452,0.25685764447147325,0.0102815105126196
2025-06-17,3404.199951171875,3422.699951171875,3384.39990234375,3406.89990234375,209083,-0.0030433811300654,-0.0030480216320192,0.010109857411129458,0.015631383939767922,0.160489011001031,0.2481405273143698,0.0030433811300654
2025-06-18,3409.0,3419.0,3380.10009765625,3408.10009765625,0,0.0003522837027511,0.0003522216654169,0.010145915543472819,0.014619687501263417,0.1610614161065629,0.23208034424293378,0.0003522837027511
2025-06-20,3387.10009765625,3405.199951171875,3356.199951171875,3385.699951171875,280833,-0.0065726198886527,-0.0065943146680286,0.010504779297810801,0.014574443125803466,0.16675820159776258,0.23136211204878498,0.0065726198886527
2025-06-23,3400.699951171875,3413.800048828125,3361.39990234375,3395.0,193872,0.0027468614945946,0.0027430957649417,0.010478769406288217,0.013768517432050717,0.16634530737018344,0.21856843828358313,0.0027468614945946
2025-06-24,3383.800048828125,3385.0,3308.300048828125,3333.89990234375,227429,-0.0179970832566274,-0.0181610004249818,0.010425304096896034,0.014041852714733773,0.1654965718956584,0.22290750137869658,0.0179970832566274
2025-06-25,3338.10009765625,3351.300048828125,3325.5,3343.10009765625,130010,0.0027595895443748,0.0027557888677475,0.007645662061260335,0.012423542985923328,0.12137112253521799,0.19721763085844368,0.0027595895443748
2025-06-26,3347.5,3363.89990234375,3322.5,3348.0,155584,0.0014656762288347,0.0014646031738037,0.007472004152088113,0.012389357495885897,0.11861438869000314,0.19667495302792815,0.0014656762288347
2025-06-27,3341.300048828125,3341.39990234375,3266.5,3287.60009765625,218869,-0.0180405920978942,-0.0182053076306017,0.009417356988683331,0.012374356115275603,0.14949590759743325,0.19643681349342337,0.0180405920978942
2025-06-30,3284.300048828125,3321.60009765625,3250.5,3307.699951171875,144201,0.006113837729216,0.0060952240521327,0.01018756202390367,0.012241065480096465,0.16172253348776983,0.19432089025675636,0.006113837729216
2025-07-01,3315.699951171875,3370.5,3313.699951171875,3349.800048828125,168854,0.0127279070888319,0.0126475880899026,0.011910171292852038,0.012166574846838717,0.18906810787840278,0.19313838811313405,0.0127279070888319
2025-07-02,3350.0,3371.0,3337.199951171875,3359.699951171875,132187,0.0029553711264687,0.0029510126024801,0.011922701844112345,0.011928011721053938,0.18926702421295472,0.18935131589623355,0.0029553711264687
2025-07-03,3369.0,3376.89990234375,3321.39990234375,3342.89990234375,0,-0.0050004610745865,-0.0050130052151958,0.009721747139048463,0.01166021918677168,0.15432795143385544,0.18510024120421,0.0050004610745865
2025-07-04,3335.0,3355.0,3332.800048828125,3346.5,0,0.0010769385148881,0.0010763590326128,0.009675118337752748,0.011558974232655977,0.15358774216088636,0.18349302738366824,0.0010769385148881
2025-07-07,3344.5,3352.89990234375,3304.39990234375,3342.800048828125,235762,-0.0011056181598311,-0.0011062298064621,0.00966722337422103,0.01150792009512928,0.1534624135001973,0.18268256807588906,0.0011056181598311
2025-07-08,3348.89990234375,3355.60009765625,3295.39990234375,3316.89990234375,218029,-0.00774803939992,-0.0077782114075055,0.0068788203181858595,0.010894764750347615,0.1091978872525079,0.17294902873183496,0.00774803939992
2025-07-09,3310.60009765625,3325.60009765625,3290.199951171875,3321.0,167968,0.0012361234215578,0.0012353600500174,0.0065476409151607375,0.010288453288698717,0.10394057721400007,0.1633241326644086,0.0012361234215578
2025-07-10,3322.199951171875,3339.39990234375,3319.199951171875,3325.699951171875,168190,0.001415221671748,0.0014142211893828,0.003922985823668986,0.010283956817894197,0.06227546931756014,0.16325275340325124,0.001415221671748
2025-07-11,3333.10009765625,3381.60009765625,3332.300048828125,3364.0,216883,0.0115163873441526,0.0114505785267091,0.006100556133897226,0.010422211021281448,0.0968433263368903,0.1654474708424833,0.0115163873441526
2025-07-14,3376.5,3389.300048828125,3348.5,3359.10009765625,195336,-0.0014565702567628,-0.0014576320864308,0.005733171615316717,0.010290460667386885,0.09101127790669501,0.16335599881318472,0.0014565702567628
2025-07-15,3352.0,3375.39990234375,3327.300048828125,3336.699951171875,179884,-0.0066684962737503,-0.0066908300388187,0.006362313073826489,0.008384307160261202,0.10099858893887892,0.13309674996977588,0.0066684962737503
2025-07-16,3330.5,3385.800048828125,3326.10009765625,3359.10009765625,235160,0.0067132636473674,0.0066908300388186,0.006883141054388927,0.008423311732897041,0.10926647681335208,0.1337159283649086,0.0067132636473674
2025-07-17,3354.699951171875,3358.199951171875,3314.300048828125,3345.300048828125,161740,-0.0041082576960875,-0.0041167197709443,0.006245144580750353,0.008355919580288673,0.09913859677384902,0.13264611110819424,0.0041082576960875
2025-07-18,3347.5,3368.0,3337.199951171875,3358.300048828125,115413,0.0038860490270682,0.0038785178432754,0.006325001499444738,0.00829746845330804,0.10040628605784852,0.13171822823314097,0.0038860490270682
2025-07-21,3355.60009765625,3416.89990234375,3351.0,3406.39990234375,191195,0.0143226789793273,0.0142210783920132,0.007934166688890356,0.008548453708533311,0.12595099151601996,0.1357024956415618,0.0143226789793273
2025-07-22,3410.699951171875,3447.5,3394.89990234375,3443.699951171875,227372,0.0109499911629462,0.0108904740898366,0.007840624433917153,0.00874931305088469,0.12446605425360824,0.13889103885175622,0.0109499911629462
2025-07-23,3444.300048828125,3451.699951171875,3390.60009765625,3397.60009765625,263025,-0.0133867218890361,-0.0134771318188125,0.010051347422687316,0.00910134811300895,0.15956019372924396,0.144479422214692,0.0133867218890361
2025-07-24,3398.60009765625,3401.10009765625,3355.199951171875,3373.5,215271,-0.0070932708275099,-0.0071185476742964,0.010111201506552031,0.009208441384473609,0.1605103478543898,0.1461794751949949,0.0070932708275099
2025-07-25,3372.10009765625,3376.60009765625,3325.5,3335.60009765625,196380,-0.0112345938472654,-0.0112981785776835,0.010850584812633082,0.008845133304514651,0.1722476939630491,0.1404121382217643,0.0112345938472654
2025-07-28,3321.10009765625,3345.39990234375,3300.0,3310.0,180215,-0.0076748102010902,-0.0077044131186879,0.011104263792874693,0.008435268052691618,0.1762747229304317,0.13390572905754064,0.0076748102010902
2025-07-29,3313.39990234375,3332.300048828125,3305.800048828125,3324.0,113144,0.0042296072507552,0.0042206876042302,0.011132562022549286,0.00832207617219118,0.17672394340000586,0.13210886366012523,0.0042296072507552
2025-07-30,3325.800048828125,3331.800048828125,3263.89990234375,3295.800048828125,19252,-0.008483739823067,-0.0085199315834518,0.008866679212236755,0.008429231509992176,0.14075416890338727,0.13380990191297254,0.008483739823067
2025-07-31,3272.89990234375,3312.0,3272.89990234375,3293.199951171875,158029,-0.0007889124393861,-0.0007892237945701,0.006097661732395317,0.008425165188421995,0.09679737913747977,0.13374535105921945,0.0007889124393861
2025-08-01,3342.699951171875,3416.89990234375,3331.39990234375,3399.800048828125,229954,0.0323697617019327,0.0318568991094105,0.015129827796802307,0.010337207852597214,0.24017857037742715,0.16409808737253756,0.0323697617019327
2025-08-04,3416.60009765625,3439.5,3397.89990234375,3426.39990234375,138229,0.0078239464479077,0.0077934980933099,0.014982976898859123,0.010421726533555246,0.237847384642842,0.16543977983826255,0.0078239464479077
2025-08-05,3428.89990234375,3444.89990234375,3403.300048828125,3434.699951171875,154163,0.0024223818190187,0.0024194525817139,0.013763305218184922,0.009831626211044293,0.21848569695356929,0.15607222762660458,0.0024223818190187
2025-08-06,3434.89990234375,3440.5,3411.699951171875,3433.39990234375,151580,-0.000378504337091,-0.0003785759879383,0.012960704740151903,0.00982939142369982,0.20574480935146772,0.15603675147732504,0.000378504337091
2025-08-07,3431.800048828125,3483.800048828125,3430.0,3453.699951171875,249091,0.0059125209429484,0.0058951105833686,0.012952854173566657,0.009871107515171286,0.20562018547045463,0.1566989738995438,0.0059125209429484
2025-08-08,3487.89990234375,3534.10009765625,3445.0,3491.300048828125,321346,0.010886903375463,0.0108280676833909,0.011434160877007516,0.009337004090502631,0.1815116767875965,0.1482203448831767,0.010886903375463
2025-08-11,3458.10009765625,3466.300048828125,3393.0,3404.699951171875,224513,-0.0248045417022572,-0.025117358026758,0.016913337082518794,0.010505916289431521,0.26849090256330876,0.16677625078018973,0.0248045417022572
2025-08-12,3393.60009765625,3410.800048828125,3379.10009765625,3399.0,193820,-0.0016741419959527,-0.0016755449376984,0.011823499673717212,0.010278936252134845,0.18769223857865444,0.1631730543926107,0.0016741419959527
2025-08-13,3399.60009765625,3422.60009765625,3392.699951171875,3408.300048828125,135846,0.0027361132180421,0.0027323768740928,0.011413582172227883,0.010277235251758974,0.18118499997669216,0.1631460518487632,0.0027361132180421
2025-08-14,3407.199951171875,3423.800048828125,3375.5,3383.199951171875,165697,-0.0073644037486899,-0.0073916548444569,0.011565776941151797,0.010330025402000658,0.18360101703319787,0.1639840695040426,0.0073644037486899
2025-08-15,3383.199951171875,3394.800048828125,3377.699951171875,3382.60009765625,118486,-0.000177303595496,-0.0001773193156367,0.011571011241254045,0.010329942450188692,0.18368410897134604,0.16398275268485102,0.000177303595496
2025-08-18,3382.39990234375,3403.60009765625,3368.0,3378.0,119141,-0.0013599294990375,-0.0013608550423696,0.011049649729954246,0.010331332588483651,0.1754077515589857,0.1640048204461497,0.0013599294990375
2025-08-19,3378.300048828125,3389.699951171875,3358.10009765625,3358.699951171875,133497,-0.0057134543600133,-0.0057298385771641,0.00916629724677452,0.010282559412417088,0.1455104577495686,0.16323057027901236,0.0057134543600133
2025-08-20,3359.0,3394.300048828125,3353.39990234375,3388.5,135521,0.008872495090765,0.0088333657855864,0.005395049185688628,0.010396111280221675,0.08564375073776184,0.16503315029771926,0.008872495090765
2025-08-21,3392.199951171875,3394.39990234375,3367.39990234375,3381.60009765625,123500,-0.002036270427549,-0.0020383464448766,0.005408018185529192,0.010407278613190117,0.08584962722775005,0.16521042621277338,0.002036270427549
2025-08-22,3383.300048828125,3423.39990234375,3362.800048828125,3418.5,186037,0.0109119651283795,0.0108528592225576,0.006943763003827757,0.010385996088511564,0.11022882042659453,0.16487257660734708,0.0109119651283795
2025-08-25,3417.60009765625,3421.5,3405.5,3417.5,97780,-0.000292525961679,-0.0002925687557439,0.006078255822492778,0.010380267925922488,0.0964893198680775,0.16478164484526686,0.000292525961679
2025-08-26,3410.800048828125,3443.300048828125,3396.10009765625,3433.0,176297,0.0045354791514264,0.0045252248595874,0.00612775514127841,0.01031006481569688,0.09727509719352084,0.16366720501974558,0.0045354791514264
2025-08-27,3443.0,3452.5,3422.199951171875,3448.60009765625,153806,0.0045441589444363,0.0045338654259894,0.0059714880016662805,0.010276167208659193,0.0947944332564902,0.1631290971901741,0.0045441589444363
2025-08-28,3452.60009765625,3478.699951171875,3442.5,3474.300048828125,156602,0.0074522851139919,0.0074246540288501,0.004721552176707839,0.010297542299425266,0.07495231717070783,0.16346841623668487,0.0074522851139919
2025-08-29,3477.199951171875,3518.5,3463.0,3516.10009765625,0,0.0120312144146053,0.0119594146728055,0.005286593472032123,0.010473592872239574,0.08392206965816697,0.16626313243970764,0.0120312144146053
2025-09-02,3517.89990234375,3602.39990234375,3506.0,3592.199951171875,374141,0.021643255710027,0.021412365981205,0.007077586996225151,0.010858800258843997,0.11235321044661835,0.17237811012855012,0.021643255710027
2025-09-03,3600.0,3640.10009765625,3592.39990234375,3635.5,220786,0.0120539083059669,0.0119818385235693,0.007150142717908054,0.010892593514380175,0.11350499682122502,0.17291456142939002,0.0120539083059669
2025-09-04,3619.800048828125,3621.60009765625,3573.699951171875,3606.699951171875,232579,-0.0079218948777678,-0.0079534397944517,0.00909378309277162,0.010672196125413367,0.14435933124142514,0.16941586134450518,0.0079218948777678
2025-09-05,3602.0,3655.5,3595.39990234375,3653.300048828125,237651,0.0129204253991543,0.0128376687745055,0.009149916218175696,0.01070657056902947,0.14525041698221705,0.16996153872009168,0.0129204253991543
2025-09-08,3635.0,3685.699951171875,3621.699951171875,3677.39990234375,227640,0.0065967353334024,0.0065750720937887,0.009016719053707694,0.010395916528389148,0.14313597754708923,0.16503005870822182,0.0065967353334024
2025-09-09,3676.60009765625,3715.199951171875,3663.699951171875,3682.199951171875,262656,0.0013052833402931,0.0013044321985674,0.00950738021347533,0.010196108837004024,0.15092498198755142,0.16185820993956393,0.0013052833402931
2025-09-10,3662.0,3697.5,3651.39990234375,3682.0,182028,-5.430209508616724e-05,-5.430356949830863e-05,0.009824924006984736,0.010217085790626416,0.15596583343553902,0.16219120875485543,5.430209508616724e-05
2025-09-11,3680.60009765625,3687.5,3651.0,3673.60009765625,214612,-0.0022813422986828,-0.0022839485245747,0.007663021876605469,0.010027951182988704,0.12164670106047336,0.15918878993810448,0.0022813422986828
2025-09-12,3672.800048828125,3695.5,3667.300048828125,3686.39990234375,154559,0.0034842672983557,0.0034782113021153,0.006634066736704581,0.0099926834561631,0.10531254459795682,0.15862893213118182,0.0034842672983557
2025-09-15,3680.199951171875,3724.89990234375,3662.800048828125,3719.0,189452,0.0088433426974441,0.0088044693545063,0.00535511499134257,0.008483674741537642,0.08500981505547749,0.1346741614204126,0.0088433426974441
2025-09-16,3720.300048828125,3739.89990234375,3711.800048828125,3725.10009765625,192295,0.0016402521259075,0.0016389083815749,0.003850347756611976,0.008438196609431086,0.06112237575066445,0.13395221845453847,0.0016402521259075
2025-09-17,3727.300048828125,3744.0,3679.5,3717.800048828125,256047,-0.0019596919912885,-0.0019616146999941,0.003798483089230044,0.008483204956186487,0.060299049680322396,0.13466670380916018,0.0019596919912885
2025-09-18,3692.5,3707.300048828125,3660.5,3678.300048828125,224128,-0.0106245627740121,-0.0106814064255553,0.005983797176179856,0.008810462416052229,0.0949898353441347,0.13986175493013292,0.0106245627740121
2025-09-19,3677.699951171875,3719.60009765625,3664.39990234375,3705.800048828125,186954,0.0074762797039249,0.0074484708433546,0.0066417091046866395,0.008836932526754217,0.10543386342860583,0.14028195491069578,0.0074762797039249
2025-09-22,3721.300048828125,3783.300048828125,3718.10009765625,3775.10009765625,219170,0.0187004284945269,0.018527725242564,0.009191006697773042,0.009203566057544502,0.14590270812381878,0.14610208177930759,0.0187004284945269
2025-09-23,3781.199951171875,3824.60009765625,3772.39990234375,3815.699951171875,291564,0.0107546429141922,0.0106972230618978,0.009535626054147046,0.007715383493929797,0.1513733708074873,0.12247791596658518,0.0107546429141922
2025-09-24,3796.89990234375,3812.60009765625,3749.699951171875,3768.10009765625,236560,-0.0124747370403184,-0.0125531997901115,0.011329974737379544,0.008216993177850497,0.17985777309450374,0.1304407228398405,0.0124747370403184
2025-09-25,3768.300048828125,3792.300048828125,3751.89990234375,3771.10009765625,262183,0.0007961571938777,0.0007958404288577,0.011338066087274709,0.008230628473891001,0.1799862192920642,0.130657176454096,0.0007961571938777
2025-09-26,3781.5,3814.39990234375,3764.0,3809.0,214083,0.0100500918464891,0.0099999255109457,0.01157870959363588,0.008056793714688584,0.1838063165267897,0.12789763520168565,0.0100500918464891
2025-09-29,3788.800048828125,3863.699951171875,3785.5,3855.199951171875,258145,0.0121291549414215,0.0120561861819955,0.010035248941032398,0.00815002282103416,0.1593046382555761,0.1293776013837448,0.0121291549414215
2025-09-30,3863.10009765625,3899.199951171875,3820.60009765625,3873.199951171875,312257,0.0046690185276974,0.0046581524701137,0.010058665460847807,0.008077081186223745,0.15967636398358923,0.12821968882815968,0.0046690185276974
2025-10-01,3887.699951171875,3922.699951171875,3880.300048828125,3897.5,290470,0.0062738947470999,0.006254295801218,0.008496017267799865,0.007842283860632553,0.1348700929506534,0.12449239683605555,0.0062738947470999
2025-10-02,3892.699951171875,3923.300048828125,3842.800048828125,3868.10009765625,284217,-0.0075432719291211,-0.007571866292281,0.009081423016239258,0.008130273501683957,0.144163121109283,0.1290640906583642,0.0075432719291211
2025-10-03,3880.39990234375,3916.800048828125,3861.10009765625,3908.89990234375,218284,0.0105477634129016,0.0104925238527489,0.006871633816123028,0.00810846249975728,0.10908380506897966,0.12871785173670533,0.0105477634129016
2025-10-06,3913.5,3994.5,3909.199951171875,3976.300048828125,278143,0.0172427404559432,0.0170957714337388,0.007829982336483814,0.008349820813717913,0.12429711619418783,0.13254929619029146,0.0172427404559432
2025-10-07,3983.0,4014.60009765625,3963.39990234375,4004.39990234375,297512,0.0070668342857844,0.0070419812319534,0.007756782356342169,0.008294318640108617,0.12313510253360987,0.13166822649872909,0.0070668342857844
2025-10-08,4007.10009765625,4081.0,4005.60009765625,4070.5,348778,0.0165068672630728,0.0163721098559406,0.00837264216757775,0.008539142403861463,0.13291157395166106,0.13555468326230224,0.0165068672630728
2025-10-09,4061.800048828125,4077.89990234375,3957.89990234375,3972.60009765625,461023,-0.024051075382324,-0.024345025272725,0.014769362633554597,0.010124710135686789,0.2344563633078927,0.16072479069385362,0.024051075382324
2025-10-10,3990.10009765625,4038.60009765625,3961.199951171875,4000.39990234375,357542,0.0069978865237156,0.006973514949432,0.014792740000933795,0.010120907204998312,0.23482746751024922,0.16066442104072406,0.0069978865237156
2025-10-13,4018.300048828125,4137.2001953125,4011.300048828125,4133.0,357542,0.0331467105522531,0.032609203820993,0.017354324335322156,0.011308518624236215,0.27549135817691234,0.17951716785762784,0.0331467105522531
2025-10-14,4130.89990234375,4190.89990234375,4105.0,4163.39990234375,405991,0.0073554082612508,0.007328489165936,0.017368336001478083,0.010897032046702136,0.27571378648152584,0.17298502094565021,0.0073554082612508
2025-10-15,4160.10009765625,4235.7998046875,4157.2998046875,4201.60009765625,309914,0.0091752404785798,0.009133403673442,0.01700814216987372,0.01084521982483112,0.2699958866682981,0.17216252742198376,0.0091752404785798
2025-10-16,4225.10009765625,4346.7001953125,4214.5,4304.60009765625,375196,0.0245144701080561,0.0242188126654545,0.018087948818602182,0.011136614594315253,0.28713728580771564,0.1767882759823838,0.0245144701080561
2025-10-17,4348.10009765625,4392.0,4196.0,4213.2998046875,569847,-0.0212099360910344,-0.0214380987637092,0.021333957703749636,0.012103791361101124,0.3386660793893527,0.1921417311749134,0.0212099360910344
2025-10-20,4269.0,4398.0,4229.7001953125,4359.39990234375,338235,0.0346759320316363,0.034088268540251,0.01940466059399679,0.013273776809666012,0.3080394372439824,0.21071467438171568,0.0346759320316363
2025-10-21,4371.0,4393.60009765625,4093.0,4109.10009765625,535325,-0.0574161146704919,-0.0591303606183728,0.033307133940888085,0.017584694646104973,0.5287343597514514,0.27914837348761634,0.0574161146704919
2025-10-22,4137.0,4175.0,4021.199951171875,4065.39990234375,468711,-0.0106349795025498,-0.0106919350711866,0.031024320643951293,0.017770092421762876,0.49249582211173426,0.28209147193570844,0.0106349795025498
2025-10-23,4114.7998046875,4171.5,4079.60009765625,4145.60009765625,271973,0.0197275046093901,0.0195354392609002,0.0319794687642004,0.017977913578777746,0.507658328460194,0.28539053052754276,0.0197275046093901
2025-10-24,4144.0,4159.0,4055.699951171875,4137.7998046875,297599,-0.0018815835548536,-0.0018833559568211,0.031713087827831526,0.018011892304430864,0.5034296621903507,0.285929926075213,0.0018815835548536
2025-10-27,4103.2001953125,4123.7998046875,3985.89990234375,4019.699951171875,330749,-0.0285417031007241,-0.0289569375921604,0.030715195011764587,0.018935980132787987,0.4875886048318844,0.30059936557570116,0.0285417031007241
2025-10-28,3999.89990234375,4034.199951171875,3901.300048828125,3983.10009765625,338428,-0.0091051207702592,-0.0091468257278504,0.030272164994857995,0.019059316892902838,0.4805557213434549,0.3025572759443591,0.0091051207702592
2025-10-29,3967.199951171875,4046.199951171875,3930.0,4000.699951171875,288266,0.0044186319911923,0.0044088984988031,0.024916652827035812,0.019044436445089855,0.39553960130682747,0.3023210561584965,0.0044186319911923
2025-10-30,3942.800048828125,4041.5,3925.10009765625,4015.89990234375,246321,0.0037993229578294,0.003792123759319,0.01509298576935695,0.018879770727026138,0.23959372132293216,0.29970706892176974,0.0037993229578294
2025-10-31,4038.199951171875,4059.89990234375,3982.300048828125,3996.5,237172,-0.004830773379692,-0.0048424792796638,0.014770777411797078,0.018915200665689743,0.23447882221623217,0.30026950176179074,0.004830773379692
2025-11-03,4001.0,4043.10009765625,3971.300048828125,4014.0,0,0.0043788314775428,0.0043692722902096,0.01178573086215011,0.018676551092261528,0.18709267728232837,0.2964810572310945,0.0043788314775428
2025-11-04,4013.699951171875,4018.0,3937.10009765625,3960.5,250259,-0.0133283507722969,-0.0134179704519491,0.012144462853871203,0.01881403683009398,0.19278737110682972,0.29866357565783186,0.0133283507722969
2025-11-05,3939.5,4000.699951171875,3935.699951171875,3992.89990234375,175161,0.0081807605968311,0.0081474795611134,0.008143828614331484,0.018665562898358627,0.12927927140071713,0.2963066250605455,0.0081807605968311
2025-11-06,3992.39990234375,4028.699951171875,3973.199951171875,3991.0,188688,-0.0004758201783707,-0.000475933416714,0.007309925471123763,0.018670079491267505,0.11604146939406086,0.2963783237502068,0.0004758201783707
2025-11-07,3986.89990234375,4035.800048828125,3981.60009765625,4009.800048828125,208649,0.0047106110819656,0.0046995508735426,0.0073380820625853025,0.018616670005321304,0.11648844142670772,0.2955304744454141,0.0047106110819656
2025-11-10,4007.199951171875,4124.0,4004.199951171875,4122.0,253812,0.0279814329406937,0.0275971055281277,0.012853341125948917,0.019135262919279774,0.20404046481323862,0.30376288173750066,0.0279814329406937
2025-11-11,4124.0,4155.0,4102.7998046875,4116.2998046875,252249,-0.001382871254852,-0.0013838283037244,0.012529348484916153,0.019142544073675456,0.19889724108451234,0.3038784664802313,0.001382871254852
2025-11-12,4132.2001953125,4218.5,4104.39990234375,4213.60009765625,296796,0.0236378052098993,0.0233627581989399,0.014508962138486846,0.01952828108939936,0.2303226336005285,0.3100018517706973,0.0236378052098993
2025-11-13,4202.39990234375,4250.0,4148.5,4194.5,319216,-0.0045329640244868,-0.0045432690592706,0.01272113026927307,0.01948103740219106,0.20194168252891603,0.309251881486472,0.0045329640244868
2025-11-14,4174.89990234375,4215.10009765625,4032.60009765625,4094.199951171875,342176,-0.0239122777036893,-0.0242028172059983,0.017614462632499633,0.02002230683926432,0.2796209256218049,0.3178442674231266,0.0239122777036893
2025-11-17,4084.39990234375,4107.60009765625,4006.800048828125,4074.5,235352,-0.0048116729536465,-0.0048232863200764,0.017861024569936688,0.01983751784588223,0.28353497503720115,0.31491083309406076,0.0048116729536465
2025-11-18,4045.60009765625,4083.699951171875,3997.39990234375,4066.5,233302,-0.0019634310958399,-0.0019653611534445,0.017938595484895486,0.019810863699580388,0.2847663751369175,0.3144877116389203,0.0019634310958399
2025-11-19,4067.800048828125,4134.2998046875,4055.60009765625,4082.800048828125,233696,0.0040083730058095,0.0040003608819834,0.014051192403050538,0.019597350073865066,0.22305576433435068,0.31109828790792154,0.0040083730058095
2025-11-20,4079.89990234375,4109.60009765625,4034.0,4060.0,272355,-0.0055844147534653,-0.0056000658930351,0.014145759987519716,0.019089956907247012,0.2245569781979119,0.30304367109309194,0.0055844147534653
2025-11-21,4074.89990234375,4101.0,4018.10009765625,4079.5,257813,0.0048029556650246,0.0047914582730765,0.009517068023938341,0.01906998871622731,0.15107877121095456,0.30272668588767215,0.0048029556650246
2025-11-24,4069.199951171875,4138.2001953125,4036.39990234375,4094.199951171875,223055,0.0036033707983516,0.0035968942114961,0.010006672475596178,0.01808075914590821,0.15885100093021526,0.2870231532919784,0.0036033707983516
2025-11-25,4133.5,4156.2998046875,4106.7001953125,4140.0,132704,0.0111865686518353,0.0111244617390091,0.006019387236084192,0.018149033572599213,0.09555481003005128,0.28810697621555786,0.0111865686518353
2025-11-26,4128.60009765625,4171.0,4127.5,4165.2001953125,25088,0.0060870036986715,0.0060685527278855,0.005466916386856186,0.018103740356386604,0.08678460718803149,0.2873879686984968,0.0060870036986715
2025-11-28,4198.60009765625,4263.10009765625,4174.60009765625,4254.89990234375,154806,0.0215355091772533,0.0213068964699461,0.008283617953568452,0.01797159244563528,0.1314983583660715,0.28529018564974823,0.0215355091772533
2025-12-01,4258.5,4299.60009765625,4241.10009765625,4274.7998046875,227572,0.0046769378364901,0.0046660349442766,0.00825363387959791,0.017545909788333435,0.13102237594795976,0.27853268295782535,0.0046769378364901
2025-12-02,4265.2998046875,4269.2001953125,4194.0,4220.7998046875,215921,-0.012632170503233,-0.0127126347122848,0.010192094568866435,0.01647402618015075,0.161794485408436,0.26151705818787746,0.012632170503233
2025-12-03,4241.60009765625,4273.2998046875,4225.10009765625,4232.5,176443,0.002772032755381,0.0027681977581065,0.010247605829456259,0.012559214585801162,0.16267569935134224,0.19937135073794973,0.002772032755381
2025-12-04,4234.5,4251.10009765625,4203.2998046875,4243.0,161251,0.0024808033077377,0.0024777311950344,0.010287624473177728,0.012364738513210053,0.16331097562590086,0.196284138793778,0.0024808033077377
2025-12-05,4239.5,4290.5,4221.39990234375,4243.0,193599,0.0,0.0,0.010061459233863805,0.011876895222394502,0.15972071375530858,0.18853986663616218,0.0
2025-12-08,4228.10009765625,4247.89990234375,4204.0,4217.7001953125,149813,-0.0059627161648597,-0.0059805641405327,0.010574752143857648,0.01193241668781348,0.16786898609276676,0.18942124257570908,0.0059627161648597
2025-12-09,4219.60009765625,4251.7001953125,4197.7998046875,4236.2001953125,177366,0.0043862766776454,0.0043766850036946,0.006422122517369877,0.010587944448679795,0.10194803442089269,0.16807840743944175,0.0043862766776454
2025-12-10,4237.5,4268.7998046875,4207.7998046875,4224.7001953125,186178,-0.0027146970090613,-0.0027183884813195,0.006001612864706458,0.01042390974925922,0.09527265063179535,0.1654744373131293,0.0027146970090613
2025-12-11,4258.2998046875,4317.2998046875,4231.2001953125,4313.0,228282,0.0209008451736936,0.0206854190636758,0.008607799901248072,0.0109746568523939,0.13664458724465245,0.1742172765342309,0.0209008451736936
2025-12-12,4309.10009765625,4387.7998046875,4286.0,4328.2998046875,292175,0.0035473695078831,0.0035410924330263,0.008607516153140149,0.01097377732196733,0.13664008288308116,0.17420331442155562,0.0035473695078831
2025-12-15,4330.0,4384.2998046875,4315.89990234375,4335.2001953125,207700,0.0015942496907277,0.001592980223742,0.008626945860570714,0.010886952650589674,0.13694851992652926,0.17282501549277451,0.0015942496907277
2025-12-16,4334.2998046875,4367.89990234375,4297.39990234375,4332.2998046875,212277,-0.0006690326846119,-0.0006692565868493,0.008670703975340213,0.010900267823184602,0.13764315846365596,0.173036387304875,0.0006690326846119
2025-12-17,4333.5,4383.60009765625,4330.7001953125,4373.89990234375,212413,0.0096023127511255,0.009556503562019,0.007951634005533956,0.01054263089762537,0.12622827657148347,0.16735907711677434,0.0096023127511255
2025-12-18,4371.5,4409.5,4338.0,4364.5,234460,-0.0021490894976158,-0.0021514021043768,0.008436805410975266,0.010548725579015922,0.13393013386370786,0.16745582718445176,0.0021490894976158
2025-12-19,4363.60009765625,4389.0,4336.2998046875,4387.2998046875,165214,0.0052239213397868,0.0052103239964487,0.007849581226585944,0.010534834639812758,0.12460823892928656,0.16723531536079964,0.0052239213397868
2025-12-22,4369.89990234375,4484.5,4367.89990234375,4469.39990234375,203043,0.0187131268231388,0.0185401903884633,0.007142963821002584,0.010907043046262515,0.11339103536582715,0.17314394063692184,0.0187131268231388
2025-12-23,4481.7998046875,4530.7998046875,4457.7001953125,4505.7001953125,248418,0.0081219612838212,0.0080891556671976,0.007183902910407071,0.009941211065512035,0.11404092326262141,0.1578118332608897,0.0081219612838212
2025-12-24,4516.7001953125,4555.10009765625,4474.2998046875,4502.7998046875,151576,-0.0006437158486526,-0.0006439231226546,0.007446078030223732,0.009930836065891157,0.1182028242645221,0.1576471352477943,0.0006437158486526
2025-12-26,4523.5,4584.0,4518.0,4552.7001953125,181246,0.0110820806585834,0.0110211243378379,0.00715366044377517,0.009275965130275727,0.11356083898817436,0.14725138142889857,0.0110820806585834
2025-12-29,4568.0,4581.2998046875,4316.0,4343.60009765625,316961,-0.0459288089893424,-0.0470169866171615,0.02111985161907117,0.012790589745932508,0.335267250663883,0.20304431753754146,0.0459288089893424
2025-12-30,4350.2998046875,4420.5,4338.7998046875,4386.2998046875,189751,0.0098304876303623,0.009782482738117,0.021474433993127137,0.011958603364900617,0.34089607135011685,0.1898369431871234,0.0098304876303623
2025-12-31,4353.0,4384.89990234375,4284.2998046875,4341.10009765625,161782,-0.0103047463793848,-0.0103582078668677,0.021755263381377565,0.012113405666078764,0.34535409968301106,0.19229435353491078,0.0103047463793848
2026-01-02,4340.0,4414.7998046875,4319.7001953125,4329.60009765625,154807,-0.0026490980952521,-0.0026526131648264,0.019898370460867683,0.012122150002677294,0.31587683840933756,0.19243316557503048,0.0026490980952521
2026-01-05,4368.2998046875,4467.60009765625,4354.60009765625,4451.5,211711,0.0281550026779004,0.0277659364817671,0.023164642313064795,0.013017425976170173,0.36772729662080084,0.20664523105883098,0.0281550026779004
2026-01-06,4459.7998046875,4508.2998046875,4437.89990234375,4496.10009765625,176584,0.010019116625014,0.0099692580255471,0.023576799822499533,0.01297554923672804,0.3742700942465133,0.20598045842913815,0.010019116625014
2026-01-07,4505.39990234375,4512.39990234375,4432.89990234375,4462.5,202783,-0.0074731649488331,-0.0075012289513783,0.02316651679642077,0.013125388469024637,0.3677570531215807,0.20835908250092397,0.0074731649488331
2026-01-08,4467.10009765625,4489.2998046875,4415.0,4460.7001953125,208958,-0.0004033175770308,-0.0004033989314399,0.013250472302662592,0.013140252858289925,0.21034472680196759,0.20859504736524484,0.0004033175770308
2026-01-09,4489.2998046875,4527.0,4461.7998046875,4500.89990234375,217946,0.0090119723969555,0.0089716069075731,0.013192716203989433,0.013099161940254522,0.20942787715924868,0.20794274926365472,0.0090119723969555
2026-01-12,4529.10009765625,4640.5,4520.7998046875,4614.7001953125,307991,0.0252838977621987,0.0249695476668484,0.013714032019911608,0.013715912709087268,0.2177035091799775,0.21773336419509073,0.0252838977621987
2026-01-13,4610.0,4644.0,4576.7001953125,4599.10009765625,267451,-0.0033805224599631,-0.0033862493362126,0.01381862796930252,0.013336114552234449,0.21936391840137578,0.21170425536649115,0.0033805224599631
2026-01-14,4594.2998046875,4650.5,4594.2998046875,4635.7001953125,306299,0.0079580998193324,0.0079266011456674,0.010888164032433681,0.013366450956638376,0.1728442455833864,0.21218583085683923,0.0079580998193324
2026-01-15,4635.7001953125,4637.2001953125,4584.0,4623.7001953125,226481,-0.0025886057109849,-0.0025919619439755,0.011125582079092049,0.013089708266251228,0.176613140232687,0.2077926768413232,0.0025886057109849
2026-01-16,4621.60009765625,4625.5,4539.10009765625,4595.39990234375,246155,-0.0061207024186906,-0.0061395107036233,0.01090143307041136,0.013198269175616345,0.17305488503114244,0.2095160278510219,0.0061207024186906
2026-01-20,4633.7001953125,4771.5,4622.2001953125,4765.7998046875,414495,0.0370805383568124,0.0364095909923066,0.016167882369849604,0.014603558760179469,0.256657175863006,0.2318243084157217,0.0370805383568124
2026-01-21,4767.5,4891.10009765625,4757.10009765625,4837.5,400518,0.015044735039432,0.0149326854529984,0.01629123333517408,0.014719882960557597,0.25861531173237595,0.23367089784967554,0.015044735039432
2026-01-22,4836.2001953125,4944.2998046875,4772.7001953125,4913.39990234375,265088,0.0156899022932817,0.0155680882906666,0.015204373477115044,0.014720751498639656,0.2413619463659569,0.23368468546429144,0.0156899022932817
2026-01-23,4940.0,4991.39990234375,4901.2001953125,4979.7001953125,276594,0.0134937709705094,0.0134035408333191,0.014200833533554691,0.014796948670812706,0.22543124363767397,0.23489427807334903,0.0134937709705094
2026-01-26,5013.39990234375,5107.89990234375,4983.60009765625,5082.5,433111,0.0206437738529454,0.0204335790404786,0.014478989577873181,0.014962822637586786,0.22984683395129107,0.23752744566373307,0.0206437738529454
2026-01-27,5005.5,5190.7998046875,5004.5,5082.60009765625,325759,1.9694570831285677e-05,1.9694376895771877e-05,0.014027869824990642,0.014743768574025677,0.2226855298854744,0.23405007020856808,1.9694570831285677e-05
2026-01-28,5179.0,5415.2001953125,5154.7998046875,5303.60009765625,112054,0.0434816817679419,0.0425628927743665,0.014854708749608739,0.016275803324007947,0.2358111908985598,0.2583703678987407,0.0434816817679419
2026-01-29,5415.7001953125,5586.2001953125,5097.5,5318.39990234375,570055,0.0027905204794833,0.0027866342053497,0.014223560451249308,0.016263754493997692,0.22579202227139591,0.25817909865196215,0.0027905204794833
2026-01-30,5410.0,5480.2001953125,4700.39990234375,4745.10009765625,508003,-0.1077955428727452,-0.1140599606411203,0.04891023608139677,0.02652250025238836,0.7764259274210049,0.42103163889280465,0.1077955428727452
2026-02-02,4816.0,4905.60009765625,4423.2001953125,4652.60009765625,385977,-0.019493793196415,-0.0196863031224421,0.04863620996232177,0.026817978570797516,0.7720758976381532,0.4257222117827378,0.019493793196415
2026-02-03,4691.0,5018.10009765625,4690.2001953125,4935.0,260114,0.0606972222878148,0.0589264487720307,0.05478538796816476,0.02882775473268518,0.869691072263725,0.45762641927430164,0.0606972222878148
2026-02-04,4966.10009765625,5113.89990234375,4867.7001953125,4950.7998046875,245957,0.0032015814969605,0.0031964673475897,0.05408476033822191,0.02882841317320938,0.8585689534407888,0.45763687169358264,0.0032015814969605
2026-02-05,4986.60009765625,5045.0,4779.60009765625,4889.5,234592,-0.0123817983165993,-0.0124590914628418,0.054193665107971085,0.028856938817856587,0.8602977630648592,0.4580897022639285,0.0123817983165993
2026-02-06,4800.0,4995.60009765625,4670.0,4979.7998046875,177809,0.0184681060819102,0.0182996415963849,0.051270397539956145,0.02897671027471068,0.8138923290608504,0.45999101519792746,0.0184681060819102
2026-02-09,5003.60009765625,5111.10009765625,4988.60009765625,5079.39990234375,124150,0.0200008236400379,0.0198034347860869,0.052265206419513814,0.029113347746596848,0.8296844304449408,0.4621600678202277,0.0200008236400379
2026-02-10,5084.2998046875,5102.7001953125,5011.0,5031.0,105658,-0.0095286654475497,-0.0095743536434831,0.02747327218257194,0.029194466766464464,0.4361246753776444,0.46344779233922984,0.0095286654475497
2026-02-11,5048.0,5144.5,5036.2998046875,5098.5,129968,0.013416815742397,0.0133276073129617,0.024497332747359053,0.02768292247379777,0.3888831014034645,0.43945277057489923,0.013416815742397
2026-02-12,5107.2998046875,5122.7998046875,4900.0,4948.39990234375,161618,-0.0294400505356967,-0.0298821065505183,0.0184399525644026,0.028401915546437624,0.2927251720394222,0.45086643176239877,0.0294400505356967
2026-02-13,4950.0,5069.10009765625,4907.10009765625,5046.2998046875,123016,0.0197841533173948,0.0195909905079834,0.019850969927261014,0.028394912199319562,0.31512437826572753,0.450755257073482,0.0197841533173948
2026-02-17,5050.0,5074.39990234375,4854.2001953125,4905.89990234375,166706,-0.0278223466258054,-0.0282167202611696,0.02251193066493783,0.02900732865093517,0.35736582042812653,0.4604770668521591,0.0278223466258054
2026-02-18,4898.5,5031.89990234375,4868.5,5009.5,98203,0.0211174503594653,0.0208975671987419,0.022879765883217655,0.02883817971964381,0.36320502349424405,0.4577919108117834,0.0211174503594653
2026-02-19,4993.7001953125,5042.7998046875,4971.5,4997.39990234375,87026,-0.0024154302138437,-0.0024183520713796,0.02130389139372774,0.028843384564960328,0.3381887915143969,0.45787453516970383,0.0024154302138437
2026-02-20,5015.0,5131.0,4999.2998046875,5080.89990234375,136737,0.0167086888445406,0.0165706343867258,0.022078585506416972,0.028851190250398007,0.35048667930032623,0.45799844658458677,0.0167086888445406
2026-02-23,5128.7998046875,5257.2998046875,5120.39990234375,5225.60009765625,140957,0.0284792454277147,0.0280812504495271,0.024064451377406405,0.029153585114367483,0.38201132269093857,0.46279881623142544,0.0284792454277147
2026-02-24,5247.5,5269.39990234375,5109.5,5176.2998046875,145961,-0.0094343792191181,-0.0094791648805992,0.02036637641510413,0.029275887779967136,0.32330620261138027,0.46474031085856726,0.0094343792191181
2026-02-25,5160.0,5237.2998046875,5135.89990234375,5226.2001953125,110992,0.0096401662399483,0.0095939963240038,0.019621783847275927,0.029042343337642055,0.31148616203613777,0.4610329077717267,0.0096401662399483
2026-02-26,5175.2998046875,5221.89990234375,5144.7998046875,5194.2001953125,131633,-0.0061229954468069,-0.0061418178557765,0.014613579350665689,0.029072555764591453,0.23198338035822105,0.46151251518099756,0.0061229954468069
2026-02-27,5201.89990234375,5299.0,5182.89990234375,5247.89990234375,151664,0.010338397638141,0.0102853219038764,0.013565999468214959,0.029085604240437147,0.2153535652735876,0.4617196533134544,0.010338397638141
2026-03-02,5360.0,5434.10009765625,5272.89990234375,5311.60009765625,227839,0.0121382260519204,0.0120651485459443,0.013033429048256022,0.029084980305294102,0.20689927195254415,0.46170974865011805,0.0121382260519204
2026-03-03,5335.7001953125,5394.2001953125,5005.0,5123.7001953125,273216,-0.0353753857385952,-0.0360162540889596,0.020505267140098437,0.02995018639327286,0.3255110245178707,0.4754444694997832,0.0353753857385952
2026-03-04,5110.0,5218.2998046875,5092.7998046875,5134.7001953125,146885,0.0021468859575475,0.0021445846910061,0.01678284525150617,0.02929486096241792,0.26641940896539956,0.4650415007926326,0.0021468859575475
2026-03-05,5155.7001953125,5204.2998046875,5058.89990234375,5078.7001953125,151852,-0.0109061868989202,-0.0109660953351894,0.016894780680251447,0.02930752262753581,0.2681963288095439,0.46524249849514815,0.0109061868989202
2026-03-06,5099.7001953125,5185.0,5071.0,5158.7001953125,160268,0.0157520619299083,0.0156292858417074,0.0177676602687782,0.02930852227721322,0.28205286270402097,0.46525836744181587,0.0157520619299083
2026-03-09,5186.7001953125,5210.39990234375,5021.2001953125,5103.7001953125,181749,-0.0106616003872401,-0.0107188424737021,0.01803596370627934,0.029315193028590415,0.2863120477332116,0.4653642623370278,0.0106616003872401
2026-03-10,5152.39990234375,5248.7001953125,5127.10009765625,5242.10009765625,179577,0.0271175611903817,0.0267563948824015,0.020894422655064682,0.029486217541751777,0.3316886768014504,0.468079192316553,0.0271175611903817
2026-03-11,5194.0,5230.89990234375,5155.89990234375,5179.10009765625,140336,-0.0120180841316188,-0.0120908851787275,0.020553419492609686,0.029588281065418404,0.32627541941659555,0.4696994005258701,0.0120180841316188
2026-03-12,5185.39990234375,5197.7998046875,5058.2001953125,5125.7998046875,153533,-0.0102914197377398,-0.0103447425583571,0.015657136810841774,0.028540167946329836,0.24854934146881374,0.4530611205720346,0.0102914197377398
2026-03-13,5084.0,5132.39990234375,5014.10009765625,5061.7001953125,160333,-0.0125052892850753,-0.0125841384592557,0.01631333005785861,0.028611650317062705,0.25896608633045287,0.45419586802854156,0.0125052892850753
2026-03-16,5010.0,5044.5,4970.10009765625,5002.2001953125,170909,-0.0117549435375688,-0.0118245791326211,0.016394116729428206,0.02050155384936604,0.2602485349837837,0.3254520778549291,0.0117549435375688
2026-03-17,5012.2001953125,5049.39990234375,4977.0,5008.2001953125,119419,0.001199472185384,0.0011987533933456,0.014582782965458271,0.020098945889144047,0.2314945028989896,0.3190608746233148,0.001199472185384
2026-03-18,5010.60009765625,5022.0,4809.2998046875,4896.2001953125,217316,-0.0223633232762596,-0.0226171741616195,0.016052838613559398,0.017361815376203,0.2548309128487984,0.2756102747643027,0.0223633232762596
2026-03-19,4828.0,4868.7001953125,4505.0,4605.7001953125,303828,-0.0593317242783735,-0.061164724691509,0.01940878551110803,0.0204320238608696,0.308104918273113,0.32434832350559245,0.0593317242783735
2026-03-20,4653.89990234375,4738.2001953125,4478.39990234375,4574.89990234375,226870,-0.0066874289820464,-0.0067098900290176,0.019790400792318967,0.020360513518947024,0.3141628730566297,0.32321313202021446,0.0066874289820464
2026-03-23,4450.0,4537.10009765625,4100.0,4407.2998046875,398666,-0.0366347026675681,-0.037322606472332,0.02069925563926474,0.020926870439922127,0.3285904964738749,0.33220376941741675,0.0366347026675681
2026-03-24,4414.7998046875,4485.60009765625,4306.2998046875,4402.0,209745,-0.0012025060518604,-0.0012032296424023,0.02189279336536294,0.02044615274028896,0.347537320495651,0.32457261251307834,0.0012025060518604
2026-03-25,4473.5,4601.0,4458.2001953125,4552.2998046875,245178,0.0341435267350067,0.0335735737406378,0.029989064770666474,0.021601879177125284,0.4760616446075505,0.3429192009260286,0.0341435267350067
2026-03-26,4508.89990234375,4541.60009765625,4348.2001953125,4376.2998046875,247440,-0.0386617770250484,-0.0394289829459794,0.03062510348179839,0.022309789638773884,0.4861584461307411,0.3541569311181674,0.0386617770250484
2026-03-27,4371.7998046875,4552.10009765625,4369.10009765625,4492.5,74348,0.0265521560447108,0.0262057657766486,0.034922859631783675,0.022521535129316206,0.5543832099414979,0.3575182865734535,0.0265521560447108
2026-03-30,4482.7998046875,4579.10009765625,4413.39990234375,4526.0,10816,0.0074568725653867,0.0074292075357685,0.028216769227702103,0.02220227774274025,0.447927325069199,0.3524502326788512,0.0074568725653867
2026-03-31,4510.0,4684.10009765625,4508.60009765625,4647.60009765625,176389,0.0268670122970062,0.026512431127413,0.030104034785339448,0.022370735620216443,0.47788673700987533,0.355124418580002,0.0268670122970062
2026-04-01,4698.39990234375,4821.0,4690.0,4813.10009765625,166758,0.035609776341011,0.0349904091181749,0.02656932577424726,0.023024186437990684,0.42177497100790146,0.36549762872705654,0.035609776341011
2026-04-02,4783.0,4825.89990234375,4580.39990234375,4679.7001953125,0,-0.0277160041630361,-0.0281073404100232,0.030521721402473192,0.023532769644717035,0.48451730649924973,0.37357113684294657,0.0277160041630361
2026-04-06,4675.0,4733.10009765625,4626.2001953125,4684.7001953125,89405,0.0010684445138191,0.0010678741332234,0.028506468990391297,0.02327776860322469,0.45252616623089925,0.3695231208038393,0.0010684445138191
2026-04-07,4678.60009765625,4745.7001953125,4631.89990234375,4684.7001953125,145711,0.0,0.0,0.021691257959297792,0.02254251076008477,0.34433804510671423,0.35785126438909154,0.0
2026-04-08,4747.2001953125,4888.0,4720.60009765625,4777.2001953125,215119,0.0197451269331077,0.0195527205163047,0.020964747058024112,0.022899311006803945,0.3328050420894289,0.3635152927123641,0.0197451269331077
2026-04-09,4744.7998046875,4826.0,4718.60009765625,4818.0,133629,0.0085405264630804,0.0085042624962409,0.02095541362872433,0.022880220753178956,0.3326568784925891,0.3632122443310229,0.0085405264630804
2026-04-10,4790.5,4820.0,4752.7001953125,4787.39990234375,121566,-0.006351203332555,-0.006371458031125,0.020017288539214854,0.022881521255121974,0.3177646043795154,0.3632328891593476,0.006351203332555
2026-04-13,4710.0,4774.39990234375,4626.0,4767.39990234375,127322,-0.0041776330383865,-0.0041863837272363,0.014598100935549009,0.022754687184454624,0.2317376681356921,0.36121946070681277,0.0041776330383865
2026-04-14,4769.2998046875,4870.2998046875,4767.60009765625,4850.10009765625,129586,0.0173470229069399,0.017198280994109,0.010293546868895484,0.022893184618447388,0.16340499074331025,0.3634180393122054,0.0173470229069399
2026-04-15,4862.7001953125,4895.39990234375,4807.89990234375,4823.60009765625,106707,-0.0054638047599895,-0.0054787859356153,0.010999006555179573,0.022060376958669158,0.1746038160826463,0.3501976275658681,0.0054638047599895
2026-04-16,4813.60009765625,4861.2998046875,4792.10009765625,4808.2998046875,108864,-0.00317196547371,-0.0031770068196661,0.011264656721934553,0.02204916014757978,0.1788208817445054,0.35001956620999397,0.00317196547371
2026-04-17,4811.7998046875,4917.7001953125,4785.89990234375,4879.60009765625,135440,0.0148285872064883,0.0147197186324665,0.010207016285069113,0.02218886816909678,0.1620313603096754,0.352237362296563,0.0148285872064883
2026-04-20,4811.7998046875,4847.89990234375,4752.0,4828.7998046875,123214,-0.0104107492319196,-0.01046532016164,0.010999461559961836,0.022017486241013347,0.17461103905964157,0.3495167585310459,0.0104107492319196
2026-04-21,4842.39990234375,4854.7998046875,4685.7998046875,4719.60009765625,177092,-0.0226142543588668,-0.0228738782087083,0.013971960710414594,0.022286796332185086,0.22179800020633417,0.3537919236918492,0.0226142543588668
2026-04-22,4738.7001953125,4790.7998046875,4733.10009765625,4753.0,100063,0.0070768500831959,0.0070519266966085,0.01431643675863205,0.021664343366186847,0.22726638794354426,0.3439107891866539,0.0070768500831959
2026-04-23,4759.2001953125,4771.2998046875,4680.10009765625,4724.0,153536,-0.0061014096360193,-0.0061200992967565,0.012051200102420561,0.021606559418492162,0.19130687082528558,0.3429934974544237,0.0061014096360193
2026-04-24,4715.60009765625,4757.10009765625,4672.2001953125,4740.89990234375,103218,0.003577456042284,0.0035710721672413,0.01231157583766593,0.02158984989507952,0.19544020748265462,0.3427282419935661,0.003577456042284
2026-04-27,4713.10009765625,4745.7998046875,4681.2001953125,4693.7001953125,85748,-0.0099558539525198,-0.0100057448805419,0.01264476131538854,0.021553571968382645,0.2007293629697283,0.34215234776084036,0.0099558539525198
2026-04-28,4697.5,4716.5,4567.60009765625,4608.39990234375,144757,-0.018173357781551,-0.0183405216309771,0.010736329314266727,0.021682273672032674,0.17043394415545435,0.34419542396785024,0.018173357781551
2026-04-29,4611.39990234375,4624.2998046875,4522.2001953125,4561.5,126415,-0.0101770469875883,-0.0102291871874461,0.010728255321853227,0.02171479858283671,0.1703057734993731,0.34471174092026247,0.0101770469875883
2026-04-30,4557.0,4658.7998046875,4550.7998046875,4629.60009765625,119642,0.014929320981311,0.0148189755679848,0.011585432107533501,0.021628213977499332,0.1839130331265394,0.3433372529217262,0.014929320981311
2026-05-01,4636.89990234375,4673.0,4570.0,4644.5,93230,0.0032183994361183,0.0032132314740617,0.01112602811096763,0.01868984358209666,0.1766202207692046,0.2966920689655462,0.0032183994361183
2026-05-04,4644.0,4650.60009765625,4510.10009765625,4533.2998046875,117006,-0.0239423393933685,-0.0242336158237087,0.013648237033113183,0.019176199191054722,0.216659046144477,0.30441272490581267,0.0239423393933685
2026-05-05,4534.0,4597.5,4522.7001953125,4568.5,88281,0.0077648063946933,0.0077348154348083,0.014207492593965492,0.017934536900850534,0.22553695294454798,0.28470194711256946,0.0077648063946933
2026-05-06,4569.2998046875,4734.60009765625,4556.10009765625,4694.2998046875,160439,0.0275363477481667,0.0271640416999628,0.01852328836629594,0.018550264009453213,0.2940480868821298,0.29447631194163076,0.0275363477481667
2026-05-07,4702.2001953125,4775.2001953125,4693.2998046875,4710.89990234375,159525,0.0035362244311012,0.0035299866905294,0.01666536640786301,0.017554104869748184,0.2645544901378521,0.27866277584220944,0.0035362244311012
2026-05-08,4682.5,4760.39990234375,4671.0,4730.7001953125,122010,0.0042030808081698,0.0041942725366557,0.015583179103807375,0.01585194331813001,0.24737529926671617,0.2516417989011843,0.0042030808081698
2026-05-11,4690.0,4758.39990234375,4655.10009765625,4728.7001953125,147404,-0.0004227703970718,-0.000422859789672,0.015077628438001752,0.015205368668172427,0.23934993124552736,0.2413777445342259,0.0004227703970718
2026-05-12,4745.2998046875,4783.39990234375,4645.2001953125,4686.7001953125,146315,-0.0088819333570002,-0.0089216128555862,0.015744390303146172,0.015288921231347249,0.2499344477187697,0.24270410035560144,0.0088819333570002
2026-05-13,4722.2998046875,4734.7998046875,4676.0,4706.7001953125,120048,0.0042673947909028,0.0042583152831499,0.011103090036697691,0.014522062974552394,0.17625609012876667,0.2305306029257073,0.0042673947909028
2026-05-14,4696.7998046875,4725.7998046875,4649.2998046875,4685.2998046875,102965,-0.0045467928138513,-0.0045571609159758,0.011633851402603953,0.012941094345498352,0.1846816656070202,0.20543350398727697,0.0045467928138513
2026-05-15,4654.5,4670.10009765625,4513.7998046875,4561.89990234375,169760,-0.0263376747460839,-0.026690724101016,0.011017643531239761,0.012844382843834703,0.17489966890571942,0.20389825649334722,0.0263376747460839
2026-05-18,4547.60009765625,4588.60009765625,4483.5,4558.0,151971,-0.0008548855580426,-0.0008552511810934,0.010633629056833691,0.0128396910935696,0.1688036281109536,0.20382377726685671,0.0008548855580426
2026-05-19,4570.60009765625,4593.2001953125,4467.10009765625,4511.2001953125,140957,-0.0102676184044536,-0.0103206940176368,0.01001343309313123,0.012953046418555075,0.15895832240645708,0.20562323726503556,0.0102676184044536
2026-05-20,4486.60009765625,4558.39990234375,4455.0,4535.2998046875,152270,0.0053421724444953,0.0053279536582741,0.010822147142440062,0.012406253948928896,0.17179625994386824,0.1969431759046733,0.0053421724444953
2026-05-21,4548.0,4572.39990234375,4488.2998046875,4542.5,153243,0.0015875897123842,0.0015863308240594,0.011061681432951947,0.012273433341631446,0.17559874892286872,0.19483471412931155,0.0015875897123842
2026-05-22,4544.2001953125,4547.0,4488.0,4523.2001953125,108508,-0.0042487186984039,-0.0042577701508411,0.010397751770710102,0.0122530541153548,0.16505919227688254,0.19451120394147203,0.0042487186984039
2026-05-26,4532.0,4583.2998046875,4480.0,4502.2998046875,254516,-0.0046207087288905,-0.0046314172033635,0.010396520069762785,0.012256263246266734,0.1650396396305053,0.19456214731537783,0.0046207087288905
2026-05-27,4507.39990234375,4528.10009765625,4398.5,4448.39990234375,81062,-0.0119716377589144,-0.0120438749245527,0.006196899477863848,0.011835883058876248,0.09837272950856252,0.18788881872377405,0.0119716377589144
2026-05-28,4453.60009765625,4512.60009765625,4363.5,4499.2998046875,153472,0.0114422946365349,0.0113773267017353,0.0084356138777698,0.01210458507536163,0.13391121886046461,0.19215433099818546,0.0114422946365349
2026-05-29,4527.60009765625,4627.10009765625,4519.5,4593.0,133439,0.0208255060520483,0.0206116196324893,0.011032319491268443,0.012813468327614406,0.17513264254864153,0.20340750376242253,0.0208255060520483
2026-06-01,4575.2001953125,4577.2998046875,4476.0,4506.2998046875,116787,-0.0188765937976268,-0.0190570309957747,0.013547984214147664,0.012814906792305283,0.21506758198118137,0.2034303386814734,0.0188765937976268
2026-06-02,4515.7998046875,4571.2998046875,4492.2998046875,4519.89990234375,100306,0.003018018828242,0.0030134737518727,0.013601340769825894,0.01276602173718859,0.21591459104401878,0.20265431248947466,0.003018018828242
2026-06-03,4520.0,4525.10009765625,4454.0,4466.89990234375,106691,-0.0117259233932409,-0.0117952142316248,0.014212492259147206,0.012309969215713321,0.2256163201688044,0.19541470314982962,0.0117259233932409
2026-06-04,4462.60009765625,4543.2001953125,4450.10009765625,4505.0,109643,0.0085294272289959,0.0084932571921717,0.014625380420750712,0.012348719081201302,0.23217071653811755,0.19602983819434003,0.0085294272289959
2026-06-05,4503.0,4508.7001953125,4336.60009765625,4365.2998046875,179306,-0.0310100322558268,-0.0315010203501533,0.01851433412349382,0.01344300344933597,0.29390594268432996,0.21340106400435874,0.0310100322558268
2026-06-08,4354.0,4377.5,4293.0,4363.39990234375,144089,-0.0004352283757715,-0.0004353231151309,0.01753756225945231,0.013399918160414363,0.278400170044937,0.2127171062464471,0.0004352283757715
2026-06-09,4354.7001953125,4388.60009765625,4259.89990234375,4286.39990234375,138100,-0.0176467895960305,-0.0178043505696231,0.014056258796194626,0.013615849173923006,0.2231361908321707,0.2161449048189871,0.0176467895960305
2026-06-10,4276.10009765625,4281.10009765625,4090.10009765625,4133.2998046875,206026,-0.0357176421109325,-0.0363711248845662,0.01701211304703709,0.014631935319824842,0.2700589223890644,0.2322747723350332,0.0357176421109325
2026-06-11,4094.39990234375,4241.2998046875,4046.199951171875,4114.0,206270,-0.0046693454623379,-0.0046802809100622,0.016093771664513038,0.014579938132486666,0.25548070488815716,0.23144934257560332,0.0046693454623379
2026-06-12,4234.89990234375,4267.7998046875,4191.10009765625,4238.7998046875,136146,0.0303353924860232,0.0298843730104676,0.023086032293635223,0.015488355663047647,0.36647940124898926,0.24587002381045794,0.0303353924860232
2026-06-15,4289.39990234375,4391.5,4283.39990234375,4351.60009765625,132136,0.0266113754284902,0.0262634517650154,0.025974289008331493,0.016366746568091717,0.4123290551865818,0.2598140471423433,0.0266113754284902
2026-06-16,4331.2998046875,4376.5,4326.7001953125,4354.39990234375,89925,0.0006433965954288,0.0006431897045765,0.02323021133885305,0.01583921720056849,0.3687681726364679,0.2514397780478454,0.0006433965954288
2026-06-17,4352.60009765625,4403.60009765625,4237.39990234375,4381.39990234375,160543,0.0062006247945824,0.0061814800196135,0.02335055400238847,0.015811171875013443,0.3706785531954229,0.2509945723067064,0.0062006247945824
2026-06-18,4275.10009765625,4350.2001953125,4220.2998046875,4245.89990234375,139534,-0.0309261886657542,-0.0314144973048025,0.025538079995096996,0.015740722859587383,0.40540445177460166,0.24987622885714614,0.0309261886657542
2026-06-22,4163.89990234375,4238.10009765625,4151.39990234375,4202.7001953125,177657,-0.010174452536529,-0.0102265660644955,0.021223499955794076,0.01573681784528515,0.33691261700052877,0.249814238676887,0.010174452536529
2026-06-23,4210.7998046875,4216.0,4108.2001953125,4149.39990234375,118495,-0.0126823923886358,-0.0127635004192677,0.021885104793542786,0.015747196879472073,0.34741526820181073,0.24997900073673282,0.0126823923886358
2026-06-24,4130.0,4132.39990234375,3975.699951171875,4008.800048828125,189386,-0.0338843825190742,-0.0344717650982601,0.02119796015866457,0.016627891054308914,0.33650718529009044,0.2639595873430619,0.0338843825190742
2026-06-25,4019.0,4060.0,3976.300048828125,4047.60009765625,147347,0.0096787189072868,0.0096321801568068,0.01721627956526211,0.016836166030464374,0.27329996538868045,0.2672658500904135,0.0096787189072868
2026-06-26,4044.39990234375,4111.5,3998.10009765625,4096.2998046875,118966,0.0120317486550731,0.0119599425619844,0.01886670134854752,0.017037831180638775,0.2994995989703021,0.2704671851032332,0.0120317486550731
2026-06-29,4101.10009765625,4102.89990234375,4012.0,4038.89990234375,107421,-0.0140126223861998,-0.0141117260701648,0.017748929177468502,0.01712656117288613,0.28175551584767916,0.27187573006314836,0.0140126223861998
2026-06-30,4032.5,4078.10009765625,3955.39990234375,4038.5,125413,-9.901268994505497e-05,-9.901759202502146e-05,0.0158236188382136,0.016651821796321985,0.2511921617219399,0.26433947609539693,9.901268994505497e-05
2026-07-01,4025.0,4131.0,3973.0,4082.39990234375,146949,0.0108703484818002,0.0108116909461264,0.017074253445752467,0.01686249809196518,0.27104537063729217,0.26768385860784616,0.0108703484818002
2026-07-02,4049.199951171875,4157.10009765625,4042.800048828125,4125.7001953125,0,0.0106065779944515,0.0105507228535491,0.017370070287788118,0.017004896344464622,0.275741317423197,0.26994436078730843,0.0106065779944515
2026-07-06,4187.5,4215.5,4140.60009765625,4167.5,147556,0.0101315662090502,0.0100805859429225,0.009561332910619811,0.01710646856389154,0.1517814545027843,0.2715567697836075,0.0101315662090502
2026-07-07,4176.39990234375,4192.39990234375,4102.7001953125,4157.39990234375,110330,-0.002423538729754,-0.0024264802532999,0.009792493357084004,0.017087684898841948,0.1554510128285778,0.27125858834501815,0.002423538729754
2026-07-08,4106.5,4144.7001953125,4032.5,4082.39990234375,170826,-0.0180401216533724,-0.0182048285431717,0.011970366944065985,0.017311864207550237,0.1900236842171209,0.27481732454458924,0.0180401216533724
2026-07-09,4087.60009765625,4148.39990234375,4063.39990234375,4140.7998046875,125061,0.0143052870225237,0.0142039318702305,0.011383262176042191,0.017603201511159926,0.18070368495873357,0.27944216086251333,0.0143052870225237
2026-07-10,4135.39990234375,4144.60009765625,4081.699951171875,4113.7001953125,98745,-0.0065445350302428,-0.0065660443968536,0.01197945569070584,0.0175316894652385,0.19016796359715088,0.2783069423269922,0.0065445350302428
2026-07-13,4106.60009765625,4111.60009765625,3992.89990234375,4005.699951171875,154814,-0.0262537956129349,-0.0266045797384704,0.015469243998536567,0.017849325449590222,0.24556663554183703,0.2833492572592314,0.0262537956129349
2026-07-14,4005.89990234375,4112.5,3990.39990234375,4069.699951171875,151122,0.0159772326385245,0.0158509400848589,0.01634213800472382,0.017640231751952562,0.25942339830957917,0.2800299977112703,0.0159772326385245
2026-07-15,4059.800048828125,4089.10009765625,4023.300048828125,4051.800048828125,113034,-0.0043983346582088,-0.0044080357884205,0.01546820959058984,0.01741217316733648,0.24555021482474965,0.2764096799157851,0.0043983346582088
2026-07-16,4068.89990234375,4071.89990234375,3973.39990234375,3992.10009765625,125063,-0.0147341799823368,-0.0148438061796404,0.01596281421910164,0.017488367577881702,0.2534018198908119,0.27761922868536,0.0147341799823368
2026-07-17,3980.10009765625,4028.89990234375,3963.0,4018.800048828125,112279,0.0066881968183989,0.0066659300579037,0.015498425183104797,0.017530294176634882,0.2460298724858159,0.2782847928070782,0.0066881968183989
2026-07-20,4005.60009765625,4046.0,3986.5,4015.89990234375,102847,-0.0007216448813422,-0.0007219053923481,0.013787665362525237,0.01739463374826052,0.21887240225652593,0.2761312502696919,0.0007216448813422
2026-07-21,4013.39990234375,4092.5,4003.300048828125,4076.39990234375,119957,0.0150651165295956,0.0149527646523073,0.01550892100046994,0.016925784933824257,0.24619648842114306,0.26868850607677697,0.0150651165295956
2026-07-22,4084.699951171875,4171.39990234375,4081.0,4151.89990234375,132783,0.0185212446788134,0.0183518152583585,0.01236732923289381,0.01734041495491646,0.1963252651937774,0.27527055360824554,0.0185212446788134
2026-07-23,4126.0,4144.0,4042.5,4050.199951171875,159889,-0.0244947984209507,-0.0247997867147872,0.015541943315828578,0.01760326068769005,0.24672070142607008,0.2794431002608063,0.0244947984209507
2026-07-24,4053.39990234375,4085.199951171875,4024.0,4070.800048828125,120072,0.0050861927570489,0.0050733017708849,0.015567199493879101,0.016424060089300516,0.24712163082320798,0.2607238710856227,0.0050861927570489
2026-07-27,4097.5,4119.2998046875,4067.10009765625,4077.0,135087,0.0015230301408835,0.0015218715067524,0.014002163345417325,0.016407156690077945,0.22227745217327066,0.26045553794169535,0.0015230301408835
2026-07-28,4083.0,4085.699951171875,4011.10009765625,4038.699951171875,167757,-0.0093941743507787,-0.0094385779153293,0.014620155449545476,0.015434515492412251,0.2320877726916184,0.2450153375981787,0.0093941743507787
2026-07-29,4020.89990234375,4115.2001953125,3993.800048828125,4036.300048828125,89664,-0.0005942264522655,-0.0005944030747765,0.01461802747989573,0.014496952242604397,0.23205399222067405,0.23013198241386806,0.0005942264522655
2026-07-30,4060.699951171875,4118.5,4028.5,4100.10009765625,149370,0.0158065674147906,0.0156829446277332,0.014740655439949618,0.014866404539859284,0.23400065073718856,0.2359968558128957,0.0158065674147906
2026-07-31,4163.89990234375,4170.7001953125,4076.39990234375,4107.0,110633,0.0016828619251745,0.0016814474996777,0.012609928605426752,0.014804310093695653,0.20017641084143228,0.23501113703881216,0.0016828619251745
2026-08-03,4135.2001953125,4145.5,4074.0,4090.5,93289,-0.004017531044558,-0.0040256230028056,0.007864062668592253,0.01377352361903894,0.12483812469433234,0.21864790903830827,0.004017531044558
2026-08-04,4109.60009765625,4163.7998046875,4098.2001953125,4152.60009765625,118831,0.0151815420257304,0.0150674556390125,0.009416298065024406,0.013977109255244625,0.14947909770547974,0.22187973082173895,0.0151815420257304
2026-08-05,4133.7998046875,4328.2001953125,4121.60009765625,4305.2001953125,211902,0.0367480841081659,0.0360889721640263,0.015809625194110197,0.015316969765346081,0.25097001950854103,0.24314935702920654,0.0367480841081659
2026-08-06,4307.0,4363.7001953125,4281.2001953125,4299.60009765625,167624,-0.0013007752025904,-0.0013016219450149,0.014580878553587648,0.01381441724858873,0.23146427129776856,0.21929707528228157,0.0013007752025904
2026-08-07,4298.2998046875,4432.2998046875,4288.0,4399.7001953125,190635,0.0232812576478484,0.0230143833441383,0.01473447131903849,0.014276085170445325,0.23390248086113818,0.22662582633945288,0.0232812576478484
2026-08-10,4400.0,4453.7998046875,4373.89990234375,4419.7001953125,118606,0.0045457642821453,0.004535463500511,0.014924641939365308,0.014175723060055727,0.23692134586947206,0.22503262722858594,0.0045457642821453
2026-08-11,4446.89990234375,4495.0,4415.7001953125,4441.10009765625,138129,0.0048419352892865,0.0048302508223893,0.014645533097226144,0.013825929484855068,0.23249063035935558,0.21947982636745128,0.0048419352892865
2026-08-12,4430.0,4502.7001953125,4421.39990234375,4467.5,153093,0.0059444510961781,0.0059268525547672,0.013331132531471605,0.013819302756812363,0.2116251682387009,0.21937463032100893,0.0059444510961781
2026-08-13,4468.7998046875,4509.10009765625,4400.0,4420.39990234375,139219,-0.0105428310366536,-0.0105988004111311,0.01585542224968465,0.013975632132900106,0.2516970252275151,0.22185628223146125,0.0105428310366536
2026-08-14,4408.2001953125,4454.60009765625,4365.5,4437.2998046875,126955,0.0038231614146018,0.0038158717069127,0.010126017892765756,0.01389878670222414,0.16074555069389102,0.2206363988376997,0.0038231614146018
2026-08-17,4440.0,4486.5,4422.2998046875,4473.7001953125,121052,0.0082032750157081,0.0081698110401178,0.00987287391466526,0.013866809255904803,0.15672701462220603,0.2201287726145564,0.0082032750157081
2026-08-18,4473.39990234375,4493.10009765625,4383.2998046875,4420.60009765625,131150,-0.0118693911835862,-0.0119403948129656,0.008265325247503947,0.0140869831236042,0.13120797065975298,0.22362392440932347,0.0118693911835862
2026-08-19,4391.39990234375,4582.7998046875,4378.0,4545.2998046875,250482,0.0282087735322098,0.0278182335071705,0.013363705304253948,0.01433049340854993,0.21214224497646425,0.2274895303432407,0.0282087735322098
2026-08-20,4580.0,4597.10009765625,4506.0,4571.39990234375,186475,0.0057422169664878,0.005725793280893,0.013376507078369987,0.014196327566503705,0.21234546684037303,0.22535971362827742,0.0057422169664878
2026-08-21,4577.0,4690.39990234375,4565.5,4680.60009765625,195566,0.0238876925329838,0.0236068453417868,0.015338357898575577,0.014544233782018981,0.24348888311840552,0.23088255358323978,0.0238876925329838
2026-08-24,4673.39990234375,4738.5,4651.7998046875,4697.7998046875,206802,0.0036746798855691,0.003667944744055,0.013492627160014124,0.013345087421712823,0.21418881598987843,0.2118466952536097,0.0036746798855691
2026-08-25,4710.10009765625,4755.0,4659.5,4694.5,176784,-0.0007024149228767,-0.0007026617318202,0.013874425501456414,0.013236761277665038,0.2202496767644778,0.2101270710277877,0.0007024149228767
2026-08-26,4715.7001953125,4730.89990234375,4638.2001953125,4653.2998046875,151459,-0.0087762691048034,-0.0088150073726891,0.015279438722784401,0.013365811344963466,0.24255357019882742,0.21217567733627443,0.0087762691048034
2026-08-27,4650.0,4697.7001953125,4616.0,4664.0,140302,0.0022994854751721,0.0022968457044153,0.013378427577420469,0.012863683882929418,0.21237595381765728,0.2042046509902857,0.0022994854751721
2026-08-28,4656.0,4688.0,4495.0,4529.89990234375,274603,-0.0287521650206368,-0.0291736064102411,0.01594575904621405,0.014279182069053105,0.2531310774146453,0.22667498808076347,0.0287521650206368
2026-08-31,4483.2001953125,4521.5,4445.60009765625,4481.5,152216,-0.0106845412453171,-0.0107420308226708,0.016103379660631183,0.014509112774932238,0.25563322709811487,0.2303250248799658,0.0106845412453171
2026-09-01,4498.7001953125,4510.5,4369.7001953125,4396.39990234375,198560,-0.0189891995216445,-0.0191718098154477,0.011901206085357649,0.01492081849266455,0.1889257896215093,0.23686065053474414,0.0189891995216445
2026-09-02,4377.2001953125,4444.39990234375,4329.2001953125,4414.60009765625,187568,0.0041397952226314,0.0041312498463425,0.011983780047768407,0.014620642108300457,0.19023661063735767,0.23209549815985256,0.0041397952226314
2026-09-03,4436.39990234375,4558.5,4426.7001953125,4539.89990234375,209167,0.0283830475956412,0.0279877120221176,0.018514421100977136,0.0144844134341482,0.2939073234090731,0.22993293500039502,0.0283830475956412
2026-09-04,4522.0,4537.7998046875,4412.0,4476.60009765625,189656,-0.0139429956715171,-0.0140411123300795,0.018808127699240864,0.01484346634191788,0.29856977111362054,0.23563272320923415,0.0139429956715171
2026-09-08,4466.5,4488.7998046875,4381.0,4439.0,217162,-0.0083992531912635,-0.0084347256863141,0.018514004882334734,0.014993711606696209,0.29390071614296015,0.23801779284684518,0.0083992531912635
2026-09-09,4399.0,4479.0,4384.10009765625,4460.7001953125,164390,0.0048885323974994,0.0048766223224192,0.016103136684893726,0.01481399318430308,0.2556293699778593,0.2351648513368307,0.0048885323974994
2026-09-10,4448.0,4479.89990234375,4354.7001953125,4407.2998046875,201300,-0.0119713023262839,-0.0120435354276452,0.016224533170545903,0.015063916235902529,0.2575564794442966,0.23913225678543773,0.0119713023262839
2026-09-11,4359.39990234375,4444.89990234375,4333.0,4408.89990234375,187975,0.0003630562310619,0.0003629903420955,0.014452914452942531,0.014875453913436872,0.22943290417546244,0.236140510164939,0.0003630562310619
2026-09-14,4375.0,4396.7998046875,4293.0,4351.89990234375,164499,-0.0129283951240759,-0.0130126941802112,0.015157977780085385,0.015140962896040784,0.24062543750849305,0.24035533459788136,0.0129283951240759
2026-09-15,4340.2998046875,4358.2001953125,4301.60009765625,4332.7998046875,146019,-0.0043889101507053,-0.0043985696904568,0.007204295328229686,0.015146239483246744,0.11436464285976118,0.24043909782299006,0.0043889101507053
2026-09-16,4333.5,4413.10009765625,4273.2998046875,4387.5,249081,0.0126246763705357,0.0125456495738845,0.009377332119611847,0.015076718923028675,0.14886053249850684,0.23933549314293265,0.0126246763705357
2026-09-17,4301.39990234375,4423.2998046875,4294.5,4399.7001953125,169188,0.0027806712962963,0.0027768123817939,0.00922151902549538,0.013573431951895412,0.1463870763102688,0.21547155229423975,0.0027806712962963
2026-09-18,4381.60009765625,4439.7998046875,4372.2001953125,4424.89990234375,142919,0.0057275964071592,0.0057112560909917,0.009319288310823657,0.013596329377356385,0.14793911559930364,0.21583503765484,0.0057275964071592
2026-09-21,4413.0,4422.10009765625,4360.2998046875,4383.89990234375,138203,-0.0092657463230486,-0.0093089403743035,0.008837560696115129,0.013048491108583908,0.14029192679015698,0.2071383747477032,0.0092657463230486
2026-09-22,4382.5,4414.10009765625,4327.60009765625,4376.39990234375,178132,-0.0017108054853146,-0.0017122705842569,0.008829696720265142,0.01302267955094402,0.14016709004366532,0.20672862897290506,0.0017108054853146
2026-09-23,4394.7001953125,4407.5,4310.7001953125,4318.39990234375,178132,-0.0132529022242547,-0.0133415056385956,0.008903167085368594,0.01319676048821133,0.14133339593244643,0.2094920781809431,0.0132529022242547
2026-09-24,4324.39990234375,4338.0,4278.2998046875,4307.39990234375,158403,-0.0025472397760174,-0.0025504895109982,0.008815501801621465,0.013136945117310896,0.13994175269599352,0.20854253860505326,0.0025472397760174
