Date,Open,High,Low,Close,Volume,Daily_Return,Log_Return
2010-01-04,1117.699951171875,1122.300048828125,1097.0999755859375,1117.699951171875,184,,
2010-01-05,1118.0999755859375,1126.5,1115.0,1118.0999755859375,53,0.00035789964349830505,0.00035783561269817505
2010-01-06,1135.9000244140625,1139.199951171875,1120.699951171875,1135.9000244140625,363,0.015919908073333877,0.01579451541250982
2010-01-07,1133.0999755859375,1133.0999755859375,1129.199951171875,1133.0999755859375,56,-0.0024650486556414553,-0.0024680918902550827
2010-01-08,1138.199951171875,1138.199951171875,1122.699951171875,1138.199951171875,54,0.004500905212093231,0.0044908064293332495
2010-01-11,1150.699951171875,1161.199951171875,1143.0,1150.699951171875,177,0.010982253150801924,0.010922386126403755
2010-01-12,1128.9000244140625,1157.199951171875,1127.199951171875,1128.9000244140625,51,-0.018944927159865954,-0.01912668150208354
2010-01-13,1136.4000244140625,1136.4000244140625,1121.0,1136.4000244140625,58,0.006643635253611446,0.006621663569801901
2010-01-14,1137.0,1145.9000244140625,1132.800048828125,1142.5999755859375,81,0.005455782329001346,0.00544095345952943
2010-01-15,1132.800048828125,1133.4000244140625,1127.199951171875,1130.0999755859375,50,-0.01093996172509093,-0.011000243160598023
2010-01-19,1139.699951171875,1139.699951171875,1130.5,1139.699951171875,22,0.008494802047013694,0.008458924256074033
2010-01-20,1123.300048828125,1133.0,1109.800048828125,1112.300048828125,28,-0.02404132975137585,-0.02433503952240169
2010-01-21,1102.699951171875,1107.5,1090.199951171875,1102.699951171875,99,-0.008630852499165398,-0.008668314012208104
2010-01-22,1089.199951171875,1095.4000244140625,1083.0,1089.199951171875,58,-0.012242677607497088,-0.012318236513859564
2010-01-25,1095.199951171875,1095.199951171875,1095.199951171875,1095.199951171875,8,0.005508630434241768,0.005493513420230047
2010-01-26,1097.9000244140625,1097.9000244140625,1097.9000244140625,1097.9000244140625,4,0.0024653701265220374,0.0024623360872550208
2010-01-27,1084.4000244140625,1084.4000244140625,1084.4000244140625,1084.4000244140625,206694,-0.012296201566444842,-0.012372425339340949
2010-01-28,1087.800048828125,1095.699951171875,1073.199951171875,1083.5999755859375,101168,-0.0007377801642500792,-0.0007380524579723018
2010-01-29,1085.0,1090.800048828125,1074.5,1083.0,11456,-0.000553687337998543,-0.0005538406794374274
2010-02-01,1081.0,1107.300048828125,1076.800048828125,1104.300048828125,2452,0.019667635113688853,0.01947672626845235
2010-02-02,1117.4000244140625,1118.5,1100.199951171875,1117.4000244140625,3326,0.011862695831480918,0.01179288560459625
2010-02-03,1115.800048828125,1124.9000244140625,1108.5999755859375,1111.4000244140625,853,-0.005369607901294149,-0.005384076061273663
2010-02-04,1110.0,1110.699951171875,1059.0,1062.4000244140625,1426,-0.04408853601189466,-0.04508998111049233
2010-02-05,1052.199951171875,1068.5,1045.199951171875,1052.199951171875,1956,-0.00960097233413848,-0.009647358811312443
2010-02-08,1065.699951171875,1073.4000244140625,1061.5999755859375,1065.699951171875,549,0.012830261002164667,0.012748650518059184
2010-02-09,1076.699951171875,1082.0,1063.0999755859375,1076.699951171875,387,0.010321854653276619,0.010268948062854865
2010-02-10,1075.800048828125,1081.0999755859375,1063.300048828125,1075.800048828125,640,-0.0008357967721374093,-0.0008361462449986618
2010-02-11,1076.800048828125,1097.0999755859375,1075.5999755859375,1094.199951171875,1491,0.01710345929412549,0.016958841778351375
2010-02-12,1089.5,1092.0,1079.800048828125,1089.5,197,-0.0042953311840686625,-0.004304582620552603
2010-02-16,1119.300048828125,1120.4000244140625,1092.4000244140625,1119.300048828125,928,0.027352041145594308,0.02698465813435139
2010-02-17,1119.5,1127.0,1108.5,1119.5,1083,0.00017863947391427715,0.0001786235197834537
2010-02-18,1118.0,1123.699951171875,1100.800048828125,1118.0,989,-0.0013398838767306742,-0.0013407823237650395
2010-02-19,1121.300048828125,1126.199951171875,1099.699951171875,1121.300048828125,137,0.002951743137857843,0.0029473952977853916
2010-02-22,1112.5999755859375,1127.4000244140625,1110.0,1112.5999755859375,124,-0.007758916314397735,-0.0077891733148895085
2010-02-23,1116.4000244140625,1118.300048828125,1102.5999755859375,1102.699951171875,152,-0.008898098715891867,-0.008937923213824531
2010-02-24,1096.5,1096.5,1096.5,1096.5,751,-0.005622518768851004,-0.005638384626172894
2010-02-25,1107.800048828125,1108.199951171875,1088.699951171875,1107.800048828125,386,0.010305562086753373,0.010252821817720683
2010-02-26,1106.800048828125,1118.300048828125,1106.800048828125,1118.300048828125,382,0.009478244752838982,0.009433608021292231
2010-03-01,1119.300048828125,1121.9000244140625,1113.5999755859375,1117.800048828125,184,-0.00044710719678853206,-0.00044720717901420117
2010-03-02,1136.9000244140625,1137.4000244140625,1115.699951171875,1136.9000244140625,155,0.017087112857045783,0.01694277009135818
2010-03-03,1142.699951171875,1145.0,1133.699951171875,1142.699951171875,170,0.005101527516284232,0.005088558812882546
2010-03-04,1132.5999755859375,1139.0,1128.5999755859375,1132.5999755859375,118,-0.008838694335796204,-0.008877987298245592
2010-03-05,1134.800048828125,1134.800048828125,1134.800048828125,1134.800048828125,129,0.0019424980483946364,0.0019406138387151374
2010-03-08,1123.5999755859375,1123.5999755859375,1123.5999755859375,1123.5999755859375,17,-0.009869644660090993,-0.009918672460992171
2010-03-09,1122.0,1124.0,1113.0999755859375,1122.0,27,-0.001423972606534707,-0.0014249874190179776
2010-03-10,1107.800048828125,1127.0999755859375,1106.9000244140625,1107.800048828125,21,-0.012655927960672941,-0.012736696406978158
2010-03-11,1108.0,1108.0,1108.0,1108.0,46,0.00018049391863317332,0.00018047763156562316
2010-03-12,1101.5,1117.4000244140625,1099.9000244140625,1101.5,135,-0.005866425992779756,-0.0058837010648312765
2010-03-15,1105.0999755859375,1107.0999755859375,1101.4000244140625,1105.0999755859375,21,0.0032682483757944247,0.0032629192601636168
2010-03-16,1122.199951171875,1127.0,1114.5,1122.199951171875,66,0.015473691035845727,0.01535519430323725
2010-03-17,1124.0,1131.4000244140625,1118.0,1124.0,29,0.0016040357391258198,0.001602750647837658
2010-03-18,1127.4000244140625,1127.800048828125,1121.0999755859375,1127.4000244140625,86,0.0030249327527247516,0.0030203668490292684
2010-03-19,1107.4000244140625,1107.4000244140625,1107.4000244140625,1107.4000244140625,54,-0.017739932204094533,-0.017899170867508113
2010-03-22,1099.300048828125,1099.300048828125,1099.300048828125,1099.300048828125,71,-0.007314407989311045,-0.00734128943287008
2010-03-23,1103.5,1103.5,1103.5,1103.5,16,0.0038205685302681314,0.003813288694503739
2010-03-24,1088.5999755859375,1092.4000244140625,1085.5,1088.5999755859375,9,-0.013502514194891235,-0.013594502123719505
2010-03-25,1092.699951171875,1092.699951171875,1086.699951171875,1092.699951171875,8,0.0037662830037550332,0.003759208317871616
2010-03-26,1104.199951171875,1104.199951171875,1104.199951171875,1104.199951171875,5,0.010524389598138839,0.010469393738636968
2010-03-29,1110.300048828125,1110.300048828125,1110.300048828125,1110.300048828125,158733,0.00552445021372816,0.005509246408055013
2010-03-30,1109.699951171875,1112.9000244140625,1101.0999755859375,1104.5,56533,-0.005223857131454457,-0.0052375491774631945
2010-03-31,1103.0999755859375,1118.699951171875,1102.0,1113.300048828125,5950,0.007967450274445342,0.007935877733399111
2010-04-01,1125.0999755859375,1127.699951171875,1111.300048828125,1125.0999755859375,2696,0.010599053480895071,0.010543277283994743
2010-04-05,1122.300048828125,1133.300048828125,1119.9000244140625,1132.9000244140625,567,0.0069327606411713205,0.006908839551936326
2010-04-06,1130.800048828125,1138.5,1122.699951171875,1135.0999755859375,2490,0.001941875827050854,0.001939992823498996
2010-04-07,1152.300048828125,1153.0,1132.5999755859375,1152.300048828125,1342,0.01515291481995562,0.015039256141456733
2010-04-08,1152.199951171875,1152.300048828125,1144.0,1152.199951171875,254,-8.686770112675823e-05,-8.687147434402314e-05
2010-04-09,1161.0999755859375,1164.800048828125,1150.5,1161.0999755859375,505,0.007724374927295052,0.007694694686179822
2010-04-12,1161.5999755859375,1169.0,1154.5999755859375,1161.5999755859375,483,0.00043062613944822026,0.0004305334466219135
2010-04-13,1152.800048828125,1157.0,1145.0,1152.800048828125,278,-0.0075756946821332605,-0.007604536011493
2010-04-14,1159.0,1160.5999755859375,1151.199951171875,1159.0,162,0.005378166992773492,0.005363756298329145
2010-04-15,1157.5,1159.800048828125,1151.0,1159.699951171875,179,0.0006039268092106198,0.0006037445188048611
2010-04-16,1136.300048828125,1160.0,1130.4000244140625,1136.300048828125,483,-0.020177548787601807,-0.020383895963437555
2010-04-19,1135.199951171875,1137.0999755859375,1124.0,1135.199951171875,145,-0.0009681401117465072,-0.000968609062082012
2010-04-20,1138.5999755859375,1145.800048828125,1136.0,1138.5999755859375,80,0.002995088583779948,0.0029906122417675506
2010-04-21,1148.199951171875,1150.0,1138.4000244140625,1148.199951171875,68,0.008431385729652074,0.008396040132929772
2010-04-22,1142.300048828125,1144.0,1133.5999755859375,1142.300048828125,213,-0.005138392784051593,-0.00515163972238596
2010-04-23,1153.0999755859375,1153.0999755859375,1153.0999755859375,1153.0999755859375,40,0.009454544599636572,0.009410130119176331
2010-04-26,1160.0999755859375,1160.0999755859375,1151.4000244140625,1153.5,108,0.0003469121693973065,0.00034685200928378336
2010-04-27,1152.800048828125,1170.699951171875,1148.5999755859375,1161.699951171875,213,0.007108756976051067,0.007083608874006646
2010-04-28,1171.300048828125,1171.300048828125,1171.300048828125,1171.300048828125,299,0.008263835809380726,0.008229877275134146
2010-04-29,1168.4000244140625,1171.199951171875,1164.0,1168.4000244140625,166,-0.0024759022395363095,-0.002478972354068754
2010-04-30,1180.0999755859375,1181.300048828125,1170.0,1180.0999755859375,146,0.010013651940603552,0.009963847534692136
2010-05-03,1178.5999755859375,1187.5,1177.300048828125,1182.699951171875,90,0.0022031824758292906,0.0022007590281972016
2010-05-04,1168.5999755859375,1191.800048828125,1168.300048828125,1168.5999755859375,94,-0.011921853528417348,-0.011993488743151995
2010-05-05,1174.5999755859375,1177.199951171875,1159.199951171875,1174.5999755859375,98,0.0051343489006934195,0.005121213074799913
2010-05-06,1196.9000244140625,1210.5999755859375,1175.9000244140625,1196.9000244140625,79,0.018985228411060318,0.01880725797365313
2010-05-07,1210.0,1210.800048828125,1194.5999755859375,1210.0,112,0.01094492047683815,0.010885458313715984
2010-05-10,1200.4000244140625,1203.800048828125,1189.199951171875,1200.4000244140625,118,-0.00793386412060948,-0.007965504686302246
2010-05-11,1219.9000244140625,1233.5,1201.5,1219.9000244140625,201,0.016244584807900475,0.016114053263374287
2010-05-12,1242.699951171875,1246.5,1227.0999755859375,1242.699951171875,213,0.018689996148466115,0.018517484352124334
2010-05-13,1235.300048828125,1240.0,1228.699951171875,1228.800048828125,37,-0.011185244137687733,-0.01124826939014631
2010-05-14,1227.4000244140625,1227.4000244140625,1227.4000244140625,1227.4000244140625,99,-0.0011393427396081401,-0.0011399922839632573
2010-05-17,1233.300048828125,1235.9000244140625,1225.199951171875,1227.699951171875,49,0.0002443594197871768,0.0002443295688869575
2010-05-18,1214.300048828125,1216.0999755859375,1208.199951171875,1214.300048828125,73,-0.010914639469488785,-0.010974641144063931
2010-05-19,1192.5999755859375,1192.5999755859375,1192.5999755859375,1192.5999755859375,75,-0.017870437593352162,-0.018032042052982835
2010-05-20,1187.800048828125,1191.800048828125,1179.4000244140625,1187.800048828125,297,-0.004024758390133498,-0.004032879527918756
2010-05-21,1175.699951171875,1175.699951171875,1175.699951171875,1175.699951171875,177,-0.010186981948845597,-0.010239224347209393
2010-05-24,1193.800048828125,1193.800048828125,1193.800048828125,1193.800048828125,14,0.015395167481472516,0.015277864293391445
2010-05-25,1197.800048828125,1200.0,1195.5999755859375,1197.800048828125,9,0.0033506448621161145,0.0033450439592239783
2010-05-26,1213.300048828125,1213.300048828125,1213.300048828125,1213.300048828125,237497,0.012940390188800333,0.012857378706691411
2010-05-27,1211.699951171875,1218.5,1205.4000244140625,1211.9000244140625,109434,-0.0011538979293825857,-0.0011545641821727596
2010-05-28,1210.4000244140625,1214.800048828125,1201.0999755859375,1212.199951171875,12895,0.00024748473617486333,0.00024745411687931155
2010-06-01,1224.800048828125,1228.199951171875,1209.300048828125,1224.800048828125,4547,0.010394405348778557,0.010340754973076925
2010-06-02,1220.5999755859375,1225.800048828125,1213.199951171875,1220.5999755859375,2799,-0.003429190949335803,-0.003435084100971177
2010-06-03,1208.300048828125,1224.0,1201.0,1208.300048828125,1552,-0.010076951502401954,-0.010128067664845416
2010-06-04,1207.5999755859375,1220.4000244140625,1196.9000244140625,1216.199951171875,1070,0.0065380303107756,0.006516750094044506
2010-06-07,1239.300048828125,1244.699951171875,1211.0,1239.300048828125,859,0.018993667639923606,0.018815539932685865
2010-06-08,1241.5,1252.0999755859375,1234.0999755859375,1244.0,763,0.003792423938270062,0.0037852508285350526
2010-06-09,1237.0,1238.199951171875,1222.0,1228.5,446,-0.012459807073954998,-0.012538081337890961
2010-06-10,1232.800048828125,1233.5,1215.0999755859375,1220.800048828125,488,-0.006267766521672824,-0.006287491434216247
2010-06-11,1228.9000244140625,1229.5999755859375,1218.0,1228.9000244140625,481,0.0066349731831292225,0.0066130586301318735
2010-06-14,1223.199951171875,1232.699951171875,1217.699951171875,1223.300048828125,989,-0.004556900866372393,-0.004567315189193386
2010-06-15,1222.5999755859375,1236.0,1222.4000244140625,1233.199951171875,251,0.008092783412568139,0.008060212449386287
2010-06-16,1229.300048828125,1229.300048828125,1229.300048828125,1229.300048828125,318,-0.003162424990403201,-0.003167436023780156
2010-06-17,1233.9000244140625,1251.0999755859375,1233.9000244140625,1247.5,266,0.01480513336774436,0.014696607232111584
2010-06-18,1247.699951171875,1261.5,1242.9000244140625,1257.199951171875,130,0.0077755119614228985,0.007745438458949523
2010-06-21,1257.4000244140625,1264.800048828125,1232.0,1239.699951171875,219,-0.013919822366909695,-0.014017611627572136
2010-06-22,1239.9000244140625,1242.800048828125,1232.0999755859375,1239.9000244140625,172,0.00016138844080648695,0.00016137541909309116
2010-06-23,1233.9000244140625,1245.0999755859375,1226.9000244140625,1234.0999755859375,100,-0.004677835885087522,-0.004688811199894869
2010-06-24,1236.4000244140625,1248.0999755859375,1230.699951171875,1245.5,253,0.009237520978517155,0.009195116025985885
2010-06-25,1246.699951171875,1256.9000244140625,1243.699951171875,1255.800048828125,159,0.008269810379867515,0.00823580285986029
2010-06-28,1238.199951171875,1238.199951171875,1238.199951171875,1238.199951171875,351,-0.014015047755949639,-0.01411418591172865
2010-06-29,1242.0,1245.0,1228.5,1242.0,417,0.0030690106428516994,0.0030643108430572184
2010-06-30,1245.5,1246.199951171875,1236.699951171875,1245.5,73,0.0028180354267310914,0.0028140722088110495
2010-07-01,1206.300048828125,1242.4000244140625,1204.5,1206.300048828125,50,-0.03147326469038536,-0.03197919165330109
2010-07-02,1201.4000244140625,1211.5999755859375,1200.800048828125,1207.4000244140625,169,0.0009118590246315339,0.000911443533751355
2010-07-06,1207.300048828125,1211.800048828125,1190.5,1194.800048828125,52,-0.010435626413087151,-0.010490459373536166
2010-07-07,1198.5999755859375,1198.5999755859375,1198.5999755859375,1198.5999755859375,18,0.0031803871798796735,0.0031753404461197904
2010-07-08,1195.800048828125,1203.300048828125,1189.300048828125,1195.800048828125,93,-0.0023359976763254187,-0.0023387303754459944
2010-07-09,1209.5999755859375,1213.0,1195.0,1209.5999755859375,22,0.011540329649038172,0.011474247961861998
2010-07-12,1198.5,1198.5,1198.5,1198.5,45,-0.009176567303219918,-0.009218931367245903
2010-07-13,1213.300048828125,1217.4000244140625,1205.199951171875,1213.300048828125,53,0.012348810035982538,0.012273185427453303
2010-07-14,1212.0,1213.800048828125,1202.4000244140625,1206.800048828125,54,-0.005357289819841404,-0.005371691556160925
2010-07-15,1208.0999755859375,1208.0999755859375,1208.0999755859375,1208.0999755859375,32,0.0010771683006434163,0.0010765885711429397
2010-07-16,1188.0,1188.0,1188.0,1188.0,46,-0.016637675682584896,-0.016777636394284045
2010-07-19,1181.699951171875,1182.199951171875,1180.0,1181.699951171875,4,-0.005303071404145654,-0.005317182597859029
2010-07-20,1191.5,1191.5,1191.5,1191.5,8,0.008293178668922208,0.00825897921406558
2010-07-21,1191.5999755859375,1194.5,1184.0999755859375,1191.5999755859375,24,8.390733188212707e-05,8.390381185885774e-05
2010-07-22,1195.5,1196.0,1194.4000244140625,1195.5,79,0.0032729309281369634,0.003267586547723767
2010-07-23,1187.699951171875,1198.5999755859375,1187.699951171875,1187.699951171875,32,-0.006524507593580142,-0.006545885229682703
2010-07-26,1183.0,1183.0,1183.0,1183.0,37,-0.003957187307482513,-0.003965037690309944
2010-07-27,1158.0,1158.0,1158.0,1158.0,29,-0.021132713440405793,-0.02135920584544627
2010-07-28,1160.4000244140625,1160.4000244140625,1160.4000244140625,1160.4000244140625,206828,0.0020725599430591046,0.002070415153658784
2010-07-29,1163.800048828125,1169.199951171875,1158.699951171875,1168.4000244140625,54384,0.0068941742775638915,0.006870518122281092
2010-07-30,1168.199951171875,1183.0999755859375,1166.0,1181.699951171875,5466,0.01138302505983102,0.011318725915850668
2010-08-02,1183.4000244140625,1191.800048828125,1174.699951171875,1183.4000244140625,2504,0.0014386674388042753,0.0014376335483021452
2010-08-03,1185.199951171875,1190.5,1180.0,1185.199951171875,598,0.001520979145410939,0.0015198236281605902
2010-08-04,1186.300048828125,1203.0,1186.300048828125,1193.699951171875,1068,0.00717178564814791,0.007146190694943367
2010-08-05,1197.199951171875,1199.300048828125,1190.0,1197.199951171875,214,0.002932060101505485,0.0029277699971361685
2010-08-06,1203.300048828125,1211.0,1195.300048828125,1203.4000244140625,347,0.005178811806765049,0.005165447880548518
2010-08-09,1205.800048828125,1209.5,1199.800048828125,1200.699951171875,658,-0.0022437038286601263,-0.002246224703532445
2010-08-10,1196.199951171875,1206.5,1191.0,1196.199951171875,713,-0.0037478139277077327,-0.003754854579199012
2010-08-11,1197.5,1208.0,1193.0,1197.5,351,0.0010868156505534632,0.0010862254939798823
2010-08-12,1214.800048828125,1215.5,1199.0,1214.800048828125,289,0.01444680486691019,0.014343444080896115
2010-08-13,1214.9000244140625,1214.9000244140625,1214.9000244140625,1214.9000244140625,138,8.22979765551235e-05,8.229459026243971e-05
2010-08-16,1224.5,1225.4000244140625,1218.0,1224.5,252,0.007901864674475956,0.0078708084359936
2010-08-17,1226.5999755859375,1227.4000244140625,1224.0,1226.5999755859375,84,0.0017149657704675914,0.0017134968958107048
2010-08-18,1229.699951171875,1231.5999755859375,1218.0,1229.699951171875,169,0.0025272914133693813,0.002524103183020322
2010-08-19,1233.800048828125,1237.5999755859375,1228.800048828125,1233.800048828125,46,0.0033342260868942653,0.003328679879881066
2010-08-20,1227.199951171875,1232.800048828125,1223.0,1227.199951171875,236,-0.0053494062206586035,-0.005363765526181182
2010-08-23,1226.9000244140625,1228.9000244140625,1222.9000244140625,1226.9000244140625,56,-0.00024439925826769127,-0.0002444291286333748
2010-08-24,1231.800048828125,1234.0,1211.5,1231.800048828125,300,0.003993825345632862,0.003985871196475256
2010-08-25,1239.5,1240.699951171875,1230.699951171875,1239.5,298,0.0062509748876860005,0.0062315185826497385
2010-08-26,1235.4000244140625,1243.300048828125,1235.0,1235.4000244140625,104,-0.00330776570063529,-0.0033132484513755884
2010-08-27,1236.0,1236.0,1236.0,1236.0,573,0.0004856528849608299,0.000485534993766416
2010-08-30,1237.0999755859375,1237.9000244140625,1234.0,1237.0999755859375,128,0.0008899478850628029,0.0008895521162354205
2010-08-31,1248.300048828125,1249.4000244140625,1233.0,1248.300048828125,124,0.009053490795586372,0.009012753638830398
2010-09-01,1246.300048828125,1254.300048828125,1243.5999755859375,1246.300048828125,41,-0.0016021789007198972,-0.0016034637619032294
2010-09-02,1251.5,1252.5,1246.9000244140625,1251.5,100,0.004172310814530178,0.004163630861030291
2010-09-03,1249.199951171875,1249.199951171875,1240.0,1249.199951171875,3,-0.001837833662105437,-0.0018395245504221327
2010-09-07,1257.300048828125,1258.0,1255.5,1257.300048828125,7,0.006484228284392213,0.006463296113427575
2010-09-08,1255.5999755859375,1260.199951171875,1254.699951171875,1255.5999755859375,27,-0.0013521619153455955,-0.0013530769111762683
2010-09-09,1248.9000244140625,1256.0,1244.0999755859375,1248.9000244140625,9,-0.00533605551302152,-0.005350343106166177
2010-09-10,1244.5,1244.5,1244.5,1244.5,20,-0.003523119807870012,-0.003529340609845218
2010-09-13,1245.0999755859375,1245.0999755859375,1245.0999755859375,1245.0999755859375,18,0.0004821017163016972,0.00048198554260612565
2010-09-14,1269.699951171875,1272.4000244140625,1253.4000244140625,1269.699951171875,87,0.019757429980159502,0.019564785269065393
2010-09-15,1266.5999755859375,1269.800048828125,1263.5,1266.699951171875,34,-0.002362762948231345,-0.002365558677237567
2010-09-16,1271.9000244140625,1275.199951171875,1268.699951171875,1271.9000244140625,37,0.004105213107000294,0.004096809710312207
2010-09-17,1275.5999755859375,1279.5999755859375,1273.800048828125,1275.5999755859375,54,0.002908995283319893,0.002904772344231728
2010-09-20,1279.0,1282.0,1279.0,1279.0,27,0.002665431545262331,0.0026618855822180053
2010-09-21,1272.4000244140625,1289.800048828125,1271.800048828125,1272.4000244140625,56,-0.005160262381499248,-0.005173622516442275
2010-09-22,1290.199951171875,1290.199951171875,1290.199951171875,1290.199951171875,17,0.013989253706600202,0.013892307190348036
2010-09-23,1294.300048828125,1294.300048828125,1289.4000244140625,1294.300048828125,45,0.0031778777022319904,0.0031728389211512858
2010-09-24,1296.0,1297.4000244140625,1294.199951171875,1296.0,37,0.0013134135113523904,0.001312551738320187
2010-09-27,1296.699951171875,1296.699951171875,1296.699951171875,1296.699951171875,67,0.0005400857807678072,0.0005399399869342691
2010-09-28,1287.5,1308.5999755859375,1287.5,1306.5999755859375,25190,0.007634784288466756,0.00760578682231086
2010-09-29,1309.4000244140625,1312.5,1305.0,1308.5,6745,0.0014541745366329906,0.0014531182487354751
2010-09-30,1307.199951171875,1315.199951171875,1295.699951171875,1307.800048828125,579,-0.0005349263827856277,-0.0005350695069459966
2010-10-01,1309.0,1320.0,1309.0,1316.0999755859375,153,0.006346479926537585,0.006326425826713691
2010-10-04,1318.300048828125,1319.0999755859375,1312.0,1315.4000244140625,95,-0.0005318373868697934,-0.0005319788625364194
2010-10-05,1312.9000244140625,1341.0999755859375,1312.9000244140625,1338.9000244140625,197,0.017865287793702,0.017707579110320042
2010-10-06,1339.0999755859375,1349.0,1339.0,1346.4000244140625,215,0.005601613162478092,0.005585982471689191
2010-10-07,1347.9000244140625,1363.0,1325.699951171875,1333.9000244140625,261,-0.00928401646861221,-0.009327381559674712
2010-10-08,1333.5,1348.4000244140625,1325.0,1344.199951171875,80,0.007721663220102926,0.007692003761053769
2010-10-11,1346.699951171875,1353.699951171875,1344.0,1353.300048828125,79,0.006769898814768194,0.006747085952423054
2010-10-12,1346.9000244140625,1352.199951171875,1343.5999755859375,1345.699951171875,112,-0.005615973828443477,-0.005631802700302759
2010-10-13,1356.4000244140625,1374.0,1355.0999755859375,1369.5,251,0.017685999622277793,0.017531422240192312
2010-10-14,1372.800048828125,1383.9000244140625,1371.300048828125,1376.699951171875,106,0.005257357555220832,0.0052435858982510875
2010-10-15,1379.199951171875,1382.4000244140625,1364.699951171875,1371.0999755859375,170,-0.004067680529203699,-0.004075976044961503
2010-10-18,1358.0,1372.5999755859375,1358.0,1371.199951171875,46,7.291633558281774e-05,7.291367731604025e-05
2010-10-19,1366.800048828125,1370.5,1328.5,1335.0999755859375,301,-0.02632728768337922,-0.026680056124006982
2010-10-20,1336.0,1345.800048828125,1334.199951171875,1343.300048828125,148,0.006141917004072184,0.0061231323086174735
2010-10-21,1344.199951171875,1346.199951171875,1317.5,1324.699951171875,102,-0.013846569627148031,-0.013943327587894492
2010-10-22,1326.699951171875,1328.0999755859375,1319.0,1324.4000244140625,113,-0.0002264110884484527,-0.00022643672330835627
2010-10-25,1333.5999755859375,1349.0999755859375,1333.0999755859375,1338.300048828125,194,0.010495336875437022,0.010440643180368532
2010-10-26,1341.199951171875,1341.199951171875,1328.300048828125,1338.0,195,-0.00022420146243562478,-0.00022422659934072804
2010-10-27,1341.0,1341.0,1321.0999755859375,1322.199951171875,106,-0.011808706149570303,-0.011878982718151439
2010-10-28,1327.9000244140625,1343.5999755859375,1325.9000244140625,1342.0999755859375,192,0.015050692141097777,0.01493855424279619
2010-10-29,1340.199951171875,1358.699951171875,1336.800048828125,1357.0999755859375,74,0.011176514621014988,0.01111451888462898
2010-11-01,1360.300048828125,1360.300048828125,1350.699951171875,1350.199951171875,40,-0.005084389166747583,-0.005097358653302039
2010-11-02,1356.800048828125,1356.800048828125,1355.5,1356.4000244140625,17,0.004591966720785434,0.004581455806499127
2010-11-03,1351.4000244140625,1359.199951171875,1327.5,1337.0999755859375,135,-0.014228876792052758,-0.014331077888990441
2010-11-04,1368.5999755859375,1392.5,1368.5999755859375,1382.699951171875,109,0.034103639532230945,0.03353500271930994
2010-11-05,1390.699951171875,1398.0,1378.199951171875,1397.300048828125,109,0.010559122131938992,0.01050376395006266
2010-11-08,1390.5,1409.199951171875,1387.0999755859375,1402.800048828125,112,0.003936162461750881,0.003928436042612348
2010-11-09,1405.199951171875,1423.199951171875,1382.9000244140625,1409.800048828125,84,0.004990019786389244,0.004977610900924006
2010-11-10,1395.199951171875,1408.0999755859375,1384.0,1399.0999755859375,29,-0.007589780728892603,-0.007618729685157052
2010-11-11,1400.699951171875,1413.5,1397.300048828125,1403.0999755859375,26,0.0028589808232430958,0.002854901710456582
2010-11-12,1407.9000244140625,1407.9000244140625,1360.0999755859375,1365.4000244140625,182,-0.02686904128562284,-0.027236613135162596
2010-11-15,1363.699951171875,1372.5999755859375,1355.300048828125,1368.4000244140625,46,0.0021971583025914843,0.0021947480800694587
2010-11-16,1356.5,1358.199951171875,1329.5,1338.300048828125,67,-0.021996474019960743,-0.022242003657255125
2010-11-17,1336.9000244140625,1341.800048828125,1331.300048828125,1336.800048828125,50,-0.0011208248862528691,-0.001121453480205418
2010-11-18,1349.5,1353.199951171875,1347.699951171875,1352.9000244140625,17,0.012043667712348771,0.011971719847731183
2010-11-19,1350.699951171875,1352.0,1344.5,1352.199951171875,7,-0.0005174611793585804,-0.0005175951085987665
2010-11-22,1357.699951171875,1357.699951171875,1357.699951171875,1357.699951171875,7,0.004067445791011481,0.004059196095939039
2010-11-23,1369.4000244140625,1377.5,1364.5,1377.5,15,0.01458352326744583,0.01447820638468904
2010-11-24,1377.800048828125,1377.800048828125,1377.800048828125,1372.9000244140625,3,-0.0033393652166515686,-0.0033449533406694413
2010-11-26,1372.0999755859375,1372.0999755859375,1372.0999755859375,1362.300048828125,138416,-0.007720864882686196,-0.0077508250719684505
2010-11-29,1364.0,1369.300048828125,1352.5999755859375,1366.0,94486,0.002715959068677831,0.002712277516303644
2010-11-30,1366.699951171875,1390.0999755859375,1362.800048828125,1385.0,11370,0.013909224011713128,0.013813378490703599
2010-12-01,1386.800048828125,1396.5999755859375,1382.300048828125,1387.300048828125,4759,0.00166068507445849,0.0016593076617551833
2010-12-02,1387.5999755859375,1398.5999755859375,1383.300048828125,1388.5,1550,0.0008649543210847987,0.0008645804636602154
2010-12-03,1385.0999755859375,1415.0999755859375,1385.0999755859375,1405.4000244140625,2341,0.012171425577286676,0.012097949382854271
2010-12-06,1414.0,1428.4000244140625,1410.0,1415.300048828125,833,0.007044275111771192,0.007019580110278535
2010-12-07,1424.5,1431.0999755859375,1398.0,1408.300048828125,866,-0.004945947684942165,-0.004958219364304296
2010-12-08,1402.5,1403.800048828125,1372.0,1382.5,1675,-0.01831999427223885,-0.01848988347919273
2010-12-09,1380.5999755859375,1394.199951171875,1380.5,1392.0999755859375,971,0.0069439244744575745,0.006919926460453495
2010-12-10,1388.9000244140625,1392.0,1373.0999755859375,1384.300048828125,457,-0.005602993243735588,-0.005618748890463309
2010-12-13,1384.5,1399.199951171875,1384.5,1397.300048828125,193,0.009391027625120119,0.009347206064547017
2010-12-14,1401.9000244140625,1407.300048828125,1391.800048828125,1403.5999755859375,431,0.0045086427665239626,0.004498509284144025
2010-12-15,1394.0,1394.0,1379.5,1385.5,215,-0.012895394628645196,-0.012979262012137812
2010-12-16,1380.9000244140625,1385.0,1362.5,1370.4000244140625,228,-0.010898574944740114,-0.010958399477841024
2010-12-17,1376.4000244140625,1378.5999755859375,1365.9000244140625,1378.5999755859375,102,0.005983618670308388,0.005965787917043688
2010-12-20,1383.199951171875,1386.699951171875,1376.5,1385.5,125,0.005005095412924154,0.0049926115607974485
2010-12-21,1385.800048828125,1389.5,1381.5,1388.199951171875,113,0.0019487197198664319,0.0019468234287534076
2010-12-22,1388.0,1389.5,1385.0,1386.800048828125,58,-0.0010084299041850375,-0.0010089387117141113
2010-12-23,1388.4000244140625,1388.4000244140625,1373.699951171875,1380.0,101,-0.004903409712071483,-0.004915470868822041
2010-12-27,1373.5,1384.199951171875,1373.5,1382.4000244140625,322,0.001739148126132184,0.00173763755917607
2010-12-28,1389.800048828125,1406.699951171875,1389.800048828125,1405.199951171875,519,0.01649300228237216,0.01635846993307731
2010-12-29,1403.4000244140625,1412.199951171875,1402.9000244140625,1413.0999755859375,413,0.005621993088936739,0.005606248668243366
2010-12-30,1413.800048828125,1413.800048828125,1403.0999755859375,1405.5999755859375,185,-0.005307480100188999,-0.005321614807999368
2010-12-31,1405.699951171875,1421.0999755859375,1405.699951171875,1421.0999755859375,54,0.011027319485786613,0.01096696191437432
2011-01-03,1415.5999755859375,1423.9000244140625,1413.699951171875,1422.5999755859375,28,0.0010555203896767118,0.0010549637197134285
2011-01-04,1409.5999755859375,1410.9000244140625,1375.800048828125,1378.5,122,-0.030999561607453097,-0.0314902146739841
2011-01-05,1383.4000244140625,1384.0,1364.199951171875,1373.4000244140625,175,-0.003699655847615113,-0.003706516500908482
2011-01-06,1374.800048828125,1376.5,1368.9000244140625,1371.4000244140625,158,-0.001456239962463468,-0.0014573013103875846
2011-01-07,1372.699951171875,1377.199951171875,1355.5,1368.5,225,-0.002114645152716532,-0.0021168841718216167
2011-01-10,1369.0,1374.0,1365.699951171875,1373.699951171875,181,0.003799745101844998,0.0037925443054551873
2011-01-11,1375.4000244140625,1384.5,1373.9000244140625,1384.0,13,0.007498033918788671,0.007470063391425878
2011-01-12,1382.5999755859375,1385.5,1378.0,1385.699951171875,204,0.0012282884189849241,0.001227534689899489
2011-01-13,1386.0999755859375,1392.5,1371.4000244140625,1386.9000244140625,66,0.0008660411954064529,0.0008656663981080393
2011-01-14,1375.0,1376.0,1356.699951171875,1360.4000244140625,252,-0.01910736140566127,-0.01929226618634375
2011-01-18,1365.0999755859375,1371.0,1359.199951171875,1368.0999755859375,106,0.005660063976543617,0.005644106001557393
2011-01-19,1371.9000244140625,1376.199951171875,1367.0,1370.199951171875,40,0.001534957695645156,0.0015337808521974678
2011-01-20,1367.699951171875,1367.699951171875,1345.0,1346.5,10,-0.01729670998134647,-0.017448045681379615
2011-01-21,1341.699951171875,1345.5999755859375,1338.5999755859375,1341.0,20,-0.004084663943557332,-0.004093028969975036
2011-01-24,1352.300048828125,1352.300048828125,1341.800048828125,1344.5,2,0.0026099925428784143,0.002606592427240802
2011-01-25,1330.4000244140625,1331.5,1323.5999755859375,1332.300048828125,394,-0.009073968889456996,-0.009115388093256592
2011-01-26,1333.0,1341.699951171875,1333.0,1333.0,4,0.0005253705218211113,0.0005252325630460462
2011-01-27,1342.0,1342.0,1318.4000244140625,1318.4000244140625,210699,-0.01095271986942048,-0.011013142505553696
2011-01-28,1314.0,1346.5999755859375,1307.699951171875,1340.699951171875,73023,0.01691438588050942,0.016772930514485924
2011-01-31,1339.0,1345.9000244140625,1323.300048828125,1333.800048828125,13657,-0.005146492574806927,-0.005159781381154873
2011-02-01,1333.0999755859375,1342.9000244140625,1325.300048828125,1339.5999755859375,3180,0.004348422961079068,0.004338995888673461
2011-02-02,1344.0,1344.0,1327.0,1331.5,1363,-0.006046562954283852,-0.006064917441172529
2011-02-03,1335.5999755859375,1355.800048828125,1324.9000244140625,1352.300048828125,1865,0.015621516205876818,0.015500756332791596
2011-02-04,1354.800048828125,1360.0,1345.0,1348.300048828125,591,-0.0029579234308734215,-0.0029623067321652447
2011-02-07,1345.800048828125,1353.800048828125,1343.800048828125,1347.5999755859375,1004,-0.0005192265941070806,-0.000519361438913788
2011-02-08,1351.199951171875,1367.0,1350.0,1363.4000244140625,2536,0.011724583789232579,0.011656383419735038
2011-02-09,1362.800048828125,1366.5,1359.5999755859375,1364.800048828125,146,0.0010268625414351362,0.0010263356787418307
2011-02-10,1364.300048828125,1364.5,1351.699951171875,1361.9000244140625,312,-0.0021248712707422346,-0.002127132012792459
2011-02-11,1364.0,1368.800048828125,1355.199951171875,1359.9000244140625,488,-0.0014685365769491199,-0.0014696159336339732
2011-02-14,1357.800048828125,1365.5999755859375,1356.5999755859375,1364.5999755859375,181,0.0034561005129034594,0.0034501419225704253
2011-02-15,1361.5999755859375,1376.0,1361.5999755859375,1373.5999755859375,321,0.006595339411563206,0.006573685319166716
2011-02-16,1373.5999755859375,1382.0,1370.5,1374.699951171875,156,0.0008007976161097385,0.000800477148773662
2011-02-17,1377.699951171875,1384.699951171875,1377.0,1384.699951171875,113,0.0072743146542453285,0.007247984439805104
2011-02-18,1384.0999755859375,1391.800048828125,1381.800048828125,1388.199951171875,98,0.0025276234010394028,0.0025244343337210524
2011-02-22,1395.0999755859375,1408.699951171875,1395.0999755859375,1400.5,430,0.00886043024114902,0.00882140696837657
2011-02-23,1397.800048828125,1413.800048828125,1397.800048828125,1413.4000244140625,318,0.009211013505221244,0.009168850829876523
2011-02-24,1415.0999755859375,1415.300048828125,1408.300048828125,1415.300048828125,809,0.0013442934634517734,0.0013433907099470231
2011-02-25,1401.699951171875,1411.0,1401.0,1408.699951171875,352,-0.004663391103331693,-0.004674298635559968
2011-02-28,1410.699951171875,1415.699951171875,1407.699951171875,1409.300048828125,205,0.00042599394977682614,0.0004259032401144668
2011-03-01,1415.300048828125,1434.4000244140625,1415.300048828125,1430.699951171875,116,0.015184773719084665,0.015070638998910936
2011-03-02,1432.5,1440.5,1428.800048828125,1437.199951171875,1600,0.004543230741481441,0.004532941421429262
2011-03-03,1432.300048828125,1432.300048828125,1415.9000244140625,1416.0,244,-0.014750871063270554,-0.014860747011216433
2011-03-04,1418.9000244140625,1429.800048828125,1416.800048828125,1428.199951171875,60,0.008615784725900522,0.008578880672767533
2011-03-07,1434.5,1445.0,1429.5,1434.0999755859375,613,0.0041310913147849515,0.004122581784772878
2011-03-08,1431.5999755859375,1432.5999755859375,1424.300048828125,1426.9000244140625,198,-0.00502053643012812,-0.005033181664813808
2011-03-09,1430.0,1435.699951171875,1426.0999755859375,1429.300048828125,98,0.0016819849835296719,0.0016805720309420761
2011-03-10,1429.5,1429.800048828125,1403.800048828125,1412.199951171875,23,-0.01196396632762331,-0.012036110571015474
2011-03-11,1413.699951171875,1422.5999755859375,1404.9000244140625,1421.5,23,0.006585504283871169,0.006563914584736259
2011-03-14,1420.0,1427.699951171875,1420.0,1424.5999755859375,58,0.0021807777600686418,0.0021784033157129074
2011-03-15,1413.300048828125,1413.300048828125,1385.5,1392.5999755859375,20,-0.022462445983714385,-0.022718569429602507
2011-03-16,1398.0,1404.199951171875,1394.300048828125,1396.0,38,0.002441493949209672,0.0024385183451530695
2011-03-17,1387.699951171875,1393.5999755859375,1387.699951171875,1404.0,27,0.005730659025787954,0.005714301263438635
2011-03-18,1406.4000244140625,1419.300048828125,1406.4000244140625,1415.9000244140625,6,0.008475800864716776,0.00844008294795576
2011-03-21,1433.5,1433.5,1430.800048828125,1426.199951171875,43,0.00727447318328478,0.007248141823970142
2011-03-22,1430.4000244140625,1430.4000244140625,1430.4000244140625,1427.5,85,0.0009115473794938378,0.0009111321724827245
2011-03-23,1432.199951171875,1439.699951171875,1432.199951171875,1437.9000244140625,19,0.007285481200744348,0.007259070282500972
2011-03-24,1437.699951171875,1446.9000244140625,1437.5,1434.800048828125,27,-0.002155904814871046,-0.0021582321232282782
2011-03-25,1436.0,1436.0,1436.0,1426.0999755859375,1,-0.006063613706518423,-0.006082072066177196
2011-03-28,1413.199951171875,1415.5999755859375,1413.199951171875,1419.800048828125,6,-0.004417591238807805,-0.004427377627128477
2011-03-29,1416.0,1416.0,1416.0,1416.0,135792,-0.002676467599266208,-0.0026800557424672003
2011-03-30,1418.699951171875,1430.300048828125,1412.0,1423.800048828125,47011,0.005508509059410249,0.005493392710337391
2011-03-31,1423.300048828125,1440.0,1420.699951171875,1438.9000244140625,8230,0.01060540459902759,0.010549561772540324
2011-04-01,1433.4000244140625,1436.5,1413.0,1428.0999755859375,5318,-0.007505767353449655,-0.007534077373140772
2011-04-04,1429.0999755859375,1439.0999755859375,1428.800048828125,1432.199951171875,683,0.0028709303662408647,0.0028668171163457267
2011-04-05,1437.9000244140625,1457.5999755859375,1430.300048828125,1451.800048828125,2609,0.013685308144447683,0.013592510003809817
2011-04-06,1456.9000244140625,1462.300048828125,1452.0,1457.699951171875,901,0.0040638532479126965,0.004055618099718864
2011-04-07,1459.699951171875,1462.5,1453.9000244140625,1458.5,229,0.0005488432838882673,0.0005486927244996201
2011-04-08,1457.5999755859375,1475.5,1457.5,1473.4000244140625,1407,0.010215992056265,0.01016416151081786
2011-04-11,1476.0,1476.0,1459.699951171875,1467.4000244140625,378,-0.0040722138594955215,-0.00408052790106732
2011-04-12,1461.800048828125,1467.199951171875,1444.4000244140625,1452.9000244140625,345,-0.009881422760497749,-0.009930568036556555
2011-04-13,1455.0,1462.0,1454.0,1454.9000244140625,197,0.001376557207235729,0.0013756106209505382
2011-04-14,1456.800048828125,1476.0,1452.699951171875,1471.699951171875,535,0.011547134838064466,0.011480975490103636
2011-04-15,1477.5999755859375,1487.5,1473.199951171875,1485.300048828125,293,0.009241080456257711,0.009198642917713178
2011-04-18,1486.300048828125,1497.300048828125,1477.5,1492.300048828125,650,0.004712852467434248,0.0047017817477303875
2011-04-19,1493.300048828125,1499.5,1489.0,1494.5,168,0.001474201634988015,0.0014731160665246179
2011-04-20,1494.0,1505.300048828125,1494.0,1498.300048828125,386,0.0025426890787052514,0.0025394619141229586
2011-04-21,1503.699951171875,1508.300048828125,1501.699951171875,1503.199951171875,237,0.003270307804890127,0.003264971978352718
2011-04-25,1513.300048828125,1518.0,1502.800048828125,1508.5999755859375,233,0.0035923527072048156,0.003585915619804356
2011-04-26,1501.5,1506.300048828125,1495.0,1503.0,223,-0.0037120347849418645,-0.0037189414832981865
2011-04-27,1507.0999755859375,1512.800048828125,1505.199951171875,1516.699951171875,460,0.00911507063997008,0.009073779110715677
2011-04-28,1528.5999755859375,1536.0,1526.5999755859375,1530.800048828125,425,0.009296563664656032,0.009253616584985514
2011-04-29,1538.699951171875,1568.699951171875,1537.300048828125,1556.0,124,0.01646194824148739,0.016327919289661246
2011-05-02,1572.9000244140625,1576.5999755859375,1543.0999755859375,1556.699951171875,200,0.000449840084752573,0.0004497389370340432
2011-05-03,1542.5,1547.0,1527.5,1540.0999755859375,246,-0.010663567872178037,-0.010720831163209224
2011-05-04,1535.0,1539.0,1506.199951171875,1514.9000244140625,272,-0.016362542413707604,-0.01649788723192742
2011-05-05,1514.699951171875,1520.699951171875,1471.0,1480.9000244140625,133,-0.0224437252967572,-0.02269941875081384
2011-05-06,1473.199951171875,1494.800048828125,1472.300048828125,1491.199951171875,144,0.006955180355195045,0.006931104657723253
2011-05-09,1501.5,1512.800048828125,1501.300048828125,1502.9000244140625,44,0.007846079416105711,0.007815458997540218
2011-05-10,1508.4000244140625,1516.9000244140625,1508.4000244140625,1516.5999755859375,13,0.009115676990700816,0.009074379984259445
2011-05-11,1524.0,1524.0999755859375,1495.199951171875,1501.0999755859375,30,-0.010220229625159782,-0.010272814766927731
2011-05-12,1492.0999755859375,1498.5,1484.800048828125,1506.5999755859375,11,0.0036639798077759966,0.0036572837848377064
2011-05-13,1503.5,1511.300048828125,1490.199951171875,1493.4000244140625,16,-0.008761417354159584,-0.00880002423727948
2011-05-16,1489.300048828125,1494.9000244140625,1489.300048828125,1490.4000244140625,10,-0.002008838858280515,-0.002010859281316099
2011-05-17,1489.800048828125,1491.800048828125,1473.0,1479.800048828125,41,-0.00711216815103366,-0.007137580180372501
2011-05-18,1496.4000244140625,1497.0,1496.300048828125,1495.5999755859375,82,0.010677068682572788,0.010620471291147961
2011-05-19,1491.5,1491.5,1491.5,1492.199951171875,1,-0.0022733514773765062,-0.002275939463858907
2011-05-20,1499.0,1512.699951171875,1488.699951171875,1508.800048828125,93,0.011124579948694757,0.011063156926242958
2011-05-23,1510.5,1512.300048828125,1507.0,1515.300048828125,42,0.004308059245523355,0.004298806124103259
2011-05-24,1527.0999755859375,1527.0999755859375,1521.9000244140625,1523.199951171875,4,0.005213424463266891,0.005199881615300181
2011-05-25,1526.4000244140625,1527.5,1526.0999755859375,1526.5999755859375,10,0.00223215895683726,0.0022296713911066253
2011-05-26,1521.199951171875,1521.199951171875,1519.5,1522.800048828125,186986,-0.0024891437302387853,-0.0024922467988857944
2011-05-27,1519.4000244140625,1538.5,1518.4000244140625,1536.300048828125,76719,0.008865247942688947,0.00882618234650852
2011-05-31,1536.699951171875,1541.0999755859375,1532.4000244140625,1535.9000244140625,6152,-0.0002603816971610273,-0.0002604156023607923
2011-06-01,1535.699951171875,1550.5999755859375,1529.699951171875,1542.4000244140625,2845,0.0042320462899136935,0.004223116367711079
2011-06-02,1541.300048828125,1544.5,1520.0,1532.0,1651,-0.006742754311102495,-0.006765589384363802
2011-06-03,1534.699951171875,1546.300048828125,1525.0,1541.699951171875,1745,0.006331560817150805,0.006311600694144013
2011-06-06,1542.9000244140625,1553.9000244140625,1542.0,1546.5,691,0.003113477965979383,0.003108641130443788
2011-06-07,1545.0,1549.9000244140625,1537.199951171875,1543.300048828125,2530,-0.0020691569168282964,-0.002071300579561687
2011-06-08,1544.199951171875,1544.199951171875,1531.300048828125,1538.0999755859375,489,-0.003369450578412203,-0.003375139960668886
2011-06-09,1536.0999755859375,1548.800048828125,1534.4000244140625,1542.0999755859375,288,0.0026006111848979607,0.0025972354470182937
2011-06-10,1543.699951171875,1543.9000244140625,1526.4000244140625,1528.5999755859375,632,-0.008754296228343117,-0.008792840194646422
2011-06-13,1528.0999755859375,1533.0,1511.300048828125,1515.0,851,-0.008897014132637548,-0.008936828893796012
2011-06-14,1517.199951171875,1526.199951171875,1513.0999755859375,1523.800048828125,306,0.005808613087871395,0.0057918081390966525
2011-06-15,1525.0,1533.4000244140625,1515.0,1525.5999755859375,648,0.0011812092795224771,0.0011805122007180974
2011-06-16,1526.0,1531.199951171875,1522.0,1529.300048828125,164,0.002425323349108277,0.0024223869992080686
2011-06-17,1523.0,1541.5999755859375,1523.0,1538.5999755859375,72,0.0060811655403651965,0.006062749874629463
2011-06-20,1536.0,1545.699951171875,1535.199951171875,1541.5,99,0.0018848462628877627,0.00188307216908332
2011-06-21,1540.0999755859375,1547.5,1540.0,1546.0,125,0.002919234511839175,0.0029149818211622793
2011-06-22,1547.199951171875,1558.5,1544.4000244140625,1552.9000244140625,222,0.004463146451528122,0.004453216149369516
2011-06-23,1547.199951171875,1547.199951171875,1514.699951171875,1520.0999755859375,300,-0.021121803279320006,-0.02134806020758979
2011-06-24,1524.699951171875,1525.0,1498.5,1500.5,257,-0.012893872706222775,-0.012977720208725198
2011-06-27,1503.5,1503.5,1490.699951171875,1496.0,140,-0.0029990003332223125,-0.003003506345999306
2011-06-28,1499.9000244140625,1505.0,1496.0999755859375,1499.699951171875,508,0.002473229392964571,0.002470175994616231
2011-06-29,1504.0999755859375,1512.199951171875,1504.0999755859375,1509.9000244140625,395,0.006801409331391284,0.0067783840907091756
2011-06-30,1511.5,1514.0,1498.800048828125,1502.300048828125,69,-0.005033429672859802,-0.0050461400491239716
2011-07-01,1502.199951171875,1502.199951171875,1480.0,1482.300048828125,66,-0.013312919756343633,-0.013402331110025908
2011-07-05,1490.4000244140625,1515.0,1490.300048828125,1512.300048828125,199,0.020238817386343255,0.02003673458342358
2011-07-06,1513.699951171875,1531.5,1510.300048828125,1528.699951171875,71,0.010844344253283733,0.010785966022019792
2011-07-07,1529.0999755859375,1533.0999755859375,1522.699951171875,1530.199951171875,55,0.00098122590953853,0.0009807448220736925
2011-07-08,1527.0,1542.5999755859375,1526.5999755859375,1541.199951171875,3,0.007188603026405671,0.007162888181999511
2011-07-11,1550.0,1555.199951171875,1543.0999755859375,1548.800048828125,14,0.004931285944092645,0.004919166978621315
2011-07-12,1548.199951171875,1565.0,1542.0,1561.9000244140625,8,0.008458145127157923,0.008422575445943223
2011-07-13,1574.0,1585.5999755859375,1570.800048828125,1585.199951171875,29,0.014917681281523265,0.014807507019099199
2011-07-14,1586.300048828125,1592.800048828125,1583.5999755859375,1589.0,19,0.0023972047345293124,0.002394336022937679
2011-07-15,1582.300048828125,1592.199951171875,1582.300048828125,1589.800048828125,8,0.0005034920252517949,0.0005033653156717735
2011-07-18,1592.800048828125,1605.0,1592.800048828125,1602.0999755859375,13,0.007736775934105156,0.007707000561492735
2011-07-19,1608.0999755859375,1608.800048828125,1583.300048828125,1600.9000244140625,63,-0.0007489864491360132,-0.0007492670796208777
2011-07-20,1584.300048828125,1596.699951171875,1582.4000244140625,1596.699951171875,9,-0.0026235699782218846,-0.0026270175692549437
2011-07-21,1598.0,1601.5999755859375,1586.5999755859375,1586.800048828125,24,-0.006200227122499791,-0.00621952835338731
2011-07-22,1588.5,1606.5,1588.5,1601.300048828125,12,0.00913788729128684,0.009096389409616087
2011-07-25,1610.0,1619.4000244140625,1610.0,1612.0,67,0.006682040120904009,0.0066598142453403505
2011-07-26,1609.800048828125,1618.5,1609.800048828125,1616.5999755859375,28,0.002853582869688287,0.002849519131065562
2011-07-27,1619.699951171875,1619.699951171875,1617.0,1615.0,232220,-0.000989716448163147,-0.0009902065408822639
2011-07-28,1614.199951171875,1620.5999755859375,1602.800048828125,1613.4000244140625,70263,-0.0009906969572368585,-0.0009911880218249835
2011-07-29,1617.0999755859375,1634.9000244140625,1610.5999755859375,1628.300048828125,6761,0.009235170564394712,0.009192787122422025
2011-08-01,1623.0,1631.800048828125,1607.0,1619.0,2889,-0.005711508044735525,-0.005727881079718918
2011-08-02,1619.300048828125,1660.5999755859375,1616.800048828125,1641.9000244140625,2440,0.014144548742472285,0.014045448009743734
2011-08-03,1659.9000244140625,1672.300048828125,1651.5999755859375,1663.4000244140625,2024,0.013094585346432819,0.013009592424413104
2011-08-04,1660.5,1681.800048828125,1640.0,1656.199951171875,1952,-0.00432852779638726,-0.004337922994214685
2011-08-05,1647.5,1666.0999755859375,1642.699951171875,1648.800048828125,825,-0.004468000580795883,-0.004478011926987636
2011-08-08,1679.0999755859375,1720.0,1678.0999755859375,1710.199951171875,1885,0.03723914393827776,0.03656251398014516
2011-08-09,1722.5,1779.0,1720.0999755859375,1740.0,1861,0.017424891637790818,0.01727481903784
2011-08-10,1744.0,1795.5999755859375,1741.300048828125,1781.300048828125,969,0.023735660246048784,0.023458349001375355
2011-08-11,1795.0999755859375,1813.5,1733.300048828125,1748.800048828125,1503,-0.01824510139175095,-0.018413595866744945
2011-08-12,1760.5999755859375,1764.199951171875,1723.800048828125,1740.199951171875,1166,-0.004917713527062717,-0.004929845270197219
2011-08-15,1734.9000244140625,1765.199951171875,1730.5,1755.5,976,0.008792121168502254,0.008753695535478829
2011-08-16,1769.0,1787.300048828125,1761.5999755859375,1782.4000244140625,278,0.015323283630910067,0.015207067821775111
2011-08-17,1784.800048828125,1794.300048828125,1782.0,1791.199951171875,231,0.0049371222157077455,0.004924974594275577
2011-08-18,1786.5,1828.5,1785.5,1818.9000244140625,868,0.015464534388840878,0.015346177143689726
2011-08-19,1823.699951171875,1874.4000244140625,1823.699951171875,1848.9000244140625,328,0.016493484852013296,0.016358944672721858
2011-08-22,1868.5999755859373,1895.0,1858.4000244140625,1888.699951171875,1106,0.021526273044658373,0.021297855008082015
2011-08-23,1909.0,1909.300048828125,1824.5999755859373,1858.300048828125,458,-0.01609567593036043,-0.016226618293730788
2011-08-24,1833.0,1853.0999755859373,1753.0999755859375,1754.0999755859375,992,-0.05607279260843678,-0.05770622662385005
2011-08-25,1748.4000244140625,1772.5,1707.300048828125,1759.800048828125,864,0.0032495714734182,0.0032443030264157724
2011-08-26,1768.5,1829.300048828125,1768.5,1794.0999755859375,270,0.019490809072685966,0.019303295859500823
2011-08-29,1817.9000244140625,1817.9000244140625,1786.699951171875,1788.4000244140625,828,-0.003177053257588658,-0.003182110806197841
2011-08-30,1787.199951171875,1839.5999755859373,1783.0999755859375,1826.699951171875,598,0.021415749404477324,0.021189654541231392
2011-08-31,1830.5999755859373,1837.9000244140625,1811.4000244140625,1828.5,336,0.0009854102349815541,0.0009849250370358045
2011-09-01,1825.800048828125,1829.5,1814.4000244140625,1826.0,263,-0.0013672409078480108,-0.001368176434522178
2011-09-02,1828.5999755859373,1884.199951171875,1828.5999755859373,1873.699951171875,442,0.026122645767729935,0.02578727738981788
2011-09-06,1886.300048828125,1911.5999755859373,1864.0,1869.9000244140625,536,-0.0020280337603872933,-0.0020300930054706666
2011-09-07,1868.9000244140625,1873.699951171875,1792.800048828125,1814.199951171875,470,-0.029787727961360533,-0.030240394272829024
2011-09-08,1839.300048828125,1870.0,1835.0,1854.4000244140625,142,0.022158568142514046,0.021916634484533216
2011-09-09,1858.0999755859373,1881.300048828125,1830.0,1856.4000244140625,188,0.0010785159478370332,0.0010779347673495778
2011-09-12,1852.4000244140625,1852.4000244140625,1806.0,1809.9000244140625,245,-0.02504848060141396,-0.025367532914311625
2011-09-13,1817.800048828125,1835.300048828125,1808.0999755859373,1826.800048828125,52,0.009337545823578708,0.009294220435614686
2011-09-14,1843.0,1843.0,1809.0,1823.5,156,-0.0018064641668046333,-0.001808097790882968
2011-09-15,1816.300048828125,1816.300048828125,1775.800048828125,1778.5,80,-0.024677817384151313,-0.02498741886022498
2011-09-16,1768.5,1819.0999755859373,1768.5,1812.0999755859373,111,0.018892311265638062,0.018716067856801077
2011-09-19,1814.699951171875,1818.9000244140625,1788.0,1776.4000244140625,13,-0.01970087282868116,-0.019897522083802438
2011-09-20,1778.800048828125,1807.800048828125,1776.0,1806.5999755859373,86,0.01700064780275823,0.016857754040416912
2011-09-21,1808.0,1811.699951171875,1782.800048828125,1805.5,22,-0.0006088650508149218,-0.0006090504844131521
2011-09-22,1773.199951171875,1773.199951171875,1730.9000244140625,1739.199951171875,23,-0.03672115692502076,-0.0374123524256167
2011-09-23,1737.300048828125,1737.300048828125,1636.300048828125,1637.5,81,-0.05847513456020359,-0.060254520782488684
2011-09-26,1646.4000244140625,1661.800048828125,1562.4000244140625,1592.5,151,-0.027480916030534375,-0.027865580063088598
2011-09-27,1653.800048828125,1665.4000244140625,1653.699951171875,1650.5999755859375,47,0.03648350115286503,0.03583373492124241
2011-09-28,1650.0,1650.0,1650.0,1616.300048828125,21275,-0.02078027824133255,-0.020999226741982634
2011-09-29,1604.0,1633.800048828125,1585.0,1615.5,7181,-0.0004949878141159436,-0.0004951103610251582
2011-09-30,1620.800048828125,1639.4000244140625,1609.4000244140625,1620.4000244140625,284,0.0030331317945295755,0.003028541130671231
2011-10-03,1627.800048828125,1660.800048828125,1627.5999755859375,1656.0,101,0.021969868581562357,0.021732008549980777
2011-10-04,1661.0,1678.0999755859375,1596.5999755859375,1614.699951171875,159,-0.02493964301215279,-0.025255905297380518
2011-10-05,1629.300048828125,1640.300048828125,1599.5999755859375,1640.300048828125,114,0.01585439922610421,0.015730031038416675
2011-10-06,1642.5999755859375,1654.699951171875,1637.5999755859375,1651.9000244140625,38,0.00707186200123866,0.007046973654236468
2011-10-07,1657.0,1665.0,1626.199951171875,1634.5,66,-0.010533339885526294,-0.010589208176212384
2011-10-10,1645.5999755859375,1676.800048828125,1645.5999755859375,1669.5999755859375,61,0.021474442083779355,0.021247114976023947
2011-10-11,1685.0,1685.0,1657.5999755859375,1659.699951171875,151,-0.005929578676825309,-0.005947228433466604
2011-10-12,1667.0999755859375,1691.0,1667.0999755859375,1681.300048828125,37,0.013014459415389368,0.012930499019946673
2011-10-13,1676.0999755859375,1678.800048828125,1656.199951171875,1667.300048828125,148,-0.008326889664791337,-0.008361751874610192
2011-10-14,1665.800048828125,1683.300048828125,1665.800048828125,1681.800048828125,51,0.008696695001113586,0.008659096579891053
2011-10-17,1683.5999755859375,1693.5,1667.300048828125,1675.5,41,-0.0037460153675907826,-0.0037530492546851966
2011-10-18,1666.0,1666.0,1627.5,1651.699951171875,85,-0.014204744152864768,-0.0143065972126657
2011-10-19,1659.300048828125,1659.300048828125,1641.300048828125,1646.0,22,-0.0034509604288787132,-0.0034569287276842464
2011-10-20,1643.199951171875,1643.199951171875,1608.699951171875,1611.9000244140625,92,-0.020716874596559798,-0.020934479687990067
2011-10-21,1626.0999755859375,1647.4000244140625,1626.0999755859375,1635.0999755859375,32,0.01439292190612651,0.014290327060280541
2011-10-24,1646.199951171875,1657.800048828125,1646.199951171875,1651.5,313,0.010029982667075554,0.009980016221538872
2011-10-25,1645.0,1706.800048828125,1645.0,1699.5999755859375,355,0.029125023061421507,0.028708949045218982
2011-10-26,1717.0,1723.5999755859375,1708.9000244140625,1722.699951171875,135,0.013591419109060476,0.013499884232308428
2011-10-27,1717.800048828125,1735.5,1717.800048828125,1746.699951171875,494,0.013931619365098236,0.013835466371475074
2011-10-28,1752.0,1752.0,1733.0,1746.199951171875,158,-0.00028625408712268374,-0.00028629506564424703
2011-10-31,1741.9000244140625,1741.9000244140625,1717.0,1724.199951171875,62,-0.012598786287467134,-0.012678823957671361
2011-11-01,1706.699951171875,1720.0999755859375,1682.5,1711.0,246,-0.007655696291432701,-0.007685151564337731
2011-11-02,1724.300048828125,1741.4000244140625,1723.199951171875,1728.699951171875,294,0.01034479904843666,0.010291657790972557
2011-11-03,1740.5,1766.0,1726.5999755859375,1764.199951171875,290,0.02053566321670508,0.020327649464295328
2011-11-04,1757.0,1761.199951171875,1754.9000244140625,1755.300048828125,47,-0.005044724288671643,-0.005057491867623223
2011-11-07,1755.300048828125,1797.0,1755.300048828125,1790.300048828125,35,0.0199396109077572,0.01974342055110007
2011-11-08,1798.4000244140625,1798.4000244140625,1785.699951171875,1798.4000244140625,14,0.004524367628342185,0.00451416344386881
2011-11-09,1793.0,1793.0,1774.199951171875,1790.9000244140625,6,-0.004170373608865741,-0.00417909386982646
2011-11-10,1766.800048828125,1766.800048828125,1754.800048828125,1758.9000244140625,16,-0.01786811076205641,-0.01802967288639984
2011-11-11,1777.0,1789.0999755859375,1777.0,1787.5,28,0.016260148495628624,0.016129368049582097
2011-11-14,1779.0,1779.0,1779.0,1777.800048828125,24,-0.005426546110139818,-0.005441323295111503
2011-11-15,1779.199951171875,1783.0999755859375,1761.300048828125,1781.699951171875,18,0.0021936675872635814,0.002191265011515344
2011-11-16,1777.5,1777.5,1757.699951171875,1773.800048828125,65,-0.00443391286987127,-0.004443771814802084
2011-11-17,1755.300048828125,1755.300048828125,1714.0,1719.800048828125,54,-0.03044311563508839,-0.030916132101222654
2011-11-18,1725.0,1736.0,1719.0,1724.699951171875,14,0.0028491116435824804,0.0028450606177295172
2011-11-21,1704.5999755859375,1704.5999755859375,1674.4000244140625,1678.300048828125,9,-0.0269031736866594,-0.02727168857833799
2011-11-22,1675.4000244140625,1702.199951171875,1675.4000244140625,1702.199951171875,13,0.014240542005845791,0.014140097949622513
2011-11-23,1691.199951171875,1700.0,1681.5999755859375,1695.699951171875,34,-0.0038185878195596823,-0.003825897239736137
2011-11-25,1690.0999755859375,1693.5,1675.300048828125,1685.5,28,-0.006015186333422906,-0.006033350443704364
2011-11-28,1710.800048828125,1710.800048828125,1710.800048828125,1710.800048828125,175525,0.015010411645283384,0.014898870219744323
2011-11-29,1711.300048828125,1718.4000244140625,1704.0,1713.4000244140625,64786,0.00151974252497733,0.0015185888849821511
2011-11-30,1714.0,1749.199951171875,1699.9000244140625,1745.5,15463,0.018734665068605327,0.018561332766248943
2011-12-01,1747.0,1753.300048828125,1734.5,1735.300048828125,1350,-0.00584356984925527,-0.005860710310486896
2011-12-02,1744.800048828125,1762.9000244140625,1741.5999755859375,1747.0,1067,0.006742321698069542,0.006719693899452695
2011-12-05,1748.9000244140625,1752.5999755859375,1718.699951171875,1730.699951171875,756,-0.009330308430523737,-0.009374108416037587
2011-12-06,1722.0999755859375,1731.800048828125,1703.0,1727.9000244140625,648,-0.0016178002177191786,-0.0016191102696168865
2011-12-07,1730.5999755859375,1741.9000244140625,1720.0,1740.9000244140625,300,0.007523583434410952,0.007495422440086814
2011-12-08,1742.0,1752.300048828125,1705.4000244140625,1709.800048828125,942,-0.017864308776952775,-0.018025801738556786
2011-12-09,1713.300048828125,1720.699951171875,1705.699951171875,1712.800048828125,568,0.0017545911301477535,0.0017530536333202377
2011-12-12,1707.5,1708.199951171875,1658.5,1664.199951171875,894,-0.02837464751913188,-0.0287849886572218
2011-12-13,1654.699951171875,1671.800048828125,1628.0,1659.9000244140625,274,-0.0025837801249691816,-0.0025871238457042395
2011-12-14,1636.5,1639.5,1565.800048828125,1584.300048828125,890,-0.045544896966083215,-0.04661467407933018
2011-12-15,1571.4000244140625,1592.800048828125,1565.5999755859375,1574.5999755859375,589,-0.0061226238359094465,-0.00614144395555923
2011-12-16,1587.4000244140625,1595.9000244140625,1586.0,1595.5999755859375,57,0.013336720643721378,0.013248569484948212
2011-12-19,1596.4000244140625,1603.4000244140625,1589.699951171875,1594.4000244140625,92,-0.0007520375972895899,-0.0007523205194177364
2011-12-20,1596.4000244140625,1617.0,1596.4000244140625,1615.5999755859375,215,0.013296507054223028,0.013208884366838008
2011-12-21,1615.5999755859375,1635.0,1608.300048828125,1611.9000244140625,38,-0.0022901406460674734,-0.002292767028780258
2011-12-22,1608.800048828125,1610.0,1601.9000244140625,1608.9000244140625,599,-0.0018611576118627848,-0.0018628917176543866
2011-12-23,1612.0,1612.800048828125,1604.699951171875,1604.699951171875,62,-0.002610524692929328,-0.002613938054252313
2011-12-27,1599.0,1599.0,1592.5999755859375,1594.199951171875,52,-0.0065432793166922965,-0.006564780411902857
2011-12-28,1584.9000244140625,1588.5999755859375,1561.300048828125,1562.9000244140625,763,-0.01963362671966229,-0.019828926896066693
2011-12-29,1559.300048828125,1559.300048828125,1525.0,1539.9000244140625,866,-0.01471623241456077,-0.014825590380464937
2011-12-30,1549.4000244140625,1579.5,1547.9000244140625,1565.800048828125,289,0.01681928956648826,0.016679411569268512
2012-01-03,1568.9000244140625,1604.300048828125,1566.0,1599.699951171875,229,0.02165021157658109,0.021419174466295838
2012-01-04,1596.5999755859375,1618.5999755859375,1594.5,1611.9000244140625,172,0.007626475973353752,0.007597541424776675
2012-01-05,1610.800048828125,1624.0999755859375,1597.800048828125,1619.4000244140625,362,0.004652894029656851,0.004642102778981451
2012-01-06,1622.5,1627.800048828125,1616.0999755859375,1616.0999755859375,20,-0.0020378218959945515,-0.0020399010801860334
2012-01-09,1614.300048828125,1620.0999755859375,1607.5,1607.5,8,-0.005321437854003741,-0.005335647136046096
2012-01-10,1619.9000244140625,1638.0,1619.9000244140625,1631.0,47,0.014618973561430826,0.01451314650923945
2012-01-11,1634.800048828125,1645.4000244140625,1633.800048828125,1639.199951171875,65,0.005027560497777417,0.00501496451589809
2012-01-12,1645.199951171875,1656.0999755859375,1645.199951171875,1647.300048828125,84,0.004941494569017824,0.004929325457331257
2012-01-13,1638.9000244140625,1643.4000244140625,1630.4000244140625,1630.4000244140625,368,-0.010259226560507262,-0.01031221515150508
2012-01-17,1643.699951171875,1657.800048828125,1642.0999755859375,1655.199951171875,16,0.015210946017205185,0.015096419488760834
2012-01-18,1654.0,1660.300048828125,1654.0,1659.5,11,0.0025979029452487534,0.002594534228530324
2012-01-19,1663.0,1664.4000244140625,1653.5,1654.0999755859375,58,-0.003254006878012916,-0.003259312671579746
2012-01-20,1652.800048828125,1664.300048828125,1652.800048828125,1663.699951171875,8,0.005803745678997885,0.005786968828130693
2012-01-23,1676.9000244140625,1680.0,1669.9000244140625,1678.0,10,0.008595329234729165,0.008558599710571272
2012-01-24,1666.9000244140625,1668.199951171875,1664.199951171875,1664.199951171875,5,-0.00822410538028906,-0.008258109901121068
2012-01-25,1673.0,1706.199951171875,1672.0,1699.800048828125,239,0.021391718964528073,0.02116612766430104
2012-01-26,1729.0,1729.0,1721.0,1726.300048828125,16,0.015590068972094473,0.015469792317014676
2012-01-27,1727.0,1734.0999755859375,1727.0,1731.800048828125,175023,0.00318600465992791,0.003180940101368302
2012-01-30,1737.199951171875,1739.9000244140625,1715.699951171875,1731.0,53427,-0.00046197528904468044,-0.0004620820325050176
2012-01-31,1731.699951171875,1747.699951171875,1725.0,1737.800048828125,7540,0.003928393314919232,0.0039206973265626666
2012-02-01,1738.199951171875,1751.0999755859375,1734.0,1747.0999755859375,2027,0.00535155167252066,0.005337283003577175
2012-02-02,1745.0999755859375,1761.0999755859375,1742.9000244140625,1756.800048828125,2062,0.005552099695344648,0.005536743602649102
2012-02-03,1758.699951171875,1761.300048828125,1724.5,1737.9000244140625,543,-0.01075821031919355,-0.010816498290285132
2012-02-06,1728.0,1738.300048828125,1713.300048828125,1722.800048828125,726,-0.008688633047823635,-0.00872659929645173
2012-02-07,1722.0,1748.0,1713.199951171875,1746.4000244140625,272,0.013698615577582895,0.01360563769312381
2012-02-08,1744.0,1751.5,1728.199951171875,1729.300048828125,955,-0.009791557115715666,-0.009839809647734338
2012-02-09,1731.4000244140625,1749.699951171875,1726.0999755859375,1739.0,119,0.005609177642970753,0.005593504786632288
2012-02-10,1732.699951171875,1734.4000244140625,1706.4000244140625,1723.300048828125,248,-0.009028149035005706,-0.009069149732669144
2012-02-13,1725.0,1733.0,1718.4000244140625,1723.0,104,-0.00017411293426761176,-0.0001741280936842106
2012-02-14,1720.0,1724.9000244140625,1715.0,1715.9000244140625,94,-0.0041207055054773845,-0.0041292190082160935
2012-02-15,1723.5999755859375,1737.0,1723.5999755859375,1726.300048828125,110,0.006060973405262349,0.006042679587632634
2012-02-16,1718.4000244140625,1728.4000244140625,1707.0,1726.800048828125,38,0.0002896367872662342,0.000289594850629365
2012-02-17,1733.5999755859375,1735.0999755859375,1718.800048828125,1724.5,80,-0.0013319717182576074,-0.0013328595810797458
2012-02-21,1736.0999755859375,1760.0,1733.5999755859375,1757.0999755859375,115,0.01890401599648439,0.018727555492429694
2012-02-22,1758.699951171875,1781.9000244140625,1750.0,1770.0,161,0.007341656475614355,0.00731483769854934
2012-02-23,1774.0,1786.0,1773.0,1784.9000244140625,298,0.008418092889300954,0.008382858345699507
2012-02-24,1778.5,1780.699951171875,1771.300048828125,1775.0999755859375,129,-0.005490530950797656,-0.005505659316442745
2012-02-27,1773.5999755859375,1775.5999755859375,1768.0999755859375,1773.5999755859375,841,-0.0008450228272381954,-0.0008453800602883715
2012-02-28,1767.9000244140625,1789.4000244140625,1767.9000244140625,1787.0,306,0.007555268718153707,0.007526870622585002
2012-02-29,1789.9000244140625,1790.4000244140625,1669.0,1709.9000244140625,359,-0.043144921984296314,-0.044103332626816365
2012-03-01,1698.5999755859375,1724.5999755859375,1698.5999755859375,1721.0999755859375,214,0.006550061998924717,0.0065287035581728
2012-03-02,1723.0,1723.0,1705.199951171875,1708.800048828125,135,-0.0071465498415482775,-0.007172208750397793
2012-03-05,1705.5,1709.5,1695.4000244140625,1703.0,421,-0.0033942232340773426,-0.0033999966776983195
2012-03-06,1708.699951171875,1708.699951171875,1666.0,1671.4000244140625,176,-0.01855547597530094,-0.018729788488398846
2012-03-07,1676.0,1684.0,1673.0999755859375,1683.300048828125,39,0.007119794328251494,0.0070945682581275695
2012-03-08,1686.4000244140625,1702.4000244140625,1686.4000244140625,1698.0999755859375,301,0.008792209545835705,0.008753783142556369
2012-03-09,1698.800048828125,1710.9000244140625,1680.699951171875,1710.9000244140625,73,0.007537865268332222,0.0075095975253485605
2012-03-12,1708.0999755859375,1708.0999755859375,1694.9000244140625,1699.199951171875,98,-0.006838548761020968,-0.006862038788651917
2012-03-13,1698.4000244140625,1698.4000244140625,1685.0999755859375,1693.699951171875,47,-0.0032368174188134313,-0.0032420672438592062
2012-03-14,1676.9000244140625,1681.0,1637.4000244140625,1642.5,201,-0.03022964671897732,-0.030695984709045214
2012-03-15,1646.300048828125,1660.199951171875,1640.0,1659.0999755859375,405,0.01010653003710038,0.010055800575299199
2012-03-16,1660.0,1661.4000244140625,1641.300048828125,1655.5,317,-0.0021698364407883863,-0.002172193946763881
2012-03-19,1661.199951171875,1668.0,1652.0999755859375,1666.9000244140625,462,0.006886151865939327,0.006862550608128275
2012-03-20,1648.0999755859375,1652.300048828125,1642.0,1646.699951171875,250,-0.012118347199189805,-0.012192373023583716
2012-03-21,1657.800048828125,1660.0,1646.0999755859375,1650.0,546,0.0020040377275631904,0.002002032322780702
2012-03-22,1648.0,1649.4000244140625,1633.800048828125,1642.300048828125,321,-0.004666637073863611,-0.0046775598195612
2012-03-23,1652.5,1665.0999755859375,1646.300048828125,1662.300048828125,76,0.01217804262641975,0.012104486840182692
2012-03-26,1665.0,1692.9000244140625,1657.800048828125,1685.5,84,0.013956536419661658,0.013860040758867789
2012-03-27,1687.800048828125,1690.800048828125,1684.4000244140625,1684.800048828125,100,-0.00041527806103525133,-0.00041536431284905714
2012-03-28,1670.0999755859375,1670.0999755859375,1657.9000244140625,1657.9000244140625,193107,-0.0159663008276697,-0.01609513538995114
2012-03-29,1661.800048828125,1664.5,1644.300048828125,1652.199951171875,47342,-0.0034381284505994314,-0.0034440523963091448
2012-03-30,1660.5999755859375,1670.0,1659.0,1669.300048828125,9825,0.01034989599419922,0.01029670253699488
2012-04-02,1670.4000244140625,1682.800048828125,1662.0,1677.5,2531,0.0049122092685682794,0.00490018373383596
2012-04-03,1677.5999755859375,1679.5,1638.699951171875,1670.0,1165,-0.0044709388971684305,-0.004480963435036092
2012-04-04,1646.5,1647.0,1612.300048828125,1612.300048828125,1122,-0.03455086896519466,-0.0351618651563432
2012-04-05,1620.800048828125,1633.199951171875,1620.4000244140625,1628.5,289,0.010047727272383122,0.009997584461830536
2012-04-09,1645.300048828125,1646.4000244140625,1636.5,1642.5,158,0.008596868283696546,0.008560125642477288
2012-04-10,1649.0,1661.699951171875,1636.199951171875,1659.5,350,0.010350076103500694,0.01029688080126366
2012-04-11,1654.800048828125,1659.699951171875,1654.699951171875,1659.0,426,-0.00030129557095515125,-0.00030134096958485624
2012-04-12,1660.0,1680.0999755859375,1650.0,1679.5,1309,0.012356841470765545,0.012281118861902968
2012-04-13,1673.300048828125,1674.800048828125,1650.0,1659.0999755859375,220,-0.012146486700841064,-0.012220858118282624
2012-04-16,1650.800048828125,1656.800048828125,1641.199951171875,1648.699951171875,717,-0.006268473610452352,-0.00628820298306942
2012-04-17,1652.0,1652.9000244140625,1637.0,1650.300048828125,69,0.0009705208368040452,0.0009700501859497347
2012-04-18,1653.199951171875,1653.300048828125,1638.0999755859375,1638.800048828125,273,-0.006968429776249563,-0.006992822669181386
2012-04-19,1642.0999755859375,1653.0999755859375,1632.0,1640.5999755859375,77,0.0010983199317693426,0.0010977172197064945
2012-04-20,1641.699951171875,1645.5999755859375,1640.9000244140625,1642.0999755859375,54,0.0009142996600766118,0.0009138819427355624
2012-04-23,1642.4000244140625,1642.4000244140625,1625.0999755859375,1631.9000244140625,226,-0.006211528727558369,-0.006230900532803207
2012-04-24,1634.4000244140625,1648.5999755859375,1634.4000244140625,1643.0,123,0.0068018723082763355,0.006778843939865435
2012-04-25,1641.300048828125,1643.800048828125,1626.9000244140625,1641.4000244140625,82,-0.0009738135033094952,-0.0009742879677306924
2012-04-26,1658.300048828125,1659.5999755859375,1658.300048828125,1659.5999755859375,280,0.011088065615432185,0.01102704367836407
2012-04-27,1654.5,1666.9000244140625,1654.0,1664.0,236,0.002651256012768499,0.0026477476332526172
2012-04-30,1663.0,1665.699951171875,1653.0,1663.4000244140625,36,-0.0003605622511643203,-0.0003606272693620108
2012-05-01,1665.0,1670.5,1661.699951171875,1661.699951171875,25,-0.0010220471427409006,-0.001022569789065028
2012-05-02,1659.199951171875,1659.199951171875,1648.300048828125,1653.4000244140625,50,-0.0049948408266842215,-0.005007356738177033
2012-05-03,1651.199951171875,1652.199951171875,1631.300048828125,1634.199951171875,78,-0.01161247910891483,-0.0116804305128595
2012-05-04,1635.699951171875,1645.5999755859375,1629.4000244140625,1644.699951171875,68,0.006425162350831348,0.006404608987367541
2012-05-07,1637.9000244140625,1640.0,1632.5999755859375,1638.5999755859375,21,-0.003708868345007943,-0.003715763250686093
2012-05-08,1636.699951171875,1636.699951171875,1596.0,1604.0,154,-0.02111557189152591,-0.021341694381911958
2012-05-09,1595.300048828125,1595.300048828125,1586.300048828125,1593.699951171875,30,-0.006421476825514305,-0.006442183199088381
2012-05-10,1594.199951171875,1595.0999755859375,1592.4000244140625,1595.0999755859375,6,0.0008784742780678645,0.0008780886453683303
2012-05-11,1586.0999755859375,1589.5999755859375,1583.5999755859375,1583.5999755859375,6,-0.007209579447066128,-0.007235694057575699
2012-05-14,1563.0,1563.0999755859375,1555.5,1560.5999755859375,5,-0.014523869887968388,-0.014630373776526494
2012-05-15,1555.4000244140625,1558.300048828125,1542.4000244140625,1556.800048828125,28,-0.0024349140184920515,-0.0024378832424801207
2012-05-16,1541.4000244140625,1541.4000244140625,1528.5,1536.199951171875,26,-0.013232333639606852,-0.013320661016581662
2012-05-17,1546.9000244140625,1579.0,1546.9000244140625,1574.5,51,0.024931682102260266,0.024625958761503444
2012-05-18,1573.699951171875,1591.5999755859375,1568.199951171875,1591.5999755859375,26,0.010860575157788155,0.01080202267237359
2012-05-21,1591.9000244140625,1594.0999755859375,1588.4000244140625,1588.4000244140625,32,-0.002010524768132793,-0.0020125485861335465
2012-05-22,1575.699951171875,1578.0999755859375,1568.4000244140625,1576.300048828125,27,-0.007617713044546837,-0.007646876018406951
2012-05-23,1538.199951171875,1548.0999755859375,1534.4000244140625,1548.0999755859375,6,-0.017890041469675988,-0.018052002832832256
2012-05-24,1559.0,1569.4000244140625,1551.5,1557.300048828125,23,0.005942815959741443,0.005925227079559546
2012-05-25,1558.199951171875,1568.800048828125,1557.300048828125,1568.800048828125,7,0.007384575636951718,0.007357443151002155
2012-05-29,1574.699951171875,1582.5,1548.5999755859375,1548.5999755859375,259050,-0.01287612991679643,-0.012959745819266628
2012-05-30,1553.9000244140625,1569.0,1530.4000244140625,1563.4000244140625,79887,0.009557050924351884,0.009511671214859622
2012-05-31,1562.699951171875,1572.5999755859375,1551.800048828125,1562.5999755859375,5901,-0.0005117364817905923,-0.0005118674635913401
2012-06-01,1560.0,1630.0,1545.5,1620.5,2820,0.03705364477069795,0.03638365864295839
2012-06-04,1623.0,1627.9000244140625,1609.0,1612.199951171875,2134,-0.005121906095726603,-0.005135068018744437
2012-06-05,1619.300048828125,1622.699951171875,1612.9000244140625,1615.199951171875,604,0.0018608113700904205,0.001859082205380155
2012-06-06,1619.699951171875,1639.699951171875,1616.5,1632.800048828125,419,0.010896544197813274,0.010837604631931995
2012-06-07,1622.5999755859375,1627.199951171875,1581.9000244140625,1586.5999755859375,1200,-0.028294997464843097,-0.028703015919928014
2012-06-08,1589.9000244140625,1593.9000244140625,1566.5,1590.0999755859375,157,0.002205975074912825,0.0022035454843187135
2012-06-11,1608.0,1608.0,1583.0,1595.5,129,0.0033960282353142635,0.0033902747537376044
2012-06-12,1594.0999755859375,1612.800048828125,1588.5,1612.699951171875,523,0.01078028904536188,0.010722595990918843
2012-06-13,1608.199951171875,1622.4000244140625,1608.199951171875,1618.0999755859375,655,0.003348437141167171,0.003342843608440202
2012-06-14,1621.199951171875,1626.4000244140625,1610.0999755859375,1618.4000244140625,493,0.00018543281172500592,0.0001854156211862676
2012-06-15,1624.300048828125,1630.0,1621.5,1627.0,1015,0.005313875096517595,0.0052998062801940925
2012-06-18,1622.5999755859375,1627.5999755859375,1615.0,1625.699951171875,246,-0.0007990466061001955,-0.000799366013998755
2012-06-19,1629.800048828125,1630.699951171875,1622.0,1622.199951171875,32,-0.0021529188073586836,-0.0021552396687366127
2012-06-20,1618.300048828125,1618.300048828125,1601.300048828125,1614.800048828125,140,-0.0045616462621665965,-0.004572082319639419
2012-06-21,1603.199951171875,1603.300048828125,1564.5,1564.5,29,-0.031149397638814857,-0.03164485610772617
2012-06-22,1565.5,1568.4000244140625,1560.0,1566.0,16,0.0009587727708533222,0.0009583134418115972
2012-06-25,1574.9000244140625,1587.5,1571.0,1587.5,32,0.013729246487867108,0.013635854216098234
2012-06-26,1583.5,1583.5,1567.699951171875,1574.0,104,-0.008503937007873996,-0.008540301789498156
2012-06-27,1567.0,1577.5,1563.0,1577.5,220,0.0022236340533672294,0.002221165438019698
2012-06-28,1573.699951171875,1573.699951171875,1548.4000244140625,1549.699951171875,133,-0.0176228518720285,-0.017779983130193897
2012-06-29,1562.5999755859375,1603.5,1561.9000244140625,1603.5,61,0.03471642932390995,0.03412740784803537
2012-07-02,1597.0999755859375,1598.300048828125,1589.699951171875,1597.199951171875,35,-0.003928935970143432,-0.003936674515221323
2012-07-03,1603.800048828125,1624.0,1603.800048828125,1621.300048828125,44,0.015088967188214397,0.014976261054684983
2012-07-05,1618.5,1619.199951171875,1598.0,1608.9000244140625,27,-0.007648198384392346,-0.007677595841302577
2012-07-06,1592.300048828125,1593.800048828125,1578.4000244140625,1578.4000244140625,15,-0.01895705111391721,-0.019139039655363514
2012-07-09,1582.0999755859375,1588.5999755859375,1580.9000244140625,1588.5999755859375,5,0.006462209208126124,0.0064414186547363285
2012-07-10,1599.199951171875,1599.800048828125,1567.5999755859375,1579.300048828125,12,-0.00585416524029736,-0.005871368037160729
2012-07-11,1577.4000244140625,1579.5,1575.199951171875,1575.199951171875,12,-0.0025961486288132996,-0.0025995244667151854
2012-07-12,1569.300048828125,1574.699951171875,1557.199951171875,1564.9000244140625,44,-0.006538805914861667,-0.006560277556704476
2012-07-13,1567.800048828125,1594.0999755859375,1567.800048828125,1591.5999755859375,26,0.017061761617565452,0.016917844443290076
2012-07-16,1586.199951171875,1591.199951171875,1585.800048828125,1591.199951171875,7,-0.0002513347701674773,-0.0002513663600440253
2012-07-17,1596.0,1596.0,1576.300048828125,1589.0999755859375,27,-0.0013197433700213868,-0.0013206149982708804
2012-07-18,1581.199951171875,1583.699951171875,1569.9000244140625,1570.4000244140625,30,-0.011767636686911387,-0.011837423346489425
2012-07-19,1580.0,1586.9000244140625,1578.4000244140625,1580.0999755859375,60,0.006176739060796965,0.006157741197844146
2012-07-20,1583.9000244140625,1584.4000244140625,1576.0999755859375,1582.5,5,0.001518906683846133,0.0015177543118384655
2012-07-23,1571.699951171875,1577.0999755859375,1569.800048828125,1577.0999755859375,4,-0.0034123377024091184,-0.0034181730051708655
2012-07-24,1574.0,1581.9000244140625,1574.0,1576.0,9,-0.0006974672518962333,-0.0006977105953359328
2012-07-25,1583.699951171875,1608.0,1583.300048828125,1608.0,12,0.020304568527918843,0.020101179321087303
2012-07-26,1614.9000244140625,1615.0,1614.0999755859375,1615.0,7,0.0043532338308458485,0.004343785917845313
2012-07-27,1613.4000244140625,1617.9000244140625,1613.4000244140625,1617.9000244140625,197976,0.001795680751741413,0.001794070444503943
2012-07-30,1622.9000244140625,1625.800048828125,1613.0999755859375,1619.699951171875,52890,0.0011125080231482176,0.001111889644688937
2012-07-31,1621.0999755859375,1627.5,1610.0,1610.5,6281,-0.0056800342342535615,-0.005696226974696493
2012-08-01,1613.4000244140625,1617.199951171875,1592.0,1603.699951171875,3530,-0.004222321532521001,-0.004231260703659929
2012-08-02,1600.0,1615.0,1583.0999755859375,1587.4000244140625,933,-0.010163950398515365,-0.010215956030912727
2012-08-03,1589.300048828125,1606.0,1585.0999755859375,1606.0,676,0.011717257968925088,0.011649142470026142
2012-08-06,1604.699951171875,1614.0999755859375,1603.199951171875,1612.9000244140625,662,0.004296403744746158,0.004287200553178683
2012-08-07,1610.800048828125,1615.699951171875,1609.300048828125,1609.699951171875,449,-0.001984049348222938,-0.0019860201813826557
2012-08-08,1610.199951171875,1614.800048828125,1603.0,1612.9000244140625,341,0.001987993625680362,0.001986020181382777
2012-08-09,1612.800048828125,1617.199951171875,1610.0999755859375,1617.0999755859375,433,0.0026039748950965613,0.0026005904265769425
2012-08-10,1615.800048828125,1624.0999755859375,1605.0,1619.699951171875,1219,0.0016078013884055498,0.0016065102594872518
2012-08-13,1622.0,1623.699951171875,1607.300048828125,1609.5999755859375,402,-0.006235707779474797,-0.006255231008312323
2012-08-14,1612.800048828125,1615.5999755859375,1591.199951171875,1599.4000244140625,910,-0.006336947891765421,-0.0063571115753349
2012-08-15,1593.800048828125,1604.5999755859375,1592.0,1603.699951171875,280,0.002688462355993737,0.002684854905291065
2012-08-16,1600.199951171875,1616.0999755859375,1600.199951171875,1616.0999755859375,199,0.007732134932723067,0.0077023951802267935
2012-08-17,1617.800048828125,1617.800048828125,1611.4000244140625,1616.300048828125,249,0.0001238000403502859,0.00012379237775770355
2012-08-20,1614.0,1621.4000244140625,1611.5999755859375,1620.0999755859375,68,0.002351003305709032,0.0023482440213155654
2012-08-21,1620.0,1639.9000244140625,1620.0,1639.9000244140625,258,0.012221498133758057,0.012147418590037432
2012-08-22,1638.4000244140625,1653.0999755859375,1635.0,1637.4000244140625,37,-0.001524483177499314,-0.0015256463843216833
2012-08-23,1659.9000244140625,1672.699951171875,1658.0,1669.5999755859375,141,0.01966529295942676,0.01947442928768001
2012-08-24,1665.800048828125,1669.800048828125,1662.199951171875,1669.800048828125,24,0.0001198330409157844,0.00011982586151048442
2012-08-27,1674.9000244140625,1674.9000244140625,1663.9000244140625,1672.4000244140625,42,0.0015570580368362563,0.0015558470788295134
2012-08-28,1659.9000244140625,1671.0,1659.199951171875,1666.5,51,-0.0035278786940520224,-0.0035341163328350606
2012-08-29,1667.199951171875,1667.300048828125,1659.800048828125,1659.800048828125,403,-0.004020372740399014,-0.004028476165369704
2012-08-30,1655.4000244140625,1662.0,1650.699951171875,1653.5,418,-0.0037956673350943992,-0.0038028891605771755
2012-08-31,1658.5999755859375,1690.0,1646.199951171875,1684.5999755859375,58,0.018808573078885615,0.01863387896691745
2012-09-04,1689.0999755859375,1698.0,1687.699951171875,1692.9000244140625,43,0.00492701469097323,0.004914916675882987
2012-09-05,1690.4000244140625,1693.300048828125,1690.4000244140625,1690.800048828125,82,-0.0012404604853522017,-0.0012412304933022203
2012-09-06,1696.4000244140625,1712.4000244140625,1696.4000244140625,1702.5999755859375,39,0.0069789013585557225,0.006954661539328423
2012-09-07,1696.699951171875,1738.199951171875,1696.699951171875,1737.5,109,0.02049807642106405,0.020290818328273095
2012-09-10,1733.0999755859375,1733.5,1727.199951171875,1728.699951171875,14,-0.005064776303956853,-0.005077645755781251
2012-09-11,1736.0,1736.0,1731.800048828125,1731.800048828125,2,0.001793311588947688,0.001791705525548226
2012-09-12,1742.199951171875,1742.300048828125,1730.5,1730.5999755859375,15,-0.0006929629335670207,-0.0006932031433580678
2012-09-13,1728.699951171875,1769.0999755859375,1728.699951171875,1769.0999755859375,33,0.022246619983318228,0.022002773808939204
2012-09-14,1771.0,1774.5,1766.0,1769.800048828125,25,0.00039572282621036514,0.0003956445485829216
2012-09-17,1774.800048828125,1774.800048828125,1753.800048828125,1767.699951171875,54,-0.0011866299007283754,-0.0011873345034459492
2012-09-18,1766.300048828125,1768.4000244140625,1766.300048828125,1768.4000244140625,13,0.00039603624004369564,0.0003959578383912291
2012-09-19,1776.0,1778.5,1768.0,1769.0,27,0.0003392759430300707,0.0003392184019618101
2012-09-20,1769.0999755859375,1771.300048828125,1760.5999755859375,1767.699951171875,17,-0.0007349060645138739,-0.0007351762403530551
2012-09-21,1785.300048828125,1785.300048828125,1772.300048828125,1775.5,10,0.004412541179827478,0.0044028344637102946
2012-09-24,1762.0999755859375,1762.0999755859375,1762.0999755859375,1762.0999755859375,4,-0.007547183561848803,-0.007575807663552554
2012-09-25,1772.5999755859375,1772.699951171875,1763.800048828125,1763.800048828125,5,0.000964799537904959,0.0009643344179717454
2012-09-26,1762.800048828125,1764.199951171875,1743.0,1750.5999755859375,15237,-0.0074838830234513765,-0.007512027785335529
2012-09-27,1752.5999755859375,1780.199951171875,1750.699951171875,1777.5999755859375,6989,0.015423283660770615,0.01530555379885569
2012-09-28,1776.800048828125,1782.199951171875,1767.5,1771.0999755859375,2839,-0.0036566157117871034,-0.0036633174731842584
2012-10-01,1766.0,1791.0,1763.300048828125,1780.5,816,0.005307449914538465,0.005293415039934949
2012-10-02,1777.9000244140625,1779.300048828125,1772.699951171875,1772.699951171875,94,-0.004380819336211705,-0.004390443242588438
2012-10-03,1772.199951171875,1779.9000244140625,1771.9000244140625,1777.300048828125,134,0.002594966877056182,0.002591605763905538
2012-10-04,1783.5,1794.800048828125,1783.5,1794.0999755859375,199,0.009452498900728523,0.009408103578217317
2012-10-05,1792.199951171875,1792.199951171875,1776.5999755859375,1778.5999755859375,257,-0.008639429357852668,-0.00867696557838865
2012-10-08,1778.0,1778.0,1766.800048828125,1773.5,33,-0.0028674101292829324,-0.002871529025301445
2012-10-09,1776.699951171875,1776.699951171875,1762.300048828125,1763.0,24,-0.005920496193966729,-0.00593809181580629
2012-10-10,1762.4000244140625,1764.199951171875,1758.0999755859375,1763.199951171875,29,0.00011341529885133816,0.00011340886782257817
2012-10-11,1761.5999755859375,1771.0,1761.5999755859375,1768.800048828125,30,0.0031760990309284143,0.0031710658827700197
2012-10-12,1769.5,1769.5,1753.5999755859375,1758.0,84,-0.006105861900716381,-0.006124578903340515
2012-10-15,1750.0,1750.0,1729.9000244140625,1736.0,108,-0.012514220705347023,-0.012593183024826865
2012-10-16,1736.699951171875,1744.699951171875,1736.5999755859375,1744.699951171875,15,0.005011492610527135,0.0049989768790153375
2012-10-17,1749.4000244140625,1751.5,1746.0,1751.5,36,0.0038975462935948446,0.0038899705382307768
2012-10-18,1749.0999755859375,1749.0999755859375,1740.5,1743.300048828125,27,-0.004681673520910645,-0.00469266687935207
2012-10-19,1741.0999755859375,1741.0999755859375,1721.0,1722.800048828125,70,-0.0117593067319538,-0.011828994235928167
2012-10-22,1715.0,1728.300048828125,1715.0,1725.0999755859375,12,0.0013349934366306826,0.001334103125177968
2012-10-23,1726.5999755859375,1726.5999755859375,1708.300048828125,1708.300048828125,75,-0.009738523561283019,-0.009786253111552812
2012-10-24,1708.4000244140625,1708.5,1698.5999755859375,1700.5,27,-0.0045659712024685994,-0.004576427088636116
2012-10-25,1711.699951171875,1716.699951171875,1711.699951171875,1712.0,33,0.006762716847985795,0.006739952254437173
2012-10-26,1706.0999755859375,1716.199951171875,1706.0999755859375,1710.9000244140625,77,-0.0006425091039354847,-0.000642715601365528
2012-10-31,1714.4000244140625,1724.5,1714.4000244140625,1717.5,64,0.003857604472358167,0.0038501829961824258
2012-11-01,1722.300048828125,1725.0999755859375,1714.0999755859375,1714.0999755859375,24,-0.0019796357578238943,-0.001981597826572658
2012-11-02,1711.300048828125,1711.300048828125,1674.0999755859375,1674.0999755859375,50,-0.02333586171735791,-0.023612454431588336
2012-11-05,1682.800048828125,1683.0999755859375,1674.300048828125,1682.199951171875,7,0.004838406131092876,0.004826738663643604
2012-11-06,1690.0999755859375,1718.0,1690.0999755859375,1714.0999755859375,47,0.018963277458092787,0.018785715767944633
2012-11-07,1707.699951171875,1726.5,1703.699951171875,1713.199951171875,42,-0.0005250711317201784,-0.0005252090298398552
2012-11-08,1715.9000244140625,1725.4000244140625,1714.199951171875,1725.4000244140625,34,0.007121219699920189,0.007095983552185002
2012-11-09,1733.699951171875,1734.0999755859375,1727.5999755859375,1730.300048828125,6,0.0028399352873120787,0.002835910289781616
2012-11-12,1733.199951171875,1733.4000244140625,1730.300048828125,1730.300048828125,6,0.0,0.0
2012-11-13,1721.5999755859375,1728.199951171875,1718.5,1724.199951171875,12,-0.003525456559040907,-0.003531685625527172
2012-11-14,1722.0,1729.5,1722.0,1729.5,11,0.0030739177463279255,0.0030692029206921614
2012-11-15,1724.9000244140625,1724.9000244140625,1706.300048828125,1713.300048828125,10,-0.00936684080478467,-0.009410985538836835
2012-11-16,1710.0,1714.300048828125,1706.9000244140625,1714.300048828125,16,0.0005836689263412076,0.0005834986578838031
2012-11-19,1721.800048828125,1734.0,1721.800048828125,1734.0,4,0.011491542093428508,0.011426015844216614
2012-11-20,1730.5999755859375,1731.0999755859375,1722.5,1723.199951171875,21,-0.006228401861663735,-0.006247879274090532
2012-11-21,1725.800048828125,1727.9000244140625,1725.800048828125,1727.9000244140625,23,0.0027275263320378773,0.002723813382005552
2012-11-23,1735.0,1751.300048828125,1735.0,1751.300048828125,8,0.0135424643112656,0.013451584711290317
2012-11-26,1750.300048828125,1750.5,1749.4000244140625,1749.5,24,-0.0010278357665378657,-0.0010283643519497215
2012-11-27,1746.4000244140625,1746.4000244140625,1742.199951171875,1742.199951171875,7,-0.004172648658545275,-0.004181378449656191
2012-11-28,1739.800048828125,1739.800048828125,1716.5,1716.5,276136,-0.014751436053357825,-0.01486132046033978
2012-11-29,1719.5999755859375,1729.0,1717.699951171875,1727.199951171875,65599,0.006233586467739638,0.006214238032745709
2012-11-30,1725.199951171875,1731.199951171875,1708.4000244140625,1710.9000244140625,3690,-0.009437197324347557,-0.009482009830170463
2012-12-03,1714.9000244140625,1721.9000244140625,1714.5,1719.5999755859375,1238,0.0050850143478455845,0.0050721293242802536
2012-12-04,1716.300048828125,1716.800048828125,1691.5999755859375,1694.4000244140625,1428,-0.014654542643435686,-0.014762981168783272
2012-12-05,1697.0999755859375,1706.0,1685.0,1692.4000244140625,1262,-0.0011803588120766761,-0.0011810559842021378
2012-12-06,1694.300048828125,1702.0999755859375,1686.4000244140625,1700.300048828125,525,0.0046679415623369636,0.004657080509181477
2012-12-07,1701.199951171875,1704.5,1684.0,1704.0,169,0.002176057793108477,0.0021736936084627303
2012-12-10,1704.199951171875,1717.0,1704.199951171875,1713.0,88,0.005281690140845008,0.005267790934858805
2012-12-11,1710.0,1714.0999755859375,1705.9000244140625,1708.199951171875,88,-0.002802130080633347,-0.002806063396621461
2012-12-12,1710.0999755859375,1722.300048828125,1708.0,1716.5999755859375,195,0.0049174714050892465,0.004905420134284793
2012-12-13,1707.199951171875,1707.199951171875,1689.9000244140625,1695.5999755859375,240,-0.012233484969514818,-0.012308929981781139
2012-12-14,1698.300048828125,1699.199951171875,1694.4000244140625,1695.800048828125,72,0.0001179955443904035,0.00011798858346372233
2012-12-17,1690.5,1698.5,1689.5,1697.0,65,0.0007076018028802089,0.0007073515707606638
2012-12-18,1701.4000244140625,1702.800048828125,1661.0,1669.5,501,-0.016205067766646986,-0.016337805850517063
2012-12-19,1675.300048828125,1676.0,1664.5999755859375,1666.5,76,-0.0017969451931716396,-0.0017985616359148672
2012-12-20,1667.9000244140625,1671.0,1637.5999755859375,1644.9000244140625,158,-0.01296128147971043,-0.013046011827404329
2012-12-21,1648.0,1659.0999755859375,1635.800048828125,1659.0999755859375,78,0.00863271381914732,0.008595665013674869
2012-12-24,1657.699951171875,1663.800048828125,1654.9000244140625,1658.5999755859375,73,-0.00030136821611570497,-0.00030141363664231194
2012-12-26,1654.5,1666.699951171875,1654.5,1659.800048828125,73,0.0007235459181551551,0.0007232842850021091
2012-12-27,1656.199951171875,1662.5999755859375,1656.199951171875,1662.5999755859375,446,0.0016869060582263007,0.0016854848302958485
2012-12-28,1664.0,1664.0,1653.699951171875,1654.9000244140625,197,-0.004631271072382481,-0.00464202863523224
2012-12-31,1655.4000244140625,1677.0999755859375,1655.4000244140625,1674.800048828125,89,0.012024910339286654,0.011953185522100071
2013-01-02,1672.800048828125,1693.800048828125,1670.0,1687.9000244140625,35,0.007821814666833626,0.007791382859457663
2013-01-03,1686.0999755859375,1686.800048828125,1662.0,1673.699951171875,140,-0.008412863935538417,-0.008448451813215838
2013-01-04,1647.0,1658.300048828125,1625.699951171875,1648.0999755859375,199,-0.015295439046893122,-0.015413620919155364
2013-01-07,1656.5,1659.9000244140625,1643.800048828125,1645.5,49,-0.0015775593862339399,-0.001578805043280168
2013-01-08,1647.699951171875,1661.5,1647.699951171875,1661.5,17,0.009723488301428107,0.009676519411254312
2013-01-09,1658.5999755859375,1662.0999755859375,1651.9000244140625,1654.800048828125,9,-0.004032471364354473,-0.0040406237004283535
2013-01-10,1672.5,1677.300048828125,1672.5,1677.300048828125,9,0.01359680888088799,0.013505201717634268
2013-01-11,1673.0999755859375,1673.0999755859375,1654.199951171875,1660.0,147,-0.010314224244023618,-0.010367784461265891
2013-01-14,1665.4000244140625,1673.800048828125,1664.0999755859375,1668.9000244140625,10,0.005361460490399095,0.005347139027603056
2013-01-15,1671.5999755859375,1684.300048828125,1671.5999755859375,1683.4000244140625,20,0.008688357473714436,0.008650830902112815
2013-01-16,1674.4000244140625,1682.699951171875,1674.4000244140625,1682.699951171875,11,-0.0004158686182930138,-0.00041595511562870385
2013-01-17,1676.4000244140625,1694.5999755859375,1671.0,1690.4000244140625,81,0.004576022740611085,0.004565584579943345
2013-01-18,1687.4000244140625,1692.0,1686.5999755859375,1686.5999755859375,14,-0.0022480174948188436,-0.002250548079390936
2013-01-22,1690.300048828125,1694.699951171875,1687.800048828125,1692.800048828125,15,0.0036760781050251268,0.0036693378433432255
2013-01-23,1691.300048828125,1693.699951171875,1685.199951171875,1686.300048828125,28,-0.0038397919497342725,-0.0038471828766571143
2013-01-24,1680.800048828125,1681.699951171875,1668.0,1669.5,13,-0.009962668766925531,-0.010012628248205289
2013-01-25,1663.0,1663.0,1656.4000244140625,1656.4000244140625,44,-0.0078466460532719,-0.00787759297306593
2013-01-28,1651.5999755859375,1655.5,1651.5999755859375,1652.4000244140625,82,-0.002414875598311439,-0.002417796113123141
2013-01-29,1661.199951171875,1661.5,1660.699951171875,1660.699951171875,145863,0.005022952454116325,0.005010379513052234
2013-01-30,1662.4000244140625,1683.0,1661.800048828125,1679.9000244140625,44893,0.011561434218528621,0.011495111538641122
2013-01-31,1675.4000244140625,1680.0,1657.4000244140625,1660.5999755859375,6044,-0.011488807993116579,-0.011555314223236052
2013-02-01,1663.9000244140625,1681.199951171875,1659.9000244140625,1669.4000244140625,3250,0.005299318895280569,0.00528532691511206
2013-02-04,1668.0,1676.5,1661.5999755859375,1675.300048828125,450,0.0035342184783622166,0.003527987804295923
2013-02-05,1674.199951171875,1683.4000244140625,1666.5,1672.4000244140625,353,-0.0017310477702732197,-0.0017325477647560472
2013-02-06,1672.199951171875,1678.5,1668.0,1677.699951171875,376,0.0031690544609201954,0.0031640435915196957
2013-02-07,1677.0,1682.0999755859375,1663.0999755859375,1670.4000244140625,475,-0.004351151558843136,-0.004360645368131427
2013-02-08,1671.5,1672.5,1664.800048828125,1666.0,289,-0.0026341141940571244,-0.002637589577229781
2013-02-11,1666.5,1668.0,1643.699951171875,1648.199951171875,868,-0.010684303018082209,-0.010741790022626579
2013-02-12,1643.800048828125,1650.4000244140625,1642.4000244140625,1648.699951171875,85,0.0003033612515548345,0.00030331524683415996
2013-02-13,1652.199951171875,1652.300048828125,1640.199951171875,1644.199951171875,236,-0.0027294232627358417,-0.00273315493015603
2013-02-14,1641.0999755859375,1646.9000244140625,1632.699951171875,1634.699951171875,219,-0.005777886073545346,-0.005794642633454804
2013-02-15,1633.199951171875,1633.9000244140625,1599.5,1608.800048828125,460,-0.015843826461965138,-0.015970681578293237
2013-02-19,1610.0,1617.0,1599.699951171875,1603.5999755859375,272,-0.003232268202611799,-0.003237503265273443
2013-02-20,1604.699951171875,1606.9000244140625,1561.800048828125,1577.5999755859375,278,-0.016213519827786183,-0.016346397170892382
2013-02-21,1568.5,1581.199951171875,1555.199951171875,1578.199951171875,2019,0.0003803090740506221,0.0003802367748848245
2013-02-22,1580.0,1585.4000244140625,1572.4000244140625,1572.4000244140625,76,-0.0036750265728406895,-0.00368179607348202
2013-02-25,1579.4000244140625,1596.0,1577.699951171875,1586.199951171875,118,0.008776346059238271,0.008738057791808123
2013-02-26,1593.300048828125,1615.199951171875,1589.0,1615.199951171875,1158,0.018282688748398224,0.018117569902101203
2013-02-27,1612.800048828125,1612.800048828125,1591.800048828125,1595.199951171875,700,-0.012382367882991407,-0.012459668170070734
2013-02-28,1596.0,1601.5999755859375,1575.0999755859375,1577.699951171875,102,-0.01097041156949885,-0.011031030283688134
2013-03-01,1579.5999755859375,1585.5999755859375,1566.0,1571.9000244140625,68,-0.0036761912513875172,-0.003682965048724668
2013-03-04,1580.800048828125,1580.800048828125,1569.699951171875,1572.0999755859375,64,0.00012720349180583845,0.00012719540212769093
2013-03-05,1577.5999755859375,1585.5,1571.4000244140625,1574.5999755859375,65,0.001590229653854136,0.0015889665775550947
2013-03-06,1577.5999755859375,1582.5999755859375,1566.800048828125,1574.5999755859375,106,0.0,0.0
2013-03-07,1580.0,1583.5,1573.9000244140625,1574.800048828125,52,0.00012706290187325386,0.00012705483006648187
2013-03-08,1578.5999755859375,1581.199951171875,1561.800048828125,1576.5999755859375,68,0.001142955741683993,0.0011423030650432725
2013-03-11,1576.0,1579.699951171875,1576.0,1577.800048828125,1115,0.0007611780164726856,0.0007608884674092431
2013-03-12,1579.800048828125,1595.5999755859375,1579.800048828125,1591.5,159,0.008682945080430438,0.008645465114191514
2013-03-13,1592.300048828125,1596.0,1585.0,1588.300048828125,396,-0.002010651066211122,-0.0020126751386568497
2013-03-14,1585.699951171875,1590.5999755859375,1575.699951171875,1590.5999755859375,137,0.0014480429938343864,0.001446995590579768
2013-03-15,1590.5,1594.4000244140625,1590.199951171875,1592.5,11,0.0011945331593272712,0.0011938202722479318
2013-03-18,1605.9000244140625,1607.699951171875,1601.5999755859375,1604.5999755859375,613,0.007598100838893229,0.0075693806581912625
2013-03-19,1613.0999755859375,1613.0999755859375,1611.300048828125,1611.300048828125,202,0.0041755411592481195,0.004166847778572508
2013-03-20,1610.0,1612.5,1606.199951171875,1607.5,5,-0.0023583744262211104,-0.0023611597713077293
2013-03-21,1612.800048828125,1613.800048828125,1611.9000244140625,1613.800048828125,7,0.003919159457620447,0.00391149955924602
2013-03-22,1611.0,1611.0,1604.0999755859375,1606.199951171875,101,-0.0047094419545772315,-0.0047205663164381455
2013-03-25,1607.0999755859375,1607.800048828125,1596.0999755859375,1604.5999755859375,27,-0.0009961247880565516,-0.0009966212500727048
2013-03-26,1595.800048828125,1595.800048828125,1595.800048828125,1595.800048828125,165484,-0.0054841872689167515,-0.005499280632432003
2013-03-27,1598.5,1608.0999755859375,1590.300048828125,1606.199951171875,50450,0.00651704601174008,0.006495901882504646
2013-03-28,1604.699951171875,1606.5999755859375,1593.5999755859375,1594.800048828125,4717,-0.007097436614558861,-0.007122743230299197
2013-04-01,1596.800048828125,1600.5,1594.800048828125,1600.0,688,0.0032605662231424137,0.0032552621035893824
2013-04-02,1599.199951171875,1602.5999755859375,1574.0999755859375,1575.0999755859375,2289,-0.015562515258789045,-0.015684882420190893
2013-04-03,1575.699951171875,1576.4000244140625,1549.199951171875,1552.800048828125,2171,-0.014157784968231613,-0.014258962507669856
2013-04-04,1557.300048828125,1557.300048828125,1539.0999755859375,1551.800048828125,829,-0.0006439979189559741,-0.0006442053746879387
2013-04-05,1553.199951171875,1580.5999755859375,1550.0999755859375,1575.4000244140625,1184,0.015208129168290396,0.015093644840956136
2013-04-08,1575.800048828125,1577.800048828125,1567.800048828125,1572.0,101,-0.002158197512614035,-0.0021605297771282875
2013-04-09,1571.5999755859375,1589.300048828125,1570.0,1586.199951171875,215,0.009033047819258844,0.008992493876984647
2013-04-10,1584.4000244140625,1586.0,1557.0,1558.300048828125,359,-0.01758914588487892,-0.017745673080341796
2013-04-11,1557.0999755859375,1566.699951171875,1554.800048828125,1564.300048828125,1070,0.003850349619453741,0.003842955995970894
2013-04-12,1560.800048828125,1560.800048828125,1480.199951171875,1501.0,881,-0.04046541382872515,-0.04130691814830361
2013-04-15,1478.199951171875,1487.4000244140625,1338.0,1360.5999755859375,1309,-0.09353765783748336,-0.09820579166610198
2013-04-16,1358.0,1401.0,1323.0,1386.800048828125,619,0.019256264671697165,0.01907320905271241
2013-04-17,1373.199951171875,1394.199951171875,1370.199951171875,1382.199951171875,92,-0.0033170590526998556,-0.0033225726891608644
2013-04-18,1347.5,1396.4000244140625,1347.5,1392.0,57,0.007090181720680988,0.007065164563453464
2013-04-19,1419.300048828125,1420.300048828125,1395.0999755859375,1395.300048828125,241,0.002370724732848384,0.0023679189985098153
2013-04-22,1406.800048828125,1434.9000244140625,1406.800048828125,1421.0,70,0.01841894235828323,0.018251368204225838
2013-04-23,1429.5,1429.5,1405.800048828125,1408.5999755859375,334,-0.008726266301240293,-0.008764563117937952
2013-04-24,1423.199951171875,1430.0999755859375,1420.4000244140625,1423.4000244140625,138,0.010506921116457235,0.010452107037941706
2013-04-25,1433.0,1461.800048828125,1433.0,1461.800048828125,222,0.02697767581525068,0.026620193431926197
2013-04-26,1467.4000244140625,1476.199951171875,1451.4000244140625,1453.5999755859375,976,-0.005609572423233455,-0.005625365162654407
2013-04-29,1462.699951171875,1475.5,1462.300048828125,1467.4000244140625,269,0.009493704636698519,0.009448922631150495
2013-04-30,1471.0999755859375,1476.5999755859375,1461.0,1472.199951171875,534,0.0032710417595427366,0.003265703540304102
2013-05-01,1475.800048828125,1477.0999755859375,1440.0,1446.300048828125,131,-0.01759265263059795,-0.01774924261742811
2013-05-02,1459.0,1471.199951171875,1453.5,1467.699951171875,244,0.014796308940934866,0.014687911508285616
2013-05-03,1465.5,1487.0999755859375,1461.4000244140625,1464.300048828125,68,-0.0023164832437552185,-0.00231917044176605
2013-05-06,1468.0999755859375,1477.199951171875,1466.800048828125,1468.0999755859375,33,0.002595046528103051,0.0025916852087923934
2013-05-07,1462.0,1466.199951171875,1441.199951171875,1449.0,91,-0.01300999652855006,-0.013095367795032163
2013-05-08,1455.5,1474.699951171875,1450.699951171875,1473.9000244140625,81,0.017184281859256467,0.017038302086289602
2013-05-09,1471.199951171875,1473.4000244140625,1453.0,1468.800048828125,27,-0.003460190990881462,-0.0034661912971972815
2013-05-10,1455.5999755859375,1459.300048828125,1423.0,1436.800048828125,569,-0.02178649165046731,-0.022027321577899984
2013-05-13,1440.0,1440.5999755859375,1427.800048828125,1434.5,344,-0.0016008134395603113,-0.001602096110455087
2013-05-14,1430.0999755859375,1444.4000244140625,1422.0,1424.699951171875,72,-0.006831682696497032,-0.006855125470800369
2013-05-15,1425.699951171875,1425.699951171875,1390.0999755859375,1396.5,364,-0.01979360717228873,-0.019992124565387674
2013-05-16,1390.4000244140625,1395.0999755859375,1370.5999755859375,1387.0999755859375,38,-0.0067311309803527175,-0.006753887216782063
2013-05-17,1386.699951171875,1391.0999755859375,1359.0999755859375,1364.9000244140625,50,-0.016004579022861898,-0.01613403541922928
2013-05-20,1342.9000244140625,1387.5,1342.9000244140625,1384.300048828125,21,0.014213513127007804,0.014113448217259888
2013-05-21,1386.5,1392.300048828125,1358.5,1377.800048828125,51,-0.004695513812560059,-0.0047065723681885985
2013-05-22,1387.199951171875,1395.699951171875,1364.5,1367.5999755859375,14,-0.007403159297942441,-0.007430698684902042
2013-05-23,1380.5999755859375,1394.800048828125,1377.800048828125,1392.0,58,0.01784149228549703,0.01768420098097557
2013-05-24,1386.800048828125,1386.800048828125,1386.800048828125,1386.800048828125,2,-0.003735597106232058,-0.0037425918742925827
2013-05-28,1380.800048828125,1390.4000244140625,1379.0999755859375,1379.0999755859375,55,-0.005552403353817459,-0.005567875242675551
2013-05-29,1391.300048828125,1391.300048828125,1391.300048828125,1391.300048828125,168665,0.00884640233352485,0.008807502165758149
2013-05-30,1392.0999755859375,1417.5,1388.300048828125,1411.5,45133,0.014518759766370515,0.01441437175038911
2013-05-31,1412.4000244140625,1421.0999755859375,1384.199951171875,1392.5999755859375,5997,-0.013390027923529946,-0.013480482716379243
2013-06-03,1389.0999755859375,1416.300048828125,1388.300048828125,1411.699951171875,1420,0.013715335287077801,0.013622131324814718
2013-06-04,1410.9000244140625,1413.699951171875,1389.0,1397.0999755859375,930,-0.010342123745076148,-0.010395975120352336
2013-06-05,1397.5,1410.0,1395.5999755859375,1398.4000244140625,1687,0.0009305338564478127,0.0009301011782125091
2013-06-06,1401.699951171875,1422.699951171875,1391.5999755859375,1415.699951171875,782,0.012371228872840812,0.012295330550164955
2013-06-07,1411.5,1416.0999755859375,1377.9000244140625,1383.0,1163,-0.023098080313421643,-0.023369021245246344
2013-06-10,1378.800048828125,1386.9000244140625,1375.5999755859375,1386.199951171875,367,0.0023137752508135545,0.0023111025946810702
2013-06-11,1384.199951171875,1384.4000244140625,1366.0,1377.0,482,-0.006636813948880493,-0.006658935530784299
2013-06-12,1375.0,1393.5,1373.699951171875,1391.800048828125,514,0.010748038364651435,0.01069068876481086
2013-06-13,1386.800048828125,1390.9000244140625,1373.4000244140625,1377.5999755859375,458,-0.010202667584430447,-0.01025507154217024
2013-06-14,1383.9000244140625,1389.5999755859375,1377.800048828125,1387.300048828125,90,0.007041284417896199,0.007016610331898619
2013-06-17,1390.300048828125,1390.5,1380.0,1382.800048828125,114,-0.0032437106909938285,-0.0032489829246715824
2013-06-18,1383.0999755859375,1383.5,1363.0,1366.5999755859375,346,-0.011715412691745586,-0.011784578876664325
2013-06-19,1368.0999755859375,1373.5999755859375,1348.0999755859375,1373.5999755859375,198,0.005122201174486918,0.005109127327628792
2013-06-20,1348.0999755859375,1348.0999755859375,1275.4000244140625,1285.9000244140625,712,-0.06384679144629768,-0.06597613154712086
2013-06-21,1280.4000244140625,1300.0,1268.9000244140625,1291.5999755859375,456,0.004432654999343644,0.004422859719568829
2013-06-24,1297.300048828125,1297.300048828125,1275.699951171875,1276.800048828125,321,-0.011458599440665407,-0.011524755043811986
2013-06-25,1281.300048828125,1286.0,1273.199951171875,1274.800048828125,953,-0.0015664159801964672,-0.0015676440923652083
2013-06-26,1273.9000244140625,1273.9000244140625,1228.800048828125,1229.5999755859375,981,-0.03545659829848469,-0.03610044847665988
2013-06-27,1224.699951171875,1241.4000244140625,1198.300048828125,1211.4000244140625,533,-0.01480152206672114,-0.014912157668658067
2013-06-28,1200.9000244140625,1232.300048828125,1183.199951171875,1223.800048828125,232,0.010236110421130373,0.010184076226778084
2013-07-01,1234.699951171875,1261.0,1234.199951171875,1255.9000244140625,150,0.02622975511128267,0.0258916545363587
2013-07-02,1254.0999755859375,1266.300048828125,1241.199951171875,1243.5999755859375,107,-0.00979381207820551,-0.009842086910742568
2013-07-03,1243.800048828125,1258.199951171875,1240.300048828125,1252.0999755859375,19,0.006834995309480618,0.006811742623575429
2013-07-05,1252.699951171875,1254.0999755859375,1208.9000244140625,1212.9000244140625,72,-0.031307365175477164,-0.031807915732905694
2013-07-08,1218.800048828125,1235.199951171875,1215.4000244140625,1234.9000244140625,58,0.018138345747521933,0.017975808450345476
2013-07-09,1234.699951171875,1254.5,1234.4000244140625,1245.9000244140625,33,0.00890760367845922,0.008868165006491742
2013-07-10,1244.5999755859375,1263.9000244140625,1244.5999755859375,1247.4000244140625,58,0.0012039489289723537,0.0012032247636410058
2013-07-11,1284.5999755859375,1285.0,1278.9000244140625,1280.0999755859375,18,0.026214486557537997,0.025876776126085747
2013-07-12,1282.300048828125,1282.300048828125,1274.300048828125,1277.800048828125,6,-0.0017966774483842984,-0.0017982934091746827
2013-07-15,1292.0999755859375,1292.4000244140625,1281.5999755859375,1283.800048828125,19,0.004695570332386989,0.004684580530843276
2013-07-16,1279.4000244140625,1291.4000244140625,1279.4000244140625,1290.800048828125,13,0.0054525624970880315,0.005437751093870546
2013-07-17,1286.199951171875,1294.4000244140625,1272.9000244140625,1277.9000244140625,11,-0.009993820829007571,-0.010044094286119024
2013-07-18,1275.300048828125,1286.4000244140625,1275.199951171875,1284.5999755859375,26,0.005242938448918988,0.005229242099017883
2013-07-19,1291.699951171875,1293.300048828125,1290.0,1293.300048828125,9,0.00677259334231195,0.006749762357370308
2013-07-22,1317.0,1336.4000244140625,1317.0,1336.4000244140625,18,0.03332558103975236,0.03278232057525459
2013-07-23,1334.800048828125,1342.300048828125,1327.9000244140625,1335.0999755859375,10,-0.0009727991652013213,-0.0009732726413989683
2013-07-24,1342.199951171875,1343.5,1318.5999755859375,1319.699951171875,42,-0.011534734997881935,-0.011601776086361223
2013-07-25,1318.5,1336.800048828125,1318.5,1329.0,55,0.007047093409275895,0.007022378689875025
2013-07-26,1326.5,1326.5,1321.699951171875,1321.699951171875,66,-0.005492888508747185,-0.005508029892910125
2013-07-29,1328.4000244140625,1328.4000244140625,1328.4000244140625,1328.4000244140625,134359,0.005069284625642156,0.0050564790608036815
2013-07-30,1327.199951171875,1329.5999755859375,1316.199951171875,1324.0,44769,-0.0033122736624483506,-0.003317771384185275
2013-07-31,1325.5,1338.4000244140625,1304.9000244140625,1312.4000244140625,6252,-0.008761310865511684,-0.008799916807399286
2013-08-01,1323.0,1328.5,1306.9000244140625,1311.0,1562,-0.0010667665254635583,-0.001067335925854353
2013-08-02,1306.699951171875,1317.0,1283.0,1310.5999755859375,1451,-0.0003051292250667581,-0.00030517578646048856
2013-08-05,1311.199951171875,1318.300048828125,1297.5,1302.5999755859375,904,-0.006104074583416219,-0.006122780607501365
2013-08-06,1303.0,1305.9000244140625,1279.300048828125,1283.199951171875,1314,-0.014893309364093832,-0.01500532830933171
2013-08-07,1282.5,1288.4000244140625,1274.0,1286.0999755859375,989,0.0022599941742627028,0.002257444228614372
2013-08-08,1283.9000244140625,1312.800048828125,1283.699951171875,1310.699951171875,482,0.01912757643489571,0.01894694408300723
2013-08-09,1315.0999755859375,1315.800048828125,1306.699951171875,1312.9000244140625,449,0.0016785483513754862,0.0016771411635599898
2013-08-12,1317.199951171875,1342.4000244140625,1317.199951171875,1334.699951171875,312,0.016604407306292535,0.016468061360921795
2013-08-13,1331.9000244140625,1339.0999755859375,1320.199951171875,1321.199951171875,209,-0.010114632871715434,-0.010166133337281825
2013-08-14,1317.699951171875,1336.300048828125,1317.699951171875,1334.0,333,0.009688199592174929,0.009641569916341188
2013-08-15,1340.0999755859375,1369.5999755859375,1319.9000244140625,1361.5999755859375,235,0.020689636871017658,0.020478513413118613
2013-08-16,1366.800048828125,1378.9000244140625,1361.0,1371.699951171875,175,0.0074177260333683215,0.007390349998877117
2013-08-19,1379.0,1384.4000244140625,1363.9000244140625,1366.199951171875,139,-0.004009623238158788,-0.004017683329916731
2013-08-20,1355.0,1377.0,1355.0,1373.0999755859375,123,0.005050523101061355,0.0050378119898069895
2013-08-21,1372.5,1377.300048828125,1360.9000244140625,1370.5999755859375,109,-0.0018206977237278377,-0.001822357208414339
2013-08-22,1362.0,1380.4000244140625,1362.0,1371.199951171875,79,0.0004377466778233696,0.00043765089469787415
2013-08-23,1376.800048828125,1398.199951171875,1373.9000244140625,1395.699951171875,178,0.017867561896469875,0.017709813296174264
2013-08-26,1398.5999755859375,1402.800048828125,1391.300048828125,1393.0,203,-0.001934478230516512,-0.0019363517501071658
2013-08-27,1403.800048828125,1421.0999755859375,1398.699951171875,1420.5999755859375,397,0.0198133349504217,0.019619605598163514
2013-08-28,1417.300048828125,1428.0,1417.300048828125,1419.0,489,-0.001126267502065459,-0.0011269022179265509
2013-08-29,1417.4000244140625,1417.4000244140625,1404.5,1412.9000244140625,375,-0.004298784768102526,-0.00430805110888191
2013-08-30,1407.199951171875,1409.800048828125,1392.300048828125,1396.0999755859375,0,-0.011890472459360368,-0.011961729543889401
2013-09-03,1393.0,1414.4000244140625,1382.300048828125,1412.0,139,0.011388886678684651,0.011324521545916155
2013-09-04,1413.0,1413.0,1387.0999755859375,1389.9000244140625,104,-0.015651540783241824,-0.015775319397137694
2013-09-05,1393.5,1397.5,1367.0999755859375,1373.0999755859375,37,-0.01208723543638135,-0.012160880108594587
2013-09-06,1371.0,1390.0999755859375,1368.9000244140625,1386.699951171875,52,0.009904577836828077,0.009855849000619287
2013-09-09,1389.800048828125,1389.800048828125,1386.5,1386.800048828125,44,7.218407714337793e-05,7.218147199824732e-05
2013-09-10,1377.5,1377.5,1357.5999755859375,1364.0999755859375,21,-0.016368670639555827,-0.01650411741855866
2013-09-11,1365.800048828125,1365.800048828125,1356.699951171875,1363.9000244140625,60,-0.00014658102445097576,-0.00014659176849926887
2013-09-12,1360.0,1360.0,1322.4000244140625,1330.4000244140625,120,-0.0245619175895182,-0.02486859360337783
2013-09-13,1322.9000244140625,1323.0,1305.300048828125,1308.4000244140625,38,-0.016536379732621564,-0.016674631905928796
2013-09-16,1328.4000244140625,1329.5999755859375,1310.800048828125,1317.9000244140625,107,0.0072607763854593,0.0072345438511090335
2013-09-17,1313.0,1313.0999755859375,1309.5,1309.5,24,-0.006373794869453109,-0.006394194227050239
2013-09-18,1292.0999755859375,1347.699951171875,1292.0999755859375,1307.800048828125,29,-0.0012981681343069429,-0.0012990114845119957
2013-09-19,1362.9000244140625,1373.0,1362.9000244140625,1369.4000244140625,35,0.04710198293778567,0.0460263320519995
2013-09-20,1347.5,1347.5,1330.699951171875,1332.5,2,-0.02694612513231931,-0.02731582847525432
2013-09-23,1327.0999755859375,1327.800048828125,1317.5999755859375,1326.9000244140625,78,-0.004202608319652912,-0.0042114640982854005
2013-09-24,1321.199951171875,1324.9000244140625,1309.4000244140625,1316.0,61,-0.008214653865030841,-0.008248580056451694
2013-09-25,1322.699951171875,1335.9000244140625,1322.699951171875,1335.9000244140625,51,0.015121599098831595,0.015008407385870412
2013-09-26,1335.199951171875,1338.300048828125,1323.5999755859375,1323.5999755859375,13170,-0.009207312376178667,-0.009249961668872883
2013-09-27,1321.5,1343.800048828125,1319.699951171875,1338.4000244140625,2990,0.011181662965484174,0.01111961031158416
2013-09-30,1345.800048828125,1350.9000244140625,1322.0,1326.5,597,-0.008891231468164507,-0.008930994336049873
2013-10-01,1328.0,1334.0,1284.5,1286.0,815,-0.030531473803241616,-0.03100726878022965
2013-10-02,1288.5,1321.0,1280.0,1320.5999755859375,152,0.02690511320834954,0.026549534475807456
2013-10-03,1312.0,1319.5,1302.5,1317.4000244140625,217,-0.0024231040671155446,-0.002426044534775406
2013-10-04,1316.199951171875,1318.0999755859375,1305.699951171875,1309.699951171875,38,-0.005844901396303115,-0.005862049685155893
2013-10-07,1313.800048828125,1325.4000244140625,1311.800048828125,1324.800048828125,84,0.011529432861884903,0.011463475434532194
2013-10-08,1326.5,1330.0,1321.199951171875,1324.199951171875,57,-0.0004529722479862386,-0.00045307487090635477
2013-10-09,1317.5999755859375,1319.0,1295.300048828125,1306.9000244140625,140,-0.01306443693983117,-0.013150527333180879
2013-10-10,1303.4000244140625,1310.800048828125,1285.0,1296.5999755859375,89,-0.007881282910483511,-0.007912504372284527
2013-10-11,1286.9000244140625,1291.5999755859375,1263.800048828125,1268.0,210,-0.02205767092739075,-0.02230457891442995
2013-10-14,1275.800048828125,1285.800048828125,1273.9000244140625,1276.4000244140625,61,0.006624624932225931,0.006602778534198821
2013-10-15,1270.5,1283.5999755859375,1254.0999755859375,1273.0,208,-0.0026637608500699184,-0.002667314973963524
2013-10-16,1282.800048828125,1284.0,1269.199951171875,1282.0,86,0.0070699135899450205,0.007045038923208838
2013-10-17,1307.0,1322.699951171875,1307.0,1322.699951171875,72,0.03174723180333472,0.03125370663589087
2013-10-18,1318.800048828125,1326.0,1312.5999755859375,1314.4000244140625,65,-0.006274988330088771,-0.00629475881914602
2013-10-21,1316.800048828125,1317.699951171875,1315.699951171875,1315.699951171875,23,0.0009889886896434774,0.0009884999625332028
2013-10-22,1313.9000244140625,1342.5999755859375,1313.9000244140625,1342.5,55,0.020369422986034502,0.020164741123126422
2013-10-23,1331.9000244140625,1333.9000244140625,1331.9000244140625,1333.9000244140625,13,-0.0064059408461359935,-0.006426546933253408
2013-10-24,1334.5,1350.199951171875,1334.5,1350.199951171875,18,0.012219751450242677,0.012145692994379134
2013-10-25,1346.199951171875,1353.0,1346.199951171875,1352.4000244140625,23,0.0016294425431417903,0.0016281164419827505
2013-10-28,1351.4000244140625,1359.199951171875,1349.0,1352.0,23,-0.0002957885291637874,-0.0002958322832189576
2013-10-29,1359.5999755859375,1359.699951171875,1345.199951171875,1345.199951171875,168,-0.0050296219142936804,-0.005042313034836748
2013-10-30,1340.800048828125,1355.800048828125,1335.5999755859375,1349.0,44,0.002824895157641505,0.0028209126396832006
2013-10-31,1334.0,1334.0,1321.699951171875,1323.5999755859375,62,-0.018828780143856583,-0.01900829860549579
2013-11-01,1325.699951171875,1325.699951171875,1308.0,1313.0999755859375,21,-0.007932910391110992,-0.007964543329991858
2013-11-04,1314.5999755859375,1320.5,1312.0999755859375,1314.5999755859375,39,0.0011423349538413063,0.0011416829857313268
2013-11-05,1313.300048828125,1317.5,1306.9000244140625,1308.0,98,-0.005020520088626745,-0.005033165240855487
2013-11-06,1313.5,1318.5999755859375,1312.5,1317.699951171875,11,0.007415864810301986,0.00738850247849152
2013-11-07,1323.5999755859375,1323.5999755859375,1298.0,1308.4000244140625,129,-0.00705769682205859,-0.007082720171927727
2013-11-08,1308.0,1308.0999755859375,1281.300048828125,1284.5,22,-0.01826660346079223,-0.01843549777376958
2013-11-11,1281.5999755859375,1281.800048828125,1281.0,1281.0,5,-0.0027247956403270157,-0.0027285146532040625
2013-11-12,1282.300048828125,1282.300048828125,1271.0999755859375,1271.0999755859375,3,-0.0077283562951308005,-0.007758374803146492
2013-11-13,1274.0,1280.5,1268.300048828125,1268.300048828125,17,-0.002202758879388589,-0.002205188521328236
2013-11-14,1280.199951171875,1293.300048828125,1278.0999755859375,1286.199951171875,29,0.01411330257401544,0.01401463716541343
2013-11-15,1287.699951171875,1288.5,1281.5,1287.300048828125,16,0.0008553084263824839,0.0008549428585643364
2013-11-18,1284.699951171875,1284.800048828125,1272.199951171875,1272.199951171875,10,-0.011730052888598963,-0.011799392732390238
2013-11-19,1274.199951171875,1275.199951171875,1271.0,1273.4000244140625,10,0.0009433055244829625,0.0009428608914212821
2013-11-20,1269.0,1269.0,1241.9000244140625,1257.9000244140625,120,-0.012172137351051271,-0.012246824501854306
2013-11-21,1245.699951171875,1247.0999755859375,1236.5,1243.5,90,-0.011447670033053803,-0.01151369900995485
2013-11-22,1243.199951171875,1247.0,1241.4000244140625,1244.0,77,0.00040209087253728626,0.00040201005566548926
2013-11-25,1231.0999755859375,1241.0999755859375,1229.0,1241.0999755859375,19,-0.0023312093360631225,-0.002333930834959181
2013-11-26,1243.0,1243.0,1241.4000244140625,1241.4000244140625,178417,0.0002417604012789898,0.00024173118194246732
2013-11-27,1241.5999755859375,1254.800048828125,1235.5,1237.800048828125,82331,-0.002899931943884604,-0.0029041448933399953
2013-11-29,1237.800048828125,1254.5,1233.699951171875,1250.5999755859375,9203,0.010340867872747905,0.010287766858549853
2013-12-02,1251.4000244140625,1251.5,1217.800048828125,1222.300048828125,4979,-0.022629079889877057,-0.022889046880359587
2013-12-03,1219.199951171875,1225.699951171875,1215.5999755859375,1221.699951171875,1932,-0.0004909577290987954,-0.0004910782883059409
2013-12-04,1225.0999755859375,1250.4000244140625,1212.9000244140625,1248.199951171875,1823,0.021691087058308245,0.02145918293845848
2013-12-05,1240.0,1241.5,1218.5999755859375,1233.199951171875,446,-0.012017305389186439,-0.012090096963768365
2013-12-06,1228.699951171875,1242.0,1213.0,1230.300048828125,1032,-0.002351526482785138,-0.0023542956632373094
2013-12-09,1230.199951171875,1243.199951171875,1229.0,1235.300048828125,352,0.004064049257546998,0.004055813316003699
2013-12-10,1239.0,1267.0,1239.0,1262.4000244140625,882,0.02193797014065213,0.021700795360903954
2013-12-11,1261.9000244140625,1261.9000244140625,1252.0999755859375,1258.5,147,-0.0030893728918237606,-0.003094154855642138
2013-12-12,1253.5,1255.4000244140625,1225.9000244140625,1226.0,609,-0.025824394119984162,-0.026163698079213905
2013-12-13,1226.699951171875,1239.0,1222.199951171875,1235.699951171875,446,0.007911868818821333,0.00788073409944081
2013-12-16,1238.4000244140625,1250.5999755859375,1228.9000244140625,1245.5,242,0.007930767350788681,0.007899484106637614
2013-12-17,1237.0,1240.4000244140625,1231.199951171875,1231.199951171875,22,-0.01148137200170618,-0.01154779183653739
2013-12-18,1231.5,1245.0999755859375,1217.0,1236.0999755859375,114,0.003979877037355806,0.0039719782771997425
2013-12-19,1226.5999755859375,1226.5999755859375,1188.699951171875,1195.0,124,-0.03324971798211973,-0.03381505677728644
2013-12-20,1190.9000244140625,1207.800048828125,1190.9000244140625,1205.0999755859375,204,0.008451862415010503,0.008416345408783462
2013-12-23,1205.199951171875,1205.199951171875,1195.9000244140625,1198.4000244140625,123,-0.005559664183560686,-0.005575176639224595
2013-12-24,1199.800048828125,1205.5999755859375,1197.699951171875,1205.0999755859375,184,0.005590746858630036,0.005575176639224665
2013-12-26,1207.0999755859375,1215.9000244140625,1207.0999755859375,1214.0999755859375,140,0.007468260046743502,0.00744051066676095
2013-12-27,1213.4000244140625,1218.5,1212.9000244140625,1216.0999755859375,278,0.0016473107983012714,0.0016459554700952177
2013-12-30,1215.0,1215.0,1194.4000244140625,1203.0999755859375,351,-0.010689910583820517,-0.010747458164401412
2013-12-31,1196.4000244140625,1212.4000244140625,1182.0,1201.9000244140625,124,-0.0009973827580626038,-0.00099788047521617
2014-01-02,1204.300048828125,1227.300048828125,1204.300048828125,1225.0,209,0.019219548312430446,0.01903718570719433
2014-01-03,1221.699951171875,1239.0,1221.699951171875,1238.4000244140625,142,0.010938795440051052,0.010879399570832903
2014-01-06,1232.800048828125,1247.0,1221.9000244140625,1237.800048828125,127,-0.0004844764002821522,-0.00048459379689215666
2014-01-07,1239.300048828125,1242.4000244140625,1226.300048828125,1229.4000244140625,73,-0.0067862530963826995,-0.0068093844213407955
2014-01-08,1227.5,1227.5,1218.5999755859375,1225.300048828125,189,-0.003334940218413962,-0.003340513526092547
2014-01-09,1225.800048828125,1229.300048828125,1225.800048828125,1229.300048828125,7,0.0032645065213419144,0.003259189588227405
2014-01-10,1235.0,1246.800048828125,1234.0,1246.699951171875,58,0.014154316808444811,0.014055079791468316
2014-01-13,1250.5999755859375,1252.699951171875,1245.5,1250.9000244140625,46,0.0033689527606377556,0.003363290552862509
2014-01-14,1251.0,1251.300048828125,1242.0,1245.199951171875,37,-0.0045567776248605085,-0.004567191383518946
2014-01-15,1243.0999755859375,1243.199951171875,1238.0999755859375,1238.0999755859375,68,-0.0057018758949159976,-0.005718193646703116
2014-01-16,1239.300048828125,1242.800048828125,1239.0,1240.0,48,0.0015346292315072674,0.0015334528914116494
2014-01-17,1239.699951171875,1254.300048828125,1239.699951171875,1251.699951171875,101,0.009435444493447687,0.009391208725447459
2014-01-21,1256.4000244140625,1257.5,1240.0,1242.300048828125,224,-0.007509708964156703,-0.007538048800282925
2014-01-22,1241.699951171875,1242.0,1239.0,1239.0,58,-0.002656402397502866,-0.0026599368951044466
2014-01-23,1235.199951171875,1264.199951171875,1235.199951171875,1262.5999755859375,40,0.01904759934296818,0.018868464968042977
2014-01-24,1258.300048828125,1269.4000244140625,1258.300048828125,1264.5,38,0.0015048506659289806,0.001503719512834403
2014-01-27,1259.800048828125,1264.4000244140625,1254.4000244140625,1263.5999755859375,92,-0.0007117630795274721,-0.0007120165031270044
2014-01-28,1257.9000244140625,1258.4000244140625,1251.0,1251.0,20,-0.009971490843132425,-0.01002153913998171
2014-01-29,1262.199951171875,1262.199951171875,1262.199951171875,1262.199951171875,137028,0.008952798698541153,0.008912959998292218
2014-01-30,1267.0,1267.699951171875,1237.5,1242.199951171875,45276,-0.015845350002930414,-0.01597222964778212
2014-01-31,1243.5999755859375,1254.5,1238.4000244140625,1240.0999755859375,5820,-0.0016905294384824687,-0.0016919599958672418
2014-02-03,1242.4000244140625,1266.300048828125,1241.199951171875,1260.4000244140625,2914,0.016369687305681557,0.01623714843165623
2014-02-04,1258.4000244140625,1260.699951171875,1247.800048828125,1251.699951171875,1745,-0.00690262858907198,-0.006926561928680318
2014-02-05,1254.0,1273.699951171875,1253.0999755859375,1257.300048828125,1616,0.004473993668376419,0.004464015110304407
2014-02-06,1258.0,1267.0,1253.5,1257.5999755859375,274,0.00023854827500557896,0.00023851982688990092
2014-02-07,1258.300048828125,1271.4000244140625,1257.9000244140625,1263.300048828125,436,0.004532501075734885,0.004522260225517396
2014-02-10,1269.5999755859375,1277.300048828125,1265.699951171875,1274.800048828125,742,0.00910314221128039,0.009061958358515669
2014-02-11,1274.0,1292.0,1273.800048828125,1290.0999755859375,562,0.012001824734692468,0.011930373961170424
2014-02-12,1290.5,1296.199951171875,1285.5,1295.300048828125,140,0.004030752143705518,0.00402265042566476
2014-02-13,1293.300048828125,1303.5,1287.5,1300.4000244140625,877,0.003937292823042338,0.00392956197142871
2014-02-14,1301.699951171875,1320.699951171875,1301.699951171875,1319.0,308,0.014303272252181198,0.014201945513293054
2014-02-18,1322.9000244140625,1330.5999755859375,1313.9000244140625,1324.699951171875,373,0.004321418629169793,0.0043121081131398545
2014-02-19,1318.300048828125,1321.5999755859375,1309.0999755859375,1320.5999755859375,193,-0.003095022070704001,-0.003099821557082314
2014-02-20,1310.699951171875,1323.5,1309.5999755859375,1317.0999755859375,116,-0.0026503105139367156,-0.002653828804596897
2014-02-21,1320.0,1328.300048828125,1317.4000244140625,1323.9000244140625,171,0.005162894961789011,0.005149612915852933
2014-02-24,1324.300048828125,1339.0,1321.4000244140625,1338.300048828125,93,0.01087697269318788,0.01081824390288644
2014-02-25,1336.4000244140625,1343.9000244140625,1333.0999755859375,1343.0,290,0.0035118814917405317,0.003505729235722994
2014-02-26,1341.199951171875,1342.0,1325.5999755859375,1328.199951171875,485,-0.011020140601731176,-0.011081312179254801
2014-02-27,1329.300048828125,1335.0,1324.5999755859375,1331.5999755859375,369,0.002559873918879907,0.0025566030225053498
2014-02-28,1329.800048828125,1332.5999755859375,1321.0999755859375,1321.4000244140625,239,-0.007659921417005666,-0.007689409294796711
2014-03-03,1335.9000244140625,1354.0999755859375,1332.9000244140625,1350.0999755859375,232,0.021719351174222412,0.021486846608357726
2014-03-04,1350.4000244140625,1350.4000244140625,1332.199951171875,1337.800048828125,80,-0.00911038217927107,-0.009152135496919298
2014-03-05,1334.800048828125,1341.0,1334.800048828125,1340.199951171875,32,0.0017939170699330376,0.0017923099224785807
2014-03-06,1338.0,1351.699951171875,1333.300048828125,1351.699951171875,59,0.008580809147130886,0.008544203260680507
2014-03-07,1349.5,1352.699951171875,1329.199951171875,1338.0999755859375,97,-0.010061386459433441,-0.010112344300665708
2014-03-10,1336.0,1344.699951171875,1330.5,1341.4000244140625,97,0.002466219930001845,0.002463183800447852
2014-03-11,1340.0,1352.4000244140625,1338.0999755859375,1346.5,53,0.003801979642996667,0.0037947703855826624
2014-03-12,1349.0999755859375,1370.5,1348.699951171875,1370.300048828125,58,0.017675491146026845,0.017521096333665432
2014-03-13,1366.800048828125,1374.5,1366.5,1372.199951171875,23,0.0013864863723640486,0.0013855260876456438
2014-03-14,1376.0999755859375,1386.5999755859375,1371.0999755859375,1379.0,91,0.0049555815989628105,0.00494334312033724
2014-03-17,1386.0999755859375,1391.4000244140625,1372.199951171875,1372.9000244140625,29,-0.004423477582260693,-0.004433290106901672
2014-03-18,1359.300048828125,1361.800048828125,1353.4000244140625,1359.0,35,-0.010124571466880727,-0.010176173535256404
2014-03-19,1357.0999755859375,1358.0,1332.699951171875,1341.4000244140625,57,-0.012950681078688353,-0.013035272285072756
2014-03-20,1333.699951171875,1333.699951171875,1325.800048828125,1330.5,72,-0.008125856728550263,-0.00815905144832706
2014-03-21,1339.0999755859375,1339.0999755859375,1335.800048828125,1336.0,3,0.004133784291619591,0.0041252636788470624
2014-03-24,1333.0,1333.0,1310.5,1311.199951171875,103,-0.01856291079949479,-0.01873736390623739
2014-03-25,1315.5,1315.5,1307.5,1311.4000244140625,46,0.00015258789630734348,0.00015257625595839624
2014-03-26,1315.199951171875,1315.199951171875,1303.4000244140625,1303.4000244140625,4,-0.006100350656600306,-0.006119033816973001
2014-03-27,1294.699951171875,1294.699951171875,1294.699951171875,1294.699951171875,185016,-0.006674906459433694,-0.006697283278590711
2014-03-28,1292.199951171875,1299.4000244140625,1285.9000244140625,1293.800048828125,65486,-0.0006950663301836801,-0.0006953080007765745
2014-03-31,1294.300048828125,1298.800048828125,1282.4000244140625,1283.4000244140625,4121,-0.008038355249315732,-0.008070837010600324
2014-04-01,1285.0999755859375,1287.9000244140625,1277.300048828125,1279.5999755859375,884,-0.00296092313841112,-0.002965315343457258
2014-04-02,1280.199951171875,1294.0999755859375,1280.199951171875,1290.5,1099,0.008518306206649617,0.00848223016275437
2014-04-03,1290.800048828125,1293.5,1282.699951171875,1284.4000244140625,775,-0.004726831139819865,-0.004738037935164071
2014-04-04,1285.5,1306.0999755859375,1284.4000244140625,1303.199951171875,976,0.01463712737500833,0.014531038596462558
2014-04-07,1301.4000244140625,1304.0,1296.300048828125,1298.0,361,-0.003990140704961731,-0.003998122555931841
2014-04-08,1296.5999755859375,1314.0999755859375,1296.5999755859375,1308.699951171875,264,0.008243413845820502,0.008209622486995482
2014-04-09,1309.5,1313.5999755859375,1301.0999755859375,1305.5,191,-0.0024451373815744804,-0.0024481316118472782
2014-04-10,1311.800048828125,1323.800048828125,1311.199951171875,1320.0999755859375,127,0.011183435914161155,0.011121363653429275
2014-04-11,1319.0,1322.800048828125,1316.300048828125,1318.699951171875,76,-0.0010605442314632896,-0.001061107006430417
2014-04-14,1320.0999755859375,1330.0,1320.0999755859375,1327.199951171875,328,0.006445742257324305,0.006425057299722357
2014-04-15,1322.699951171875,1322.699951171875,1291.5,1300.0,238,-0.02049423762249114,-0.020707158636276726
2014-04-16,1302.699951171875,1303.5,1295.0,1303.0999755859375,177,0.002384596604567246,0.002381757965860534
2014-04-17,1300.0999755859375,1303.0,1292.5,1293.4000244140625,124,-0.0074437505591337105,-0.00747159352711696
2014-04-21,1290.0,1299.199951171875,1283.800048828125,1288.0,100,-0.0041750613206528175,-0.004183801224072822
2014-04-22,1289.199951171875,1291.5999755859375,1276.0,1280.5999755859375,100,-0.005745360569924252,-0.005761928644147067
2014-04-23,1284.300048828125,1287.699951171875,1282.4000244140625,1284.199951171875,176,0.0028111632473601933,0.002807219317583231
2014-04-24,1284.5999755859375,1297.9000244140625,1272.4000244140625,1290.5,522,0.004905816124954665,0.004893821820933538
2014-04-25,1293.800048828125,1304.5999755859375,1293.800048828125,1300.699951171875,274,0.007903875375339098,0.007872803371143546
2014-04-28,1305.4000244140625,1305.4000244140625,1293.0,1298.9000244140625,388,-0.0013838139658503001,-0.0013847723206215161
2014-04-29,1295.5,1300.5,1289.0999755859375,1296.0,904,-0.002232677157251395,-0.0022351732969705007
2014-04-30,1296.0,1296.5,1286.5999755859375,1295.5999755859375,181,-0.00030866081331981654,-0.0003087084588731185
2014-05-01,1288.699951171875,1288.699951171875,1278.0,1283.0999755859375,25,-0.009648039700175914,-0.009694883579778804
2014-05-02,1276.699951171875,1302.699951171875,1276.699951171875,1302.5999755859375,90,0.015197568678227968,0.015083242496169847
2014-05-05,1305.5999755859375,1314.199951171875,1305.5,1309.0,31,0.004913269256882735,0.004901238540161963
2014-05-06,1309.4000244140625,1309.4000244140625,1306.9000244140625,1308.300048828125,14,-0.000534722056436232,-0.0005348650712594445
2014-05-07,1310.300048828125,1312.0,1288.0,1288.5999755859375,21,-0.015057763897382226,-0.01517228308029027
2014-05-08,1291.5,1291.5,1285.5,1287.4000244140625,65,-0.0009312053349445071,-0.0009316391759833921
2014-05-09,1287.300048828125,1287.300048828125,1287.300048828125,1287.300048828125,3,-7.76569706707475e-05,-7.765998612940965e-05
2014-05-12,1282.0999755859375,1295.9000244140625,1281.199951171875,1295.5999755859375,19,0.006447546370691226,0.006426849857109392
2014-05-13,1295.5,1295.5,1292.0,1294.5999755859375,20,-0.0007718431760140865,-0.0007721412003201519
2014-05-14,1292.800048828125,1306.9000244140625,1292.800048828125,1305.699951171875,25,0.00857405823827051,0.008537509764836878
2014-05-15,1302.5,1302.5,1292.800048828125,1293.5,27,-0.009343610039140637,-0.00938753539177984
2014-05-16,1293.300048828125,1293.300048828125,1293.300048828125,1293.300048828125,8,-0.0001545815012562457,-0.00015459345020791813
2014-05-19,1293.699951171875,1293.699951171875,1293.699951171875,1293.699951171875,44,0.00030921080078227803,0.0003091630049750172
2014-05-20,1290.699951171875,1294.5,1290.0999755859375,1294.5,8,0.000618419153065819,0.0006182280107413695
2014-05-21,1287.4000244140625,1288.0,1287.4000244140625,1288.0,2,-0.005021243723445368,-0.005033892527293426
2014-05-22,1294.199951171875,1295.0,1294.199951171875,1294.9000244140625,4,0.005357161812160394,0.005342863264509177
2014-05-23,1293.199951171875,1293.4000244140625,1291.5999755859375,1291.5999755859375,3,-0.0025484970004678864,-0.0025517499468733613
2014-05-27,1291.9000244140625,1291.9000244140625,1265.4000244140625,1265.4000244140625,25,-0.02028488051030608,-0.020493443975597544
2014-05-28,1259.300048828125,1259.300048828125,1259.300048828125,1259.300048828125,168825,-0.0048205906972081936,-0.004832247220515854
2014-05-29,1258.300048828125,1260.5999755859375,1250.9000244140625,1256.300048828125,38045,-0.0023822757751750245,-0.0023851179088375395
2014-05-30,1255.0999755859375,1259.5999755859375,1241.800048828125,1245.5999755859375,3839,-0.008517131916191967,-0.008553609957438202
2014-06-02,1250.0,1250.699951171875,1240.9000244140625,1243.699951171875,774,-0.0015253889300765877,-0.0015265535202231989
2014-06-03,1244.0999755859375,1247.5,1240.5,1244.300048828125,654,0.00048250999421894925,0.00048239362370347506
2014-06-04,1245.0999755859375,1248.800048828125,1242.699951171875,1244.0,604,-0.00024113864530306284,-0.0002411677239009352
2014-06-05,1244.0,1256.5999755859375,1241.199951171875,1253.0,1317,0.007234726688102988,0.007208681596943642
2014-06-06,1253.4000244140625,1256.5999755859375,1246.300048828125,1252.0999755859375,381,-0.0007182956217577363,-0.0007185537196589837
2014-06-09,1252.699951171875,1256.0999755859375,1252.5999755859375,1253.5,97,0.0011181410760807697,0.0011175164219387021
2014-06-10,1252.4000244140625,1262.300048828125,1251.0,1259.800048828125,1007,0.005025966356701161,0.005013378348112051
2014-06-11,1259.9000244140625,1264.4000244140625,1259.0999755859375,1260.800048828125,128,0.0007937767592010037,0.0007934618850447873
2014-06-12,1260.0,1274.5,1260.0,1273.5999755859375,129,0.010152225778948587,0.010101038089280461
2014-06-13,1272.5,1274.699951171875,1271.300048828125,1273.699951171875,145,7.849842011142805e-05,7.849533927167437e-05
2014-06-16,1279.800048828125,1282.0999755859375,1270.800048828125,1274.9000244140625,334,0.0009421946205487863,0.0009417510338054537
2014-06-17,1272.800048828125,1272.800048828125,1260.9000244140625,1271.699951171875,819,-0.0025100581856669635,-0.002513213663108635
2014-06-18,1269.9000244140625,1272.699951171875,1267.4000244140625,1272.4000244140625,143,0.0005505019022311597,0.0005503504316463269
2014-06-19,1277.199951171875,1321.0,1277.199951171875,1313.699951171875,601,0.032458288246914435,0.03194264624466289
2014-06-20,1321.4000244140625,1321.4000244140625,1306.800048828125,1316.199951171875,254,0.0019030220696665268,0.0019012136171542553
2014-06-23,1312.300048828125,1318.0,1312.300048828125,1318.0,142,0.0013676104656608068,0.0013666761382348776
2014-06-24,1315.5999755859375,1325.5999755859375,1315.5999755859375,1320.9000244140625,223,0.00220032201370457,0.0021979048502651474
2014-06-25,1315.300048828125,1323.4000244140625,1312.0,1322.199951171875,294,0.0009841219878765628,0.0009836380573048382
2014-06-26,1319.5999755859375,1319.5999755859375,1312.4000244140625,1316.0999755859375,1204,-0.004613504621998388,-0.004624179680054175
2014-06-27,1317.4000244140625,1320.9000244140625,1313.300048828125,1319.0,625,0.0022034985699102005,0.002201074427346385
2014-06-30,1315.300048828125,1328.699951171875,1311.800048828125,1321.800048828125,744,0.0021228573374716397,0.002120607259667431
2014-07-01,1326.699951171875,1331.4000244140625,1326.199951171875,1326.4000244140625,51,0.0034800842911268948,0.0034740428103078387
2014-07-02,1326.800048828125,1330.699951171875,1326.800048828125,1330.699951171875,226,0.003241802381383385,0.0032365590688427795
2014-07-03,1327.300048828125,1327.699951171875,1313.0,1320.4000244140625,40,-0.007740232310628592,-0.0077703433871958525
2014-07-07,1318.699951171875,1320.300048828125,1313.199951171875,1316.5,93,-0.0029536688442528547,-0.0029580395325725975
2014-07-08,1318.4000244140625,1323.5,1316.0,1316.0,6,-0.00037979491074824345,-0.00037986705110162953
2014-07-09,1324.0,1330.4000244140625,1323.800048828125,1323.800048828125,16,0.005927088775171008,0.005909592684379478
2014-07-10,1330.5,1343.699951171875,1328.0,1338.699951171875,28,0.011255402473311582,0.011192531747924712
2014-07-11,1337.9000244140625,1339.0,1336.199951171875,1337.0,112,-0.0012698522700227421,-0.0012706592156233906
2014-07-14,1332.800048828125,1332.800048828125,1304.699951171875,1306.300048828125,103,-0.02296181837836575,-0.023229547230474292
2014-07-15,1307.4000244140625,1311.9000244140625,1294.0999755859375,1296.9000244140625,368,-0.007195915228277894,-0.007221930704834938
2014-07-16,1298.4000244140625,1303.0999755859375,1296.9000244140625,1299.5999755859375,34,0.0020818498890033954,0.002079685842482741
2014-07-17,1303.0999755859375,1323.800048828125,1303.0999755859375,1316.699951171875,16,0.013157876198195417,0.01307206326946756
2014-07-18,1322.699951171875,1322.699951171875,1306.199951171875,1309.199951171875,27,-0.005696058538868232,-0.005712342947713596
2014-07-21,1311.0,1315.5,1311.0,1313.699951171875,18,0.003437213693731067,0.0034313199761926566
2014-07-22,1306.0999755859375,1306.0999755859375,1306.0999755859375,1306.0999755859375,2,-0.00578516850758648,-0.0058019674159257234
2014-07-23,1304.5,1304.5,1304.5,1304.5,0,-0.0012250023856096304,-0.0012257533143543188
2014-07-24,1297.5,1297.5,1290.5999755859375,1290.5999755859375,1,-0.010655442249185465,-0.010712617991875206
2014-07-25,1294.800048828125,1303.0999755859375,1294.800048828125,1303.0999755859375,8,0.009685417818425801,0.009638814830580787
2014-07-28,1307.4000244140625,1308.0,1303.300048828125,1303.300048828125,52,0.00015353637167980771,0.0001535245861774135
2014-07-29,1310.9000244140625,1310.9000244140625,1298.300048828125,1298.300048828125,181554,-0.003836415109855773,-0.0038437930261815355
2014-07-30,1298.5999755859375,1303.0,1291.0,1294.9000244140625,36189,-0.002618827918193012,-0.00262226304667648
2014-07-31,1295.0999755859375,1297.300048828125,1280.5999755859375,1281.300048828125,5663,-0.010502722472409798,-0.010558265305009366
2014-08-01,1284.0999755859375,1296.5999755859375,1279.699951171875,1293.5999755859375,1985,0.009599567852246693,0.009553784766137139
2014-08-04,1294.4000244140625,1295.0,1285.9000244140625,1287.699951171875,917,-0.004560934234240421,-0.004571367029065324
2014-08-05,1288.0,1292.699951171875,1282.5999755859375,1284.0,825,-0.002873302253764809,-0.0028774381109639563
2014-08-06,1288.0999755859375,1309.0,1287.800048828125,1306.699951171875,706,0.017679089697721917,0.017524632377683456
2014-08-07,1305.300048828125,1313.0999755859375,1302.5,1310.800048828125,225,0.003137749911579224,0.003132837447698335
2014-08-08,1310.800048828125,1321.4000244140625,1308.0,1308.9000244140625,586,-0.0014495150620120745,-0.001450566625263597
2014-08-11,1308.4000244140625,1309.699951171875,1305.300048828125,1308.5,194,-0.00030561876889079187,-0.0003056654798241421
2014-08-12,1306.199951171875,1315.800048828125,1305.800048828125,1308.800048828125,438,0.00022930747277416508,0.00022928118583408113
2014-08-13,1308.800048828125,1312.800048828125,1305.0,1312.800048828125,238,0.003056234604805752,0.003051573813725291
2014-08-14,1311.800048828125,1316.4000244140625,1309.699951171875,1313.9000244140625,320,0.0008378850891417322,0.0008375342593867656
2014-08-15,1311.699951171875,1312.800048828125,1292.0,1304.5,199,-0.0071542919852326525,-0.0071800066523635036
2014-08-18,1301.4000244140625,1302.0999755859375,1295.699951171875,1297.699951171875,100,-0.005212762612591071,-0.005226396460265441
2014-08-19,1298.800048828125,1301.5999755859375,1294.0,1295.0999755859375,144,-0.0020035259950419437,-0.002005535738078625
2014-08-20,1295.4000244140625,1295.800048828125,1288.4000244140625,1293.4000244140625,332,-0.0013126022731224651,-0.0013134644900673704
2014-08-21,1290.0,1290.0,1272.0,1273.699951171875,264,-0.015231229990978257,-0.015348416628314576
2014-08-22,1276.0,1280.0,1275.0,1278.5999755859375,119,0.0038470790625015905,0.0038396979781984645
2014-08-25,1277.300048828125,1277.5999755859375,1273.699951171875,1277.300048828125,251,-0.001016679792455677,-0.0010171969619160782
2014-08-26,1289.4000244140625,1289.5,1281.0999755859375,1283.800048828125,74,0.005088859118077549,0.00507595463539659
2014-08-27,1281.5,1282.300048828125,1281.5,1281.9000244140625,783,-0.0014800002662384015,-0.0014810965484312367
2014-08-28,1284.5,1293.699951171875,1284.300048828125,1288.699951171875,817,0.005304568709186608,0.005290549041596959
2014-08-29,1289.5,1289.699951171875,1284.800048828125,1285.800048828125,116,-0.002250254096085702,-0.0022527897224173666
2014-09-02,1284.5,1286.4000244140625,1262.5,1263.699951171875,280,-0.017187818336445004,-0.01733724355686652
2014-09-03,1266.300048828125,1271.0999755859375,1263.0999755859375,1268.9000244140625,279,0.004114958805977009,0.004106515517586824
2014-09-04,1268.699951171875,1272.699951171875,1260.4000244140625,1265.0999755859375,290,-0.0029947582591305366,-0.0029992515207097046
2014-09-05,1263.199951171875,1268.0999755859375,1263.199951171875,1265.800048828125,123,0.0005533738484686523,0.000553220793622331
2014-09-08,1268.4000244140625,1268.4000244140625,1252.699951171875,1252.699951171875,2,-0.010349263035957401,-0.010403189044278704
2014-09-09,1246.800048828125,1246.800048828125,1246.800048828125,1246.800048828125,0,-0.00470974900113208,-0.004720874815900667
2014-09-10,1256.699951171875,1256.699951171875,1243.5,1243.5,95,-0.002646814805009612,-0.002650323812478543
2014-09-11,1237.4000244140625,1237.4000244140625,1237.4000244140625,1237.4000244140625,0,-0.0049054890116103644,-0.004917560416441411
2014-09-12,1227.0,1229.9000244140625,1227.0,1229.9000244140625,47,-0.006061095726542787,-0.006079538728208173
2014-09-15,1226.699951171875,1235.0,1226.699951171875,1233.5999755859375,21,0.0030083349039997653,0.0030038189193483684
2014-09-16,1238.300048828125,1238.300048828125,1235.199951171875,1235.199951171875,3,0.0012969970959813004,0.0012961567218112305
2014-09-17,1236.199951171875,1236.199951171875,1221.9000244140625,1234.4000244140625,10,-0.0006476091235703141,-0.0006478189129380086
2014-09-18,1216.199951171875,1225.699951171875,1216.199951171875,1225.699951171875,5,-0.007048017717204091,-0.007072972316842551
2014-09-19,1218.300048828125,1218.300048828125,1215.300048828125,1215.300048828125,4,-0.008484868041160332,-0.008521069455598274
2014-09-22,1214.9000244140625,1216.800048828125,1212.4000244140625,1216.800048828125,7,0.0012342630953123823,0.0012335020187995553
2014-09-23,1221.0,1221.0,1221.0,1221.0,5,0.003451636261783353,0.003445693037314456
2014-09-24,1218.5999755859375,1218.5999755859375,1216.800048828125,1218.5999755859375,2,-0.001965621960739128,-0.0019675563308279276
2014-09-25,1209.5,1221.199951171875,1209.5,1221.199951171875,11,0.0021335759379834673,0.0021313030971201394
2014-09-26,1214.0999755859375,1214.0999755859375,1214.0999755859375,1214.0999755859375,19497,-0.00581393372897232,-0.005830900435841579
2014-09-29,1216.300048828125,1222.199951171875,1214.800048828125,1217.5,6344,0.0028004484658865625,0.0027965345155895093
2014-09-30,1214.800048828125,1218.199951171875,1204.0,1210.5,680,-0.005749486652977365,-0.005766078578631628
2014-10-01,1207.699951171875,1217.800048828125,1205.5,1214.5999755859375,178,0.0033870099842523427,0.0033812869848655067
2014-10-02,1215.300048828125,1219.5,1210.300048828125,1214.199951171875,176,-0.0003293466343678997,-0.00032940088088161584
2014-10-03,1212.4000244140625,1212.4000244140625,1191.0,1192.199951171875,499,-0.018118926770476995,-0.01828508465259203
2014-10-06,1187.699951171875,1208.0,1182.800048828125,1206.699951171875,415,0.012162389359056114,0.012089021785870069
2014-10-07,1209.0999755859375,1211.699951171875,1205.300048828125,1211.699951171875,272,0.004143532114295967,0.004134971324894569
2014-10-08,1210.199951171875,1217.9000244140625,1205.300048828125,1205.300048828125,9,-0.005281755056241844,-0.005295752834792832
2014-10-09,1223.9000244140625,1229.0,1223.9000244140625,1224.5999755859375,19,0.016012549552766764,0.01588570100202032
2014-10-10,1223.5,1223.5,1217.0,1221.0,186,-0.002939715546062316,-0.0029440449967924726
2014-10-13,1229.800048828125,1234.0,1227.0,1229.300048828125,103,0.006797746787981174,0.006774746282857514
2014-10-14,1235.9000244140625,1235.9000244140625,1233.5999755859375,1233.5999755859375,73,0.003497865929405597,0.0034917626245959963
2014-10-15,1243.699951171875,1247.0,1243.699951171875,1244.0999755859375,250,0.008511673320204638,0.008475653278412215
2014-10-16,1242.0999755859375,1243.0,1236.699951171875,1240.5,6,-0.00289363849898161,-0.0028978331647147772
2014-10-17,1237.4000244140625,1238.300048828125,1232.5999755859375,1238.300048828125,356,-0.0017734390744659212,-0.001775013479223972
2014-10-20,1237.300048828125,1244.0,1235.4000244140625,1244.0,105,0.0046030452613397,0.0045924836464930644
2014-10-21,1251.0,1251.0,1251.0,1251.0,48,0.00562700964630225,0.005611237167786386
2014-10-22,1244.800048828125,1244.800048828125,1244.800048828125,1244.800048828125,2,-0.004955996140587504,-0.004968317817105904
2014-10-23,1228.0,1228.5,1227.9000244140625,1228.5,2,-0.013094511719749846,-0.013181000688571457
2014-10-24,1229.4000244140625,1232.699951171875,1229.4000244140625,1231.199951171875,71,0.0021977624516686944,0.0021953509044639477
2014-10-27,1230.199951171875,1230.199951171875,1227.300048828125,1229.0999755859375,282,-0.001705633259600714,-0.001707089508128366
2014-10-28,1224.9000244140625,1231.0,1224.699951171875,1229.199951171875,46,8.134048321806198e-05,8.133717526033627e-05
2014-10-29,1224.300048828125,1224.300048828125,1224.300048828125,1224.300048828125,631,-0.0039862532853818244,-0.003994219570477067
2014-10-30,1213.699951171875,1214.699951171875,1195.800048828125,1198.0999755859375,521,-0.02140004263437356,-0.021632343693815777
2014-10-31,1199.5999755859375,1199.699951171875,1161.4000244140625,1171.0999755859375,260,-0.022535681954918285,-0.02279349106756589
2014-11-03,1166.4000244140625,1172.300048828125,1163.0999755859375,1169.4000244140625,60,-0.001451585011795875,-0.0014526395819748322
2014-11-04,1166.9000244140625,1171.0,1165.0,1167.4000244140625,40,-0.0017102787397341723,-0.0017117429361120766
2014-11-05,1168.0999755859375,1168.699951171875,1137.800048828125,1145.4000244140625,157,-0.018845296847618376,-0.019025132408248453
2014-11-06,1141.0999755859375,1147.5,1137.9000244140625,1142.300048828125,137,-0.0027064567136911855,-0.002710125789287498
2014-11-07,1139.9000244140625,1169.699951171875,1133.0,1169.5999755859375,97,0.02389908569628374,0.023617972636309083
2014-11-10,1171.0,1171.0,1150.699951171875,1159.5999755859375,40,-0.008549931779017195,-0.008586692128022691
2014-11-11,1155.0,1170.5,1151.5999755859375,1162.800048828125,22,0.002759635485996448,0.0027558346829369487
2014-11-12,1162.5,1168.0999755859375,1157.5,1158.9000244140625,17,-0.0033539940233000554,-0.003359631269643953
2014-11-13,1163.699951171875,1164.5,1155.0,1161.0999755859375,1047,0.0018983097122526882,0.0018965101993661689
2014-11-14,1155.199951171875,1191.0,1148.0,1185.0,486,0.020583950492292002,0.020374963962937753
2014-11-17,1183.0999755859375,1186.9000244140625,1180.5999755859375,1183.0,17,-0.0016877637130802148,-0.001689189590844829
2014-11-18,1197.0999755859375,1197.0999755859375,1193.9000244140625,1196.699951171875,2,0.011580685690511405,0.011514142798772496
2014-11-19,1196.5,1198.300048828125,1190.5999755859375,1193.5999755859375,23,-0.002590436794872253,-0.0025937977818038796
2014-11-20,1191.800048828125,1191.9000244140625,1190.699951171875,1190.699951171875,3,-0.0024296451687164655,-0.0024326015461423
2014-11-21,1191.0,1202.4000244140625,1189.0,1197.5,20,0.005710967587957416,0.005694721835857317
2014-11-24,1197.699951171875,1197.9000244140625,1195.5,1195.5,17,-0.001670146137787043,-0.0016715423866908656
2014-11-25,1197.0999755859375,1197.0999755859375,1197.0999755859375,1197.0999755859375,210753,0.0013383317322772648,0.001337436964606127
2014-11-26,1200.5,1201.0,1193.699951171875,1196.5999755859375,75297,-0.0004176760589734707,-0.00041776330991452246
2014-11-28,1197.0,1198.199951171875,1163.800048828125,1175.199951171875,11175,-0.01788402544767187,-0.018045877242183227
2014-12-01,1160.0,1220.4000244140625,1141.699951171875,1218.0,5524,0.03641937594146949,0.035771864958954666
2014-12-02,1212.300048828125,1212.300048828125,1191.300048828125,1199.199951171875,1236,-0.015435179661843157,-0.015555542198704184
2014-12-03,1198.0999755859375,1213.699951171875,1196.0999755859375,1208.5,440,0.007755211146428742,0.007725294072399523
2014-12-04,1208.199951171875,1213.0,1201.5999755859375,1207.5,358,-0.0008274720728175256,-0.000827814616809933
2014-12-05,1203.0999755859375,1206.0,1186.699951171875,1190.0999755859375,560,-0.014409958106884058,-0.014514789852628834
2014-12-08,1190.5999755859375,1207.0,1187.199951171875,1194.699951171875,183,0.003865200974962457,0.0038577502784623457
2014-12-09,1202.0,1238.0,1202.0,1231.5,314,0.03080275410744604,0.030337871608031437
2014-12-10,1231.199951171875,1234.5999755859375,1226.5999755859375,1228.9000244140625,306,-0.0021112266227669707,-0.0021134584034431018
2014-12-11,1226.5999755859375,1231.199951171875,1216.199951171875,1225.0999755859375,264,-0.0030922359448538606,-0.003097026785244945
2014-12-12,1227.800048828125,1227.800048828125,1216.199951171875,1222.0,203,-0.002530385803374835,-0.002533592640363915
2014-12-15,1223.0999755859375,1223.0999755859375,1198.4000244140625,1207.199951171875,77,-0.012111332919905848,-0.012185272725321912
2014-12-16,1197.199951171875,1222.0,1192.699951171875,1193.9000244140625,223,-0.011017169728098297,-0.011078308205875124
2014-12-17,1198.199951171875,1199.5999755859375,1184.0,1194.300048828125,94,0.0003350568773619056,0.0003350007583413977
2014-12-18,1189.699951171875,1207.300048828125,1189.699951171875,1194.699951171875,197,0.0003348424410953843,0.000334786393876181
2014-12-19,1198.0,1200.800048828125,1195.9000244140625,1195.9000244140625,96,0.001004497607127508,0.0010039934370030211
2014-12-22,1198.0,1198.0,1172.699951171875,1179.699951171875,223,-0.013546344101903363,-0.013638932932058225
2014-12-23,1179.300048828125,1180.300048828125,1175.0,1177.9000244140625,232,-0.0015257496247452762,-0.001526914765997342
2014-12-24,1177.0,1179.300048828125,1173.5,1173.5,23,-0.0037354820637272024,-0.0037424764004305444
2014-12-26,1177.199951171875,1195.300048828125,1177.199951171875,1195.300048828125,124,0.01857694829835954,0.018406504442956564
2014-12-29,1186.5,1186.5,1181.300048828125,1181.699951171875,180,-0.011377977997728328,-0.011443202409303596
2014-12-30,1181.4000244140625,1210.300048828125,1181.4000244140625,1200.199951171875,191,0.015655412341901043,0.01553413054735682
2014-12-31,1199.199951171875,1199.199951171875,1182.699951171875,1183.9000244140625,92,-0.013581009349231565,-0.013674074832770782
2015-01-02,1184.0,1194.5,1169.5,1186.0,138,0.0017737778044026875,0.0017722065183534792
2015-01-05,1180.300048828125,1206.9000244140625,1180.0999755859375,1203.9000244140625,470,0.015092769320457444,0.01498000666245465
2015-01-06,1203.5,1220.0,1203.5,1219.300048828125,97,0.012791780132704655,0.01271065639212335
2015-01-07,1219.199951171875,1219.199951171875,1210.5999755859375,1210.5999755859375,29,-0.007135301315331799,-0.00716087932157311
2015-01-08,1207.0,1215.699951171875,1206.300048828125,1208.4000244140625,92,-0.0018172403900885703,-0.0018188935745322122
2015-01-09,1211.0999755859375,1220.199951171875,1210.300048828125,1216.0,43,0.0062892878454074985,0.006269592809968894
2015-01-12,1224.199951171875,1234.4000244140625,1219.0999755859375,1232.699951171875,100,0.013733512476870935,0.013640062420648448
2015-01-13,1239.199951171875,1239.300048828125,1230.300048828125,1234.300048828125,20,0.0012980430920994657,0.0012972013624871278
2015-01-14,1229.5999755859375,1243.800048828125,1225.5999755859375,1234.4000244140625,21,8.09977979279175e-05,8.099451778340471e-05
2015-01-15,1231.5,1265.0,1227.300048828125,1264.699951171875,130,0.024546278482289408,0.0242498594504341
2015-01-16,1256.0999755859375,1279.699951171875,1256.0999755859375,1276.9000244140625,44,0.00964661478074924,0.009600383272961813
2015-01-20,1278.9000244140625,1297.300048828125,1273.800048828125,1294.199951171875,157,0.013548380003948202,0.013457421344314642
2015-01-21,1295.199951171875,1303.5,1286.699951171875,1293.699951171875,78,-0.0003863390657272703,-0.0003864137138910775
2015-01-22,1293.199951171875,1302.0999755859375,1283.5,1300.699951171875,131,0.0054108373380235,0.005396251348961029
2015-01-23,1299.800048828125,1299.800048828125,1292.5999755859375,1292.5999755859375,23,-0.006227397470600193,-0.00624686858857903
2015-01-26,1289.5,1290.5999755859375,1279.4000244140625,1279.4000244140625,26,-0.01021193828035738,-0.010264437842764765
2015-01-27,1277.199951171875,1291.699951171875,1277.199951171875,1291.699951171875,20,0.009613824076207589,0.009567905338056997
2015-01-28,1285.9000244140625,1286.800048828125,1285.9000244140625,1285.9000244140625,180387,-0.004490150171911567,-0.004500261174159382
2015-01-29,1283.300048828125,1285.4000244140625,1251.0,1254.5999755859375,67983,-0.02434096604235414,-0.024642104059361822
2015-01-30,1258.0,1284.300048828125,1257.0,1278.5,8626,0.019049916211659745,0.018870738528237115
2015-02-02,1284.0999755859375,1284.0999755859375,1266.0,1276.199951171875,1654,-0.0017990213751466477,-0.0018006415575542159
2015-02-03,1273.5,1284.699951171875,1255.300048828125,1259.699951171875,2380,-0.01292900848714873,-0.013013315577139663
2015-02-04,1262.0,1271.5999755859375,1256.800048828125,1263.800048828125,668,0.00325482084240436,0.003249535378765735
2015-02-05,1271.800048828125,1272.5999755859375,1257.800048828125,1262.0,133,-0.001424314573966079,-0.0014253298741546375
2015-02-06,1265.0,1267.5999755859375,1228.0,1233.9000244140625,432,-0.0222662247115194,-0.022517859410575658
2015-02-09,1237.5,1242.300048828125,1235.4000244140625,1240.800048828125,319,0.00559204496112975,0.005576467523877212
2015-02-10,1237.5,1245.0,1231.199951171875,1231.5999755859375,231,-0.0074146299807744676,-0.007442254987160046
2015-02-11,1233.300048828125,1237.4000244140625,1219.0,1219.0,102,-0.010230574728570474,-0.010283266746028365
2015-02-12,1217.9000244140625,1229.800048828125,1217.9000244140625,1220.0999755859375,99,0.0009023589712366942,0.0009019520901303559
2015-02-13,1222.199951171875,1232.800048828125,1222.199951171875,1226.5,65,0.005245491797497115,0.005231782127142109
2015-02-17,1227.699951171875,1234.0,1203.0,1208.0999755859375,204,-0.015002058225896842,-0.015115727381669742
2015-02-18,1207.0999755859375,1210.199951171875,1197.800048828125,1199.699951171875,147,-0.00695308714826226,-0.006977372496271956
2015-02-19,1216.5,1220.0,1205.0,1207.0999755859375,65,0.0061682293200346905,0.0061492836610937025
2015-02-20,1206.5,1213.0999755859375,1199.0999755859375,1204.4000244140625,51,-0.0022367253968044176,-0.002239230603391369
2015-02-23,1201.300048828125,1203.300048828125,1191.5999755859375,1200.300048828125,268,-0.0034041643165294566,-0.0034099716670723044
2015-02-24,1203.4000244140625,1203.5,1193.800048828125,1196.9000244140625,151,-0.002832645401774303,-0.0028366649341615255
2015-02-25,1204.300048828125,1204.5999755859375,1201.0,1201.0,570,0.003425495448498017,0.00341964180291274
2015-02-26,1204.800048828125,1219.0,1204.800048828125,1209.5999755859375,560,0.007160679089040389,0.007135163161701397
2015-02-27,1207.699951171875,1217.800048828125,1204.5,1212.5999755859375,195,0.0024801587802172342,0.0024770882622964334
2015-03-02,1214.300048828125,1222.699951171875,1204.9000244140625,1207.699951171875,124,-0.004040924057989392,-0.0040491106533266635
2015-03-03,1201.5,1212.0,1195.0,1204.0,51,-0.003063634446854757,-0.0030683369818883667
2015-03-04,1204.800048828125,1206.9000244140625,1198.0,1200.5999755859375,27,-0.00282394054324131,-0.0028279353859085
2015-03-05,1201.699951171875,1205.4000244140625,1195.9000244140625,1195.9000244140625,29,-0.00391466872184576,-0.003922351093293688
2015-03-06,1195.0,1195.699951171875,1163.699951171875,1164.0999755859375,168,-0.026590892364690477,-0.02695082510784794
2015-03-09,1169.4000244140625,1174.199951171875,1166.300048828125,1166.4000244140625,45,0.0019758172634332105,0.0019738679038005798
2015-03-10,1166.4000244140625,1168.4000244140625,1156.5,1160.0999755859375,94,-0.0054012763170935285,-0.0054159159489475485
2015-03-11,1162.0,1162.0,1147.699951171875,1150.699951171875,74,-0.008102770978263951,-0.008135776840567531
2015-03-12,1155.4000244140625,1160.5,1149.699951171875,1152.0999755859375,63,0.0012166720026682842,0.0012159324570827387
2015-03-13,1158.199951171875,1159.199951171875,1152.5999755859375,1152.5999755859375,44,0.0004339901142222935,0.0004338959677507792
2015-03-16,1159.699951171875,1162.300048828125,1150.0999755859375,1153.300048828125,56,0.0006073861331044039,0.0006072017488049268
2015-03-17,1153.5999755859375,1158.199951171875,1144.300048828125,1148.300048828125,71,-0.004335385232212996,-0.004344810265399723
2015-03-18,1148.699951171875,1174.300048828125,1147.0,1151.4000244140625,112,0.002699621574606015,0.0026959841412746766
2015-03-19,1171.5999755859375,1171.5999755859375,1159.300048828125,1169.0999755859375,39,0.015372547156998984,0.015255586684473977
2015-03-20,1171.0,1185.4000244140625,1171.0,1184.800048828125,54,0.013429196450302605,0.013339824035723362
2015-03-23,1181.5999755859375,1188.0,1181.199951171875,1188.0,5,0.002700836461848599,0.0026971957568776507
2015-03-24,1188.0,1193.0,1186.0,1191.699951171875,411,0.003114437013362892,0.0031095972006652695
2015-03-25,1192.5,1199.199951171875,1192.5,1197.300048828125,11,0.0046992513935602,0.0046882443814050614
2015-03-26,1198.199951171875,1213.699951171875,1198.199951171875,1205.0999755859375,68,0.006514596541983497,0.006493468269733933
2015-03-27,1197.0,1199.800048828125,1196.300048828125,1199.800048828125,172260,-0.004397914584004181,-0.004407613858515569
2015-03-30,1198.0,1198.5,1181.5999755859375,1184.800048828125,37990,-0.012502083171817557,-0.012580891750166273
2015-03-31,1185.800048828125,1190.0999755859375,1178.199951171875,1183.0999755859375,3409,-0.001434903082481287,-0.0014359335417667746
2015-04-01,1182.9000244140625,1208.199951171875,1181.0,1208.0999755859375,1632,0.021130927661137555,0.0209107656929285
2015-04-02,1204.0,1205.699951171875,1194.800048828125,1200.9000244140625,1684,-0.005959731245241517,-0.005977561320432106
2015-04-06,1209.9000244140625,1224.199951171875,1209.9000244140625,1218.5999755859375,343,0.014738904831408384,0.014631342783434479
2015-04-07,1214.800048828125,1214.800048828125,1208.199951171875,1210.5999755859375,406,-0.006564910684618508,-0.006586554489201088
2015-04-08,1208.9000244140625,1211.4000244140625,1197.5999755859375,1203.0999755859375,236,-0.006195275195152727,-0.006214545543826507
2015-04-09,1201.699951171875,1202.5,1193.0,1193.5999755859375,521,-0.007896268134635509,-0.007927608751493799
2015-04-10,1195.800048828125,1209.5999755859375,1195.800048828125,1204.5999755859375,202,0.009215817882871624,0.009173611346904613
2015-04-13,1208.0999755859375,1208.0999755859375,1198.300048828125,1199.300048828125,424,-0.004399740050828549,-0.004409447390731536
2015-04-14,1198.800048828125,1200.5999755859375,1184.0999755859375,1192.800048828125,546,-0.005419828012473871,-0.005434568565282116
2015-04-15,1194.5999755859375,1203.0999755859375,1188.5999755859375,1201.5,196,0.007293721341160575,0.00726725079027736
2015-04-16,1204.300048828125,1208.5,1194.5999755859375,1198.0,199,-0.0029130253849355414,-0.002917276501128989
2015-04-17,1200.199951171875,1206.0,1200.199951171875,1202.9000244140625,21,0.004090170629434509,0.004081828620635487
2015-04-20,1205.699951171875,1206.9000244140625,1191.0,1193.5,67,-0.007814468553728138,-0.007845161517145325
2015-04-21,1193.199951171875,1202.9000244140625,1192.800048828125,1202.9000244140625,33,0.007876015428623706,0.007845161517145236
2015-04-22,1199.0999755859375,1202.5999755859375,1185.199951171875,1186.9000244140625,93,-0.013301188523787477,-0.013390441663967216
2015-04-23,1187.199951171875,1197.0,1186.0999755859375,1194.4000244140625,331,0.00631898209261772,0.006299101033358327
2015-04-24,1192.300048828125,1194.699951171875,1174.5999755859375,1175.199951171875,52,-0.016075077737549903,-0.016205683354533523
2015-04-27,1182.300048828125,1206.699951171875,1181.4000244140625,1203.300048828125,194,0.023910907780611668,0.023629518711741584
2015-04-28,1199.699951171875,1214.0,1199.699951171875,1214.0,401,0.008892172141350407,0.008852869596814293
2015-04-29,1211.199951171875,1212.5999755859375,1201.9000244140625,1209.800048828125,114,-0.0034595973409184966,-0.0034655955861370943
2015-04-30,1203.0999755859375,1205.9000244140625,1176.699951171875,1182.4000244140625,143,-0.022648390897821113,-0.022908805191481592
2015-05-01,1178.0999755859375,1178.0999755859375,1170.0,1174.5,23,-0.006681346626305595,-0.006703766742857445
2015-05-04,1177.5,1189.4000244140625,1177.5,1186.800048828125,38,0.010472583080566089,0.010418125460371878
2015-05-05,1187.5,1198.699951171875,1186.9000244140625,1193.199951171875,48,0.005392570003741826,0.005378082159257571
2015-05-06,1194.5,1194.5999755859375,1189.9000244140625,1190.300048828125,14,-0.0024303574106769865,-0.002433315523067671
2015-05-07,1181.5,1186.0,1179.699951171875,1182.4000244140625,44,-0.006637002511963419,-0.006659125353704526
2015-05-08,1183.300048828125,1189.0999755859375,1182.9000244140625,1189.0999755859375,51,0.005666399723896376,0.005650406070161
2015-05-11,1189.699951171875,1190.5,1179.300048828125,1183.199951171875,26,-0.0049617563999656555,-0.004974106783250917
2015-05-12,1194.5999755859375,1194.800048828125,1189.699951171875,1192.5999755859375,10,0.007944578094980947,0.007913186088978619
2015-05-13,1192.699951171875,1218.4000244140625,1191.0,1218.4000244140625,34,0.021633447389137528,0.02140276540104405
2015-05-14,1214.5,1225.5999755859375,1214.5,1225.4000244140625,35,0.005745239543446523,0.005728798596137671
2015-05-15,1218.5,1225.5,1214.800048828125,1225.5,12,8.158608123531863e-05,8.158275327200206e-05
2015-05-18,1224.5,1228.0999755859375,1222.5999755859375,1227.800048828125,8,0.0018768248291514134,0.0018750657940217385
2015-05-19,1223.9000244140625,1223.9000244140625,1206.0,1206.9000244140625,9,-0.01702233554560495,-0.01716888090960008
2015-05-20,1205.0999755859375,1210.800048828125,1205.0999755859375,1208.9000244140625,11,0.001657138088940746,0.0016557665506276972
2015-05-21,1204.5,1204.5,1203.699951171875,1204.4000244140625,43,-0.0037223921822493455,-0.003729337524911823
2015-05-22,1211.5999755859375,1211.9000244140625,1204.300048828125,1204.300048828125,8,-8.300862164645206e-05,-8.301206705275282e-05
2015-05-26,1193.5999755859375,1193.5999755859375,1186.0,1187.199951171875,40,-0.014199200334575779,-0.01430097352694823
2015-05-27,1185.9000244140625,1185.9000244140625,1185.9000244140625,1185.9000244140625,200216,-0.0010949518289057325,-0.0010955517266055808
2015-05-28,1187.0999755859375,1192.0,1179.5999755859375,1188.0999755859375,52705,0.001855089911952712,0.0018533713577155101
2015-05-29,1187.800048828125,1193.300048828125,1185.699951171875,1189.4000244140625,4748,0.001094225111387459,0.0010936268834478497
2015-06-01,1190.5999755859375,1204.0,1184.300048828125,1188.300048828125,1236,-0.0009248155064394137,-0.0009252434121427846
2015-06-02,1189.0,1194.300048828125,1186.0,1194.0999755859375,1003,0.004880860489345551,0.004868987707043961
2015-06-03,1193.9000244140625,1193.9000244140625,1179.0999755859375,1184.699951171875,630,-0.007872058124320791,-0.007903206348653132
2015-06-04,1184.9000244140625,1185.300048828125,1173.0,1174.9000244140625,447,-0.008272074923375006,-0.008306478391888725
2015-06-05,1176.4000244140625,1177.300048828125,1164.0,1167.800048828125,390,-0.00604304658983934,-0.00606137969172326
2015-06-08,1169.5,1176.0999755859375,1169.0999755859375,1173.199951171875,173,0.004623995648200818,0.004613337822188803
2015-06-09,1172.9000244140625,1180.300048828125,1172.699951171875,1177.300048828125,144,0.003494798693227441,0.0034887060751304954
2015-06-10,1176.0999755859375,1190.0999755859375,1175.5999755859375,1186.0999755859375,295,0.007474667793118561,0.007446870892935644
2015-06-11,1183.199951171875,1183.199951171875,1174.4000244140625,1179.9000244140625,69,-0.0052271741838728625,-0.005240883654242222
2015-06-12,1180.4000244140625,1181.199951171875,1176.199951171875,1178.800048828125,141,-0.0009322616858862265,-0.0009326965120805852
2015-06-15,1179.9000244140625,1188.5,1172.699951171875,1185.300048828125,102,0.005514081889003819,0.0054989349947638985
2015-06-16,1186.5,1186.5,1175.9000244140625,1180.5,29,-0.004049648722170174,-0.004057870754626063
2015-06-17,1177.5999755859375,1186.300048828125,1174.9000244140625,1176.4000244140625,168,-0.003473083935567556,-0.0034791290925295453
2015-06-18,1183.4000244140625,1202.0,1183.4000244140625,1201.5,130,0.02133625898081659,0.021111827743485453
2015-06-19,1199.699951171875,1203.0999755859375,1199.699951171875,1201.5,142,0.0,0.0
2015-06-22,1197.800048828125,1197.800048828125,1182.699951171875,1183.699951171875,30,-0.014814855454119868,-0.014925691467098958
2015-06-23,1183.800048828125,1186.0,1176.199951171875,1176.199951171875,60,-0.006336065142669711,-0.006356223197024235
2015-06-24,1176.5999755859375,1176.5999755859375,1170.699951171875,1172.5999755859375,263,-0.00306068333224363,-0.0030653768027383383
2015-06-25,1175.800048828125,1175.9000244140625,1171.5,1171.5,95,-0.0009380655030184482,-0.0009385057618116827
2015-06-26,1170.5,1172.9000244140625,1170.5,1172.9000244140625,308,0.0011950699223750583,0.0011943563947357445
2015-06-29,1185.0999755859375,1186.0,1173.800048828125,1178.5,174,0.004774469664398762,0.004763108033599618
2015-06-30,1176.300048828125,1176.4000244140625,1166.5999755859375,1171.5,223,-0.005939753924480318,-0.005957464428335503
2015-07-01,1173.0999755859375,1173.0999755859375,1166.5999755859375,1169.0,455,-0.0021340162185232714,-0.0021362964757819457
2015-07-02,1166.4000244140625,1168.0999755859375,1155.5,1163.0,316,-0.0051325919589392255,-0.005145808953403949
2015-07-06,1171.0999755859375,1173.0,1162.199951171875,1172.9000244140625,634,0.008512488748119162,0.008476461823921842
2015-07-07,1166.800048828125,1166.800048828125,1149.5,1152.4000244140625,469,-0.017478045505405326,-0.01763258994680646
2015-07-08,1152.5999755859375,1163.300048828125,1146.4000244140625,1163.300048828125,65,0.00945854233177812,0.009414090400743112
2015-07-09,1154.800048828125,1163.5999755859375,1154.800048828125,1159.0,65,-0.0036964228037785762,-0.003703271456771109
2015-07-10,1160.0999755859375,1161.4000244140625,1157.5,1157.699951171875,27,-0.0011216987300474157,-0.001122328304907492
2015-07-13,1159.0,1159.0,1151.199951171875,1155.199951171875,14,-0.0021594541810849854,-0.002161789164397025
2015-07-14,1157.199951171875,1157.199951171875,1153.0,1153.300048828125,39,-0.001644652375394129,-0.0016460063008068057
2015-07-15,1154.0,1154.0,1144.800048828125,1147.199951171875,15,-0.005289254658792708,-0.005303292287155819
2015-07-16,1146.199951171875,1146.199951171875,1142.9000244140625,1143.800048828125,14,-0.002963652796774463,-0.0029680531118790564
2015-07-17,1144.0,1144.0,1130.199951171875,1131.800048828125,120,-0.010491344192802399,-0.010546766320174742
2015-07-20,1130.4000244140625,1130.699951171875,1095.0999755859375,1106.699951171875,189,-0.022177148412600656,-0.022426758700162933
2015-07-21,1097.0999755859375,1106.4000244140625,1097.0999755859375,1103.4000244140625,118,-0.0029817718472999744,-0.002986226185725619
2015-07-22,1093.0,1095.0,1086.0,1091.4000244140625,46,-0.010875475561433312,-0.010935045842920037
2015-07-23,1097.4000244140625,1097.5999755859375,1087.800048828125,1094.0,64,0.002382238892960853,0.0023794058603042695
2015-07-24,1078.5999755859375,1100.699951171875,1078.5999755859375,1085.5999755859375,52,-0.007678267288905416,-0.007707896950271182
2015-07-27,1100.0,1102.5,1093.9000244140625,1096.5,19,0.010040553296972288,0.009990481826287456
2015-07-28,1097.199951171875,1097.699951171875,1096.300048828125,1096.300048828125,31,-0.00018235400991795103,-0.0001823706384319658
2015-07-29,1096.4000244140625,1096.9000244140625,1092.699951171875,1092.699951171875,159142,-0.0032838616217323313,-0.003289265328567696
2015-07-30,1096.0999755859375,1097.5,1081.0,1088.4000244140625,49298,-0.0039351395167548375,-0.003942902550703331
2015-07-31,1087.699951171875,1102.800048828125,1079.0999755859375,1094.9000244140625,5700,0.0059720689582851705,0.0059543068371229295
2015-08-03,1095.5,1097.0999755859375,1085.0,1089.4000244140625,2418,-0.005023289686145849,-0.005035948817230393
2015-08-04,1085.0999755859375,1093.9000244140625,1080.5,1090.699951171875,1139,0.0011932501640172788,0.0011925388068687703
2015-08-05,1086.5,1090.5999755859375,1082.5,1085.699951171875,1207,-0.004584212179186253,-0.004594751903060489
2015-08-06,1084.4000244140625,1092.199951171875,1083.5999755859375,1090.199951171875,269,0.004144791565241279,0.004136225578011975
2015-08-07,1088.9000244140625,1098.300048828125,1081.699951171875,1094.0999755859375,614,0.00357734781575636,0.0035709643265033203
2015-08-10,1093.199951171875,1107.5999755859375,1089.5,1104.199951171875,900,0.009231309579847524,0.00918896146112403
2015-08-11,1103.800048828125,1116.699951171875,1094.0,1107.5999755859375,997,0.0030791745738207865,0.003074443624916577
2015-08-12,1106.0,1124.5,1101.5,1123.199951171875,797,0.014084485310398076,0.01398622054471554
2015-08-13,1124.300048828125,1124.300048828125,1113.0,1115.699951171875,441,-0.006677350717630426,-0.006699743964643952
2015-08-14,1113.9000244140625,1118.800048828125,1112.5,1112.9000244140625,908,-0.0025095696695797143,-0.0025127239178519196
2015-08-17,1113.800048828125,1122.0,1113.800048828125,1118.5999755859375,399,0.005121709989067469,0.0051086386452189395
2015-08-18,1118.199951171875,1118.4000244140625,1110.0,1117.0999755859375,475,-0.0013409619459487931,-0.0013418618399914416
2015-08-19,1117.0,1134.300048828125,1116.800048828125,1128.0999755859375,348,0.009846925289055175,0.009798760247176764
2015-08-20,1132.800048828125,1153.300048828125,1132.800048828125,1153.0,409,0.022072533421631624,0.02183246129993839
2015-08-21,1154.0999755859375,1166.5,1150.5,1159.5999755859375,261,0.005724176570631068,0.005707855724575729
2015-08-24,1164.0,1169.0,1147.5,1153.4000244140625,299,-0.005346629270789882,-0.0053609736452838765
2015-08-25,1151.5,1155.5,1134.0,1138.199951171875,217,-0.013178492214710347,-0.01326609907875266
2015-08-26,1139.199951171875,1143.0,1119.5999755859375,1124.5999755859375,116,-0.011948669978359416,-0.012020629120604693
2015-08-27,1127.199951171875,1127.4000244140625,1118.4000244140625,1122.4000244140625,564,-0.0019562077357584418,-0.0019581236090830427
2015-08-28,1125.300048828125,1139.0,1123.5999755859375,1133.0999755859375,279,0.009533099553753921,0.009487946300354527
2015-08-31,1131.0999755859375,1134.0,1124.800048828125,1131.5999755859375,194,-0.0013238019877498397,-0.0013246789876694932
2015-09-01,1133.5,1144.699951171875,1133.5,1138.699951171875,375,0.006274280434003243,0.006254679083375538
2015-09-02,1137.300048828125,1140.4000244140625,1130.800048828125,1132.5,201,-0.00544476283282036,-0.005459639578781788
2015-09-03,1130.300048828125,1132.9000244140625,1120.300048828125,1123.699951171875,122,-0.007770462541390688,-0.007800809896323428
2015-09-04,1123.4000244140625,1125.199951171875,1116.199951171875,1120.5999755859375,51,-0.002758721830240063,-0.0027625341162804407
2015-09-08,1119.800048828125,1124.300048828125,1116.4000244140625,1120.4000244140625,138,-0.00017843224721691975,-0.00017844816814424258
2015-09-09,1123.5,1123.5,1102.0999755859375,1102.199951171875,150,-0.016244263518028434,-0.016377648027910367
2015-09-10,1107.300048828125,1113.5,1105.5,1109.5,56,0.00662316199557389,0.0066013252241179255
2015-09-11,1110.800048828125,1111.699951171875,1098.199951171875,1103.5,81,-0.00540784136998651,-0.005422516675857549
2015-09-14,1107.800048828125,1108.5999755859375,1104.0999755859375,1107.699951171875,19,0.0038060273419799895,0.0037988027454549534
2015-09-15,1104.5,1104.5,1102.800048828125,1102.800048828125,8,-0.004423492425513098,-0.004433305016104712
2015-09-16,1109.800048828125,1119.9000244140625,1109.800048828125,1119.199951171875,31,0.014871147640206583,0.014761656297426292
2015-09-17,1118.5999755859375,1130.5,1117.0999755859375,1117.300048828125,14,-0.0016975539909206416,-0.0016989964683834105
2015-09-18,1128.300048828125,1141.199951171875,1127.800048828125,1138.0999755859375,59,0.018616240802663997,0.0184450795810628
2015-09-21,1137.5999755859375,1138.5,1130.800048828125,1133.0999755859375,17,-0.004393287151619352,-0.004402965995982146
2015-09-22,1132.5999755859375,1135.0,1122.5,1125.0,43,-0.007148509187593022,-0.007174182201744282
2015-09-23,1128.5999755859375,1132.199951171875,1128.300048828125,1131.5999755859375,33,0.005866644965277779,0.005849503214074751
2015-09-24,1133.0,1155.9000244140625,1133.0,1153.800048828125,37,0.01961830480836868,0.019428346289593987
2015-09-25,1149.800048828125,1149.800048828125,1143.4000244140625,1146.0,56,-0.006760312444125116,-0.006783266867504336
2015-09-28,1133.199951171875,1133.199951171875,1132.0,1132.0,4346,-0.012216404886561949,-0.012291638511556624
2015-09-29,1132.199951171875,1134.4000244140625,1124.300048828125,1127.0999755859375,2417,-0.0043286434753202485,-0.004338039176050699
2015-09-30,1124.300048828125,1126.0,1112.0999755859375,1115.5,865,-0.010291878127232756,-0.010345205714490345
2015-10-01,1115.199951171875,1119.0,1113.300048828125,1114.199951171875,1181,-0.0011654404555132558,-0.0011661201093563032
2015-10-02,1112.199951171875,1141.199951171875,1105.800048828125,1137.0999755859375,323,0.020552885853187375,0.020344525396983844
2015-10-05,1137.0999755859375,1141.699951171875,1132.5,1138.0999755859375,226,0.0008794301481580558,0.0008790436760322062
2015-10-06,1136.300048828125,1150.0,1136.300048828125,1146.800048828125,145,0.007644383998610005,0.007615313750683251
2015-10-07,1147.5999755859375,1152.9000244140625,1143.0,1149.0,104,0.001918338924141949,0.001916501261825459
2015-10-08,1142.699951171875,1146.699951171875,1138.699951171875,1144.699951171875,138,-0.0037424271785247987,-0.003749447580152806
2015-10-09,1151.5999755859375,1157.199951171875,1151.5999755859375,1156.300048828125,22,0.010133745218015022,0.010082743094216015
2015-10-12,1155.9000244140625,1166.800048828125,1155.9000244140625,1164.9000244140625,40,0.007437494787493337,0.007409973000988005
2015-10-13,1163.5,1166.199951171875,1154.9000244140625,1165.800048828125,132,0.0007726194481927351,0.0007723211314338696
2015-10-14,1172.4000244140625,1189.0,1167.300048828125,1180.0999755859375,143,0.012266191592792408,0.012191571448331816
2015-10-15,1184.199951171875,1188.300048828125,1177.800048828125,1187.9000244140625,143,0.006609650868141248,0.006587902904208858
2015-10-16,1182.5,1184.0999755859375,1176.199951171875,1183.5999755859375,243,-0.003619874349481522,-0.0036264419486807366
2015-10-19,1176.5,1177.800048828125,1169.300048828125,1173.300048828125,62,-0.008702202577111073,-0.008740287853461832
2015-10-20,1168.699951171875,1179.0999755859375,1168.699951171875,1178.0,19,0.004005753836428427,0.003997752165893153
2015-10-21,1175.9000244140625,1176.4000244140625,1164.9000244140625,1167.5999755859375,41,-0.008828543645214348,-0.008867746141184144
2015-10-22,1166.199951171875,1168.5999755859375,1163.5,1166.5999755859375,48,-0.0008564577088983061,-0.0008568246783460413
2015-10-23,1166.199951171875,1178.699951171875,1163.300048828125,1163.300048828125,38,-0.0028286703470528085,-0.002832678595479044
2015-10-26,1165.0999755859375,1170.0,1163.800048828125,1167.0,176,0.003180564786877005,0.0031755174900332073
2015-10-27,1164.5,1166.800048828125,1162.0,1166.800048828125,302,-0.00017133776510280807,-0.00017135244509453186
2015-10-28,1175.0999755859375,1182.699951171875,1175.0999755859375,1177.0999755859375,217,0.00882749942302219,0.008788764836116568
2015-10-29,1158.0,1162.0,1144.9000244140625,1147.199951171875,329,-0.025401431513222827,-0.025729617395093392
2015-10-30,1147.5,1147.5999755859375,1139.199951171875,1141.5,249,-0.0049685768954683684,-0.004980961312634337
2015-11-02,1137.9000244140625,1138.699951171875,1132.5999755859375,1135.800048828125,180,-0.004993386922360954,-0.0050058955364459265
2015-11-03,1133.300048828125,1134.699951171875,1114.199951171875,1114.199951171875,185,-0.019017517809174378,-0.01920067667017338
2015-11-04,1119.0,1121.9000244140625,1106.5,1106.5,141,-0.006910744488703768,-0.006934734272126623
2015-11-05,1107.9000244140625,1110.699951171875,1104.4000244140625,1104.4000244140625,84,-0.0018978541219498712,-0.001899657328927695
2015-11-06,1105.199951171875,1109.5,1084.800048828125,1087.5999755859375,78,-0.01521192362979007,-0.015328811851509786
2015-11-09,1088.5999755859375,1088.5999755859375,1087.9000244140625,1087.9000244140625,5,0.00027588160616076607,0.0002758435578281864
2015-11-10,1090.0999755859375,1091.300048828125,1085.0,1088.199951171875,18,0.00027569330920274027,0.0002756553127857822
2015-11-11,1091.4000244140625,1091.4000244140625,1084.199951171875,1084.699951171875,15,-0.0032163206736325334,-0.0032215041504368553
2015-11-12,1086.0,1086.5999755859375,1080.800048828125,1080.800048828125,4,-0.003595374314838584,-0.003601853207094119
2015-11-13,1083.0999755859375,1085.9000244140625,1080.800048828125,1080.800048828125,23,0.0,0.0
2015-11-16,1092.0,1092.4000244140625,1083.699951171875,1083.699951171875,11,0.0026831071546435936,0.002679514048333107
2015-11-17,1075.5,1075.800048828125,1065.0999755859375,1068.699951171875,6,-0.013841469664900852,-0.013938156030505203
2015-11-18,1064.0,1071.9000244140625,1064.0,1068.800048828125,5,9.36630119054982e-05,9.365862579947371e-05
2015-11-19,1077.4000244140625,1082.4000244140625,1077.4000244140625,1078.0,10,0.008607738352895966,0.008570903001564972
2015-11-20,1082.9000244140625,1082.9000244140625,1076.4000244140625,1076.4000244140625,5,-0.001484207408105287,-0.0014853099349744917
2015-11-23,1070.0,1071.5,1066.800048828125,1066.800048828125,57,-0.008918594730767726,-0.008958603455463966
2015-11-24,1073.199951171875,1079.4000244140625,1073.199951171875,1074.300048828125,222,0.007030370881814907,0.007005773045099333
2015-11-25,1070.199951171875,1072.0,1068.5,1070.5,148662,-0.003537232295828474,-0.00354350309386584
2015-11-27,1070.699951171875,1074.199951171875,1051.0999755859375,1056.199951171875,52133,-0.013358289423750613,-0.013448313986904855
2015-11-30,1056.5,1068.4000244140625,1052.0999755859375,1065.800048828125,4601,0.009089280534049005,0.009048221633438932
2015-12-01,1064.5999755859375,1074.5999755859375,1063.4000244140625,1063.800048828125,3441,-0.001876524590329165,-0.00187828746833272
2015-12-02,1068.699951171875,1069.5,1049.5999755859375,1054.199951171875,503,-0.009024344064305523,-0.009065310104538793
2015-12-03,1054.4000244140625,1064.5999755859375,1046.199951171875,1061.699951171875,1161,0.007114399874201149,0.007089211925615804
2015-12-04,1063.0,1088.800048828125,1058.699951171875,1084.5,889,0.021475039914016225,0.021247700237913326
2015-12-07,1084.9000244140625,1086.5,1067.4000244140625,1076.4000244140625,656,-0.0074688571562355754,-0.00749688873296108
2015-12-08,1071.0,1078.4000244140625,1069.5999755859375,1076.300048828125,306,-9.287958349124548e-05,-9.28838970668577e-05
2015-12-09,1075.0999755859375,1086.0,1070.5999755859375,1077.5999755859375,386,0.0012077735750619656,0.001207044803292825
2015-12-10,1073.0,1076.300048828125,1071.699951171875,1073.0999755859375,226,-0.0041759466424943215,-0.00418469025807936
2015-12-11,1067.800048828125,1079.4000244140625,1064.4000244140625,1076.9000244140625,410,0.0035411880668900775,0.0035349328234069743
2015-12-14,1074.0,1076.699951171875,1060.0,1064.699951171875,509,-0.011328881944101976,-0.011393542545885472
2015-12-15,1064.5999755859375,1066.199951171875,1061.800048828125,1062.9000244140625,220,-0.0016905483613777195,-0.0016919789508065548
2015-12-16,1064.800048828125,1078.699951171875,1064.300048828125,1078.0,81,0.014206393112335736,0.014106427960112739
2015-12-17,1072.5999755859375,1072.5999755859375,1050.5,1050.800048828125,56,-0.025231865651090035,-0.025555647189986472
2015-12-18,1053.699951171875,1070.300048828125,1052.699951171875,1066.199951171875,253,0.014655406954847683,0.01454905431330043
2015-12-21,1070.199951171875,1081.9000244140625,1070.199951171875,1081.9000244140625,26,0.014725261640587517,0.01461789766718511
2015-12-22,1078.5999755859375,1078.5999755859375,1073.800048828125,1074.800048828125,106,-0.006562506170367022,-0.006584134088142776
2015-12-23,1074.5,1074.800048828125,1069.4000244140625,1069.4000244140625,202,-0.0050242130338106206,-0.005036876826985434
2015-12-24,1074.300048828125,1077.800048828125,1073.5,1077.199951171875,24,0.007293740957305728,0.007267270264383618
2015-12-28,1077.9000244140625,1098.800048828125,1070.5,1070.5,361,-0.0062197841399697085,-0.006239207578959481
2015-12-29,1079.0999755859375,1079.699951171875,1077.5,1077.5,252,0.006539000467071565,0.0065177139481654685
2015-12-30,1068.5999755859375,1070.199951171875,1059.699951171875,1060.0999755859375,71,-0.01614851453741295,-0.01628032272881288
2015-12-31,1061.9000244140625,1062.0,1058.5,1060.300048828125,10,0.00018873054126511413,0.00018871273389700527
2016-01-04,1063.4000244140625,1082.5,1063.199951171875,1075.0999755859375,143,0.013958243965158657,0.01386172479955186
2016-01-05,1075.5999755859375,1081.5,1075.300048828125,1078.4000244140625,82,0.0030695273956511393,0.0030648260146564294
2016-01-06,1081.5999755859375,1093.699951171875,1081.5999755859375,1091.9000244140625,52,0.012518545710656026,0.012440836582072724
2016-01-07,1091.5999755859375,1109.4000244140625,1091.5999755859375,1107.699951171875,122,0.01447012217651622,0.01436642906297819
2016-01-08,1111.0999755859375,1111.0999755859375,1093.0,1097.800048828125,98,-0.00893735016714281,-0.008977527848297442
2016-01-11,1105.699951171875,1107.9000244140625,1096.5,1096.5,43,-0.001184230980416534,-0.0011849327360058722
2016-01-12,1093.800048828125,1098.5,1084.0,1085.5999755859375,87,-0.00994074273968304,-0.009990481826287485
2016-01-13,1081.5,1093.9000244140625,1081.5,1087.5,50,0.0017502067582830794,0.0017486769311837599
2016-01-14,1091.5,1091.5,1073.699951171875,1073.9000244140625,59,-0.012505724676724173,-0.012584579364650109
2016-01-15,1085.0,1095.800048828125,1081.800048828125,1091.5,44,0.016388839916025022,0.01625599239180944
2016-01-19,1089.800048828125,1094.4000244140625,1084.9000244140625,1089.9000244140625,17,-0.0014658502848717836,-0.0014669256944553847
2016-01-20,1099.800048828125,1109.800048828125,1099.800048828125,1107.0999755859375,30,0.015781219182118944,0.0156579905176128
2016-01-21,1103.5999755859375,1103.5999755859375,1094.0999755859375,1099.0999755859375,16,-0.0072260863304292045,-0.007252320951077914
2016-01-22,1098.0,1103.199951171875,1097.199951171875,1097.199951171875,4,-0.0017287093588093105,-0.0017302053011144954
2016-01-25,1099.300048828125,1109.300048828125,1099.300048828125,1106.199951171875,8,0.008202698141198006,0.008169238859200036
2016-01-26,1115.0999755859375,1121.699951171875,1114.300048828125,1121.699951171875,181,0.014011933361215423,0.013914673700546146
2016-01-27,1117.800048828125,1117.800048828125,1115.800048828125,1116.0999755859375,168706,-0.004992400668366814,-0.005004904333480651
2016-01-28,1125.4000244140625,1125.699951171875,1109.800048828125,1115.5999755859375,52861,-0.0004479885412931317,-0.0004480889181392674
2016-01-29,1114.4000244140625,1118.5999755859375,1108.800048828125,1116.4000244140625,6955,0.0007171466884487998,0.0007168896616390326
2016-02-01,1116.699951171875,1130.0,1115.300048828125,1127.9000244140625,1682,0.010300967169931452,0.01024827376073344
2016-02-02,1128.300048828125,1131.4000244140625,1123.0,1127.300048828125,1230,-0.0005319403962680269,-0.0005320819267533649
2016-02-03,1128.5,1146.0,1125.0,1141.300048828125,1630,0.012419053839795025,0.012342569977745608
2016-02-04,1142.5,1157.5999755859375,1141.0,1157.5999755859375,771,0.014281894383995741,0.01418086888457877
2016-02-05,1155.5999755859375,1174.800048828125,1146.0,1157.800048828125,877,0.00017283452523075837,0.00017281959106493736
2016-02-08,1173.5,1200.4000244140625,1165.0,1197.9000244140625,931,0.03463462937881623,0.03404834929990521
2016-02-09,1188.699951171875,1199.199951171875,1186.699951171875,1198.699951171875,700,0.0006677742228144989,0.0006675513608169836
2016-02-10,1189.800048828125,1197.699951171875,1182.0999755859375,1194.699951171875,671,-0.0033369484966521146,-0.003342528526259136
2016-02-11,1205.5999755859375,1260.800048828125,1204.5999755859375,1247.9000244140625,995,0.044530070659167365,0.043567091125364873
2016-02-12,1247.800048828125,1247.800048828125,1233.5,1239.0999755859375,250,-0.007051886093404791,-0.007076868158539852
2016-02-16,1233.0999755859375,1233.5999755859375,1193.5999755859375,1207.9000244140625,422,-0.025179526903889582,-0.025501955096164056
2016-02-17,1196.5,1212.9000244140625,1196.5,1211.0999755859375,53,0.002649185451773839,0.0026456825451971347
2016-02-18,1209.5999755859375,1239.199951171875,1201.5999755859375,1226.0999755859375,315,0.012385434978431809,0.012309362957954846
2016-02-19,1230.800048828125,1232.800048828125,1221.800048828125,1230.4000244140625,76,0.003507094783253839,0.003500959267383596
2016-02-22,1226.0999755859375,1226.0999755859375,1203.0,1209.5,280,-0.016986365409099702,-0.017132288543675846
2016-02-23,1207.4000244140625,1226.0999755859375,1207.4000244140625,1222.300048828125,351,0.010582925860376236,0.010527318680876351
2016-02-24,1230.0,1250.0999755859375,1230.0,1238.699951171875,111,0.013417247556746226,0.013328033410348807
2016-02-25,1239.4000244140625,1241.5,1235.0,1238.199951171875,1349,-0.00040364900275247084,-0.0004037304909403373
2016-02-26,1232.4000244140625,1239.0999755859375,1212.199951171875,1219.800048828125,656,-0.014860202769621855,-0.0149717217583961
2016-02-29,1218.5999755859375,1241.0,1218.5999755859375,1233.9000244140625,580,0.011559251534285053,0.011492953798612126
2016-03-01,1240.5,1248.4000244140625,1229.0,1230.300048828125,477,-0.0029175585660977665,-0.0029218229364777115
2016-03-02,1232.800048828125,1242.5999755859375,1226.0,1241.0999755859375,267,0.00877828686433002,0.008739981710060525
2016-03-03,1238.4000244140625,1267.9000244140625,1238.0,1257.4000244140625,123,0.013133550196413157,0.013048052901100447
2016-03-04,1263.0,1279.9000244140625,1250.9000244140625,1269.9000244140625,268,0.009941148208443051,0.009892060054906658
2016-03-07,1259.800048828125,1272.300048828125,1259.699951171875,1263.199951171875,67,-0.005276063558845023,-0.005290031133051419
2016-03-08,1268.699951171875,1276.300048828125,1261.0,1262.0999755859375,43,-0.0008707850130275085,-0.0008711643665365201
2016-03-09,1254.5,1260.0,1244.800048828125,1256.5999755859375,79,-0.004357816422147165,-0.004367339380404757
2016-03-10,1250.0,1273.0,1237.5,1272.0,119,0.012255311724705065,0.012180823359887589
2016-03-11,1270.0,1280.699951171875,1249.4000244140625,1258.699951171875,87,-0.010456013229658057,-0.010511061395113142
2016-03-14,1256.0,1258.0,1234.5,1244.4000244140625,58,-0.011360870193487305,-0.011425897862328808
2016-03-15,1228.300048828125,1236.0,1228.0,1230.4000244140625,37,-0.011250401579341096,-0.011314166048867756
2016-03-16,1229.5,1263.800048828125,1228.9000244140625,1229.300048828125,45,-0.0008939983453440936,-0.0008943982001956458
2016-03-17,1261.5,1270.0999755859375,1255.9000244140625,1264.5,27,0.028634141197204643,0.02823184571645773
2016-03-18,1257.0999755859375,1264.4000244140625,1251.5,1253.800048828125,542,-0.00846180401097274,-0.00849780832604257
2016-03-21,1256.199951171875,1256.199951171875,1243.4000244140625,1243.800048828125,1061,-0.007975753398116847,-0.008007729856973357
2016-03-22,1244.0,1252.4000244140625,1243.800048828125,1248.199951171875,20,0.0035374675759947127,0.0035312254541069133
2016-03-23,1247.699951171875,1247.699951171875,1218.5999755859375,1223.699951171875,28,-0.019628265469004536,-0.019823458291528016
2016-03-24,1214.199951171875,1221.4000244140625,1214.199951171875,1221.4000244140625,13,-0.0018794858622083188,-0.0018812543119597132
2016-03-28,1211.5,1222.199951171875,1210.0,1219.9000244140625,33,-0.0012280988783504032,-0.0012288536097643887
2016-03-29,1217.800048828125,1235.5999755859375,1217.699951171875,1235.5999755859375,189732,0.012869867085555597,0.01278775411769549
2016-03-30,1241.4000244140625,1245.0,1223.4000244140625,1226.9000244140625,48248,-0.007041074250385471,-0.007065979589434121
2016-03-31,1225.5999755859375,1239.5999755859375,1224.5,1234.199951171875,3377,0.005949895356224033,0.005932264628274546
2016-04-01,1232.300048828125,1235.199951171875,1209.199951171875,1222.199951171875,1602,-0.009722897808094988,-0.009770473814590914
2016-04-04,1221.699951171875,1222.300048828125,1215.0,1218.0,2038,-0.0034363863031151576,-0.0034423042399615686
2016-04-05,1215.4000244140625,1236.699951171875,1215.4000244140625,1228.4000244140625,477,0.00853860789331895,0.008502360171509305
2016-04-06,1230.4000244140625,1230.4000244140625,1217.5999755859375,1222.5,248,-0.004803015546077316,-0.004814587092324561
2016-04-07,1224.800048828125,1242.9000244140625,1224.5999755859375,1236.199951171875,375,0.011206504026073594,0.0111441763775809
2016-04-08,1241.0,1242.800048828125,1232.0,1242.5,409,0.00509630244051773,0.005083360244175877
2016-04-11,1241.5,1258.699951171875,1241.5,1256.699951171875,437,0.01142853213028161,0.011363719796072987
2016-04-12,1260.0,1261.699951171875,1253.699951171875,1259.4000244140625,185,0.00214854248993146,0.0021462376732565664
2016-04-13,1256.5,1256.9000244140625,1241.300048828125,1246.800048828125,203,-0.010004744593997916,-0.010055128384175412
2016-04-14,1231.4000244140625,1243.699951171875,1224.5,1225.0,264,-0.01748479946613335,-0.01763946407711058
2016-04-15,1225.699951171875,1235.0,1225.699951171875,1233.0999755859375,97,0.006612224968112201,0.006590460098725617
2016-04-18,1238.699951171875,1241.0999755859375,1232.199951171875,1233.5999755859375,304,0.00040548212626667635,0.00040539994060510945
2016-04-19,1231.5999755859375,1256.199951171875,1228.800048828125,1253.0,386,0.015726349544428198,0.015603971877910185
2016-04-20,1256.0999755859375,1256.0999755859375,1243.0,1253.199951171875,180,0.0001595779504190986,0.00015956521921236389
2016-04-21,1247.699951171875,1270.5999755859375,1247.5999755859375,1249.0,124,-0.0033513815316922324,-0.003357009989702909
2016-04-22,1248.5,1248.5,1228.0,1228.699951171875,188,-0.016253041495696507,-0.01638657099171672
2016-04-25,1231.5999755859375,1240.9000244140625,1231.5999755859375,1238.9000244140625,442,0.008301516763681072,0.008267248694073434
2016-04-26,1239.800048828125,1244.199951171875,1233.0,1242.199951171875,97,0.002663594069564512,0.002660052989486988
2016-04-27,1248.5999755859375,1249.5,1248.5999755859375,1249.199951171875,547,0.005635163641245056,0.005619345503985562
2016-04-28,1245.9000244140625,1270.0999755859375,1238.5,1265.5,887,0.01304839054214968,0.012963993663771956
2016-04-29,1267.300048828125,1295.5,1267.199951171875,1289.199951171875,464,0.018727736998715994,0.018554532081355487
2016-05-02,1292.0999755859375,1304.4000244140625,1290.4000244140625,1294.699951171875,192,0.004266211765677319,0.004257137284214135
2016-05-03,1292.699951171875,1301.5,1284.5,1290.699951171875,151,-0.0030895189239633636,-0.003094301340338286
2016-05-04,1286.9000244140625,1290.0,1273.0,1273.300048828125,109,-0.013480981639421241,-0.013572675083321833
2016-05-05,1282.9000244140625,1286.0,1270.800048828125,1271.4000244140625,330,-0.0014922047759372559,-0.0014933192222766592
2016-05-06,1278.5999755859375,1295.5999755859375,1276.9000244140625,1292.9000244140625,305,0.016910492045891345,0.016769101438875392
2016-05-09,1286.5,1286.5,1262.300048828125,1265.5999755859375,341,-0.021115359511650778,-0.02134147742080195
2016-05-10,1265.0999755859375,1267.4000244140625,1258.699951171875,1263.9000244140625,23,-0.001343197854510092,-0.0013441007533533627
2016-05-11,1266.9000244140625,1279.199951171875,1266.9000244140625,1274.5999755859375,50,0.008465820844362648,0.008430186756368665
2016-05-12,1267.0,1281.199951171875,1264.0,1270.300048828125,101,-0.003373550007982562,-0.003379253258223161
2016-05-13,1271.4000244140625,1275.699951171875,1264.5999755859375,1271.9000244140625,66,0.0012595257218273037,0.0012587331847161139
2016-05-16,1272.800048828125,1287.800048828125,1272.800048828125,1273.4000244140625,44,0.0011793379756328548,0.0011786431028753658
2016-05-17,1272.5,1281.5999755859375,1270.800048828125,1276.199951171875,16,0.0021987801979985733,0.00219636641841862
2016-05-18,1276.4000244140625,1276.4000244140625,1256.800048828125,1273.699951171875,17,-0.001958940679871013,-0.00196086191362997
2016-05-19,1248.0,1255.5,1247.5,1254.199951171875,69,-0.015309728152269275,-0.015428132082826979
2016-05-20,1256.5999755859375,1256.5999755859375,1252.4000244140625,1252.4000244140625,44,-0.0014351194609206752,-0.0014361502311578814
2016-05-23,1251.5999755859375,1251.5999755859375,1247.5,1251.0999755859375,56,-0.0010380459939173248,-0.001038585136795765
2016-05-24,1240.0,1240.0,1228.199951171875,1228.9000244140625,20,-0.017744346259361055,-0.01790366465212703
2016-05-25,1219.300048828125,1223.5,1218.5999755859375,1223.5,5,-0.004394193430533266,-0.004403876274423123
2016-05-26,1232.5999755859375,1232.5999755859375,1220.0999755859375,1220.0999755859375,199778,-0.002778932908919063,-0.002782801311324475
2016-05-27,1220.300048828125,1223.199951171875,1206.4000244140625,1213.800048828125,63739,-0.005163451261268159,-0.005176827942159796
2016-05-31,1212.5,1217.5999755859375,1199.0,1214.800048828125,6432,0.0008238589222051562,0.000823519736724513
2016-06-01,1215.699951171875,1219.800048828125,1205.4000244140625,1211.9000244140625,2717,-0.0023872442356748236,-0.002390098246246816
2016-06-02,1212.4000244140625,1217.0,1209.5999755859375,1209.800048828125,1627,-0.0017327960587778524,-0.0017342990864130377
2016-06-03,1209.0999755859375,1244.5,1206.4000244140625,1240.0999755859375,1622,0.025045400508259652,0.024736904788247527
2016-06-06,1244.4000244140625,1247.300048828125,1240.0,1244.5999755859375,1135,0.0036287396892122903,0.0036221716975720704
2016-06-07,1244.0,1244.9000244140625,1236.5,1244.4000244140625,281,-0.00016065497010864238,-0.00016066787650068854
2016-06-08,1247.5999755859375,1264.0,1247.300048828125,1259.800048828125,406,0.012375461356418427,0.012299511303834583
2016-06-09,1262.5,1271.4000244140625,1258.0999755859375,1270.199951171875,381,0.008255200778428451,0.008221312981124862
2016-06-10,1267.5999755859375,1278.0,1265.300048828125,1273.4000244140625,397,0.002519346059834948,0.002516177827683463
2016-06-13,1276.199951171875,1287.300048828125,1273.0,1284.4000244140625,328,0.008638291023326694,0.008601194468236007
2016-06-14,1281.800048828125,1289.699951171875,1277.800048828125,1285.5999755859375,554,0.0009342503496310162,0.0009338142093947642
2016-06-15,1284.5999755859375,1296.199951171875,1278.800048828125,1285.800048828125,162,0.00015562635811061654,0.00015561424958520132
2016-06-16,1296.300048828125,1316.4000244140625,1281.0999755859375,1296.0999755859375,251,0.008010519806092686,0.007978605910287052
2016-06-17,1280.300048828125,1300.0999755859375,1280.300048828125,1292.5,129,-0.0027775446753712796,-0.0027814092101873097
2016-06-20,1288.9000244140625,1291.199951171875,1280.300048828125,1290.0,153,-0.0019342359767892114,-0.0019361090268664404
2016-06-21,1293.9000244140625,1293.9000244140625,1266.300048828125,1270.5,134,-0.015116279069767424,-0.015231694595499006
2016-06-22,1267.0,1269.199951171875,1264.9000244140625,1268.0,53,-0.001967729240456517,-0.001969667763047546
2016-06-23,1263.4000244140625,1270.5,1255.199951171875,1261.199951171875,218,-0.005362814533221627,-0.0053772460418744
2016-06-24,1253.699951171875,1355.5999755859375,1253.699951171875,1320.0,694,0.0466223050306096,0.045568126625119755
2016-06-27,1330.0,1331.699951171875,1320.0,1322.5,92,0.0018939393939394478,0.0018921481520379623
2016-06-28,1314.800048828125,1315.5999755859375,1314.0999755859375,1315.300048828125,1072,-0.005444197483459368,-0.005459071134537385
2016-06-29,1311.5999755859375,1327.4000244140625,1311.5999755859375,1323.9000244140625,414,0.0065384134924952875,0.006517130786711063
2016-06-30,1315.800048828125,1323.5,1314.5,1318.4000244140625,560,-0.004154392249093086,-0.004163045711473091
2016-07-01,1324.5,1344.199951171875,1321.9000244140625,1336.699951171875,137,0.013880405354168346,0.013784954775413433
2016-07-05,1342.199951171875,1356.800048828125,1339.699951171875,1356.4000244140625,90,0.014737842419247915,0.014630295802076445
2016-07-06,1359.0,1374.9000244140625,1359.0,1364.9000244140625,130,0.006266587914337318,0.006247034498575354
2016-07-07,1366.800048828125,1368.5999755859375,1350.5,1360.0999755859375,207,-0.00351677686443419,-0.0035229752607092743
2016-07-08,1361.300048828125,1365.800048828125,1335.0,1356.5999755859375,249,-0.002573340241765809,-0.0025766569730396745
2016-07-11,1371.699951171875,1371.800048828125,1353.0,1355.0,26,-0.0011794011607927368,-0.0011800972016698774
2016-07-12,1353.5999755859375,1356.0,1330.300048828125,1334.0999755859375,252,-0.015424372261300778,-0.015544565429065389
2016-07-13,1341.5,1342.4000244140625,1336.699951171875,1342.4000244140625,7,0.0062214593958593856,0.006202186015081687
2016-07-14,1341.4000244140625,1341.4000244140625,1322.699951171875,1331.300048828125,20,-0.008268754010774426,-0.00830312978492063
2016-07-15,1333.699951171875,1333.699951171875,1322.9000244140625,1326.5,52,-0.0036055349298230732,-0.003612050537102661
2016-07-18,1327.5,1335.0,1326.199951171875,1328.4000244140625,54,0.0014323591511966605,0.0014313343033443948
2016-07-19,1328.5,1333.199951171875,1326.4000244140625,1331.5,322,0.0023336160260196692,0.0023308973728481423
2016-07-20,1331.0,1337.5,1315.5,1318.800048828125,751,-0.009538078236481451,-0.009583857031749085
2016-07-21,1312.800048828125,1330.5,1312.800048828125,1330.5,318,0.008871664193727868,0.008832542195506029
2016-07-22,1330.699951171875,1330.699951171875,1320.4000244140625,1323.0999755859375,55,-0.005561837214627996,-0.005577361821546027
2016-07-25,1315.699951171875,1319.300048828125,1313.800048828125,1319.300048828125,548,-0.002871987625976402,-0.0028761196958370064
2016-07-26,1315.199951171875,1320.699951171875,1315.199951171875,1320.699951171875,63,0.0010610947411042737,0.0010605321779994731
2016-07-27,1326.0,1326.5999755859375,1326.0,1326.5999755859375,215388,0.00446734658302006,0.0044573976096106815
2016-07-28,1339.5,1344.300048828125,1330.0999755859375,1332.300048828125,56908,0.00429675361607762,0.004287548927691639
2016-07-29,1333.199951171875,1353.300048828125,1325.800048828125,1349.0,6076,0.012534677294776086,0.012456768592093142
2016-08-01,1348.800048828125,1353.5,1345.5999755859375,1351.4000244140625,1257,0.0017791137242864075,0.0017775329760739552
2016-08-02,1352.0999755859375,1366.0,1346.5999755859375,1364.4000244140625,2941,0.00961965351868077,0.009573679254285983
2016-08-03,1362.4000244140625,1364.699951171875,1353.300048828125,1356.0999755859375,715,-0.006083295719442328,-0.006101874347359719
2016-08-04,1354.4000244140625,1361.5999755859375,1347.0,1358.800048828125,381,0.001991057658577766,0.001989078130412177
2016-08-05,1357.5999755859375,1360.800048828125,1333.699951171875,1336.4000244140625,1107,-0.016485151316693702,-0.016622543470037807
2016-08-08,1330.0,1335.4000244140625,1327.800048828125,1333.4000244140625,587,-0.0022448368341771996,-0.002247360257539687
2016-08-09,1331.800048828125,1339.4000244140625,1328.5,1339.0,620,0.004199771623971893,0.004190977197581718
2016-08-10,1344.800048828125,1354.199951171875,1344.300048828125,1344.300048828125,110,0.003958214210698197,0.003950401091376265
2016-08-11,1341.5999755859375,1350.4000244140625,1334.800048828125,1342.5,666,-0.0013390231070021796,-0.0013399203995291173
2016-08-12,1336.800048828125,1351.800048828125,1333.199951171875,1335.800048828125,113,-0.004990652641992499,-0.005003147538014941
2016-08-15,1336.5,1340.5999755859375,1333.5999755859375,1340.300048828125,62,0.0033687676564675417,0.0033631060701886342
2016-08-16,1342.199951171875,1355.0,1341.0,1350.5,338,0.007610199806224793,0.0075813883174767425
2016-08-17,1345.5,1347.300048828125,1338.5999755859375,1342.699951171875,135,-0.0057756748079415,-0.005792418519633738
2016-08-18,1351.300048828125,1354.4000244140625,1348.199951171875,1351.199951171875,140,0.006330528270729108,0.006310574643693422
2016-08-19,1350.0999755859375,1350.0999755859375,1338.5999755859375,1340.4000244140625,197,-0.007992841287809305,-0.008024955279562044
2016-08-22,1334.4000244140625,1337.699951171875,1333.300048828125,1337.699951171875,117,-0.002014378687711371,-0.002016410277178946
2016-08-23,1337.0,1341.199951171875,1334.300048828125,1340.5999755859375,551,0.002167918456991824,0.0021655719125730603
2016-08-24,1337.199951171875,1337.199951171875,1322.9000244140625,1324.4000244140625,262,-0.012084105226687347,-0.012157711605415717
2016-08-25,1321.4000244140625,1324.0,1317.0,1320.0999755859375,58,-0.003246790055011828,-0.003252072314533185
2016-08-26,1323.800048828125,1340.5,1320.0999755859375,1321.5,141,0.0010605442314632896,0.0010599822517309905
2016-08-29,1315.0,1323.0,1315.0,1322.9000244140625,437,0.0010594206689840124,0.0010588598789471667
2016-08-30,1322.0,1322.0999755859375,1308.0,1311.699951171875,705,-0.008466303602306047,-0.008502346327262383
2016-08-31,1310.300048828125,1313.699951171875,1306.300048828125,1306.9000244140625,214,-0.003659317630929415,-0.003666029312143101
2016-09-01,1305.300048828125,1313.0999755859375,1301.5,1312.199951171875,225,0.004055342152272656,0.004047141416004483
2016-09-02,1309.5999755859375,1326.699951171875,1309.199951171875,1322.0999755859375,55,0.007544600504840071,0.007516282350036655
2016-09-06,1323.300048828125,1349.4000244140625,1323.199951171875,1349.4000244140625,46,0.02064900486517751,0.020438704235929906
2016-09-07,1348.4000244140625,1350.5,1343.9000244140625,1344.300048828125,14,-0.0037794393757715206,-0.003786599503307889
2016-09-08,1344.800048828125,1345.4000244140625,1335.699951171875,1336.800048828125,30,-0.00557911160275415,-0.005594732975239715
2016-09-09,1338.5,1338.5,1328.0,1330.0999755859375,35,-0.005012023487028561,-0.005024625803116637
2016-09-12,1327.0,1329.300048828125,1319.9000244140625,1321.0,177,-0.006841572628349835,-0.006865083481867175
2016-09-13,1324.5999755859375,1324.5999755859375,1315.0,1319.0,79,-0.0015140045420136694,-0.0015151518050107637
2016-09-14,1319.199951171875,1322.300048828125,1319.199951171875,1321.5,73,0.0018953752843062777,0.0018935813270292768
2016-09-15,1320.699951171875,1320.699951171875,1310.800048828125,1313.5,37,-0.006053726825577033,-0.006072124918749371
2016-09-16,1312.199951171875,1312.5999755859375,1305.800048828125,1305.800048828125,4,-0.005862163054339509,-0.0058794129797974425
2016-09-19,1313.5,1313.5,1313.5,1313.5,20,0.005896730650902571,0.005879412979797392
2016-09-20,1313.699951171875,1313.699951171875,1313.699951171875,1313.699951171875,97,0.00015222776693946116,0.00015221618146868613
2016-09-21,1326.300048828125,1326.9000244140625,1324.0,1326.9000244140625,76,0.010048012280439389,0.009997866634651048
2016-09-22,1338.5999755859375,1340.4000244140625,1338.199951171875,1340.4000244140625,23,0.010174089796977315,0.010122682135453616
2016-09-23,1337.199951171875,1337.199951171875,1337.199951171875,1337.199951171875,40,-0.0023874016591325375,-0.002390256046424515
2016-09-26,1335.199951171875,1341.800048828125,1335.199951171875,1339.699951171875,24,0.0018695782914208703,0.0018678328051372278
2016-09-27,1328.0,1328.699951171875,1325.9000244140625,1325.9000244140625,48,-0.010300759319832209,-0.010354179302007023
2016-09-28,1319.4000244140625,1319.4000244140625,1319.4000244140625,1319.4000244140625,10551,-0.0049023304022280945,-0.004914386241190314
2016-09-29,1321.199951171875,1325.0,1314.699951171875,1321.699951171875,6108,0.0017431610696185817,0.0017416435276520423
2016-09-30,1320.5999755859375,1327.699951171875,1312.9000244140625,1313.300048828125,868,-0.006355377660642536,-0.006375659049502699
2016-10-03,1313.5,1316.800048828125,1308.199951171875,1309.0,299,-0.003274231834501151,-0.0032796038609326033
2016-10-04,1307.5999755859375,1310.199951171875,1266.300048828125,1266.300048828125,1893,-0.03262028355376245,-0.03316418589365621
2016-10-05,1272.0999755859375,1274.0,1261.300048828125,1265.199951171875,246,-0.000868749596328322,-0.0008691271779573132
2016-10-06,1265.300048828125,1265.300048828125,1249.800048828125,1249.800048828125,114,-0.012171911901740162,-0.01224659627455489
2016-10-07,1253.9000244140625,1263.5999755859375,1248.9000244140625,1248.9000244140625,169,-0.0007201347246756917,-0.0007203941462396616
2016-10-11,1258.9000244140625,1258.9000244140625,1253.0,1253.0,26,0.0032828693296416134,0.003277492478576479
2016-10-12,1251.699951171875,1254.0,1251.0999755859375,1251.0999755859375,127,-0.001516380218725022,-0.0015175310867917425
2016-10-13,1258.699951171875,1259.0,1255.0,1255.0,315,0.003117276388912016,0.003112427756607694
2016-10-14,1253.9000244140625,1253.9000244140625,1250.5999755859375,1253.0999755859375,311,-0.0015139636765437725,-0.001515110877577383
2016-10-17,1249.9000244140625,1255.0,1249.9000244140625,1254.4000244140625,41,0.001037466166669665,0.0010369283705775325
2016-10-18,1260.9000244140625,1261.699951171875,1260.800048828125,1260.800048828125,11,0.0051020601797675535,0.005089088772620536
2016-10-19,1262.9000244140625,1271.5,1262.9000244140625,1267.9000244140625,219,0.005631325595630177,0.005615528957908329
2016-10-20,1270.0,1270.5,1265.5,1265.5999755859375,415,-0.0018140616640400786,-0.0018157090665284902
2016-10-21,1265.9000244140625,1265.9000244140625,1265.9000244140625,1265.9000244140625,224,0.00023708030492497478,0.00023705220583055664
2016-10-24,1269.199951171875,1269.199951171875,1261.800048828125,1262.0,42,-0.0030808312969798912,-0.003085586827556825
2016-10-25,1264.0999755859375,1274.0999755859375,1264.0999755859375,1271.9000244140625,61,0.007844710312252312,0.00781410055123449
2016-10-26,1274.0,1274.0,1264.800048828125,1264.800048828125,279,-0.005582180556375382,-0.005597819151719624
2016-10-27,1269.4000244140625,1269.4000244140625,1267.9000244140625,1267.9000244140625,338,0.0024509609948304423,0.0024479622887396643
2016-10-28,1270.300048828125,1281.5,1262.0,1275.5,560,0.005994144206637797,0.005976250792452862
2016-10-31,1276.5999755859375,1276.5999755859375,1271.5,1271.5,58,-0.0031360250882006557,-0.003140952719691709
2016-11-01,1279.300048828125,1290.699951171875,1279.0,1286.4000244140625,49,0.011718461985106066,0.011650332541120672
2016-11-02,1288.300048828125,1307.0,1288.300048828125,1306.800048828125,30,0.015858227632850497,0.01573379968826969
2016-11-03,1296.4000244140625,1303.0999755859375,1287.300048828125,1302.0999755859375,73,-0.003596627690978682,-0.003603111106642254
2016-11-04,1300.0,1303.300048828125,1296.699951171875,1303.300048828125,11,0.0009216444702315751,0.0009212200167436073
2016-11-07,1292.0,1294.5,1278.300048828125,1278.300048828125,34,-0.019182075549278865,-0.019368438629986755
2016-11-08,1284.0999755859375,1289.4000244140625,1273.199951171875,1273.4000244140625,50,-0.00383323494241794,-0.003840600616410818
2016-11-09,1272.199951171875,1318.5999755859375,1270.0,1272.5999755859375,108,-0.0006282776918377087,-0.0006284751409729952
2016-11-10,1274.4000244140625,1287.5,1253.300048828125,1265.5,63,-0.005579110264141374,-0.00559473162911677
2016-11-14,1227.800048828125,1229.5,1210.4000244140625,1221.199951171875,216,-0.03500596509531806,-0.03563335910818179
2016-11-15,1224.300048828125,1226.0,1222.5,1224.0,20,0.0022928668032111688,0.002290242195274511
2016-11-16,1229.300048828125,1229.300048828125,1223.0,1223.4000244140625,66,-0.000490176132301845,-0.0004902963078952605
2016-11-17,1224.5999755859375,1225.0,1211.0,1216.5,1139,-0.005640039460819257,-0.005656004540798839
2016-11-18,1211.9000244140625,1211.9000244140625,1207.199951171875,1208.5,607,-0.006576243321002928,-0.006597962080039653
2016-11-21,1209.5999755859375,1209.5999755859375,1209.5999755859375,1209.5999755859375,19,0.0009101990781443803,0.0009097850981472162
2016-11-22,1210.4000244140625,1211.0999755859375,1207.5999755859375,1211.0,19,0.0011574276143517803,0.0011567583114072402
2016-11-23,1212.800048828125,1213.800048828125,1186.800048828125,1189.0999755859375,309,-0.018084248071067344,-0.01824976664110634
2016-11-25,1177.0,1189.300048828125,1177.0,1178.199951171875,14,-0.0091666173054048,-0.009208889267384899
2016-11-28,1188.0,1190.5999755859375,1188.0,1190.5999755859375,189914,0.010524550100115881,0.010469552569008554
2016-11-29,1193.199951171875,1194.800048828125,1179.4000244140625,1187.9000244140625,42124,-0.002267723187669546,-0.0022702983658282566
2016-11-30,1187.0999755859375,1193.300048828125,1167.9000244140625,1170.800048828125,7158,-0.014395130258855082,-0.01449974532512753
2016-12-01,1172.699951171875,1174.5999755859375,1160.0,1166.9000244140625,1588,-0.0033310764019578443,-0.003336636788437604
2016-12-02,1172.300048828125,1177.300048828125,1166.4000244140625,1175.0999755859375,1521,0.007027124004040042,0.007002548829521464
2016-12-05,1181.800048828125,1186.699951171875,1157.0,1174.0,358,-0.0009360697887760283,-0.0009365081756959433
2016-12-06,1170.9000244140625,1174.5,1167.0999755859375,1167.5999755859375,652,-0.005451468836509821,-0.00546638231769391
2016-12-07,1167.699951171875,1178.5,1166.4000244140625,1175.0,182,0.00633780795545924,0.006317808507911521
2016-12-08,1173.800048828125,1177.800048828125,1169.0999755859375,1169.800048828125,322,-0.004425490359042605,-0.0044353118287595375
2016-12-09,1166.5999755859375,1168.800048828125,1156.0,1159.4000244140625,365,-0.008890429116053644,-0.008930184786370197
2016-12-12,1158.300048828125,1163.9000244140625,1153.0,1163.5,331,0.0035362907534950416,0.003530052779216629
2016-12-13,1163.5,1164.0,1155.4000244140625,1156.699951171875,637,-0.0058444768613020726,-0.005861622654292204
2016-12-14,1159.800048828125,1164.0,1142.0,1161.300048828125,487,0.003976915233366851,0.003969028209747736
2016-12-15,1139.800048828125,1143.300048828125,1123.9000244140625,1127.800048828125,244,-0.02884698061780422,-0.02927123362969974
2016-12-16,1126.9000244140625,1140.9000244140625,1126.9000244140625,1135.300048828125,146,0.0066501149807478566,0.006628100511391451
2016-12-19,1139.4000244140625,1140.699951171875,1137.9000244140625,1140.5,249,0.004580243942773121,0.0045697865449492924
2016-12-20,1133.5,1133.5,1126.5,1131.5,46,-0.007891275756247262,-0.007922576650850659
2016-12-21,1136.0999755859375,1136.0999755859375,1130.0,1131.0999755859375,50,-0.0003535346125165262,-0.00035359712061060043
2016-12-22,1131.199951171875,1132.800048828125,1128.300048828125,1128.800048828125,104,-0.0020333540866899202,-0.0020354241577117678
2016-12-23,1130.9000244140625,1132.800048828125,1130.300048828125,1131.9000244140625,70,0.002746257487458381,0.002742493412203079
2016-12-27,1134.300048828125,1142.199951171875,1134.300048828125,1137.300048828125,84,0.004770760930814522,0.0047594169162982715
2016-12-28,1141.199951171875,1141.199951171875,1138.0,1139.4000244140625,1570,0.0018464569557534727,0.0018447543496458321
2016-12-29,1143.800048828125,1158.800048828125,1143.5999755859375,1156.4000244140625,950,0.014920133083850207,0.01480992278090006
2016-12-30,1162.0,1162.0,1150.0,1150.0,16,-0.005534438151975407,-0.005549809897021
2017-01-03,1155.199951171875,1160.800048828125,1146.5,1160.4000244140625,52,0.009043499490489104,0.00900285192930361
2017-01-04,1156.300048828125,1165.0,1156.300048828125,1163.800048828125,36,0.0029300451073148714,0.0029257608917391607
2017-01-05,1172.0,1183.300048828125,1171.5,1179.699951171875,500,0.013662056776643228,0.013569572279167469
2017-01-06,1176.5,1176.5,1171.9000244140625,1171.9000244140625,16,-0.006611788658687612,-0.006633743360060724
2017-01-09,1173.9000244140625,1183.5999755859375,1173.0,1183.5,62,0.009898434460514194,0.009849765856593362
2017-01-10,1184.300048828125,1188.9000244140625,1182.300048828125,1184.199951171875,8,0.0005914247333123068,0.0005912499106309624
2017-01-11,1187.5,1197.0,1176.5,1195.5999755859375,20,0.009626773251241172,0.009580731125187961
2017-01-12,1192.699951171875,1204.300048828125,1192.300048828125,1198.9000244140625,110,0.002760161337831857,0.002756359087469122
2017-01-13,1195.699951171875,1196.0,1187.699951171875,1195.300048828125,65,-0.003002732098280614,-0.0030072493432917323
2017-01-17,1205.5,1214.5999755859375,1200.800048828125,1212.0,79,0.013971346515251781,0.013874646895225017
2017-01-18,1213.5999755859375,1214.699951171875,1203.0999755859375,1211.300048828125,114,-0.0005775174685437312,-0.0005776842959905698
2017-01-19,1200.5,1204.0,1195.800048828125,1200.9000244140625,26,-0.008585836700100824,-0.008622907336826992
2017-01-20,1202.800048828125,1212.0999755859375,1202.800048828125,1204.300048828125,38,0.0028312301981352483,0.0028272298148097597
2017-01-23,1212.0,1215.0,1210.0,1215.0,16,0.008884788456404058,0.008845550963396858
2017-01-24,1219.0,1219.0,1207.699951171875,1210.300048828125,24,-0.003868272569444442,-0.0038757736862718066
2017-01-25,1202.0,1202.800048828125,1194.9000244140625,1197.300048828125,403,-0.010741138127348893,-0.010799240583716598
2017-01-26,1199.699951171875,1199.699951171875,1185.5999755859375,1189.5,19,-0.006514698496637883,-0.0065360117616481
2017-01-27,1187.9000244140625,1188.300048828125,1187.9000244140625,1188.0999755859375,234352,-0.001176985636034078,-0.001177678827598852
2017-01-30,1191.699951171875,1198.5,1187.0999755859375,1193.199951171875,50503,0.00429254750503838,0.004283360803183659
2017-01-31,1194.9000244140625,1214.699951171875,1193.5,1208.5999755859375,3212,0.012906490985804764,0.012823912008577408
2017-02-01,1211.9000244140625,1211.9000244140625,1197.9000244140625,1205.5999755859375,1145,-0.0024822108725806036,-0.002485296665438633
2017-02-02,1209.699951171875,1224.199951171875,1208.9000244140625,1216.699951171875,1512,0.009207013777967843,0.009164887600060555
2017-02-03,1214.9000244140625,1220.5999755859375,1206.199951171875,1218.5,865,0.0014794517139506969,0.0014783584034642827
2017-02-06,1221.9000244140625,1235.4000244140625,1218.5,1230.0,908,0.009437833401723328,0.009393575301202162
2017-02-07,1234.199951171875,1236.199951171875,1228.5,1234.199951171875,1177,0.003414594448678754,0.0034087779579315197
2017-02-08,1232.0999755859375,1243.9000244140625,1231.0,1237.5999755859375,288,0.0027548408269131297,0.002751053207520085
2017-02-09,1239.4000244140625,1243.5,1226.9000244140625,1235.0999755859375,885,-0.002020038824593895,-0.002022081854817559
2017-02-10,1227.5999755859375,1234.4000244140625,1221.5,1234.4000244140625,391,-0.0005667162057411135,-0.000566876850066067
2017-02-13,1230.5,1231.0999755859375,1219.0,1224.4000244140625,398,-0.008101101589613746,-0.008134093816160818
2017-02-14,1225.9000244140625,1233.5,1222.0999755859375,1223.9000244140625,159,-0.0004083632718312469,-0.00040844667481872133
2017-02-15,1225.5,1231.699951171875,1217.300048828125,1231.699951171875,175,0.006373009724831569,0.006352787968514301
2017-02-16,1234.5,1240.699951171875,1233.199951171875,1240.0,87,0.00673869380300629,0.0067160902945164426
2017-02-17,1240.699951171875,1241.199951171875,1234.800048828125,1237.5999755859375,301,-0.0019355035597278247,-0.001937379067167637
2017-02-21,1237.300048828125,1237.5,1228.0999755859375,1237.5,119,-8.078182604209783e-05,-8.078508906953723e-05
2017-02-22,1236.0999755859375,1238.5999755859375,1231.800048828125,1232.0,36,-0.004444444444444473,-0.004454350349380309
2017-02-23,1236.0999755859375,1250.300048828125,1236.0999755859375,1250.199951171875,112,0.014772687639508897,0.014664634347995097
2017-02-24,1250.0,1258.800048828125,1250.0,1256.9000244140625,1264,0.005359201330880969,0.005344891913360862
2017-02-27,1254.699951171875,1263.0999755859375,1250.4000244140625,1257.4000244140625,544,0.00039780411352374756,0.00039772501044503744
2017-02-28,1253.5999755859375,1257.300048828125,1247.199951171875,1252.5999755859375,721,-0.003817439744652318,-0.00382474476466306
2017-03-01,1247.800048828125,1248.9000244140625,1236.9000244140625,1248.9000244140625,138,-0.002953817055715846,-0.002958188183111069
2017-03-02,1247.199951171875,1247.5999755859375,1230.699951171875,1231.9000244140625,79,-0.013611978275023029,-0.013705470631345843
2017-03-03,1231.699951171875,1235.199951171875,1222.9000244140625,1225.5,121,-0.005195246600556369,-0.005208788817978716
2017-03-06,1235.199951171875,1235.199951171875,1224.5,1224.5,29,-0.00081599347205219,-0.0008163265759448011
2017-03-07,1224.300048828125,1225.4000244140625,1213.699951171875,1215.0999755859375,53,-0.0076766226329624265,-0.007706239569881471
2017-03-08,1212.199951171875,1212.199951171875,1206.699951171875,1208.5,24,-0.0054316317328167996,-0.005446436678803248
2017-03-09,1204.5,1205.5999755859375,1202.300048828125,1202.4000244140625,37,-0.005047559442232119,-0.00506034140032999
2017-03-10,1196.199951171875,1203.300048828125,1196.199951171875,1200.699951171875,3,-0.0014138998733104202,-0.001414900372918341
2017-03-13,1206.199951171875,1210.0,1202.300048828125,1202.4000244140625,35,0.001415901816709697,0.001414900372918352
2017-03-14,1203.0999755859375,1205.9000244140625,1196.800048828125,1201.9000244140625,22,-0.00041583498823005716,-0.00041592147157480674
2017-03-15,1198.199951171875,1221.199951171875,1197.699951171875,1200.0999755859375,36,-0.0014976693498300886,-0.001498791977594266
2017-03-16,1222.199951171875,1231.4000244140625,1222.199951171875,1226.5,47,0.021998187610305475,0.021759718404505305
2017-03-17,1227.0999755859375,1230.9000244140625,1227.0999755859375,1229.800048828125,26,0.002690622770586959,0.0026870095249430263
2017-03-20,1229.300048828125,1234.4000244140625,1229.300048828125,1233.5999755859375,23,0.00308987364363289,0.0030851097946710264
2017-03-21,1226.4000244140625,1246.0999755859375,1226.4000244140625,1246.0999755859375,11,0.010132944428815183,0.010081950338285382
2017-03-22,1247.9000244140625,1249.5,1247.699951171875,1249.300048828125,3,0.002568071025507157,0.0025647791657264977
2017-03-23,1246.4000244140625,1247.5,1244.800048828125,1246.9000244140625,16,-0.0019210952695581929,-0.0019229429398218444
2017-03-24,1248.0,1248.300048828125,1247.5999755859375,1248.199951171875,3,0.001042526852482295,0.0010419837987625065
2017-03-27,1255.800048828125,1257.699951171875,1253.800048828125,1255.4000244140625,72,0.005768365265058417,0.0057517919495583296
2017-03-28,1255.9000244140625,1255.9000244140625,1255.300048828125,1255.300048828125,19,-7.963643778341467e-05,-7.963960893288656e-05
2017-03-29,1252.199951171875,1253.4000244140625,1252.0999755859375,1253.4000244140625,190678,-0.0015136018004908713,-0.0015147484528922495
2017-03-30,1253.0999755859375,1253.5999755859375,1241.0999755859375,1245.0,51328,-0.0067017905301137715,-0.006724348370036059
2017-03-31,1242.0999755859375,1248.800048828125,1238.699951171875,1247.300048828125,8223,0.0018474287776104603,0.0018457243799123385
2017-04-03,1247.5,1252.4000244140625,1243.5999755859375,1250.800048828125,1160,0.0028060609821096705,0.0028021313424812086
2017-04-04,1253.0999755859375,1260.300048828125,1253.0,1255.0,724,0.0033578118067791873,0.003352186944682863
2017-04-05,1255.4000244140625,1255.4000244140625,1243.0,1245.4000244140625,907,-0.007649382937002014,-0.0076787895241424015
2017-04-06,1256.0999755859375,1257.5,1249.0,1250.300048828125,169,0.003934498408547871,0.00392677851233867
2017-04-07,1249.5,1269.0999755859375,1249.5,1254.300048828125,445,0.0031992320593356993,0.003194125405133405
2017-04-10,1252.699951171875,1255.199951171875,1246.800048828125,1251.0999755859375,182,-0.0025512820837225725,-0.0025545421499374417
2017-04-11,1254.5,1273.5,1254.5,1271.199951171875,401,0.01606584284083601,0.0159381530021803
2017-04-12,1275.0,1285.0999755859375,1272.0,1275.300048828125,492,0.0032253758761320306,0.003220185508956306
2017-04-13,1285.300048828125,1287.5999755859375,1282.0,1285.9000244140625,915,0.008311750317643085,0.00827739794195269
2017-04-17,1291.800048828125,1294.800048828125,1284.300048828125,1289.4000244140625,73,0.0027218290174579884,0.002718131548590306
2017-04-18,1283.9000244140625,1291.699951171875,1278.5999755859375,1291.699951171875,394,0.0017837185623272855,0.0017821296255692255
2017-04-19,1288.0,1288.0,1274.0,1281.4000244140625,194,-0.007973931367317943,-0.008005893178956763
2017-04-20,1279.699951171875,1281.9000244140625,1276.199951171875,1281.9000244140625,127,0.00039019821326169435,0.00039012210573624806
2017-04-21,1279.800048828125,1287.4000244140625,1279.199951171875,1287.4000244140625,474,0.0042905061980273995,0.004281328219062014
2017-04-24,1275.0,1276.4000244140625,1265.0,1275.800048828125,605,-0.009010389440700095,-0.009051228501958202
2017-04-25,1275.5999755859375,1276.9000244140625,1262.0999755859375,1265.5999755859375,356,-0.00799504064258083,-0.008027172357523912
2017-04-26,1266.0,1266.0,1262.0999755859375,1262.0999755859375,1156,-0.002765486779011339,-0.002769317802300099
2017-04-27,1266.699951171875,1267.199951171875,1262.199951171875,1263.699951171875,206,0.0012677090697150728,0.0012669062050332798
2017-04-28,1265.9000244140625,1267.199951171875,1264.699951171875,1266.0999755859375,85,0.0018992043260244174,0.0018974031177029385
2017-05-01,1268.699951171875,1269.300048828125,1253.300048828125,1253.300048828125,34,-0.010109728303160925,-0.01016117866619856
2017-05-02,1256.199951171875,1256.199951171875,1251.199951171875,1255.0999755859375,90,0.0014361499143764611,0.0014351196373916847
2017-05-03,1255.0999755859375,1255.800048828125,1238.699951171875,1246.4000244140625,195,-0.0069316798192219364,-0.006955815510367903
2017-05-04,1239.800048828125,1239.800048828125,1224.199951171875,1226.5,72,-0.015966001303167165,-0.016094831005602106
2017-05-05,1227.0,1233.699951171875,1224.800048828125,1224.800048828125,16,-0.0013860180773542785,-0.0013869794888681627
2017-05-08,1224.0,1234.0,1224.0,1225.300048828125,43,0.0004082298988135058,0.0004081465956588177
2017-05-09,1226.0999755859375,1226.199951171875,1214.0,1214.300048828125,55,-0.008977392933690265,-0.009017932534638276
2017-05-10,1219.800048828125,1220.199951171875,1217.300048828125,1217.300048828125,23,0.002470559070548717,0.002467512256678818
2017-05-11,1218.5,1222.699951171875,1218.300048828125,1222.699951171875,13,0.004435966587652995,0.0044261566880950615
2017-05-12,1228.0,1229.5,1226.0999755859375,1226.199951171875,29,0.002862517493883443,0.0028584282924305183
2017-05-15,1227.5,1232.699951171875,1227.5,1228.5999755859375,13,0.001957286339612674,0.0019553733504766723
2017-05-16,1230.4000244140625,1237.300048828125,1230.4000244140625,1235.0,20,0.005209201156796572,0.005195680203699949
2017-05-17,1241.0,1259.199951171875,1240.699951171875,1257.5,26,0.018218623481781382,0.018054652911816706
2017-05-18,1254.800048828125,1260.0,1245.800048828125,1251.699951171875,43,-0.004612364873260444,-0.0046230346493643755
2017-05-19,1252.699951171875,1252.699951171875,1252.699951171875,1252.699951171875,14,0.0007989135088355415,0.000798594547308718
2017-05-22,1251.699951171875,1260.699951171875,1251.699951171875,1260.699951171875,14,0.006386206044405318,0.00636590063442143
2017-05-23,1261.5,1261.5999755859375,1250.5999755859375,1254.800048828125,20,-0.004679862435360449,-0.004690847276663877
2017-05-24,1251.9000244140625,1257.800048828125,1249.699951171875,1252.4000244140625,14,-0.001912674785360391,-0.0019145062835238531
2017-05-25,1257.0999755859375,1258.300048828125,1255.800048828125,1255.800048828125,11,0.002714807048692869,0.0027111286160230396
2017-05-26,1267.5999755859375,1267.5999755859375,1267.5999755859375,1267.5999755859375,271457,0.009396342012268466,0.009352470994601849
2017-05-30,1267.4000244140625,1270.0,1258.4000244140625,1262.0999755859375,129819,-0.004338908256492857,-0.0043483486361126054
2017-05-31,1262.4000244140625,1273.199951171875,1258.5,1272.0,2712,0.007844088903865343,0.007813483979482729
2017-06-01,1268.0,1269.199951171875,1260.800048828125,1267.0,825,-0.0039308176100628645,-0.003938563578928373
2017-06-02,1265.199951171875,1279.0,1259.0,1276.800048828125,1732,0.007734845168212212,0.007705084616983541
2017-06-05,1279.199951171875,1282.0,1277.0,1279.300048828125,433,0.001958019975245584,0.0019561055527115654
2017-06-06,1279.4000244140625,1295.199951171875,1279.4000244140625,1294.4000244140625,942,0.011803310411634405,0.011734194674689481
2017-06-07,1291.5999755859375,1293.0999755859375,1284.300048828125,1290.0999755859375,641,-0.0033220401321233384,-0.0033275703585958936
2017-06-08,1285.4000244140625,1287.5999755859375,1268.0999755859375,1276.300048828125,319,-0.010696788635737198,-0.01075441056072261
2017-06-09,1277.9000244140625,1277.9000244140625,1264.5999755859375,1268.5,467,-0.006111453835081271,-0.0061302052068687345
2017-06-12,1266.4000244140625,1269.300048828125,1263.199951171875,1266.0999755859375,255,-0.0018920176697378999,-0.00189380979601569
2017-06-13,1264.0999755859375,1266.9000244140625,1259.699951171875,1265.800048828125,150,-0.000236890264272982,-0.0002369183272036132
2017-06-14,1269.4000244140625,1278.0,1256.800048828125,1272.800048828125,336,0.005530099328468596,0.0055148644702221845
2017-06-15,1263.199951171875,1264.199951171875,1250.300048828125,1252.199951171875,743,-0.016184865545233573,-0.016317271069001
2017-06-16,1252.800048828125,1255.300048828125,1251.300048828125,1254.0,34,0.001437509102631962,0.0014364768755273823
2017-06-19,1252.0999755859375,1252.199951171875,1241.9000244140625,1244.199951171875,108,-0.007815030963417069,-0.007845728356542297
2017-06-20,1242.199951171875,1245.5,1240.5,1241.0,75,-0.002571894629043392,-0.002575207631716499
2017-06-21,1244.0999755859375,1245.0,1240.0,1243.4000244140625,205,0.0019339439275281034,0.0019320762655520435
2017-06-22,1251.0,1252.699951171875,1246.300048828125,1247.5999755859375,156,0.0033777956324667624,0.003372103694666421
2017-06-23,1250.0,1273.5999755859375,1249.800048828125,1256.199951171875,269,0.0068932155772916115,0.0068695659857476036
2017-06-26,1260.199951171875,1260.199951171875,1241.5999755859375,1246.300048828125,194,-0.00788083324992539,-0.00791205113977467
2017-06-27,1251.5999755859375,1251.800048828125,1245.9000244140625,1246.4000244140625,111,8.02179106320633e-05,8.021469334752496e-05
2017-06-28,1248.5,1248.5,1248.0,1248.0,370,0.0012836774346900448,0.0012828542252268432
2017-06-29,1248.199951171875,1250.699951171875,1238.0999755859375,1244.199951171875,540,-0.0030449109199719437,-0.003049556093049251
2017-06-30,1243.699951171875,1243.699951171875,1239.0999755859375,1240.699951171875,43,-0.002813052674293548,-0.002817016742802062
2017-07-03,1236.0,1236.0,1217.9000244140625,1217.9000244140625,33,-0.018376664508028218,-0.018547612954424916
2017-07-05,1222.5,1225.0,1217.0999755859375,1220.4000244140625,40,0.0020527136463461826,0.0020506097083853696
2017-07-06,1225.0999755859375,1225.0999755859375,1222.199951171875,1222.199951171875,5,0.0014748662092798348,0.001473779662321924
2017-07-07,1219.0999755859375,1220.4000244140625,1208.5999755859375,1208.5999755859375,116,-0.0111274555140487,-0.011189828782629333
2017-07-10,1211.4000244140625,1212.0999755859375,1209.5999755859375,1212.0999755859375,28,0.00289591268467726,0.0028917276073374782
2017-07-11,1208.699951171875,1214.9000244140625,1208.699951171875,1213.5999755859375,12,0.0012375216815549983,0.0012367565827513586
2017-07-12,1218.300048828125,1219.4000244140625,1217.9000244140625,1218.0999755859375,7,0.0037079763435454716,0.0037011187459087707
2017-07-13,1221.4000244140625,1221.4000244140625,1216.300048828125,1216.300048828125,7,-0.0014776510909514373,-0.0014787438939784538
2017-07-14,1214.9000244140625,1227.5,1214.800048828125,1226.5999755859375,23,0.008468244959569216,0.008432590518839307
2017-07-17,1229.9000244140625,1233.4000244140625,1229.9000244140625,1232.800048828125,7,0.005054682345991157,0.005041950325371254
2017-07-18,1236.199951171875,1241.199951171875,1236.199951171875,1241.0999755859375,29,0.006732581464206078,0.006710018850761259
2017-07-19,1240.4000244140625,1241.199951171875,1240.0999755859375,1241.199951171875,3,8.055401490958403e-05,8.055077060915145e-05
2017-07-20,1236.5999755859375,1244.800048828125,1236.5999755859375,1244.800048828125,5,0.002900497742407193,0.0028962994150305284
2017-07-21,1250.699951171875,1254.300048828125,1250.5,1254.300048828125,16,0.00763174777261888,0.00760277330940865
2017-07-24,1256.0,1256.0,1253.9000244140625,1253.9000244140625,8,-0.00031892242564790507,-0.0003189732922199768
2017-07-25,1252.699951171875,1253.5999755859375,1249.199951171875,1251.699951171875,18,-0.0017545842566001335,-0.001756125342464039
2017-07-26,1244.800048828125,1249.0,1244.800048828125,1249.0,7,-0.0021570274644072684,-0.0021593571989522043
2017-07-27,1259.5999755859375,1259.5999755859375,1259.5999755859375,1259.5999755859375,220309,0.008486769884657797,0.008450959718898568
2017-07-28,1258.4000244140625,1270.0,1256.9000244140625,1268.4000244140625,64180,0.0069863837715871124,0.0069620920676366025
2017-07-31,1268.9000244140625,1270.800048828125,1265.800048828125,1266.5999755859375,7780,-0.0014191491591594163,-0.0014201571050572992
2017-08-01,1268.4000244140625,1273.300048828125,1262.0,1272.5999755859375,1061,0.004737091517173164,0.004725906807239984
2017-08-02,1268.5,1272.0999755859375,1262.9000244140625,1271.800048828125,393,-0.0006285767508711348,-0.0006287743880614377
2017-08-03,1265.9000244140625,1269.800048828125,1256.5999755859375,1267.800048828125,878,-0.003145148487520233,-0.003150104862108906
2017-08-04,1269.0,1269.5999755859375,1253.9000244140625,1258.300048828125,521,-0.00749329518387476,-0.0075215109613676855
2017-08-07,1258.699951171875,1259.0999755859375,1255.300048828125,1258.199951171875,260,-7.954991048697568e-05,-7.955307474891721e-05
2017-08-08,1256.9000244140625,1264.0999755859375,1251.4000244140625,1256.4000244140625,555,-0.0014305570081576402,-0.0014315812317578045
2017-08-09,1260.199951171875,1277.800048828125,1260.199951171875,1273.0,574,0.013212333065401705,0.013125811461155778
2017-08-10,1276.5999755859375,1287.4000244140625,1274.9000244140625,1283.699951171875,608,0.008405303355754068,0.008370175496451656
2017-08-11,1286.300048828125,1291.0999755859375,1282.0,1287.699951171875,139,0.003115992951739477,0.003111148307012124
2017-08-14,1288.4000244140625,1288.4000244140625,1278.800048828125,1284.199951171875,338,-0.002718024487626036,-0.0027217250231354575
2017-08-15,1280.5,1280.5,1267.4000244140625,1273.699951171875,188,-0.008176296837901553,-0.008209906077677841
2017-08-16,1271.300048828125,1282.5999755859375,1269.4000244140625,1276.9000244140625,110,0.0025124231489868087,0.0025092722903703076
2017-08-17,1283.800048828125,1288.5,1283.199951171875,1286.4000244140625,43,0.007439893349801885,0.007412353852867797
2017-08-18,1288.5999755859375,1300.699951171875,1284.300048828125,1285.699951171875,358,-0.0005442111543074724,-0.0005443592909452205
2017-08-21,1285.199951171875,1290.800048828125,1284.699951171875,1290.800048828125,18,0.003966786847585668,0.003958939893256818
2017-08-22,1287.199951171875,1288.4000244140625,1283.199951171875,1285.0999755859375,100,-0.004415922704188335,-0.004425701690303351
2017-08-23,1289.4000244140625,1289.4000244140625,1286.9000244140625,1288.9000244140625,250,0.002957006381073546,0.0029526430372122
2017-08-24,1288.699951171875,1288.699951171875,1284.0,1286.5,550,-0.001862071819847766,-0.0018638076307166027
2017-08-25,1285.4000244140625,1292.699951171875,1280.300048828125,1292.5,280,0.004663816556548683,0.004652974660785244
2017-08-28,1293.5,1311.300048828125,1293.5,1309.699951171875,145,0.013307505742263137,0.013219738670856719
2017-08-29,1318.800048828125,1323.800048828125,1313.0999755859375,1313.0999755859375,1178,0.002596033092175265,0.002592669218827388
2017-08-30,1308.199951171875,1312.5,1304.9000244140625,1308.0999755859375,1178,-0.003807783179471058,-0.003815051241845523
2017-08-31,1306.5999755859375,1322.300048828125,1301.699951171875,1316.199951171875,373,0.006192168593466496,0.006173075893794918
2017-09-01,1320.199951171875,1327.699951171875,1316.9000244140625,1324.5,313,0.006306069849596252,0.006286269787906836
2017-09-05,1335.199951171875,1339.199951171875,1328.5999755859375,1339.199951171875,39,0.011098490880992795,0.011037354562418965
2017-09-06,1340.0,1340.300048828125,1332.5999755859375,1333.9000244140625,20,-0.003957532072170977,-0.003965383824776996
2017-09-07,1336.4000244140625,1349.0,1336.4000244140625,1345.0999755859375,26,0.008396394757391734,0.008361341114399392
2017-09-08,1351.0,1355.800048828125,1345.5999755859375,1346.0,37,0.0006691133970695429,0.0006688896405072527
2017-09-11,1331.0,1331.0,1327.300048828125,1331.0,9,-0.011144130757800852,-0.011206691809561442
2017-09-12,1327.0,1328.0,1325.199951171875,1328.0,15,-0.002253944402704766,-0.002256488358732504
2017-09-13,1323.4000244140625,1323.4000244140625,1323.4000244140625,1323.4000244140625,16,-0.0034638370376035565,-0.003469850010435886
2017-09-14,1319.5999755859375,1329.300048828125,1319.5999755859375,1324.699951171875,316,0.0009822629090459056,0.000981780804511102
2017-09-15,1320.5999755859375,1321.199951171875,1319.800048828125,1320.4000244140625,15,-0.003245962796336377,-0.0032512423615178305
2017-09-18,1309.800048828125,1310.4000244140625,1306.0,1306.300048828125,129,-0.010678563560459264,-0.010735988597467801
2017-09-19,1307.9000244140625,1310.300048828125,1305.0999755859375,1306.199951171875,20,-7.662684873954717e-05,-7.662978472650562e-05
2017-09-20,1312.0,1312.0,1298.699951171875,1312.0,12,0.004440398901348397,0.004430569417291893
2017-09-21,1299.0999755859375,1304.0999755859375,1290.300048828125,1290.5999755859375,336,-0.01631099421803539,-0.01644548291912643
2017-09-22,1295.0,1295.699951171875,1293.300048828125,1293.300048828125,209,0.0020921069992749786,0.0020899215909679653
2017-09-25,1293.0999755859375,1309.199951171875,1291.0,1306.800048828125,51,0.010438412967070265,0.010384308915688903
2017-09-26,1304.5,1305.5999755859375,1297.0,1297.0,39,-0.0074992718564046434,-0.007527532775120786
2017-09-27,1283.4000244140625,1283.4000244140625,1283.4000244140625,1283.4000244140625,19488,-0.010485717491085178,-0.0105410799770725
2017-09-28,1283.0999755859375,1288.0,1277.0,1285.5,5226,0.0016362595807930536,0.0016349223665728455
2017-09-29,1284.199951171875,1289.4000244140625,1281.5,1281.5,492,-0.003111629716063824,-0.0031164809018184073
2017-10-02,1275.0,1276.0999755859375,1270.4000244140625,1272.699951171875,136,-0.00686699089202103,-0.006890677171902543
2017-10-03,1269.699951171875,1273.300048828125,1268.5999755859375,1271.5,192,-0.0009428390177670387,-0.0009432837700489293
2017-10-04,1273.800048828125,1280.800048828125,1270.0,1273.699951171875,218,0.0017302014721785053,0.0017287063978827545
2017-10-05,1277.800048828125,1277.800048828125,1267.5999755859375,1269.9000244140625,36,-0.0029833767005458256,-0.0029878358398845554
2017-10-06,1267.5999755859375,1272.0,1260.5,1271.5999755859375,46,0.0013386496095701972,0.0013377544169920026
2017-10-09,1280.5999755859375,1284.0,1279.0,1281.800048828125,19,0.008021448126787956,0.007989447326364975
2017-10-10,1282.5999755859375,1293.0,1281.699951171875,1290.5999755859375,18,0.00686528820611132,0.006841829421378427
2017-10-11,1287.300048828125,1292.0,1284.9000244140625,1285.800048828125,21,-0.003719143691780502,-0.003726076902423367
2017-10-12,1291.5,1294.5,1289.300048828125,1293.300048828125,14,0.005832944248863159,0.005815998493391344
2017-10-13,1293.300048828125,1301.699951171875,1291.699951171875,1301.5,74,0.006340331603099436,0.006320316258744202
2017-10-16,1302.0,1303.800048828125,1291.9000244140625,1299.9000244140625,173,-0.00122933199073183,-0.0012300882391540026
2017-10-17,1295.0999755859375,1295.0999755859375,1283.0,1283.0,571,-0.013001018614243298,-0.013086271579829653
2017-10-18,1279.9000244140625,1279.9000244140625,1279.9000244140625,1279.9000244140625,163,-0.0024161929742303467,-0.002419116678913994
2017-10-19,1286.4000244140625,1286.9000244140625,1285.0999755859375,1286.9000244140625,134,0.005469177175150497,0.005454275534116093
2017-10-20,1279.5999755859375,1279.5999755859375,1277.4000244140625,1277.4000244140625,304,-0.007382080829725246,-0.007409463231041783
2017-10-23,1274.699951171875,1280.800048828125,1271.5,1277.699951171875,115,0.00023479470180065576,0.00023476714183852992
2017-10-24,1275.5,1275.5,1273.699951171875,1275.0,111,-0.0021131339712415764,-0.0021153697891088514
2017-10-25,1269.9000244140625,1275.4000244140625,1269.9000244140625,1275.4000244140625,105,0.0003137446384804399,0.000313695430923488
2017-10-26,1273.5,1273.5,1264.699951171875,1266.300048828125,39,-0.00713499718656363,-0.007160573007206216
2017-10-27,1268.4000244140625,1268.5,1267.0999755859375,1268.5,567,0.0017373063942554001,0.0017357990230928244
2017-10-30,1270.0,1274.0999755859375,1267.9000244140625,1274.0999755859375,222,0.004414643741377677,0.004404927786188189
2017-10-31,1273.0999755859375,1274.5999755859375,1266.0999755859375,1267.0,235,-0.005572541968437261,-0.005588126504385657
2017-11-01,1272.199951171875,1274.800048828125,1270.300048828125,1274.0999755859375,78,0.005603769207527698,0.005588126504385709
2017-11-02,1274.9000244140625,1274.9000244140625,1274.9000244140625,1274.9000244140625,70,0.0006279325354803245,0.0006277354683380319
2017-11-03,1265.300048828125,1267.9000244140625,1265.300048828125,1266.5,75,-0.0065887710825977,-0.006610572852132713
2017-11-06,1269.0,1280.5,1269.0,1279.4000244140625,128,0.010185570007155587,0.010134046656738413
2017-11-07,1276.800048828125,1276.800048828125,1270.4000244140625,1273.699951171875,11,-0.004455270543548773,-0.004465224838411223
2017-11-08,1275.9000244140625,1284.9000244140625,1274.699951171875,1281.5999755859375,15,0.006202421855158402,0.006183266004363352
2017-11-09,1279.699951171875,1286.9000244140625,1279.699951171875,1285.5999755859375,18,0.0031210986861724965,0.0031162381684789577
2017-11-10,1283.5,1283.5,1272.4000244140625,1272.4000244140625,10,-0.010267541554563886,-0.010320616370498838
2017-11-13,1277.300048828125,1277.300048828125,1277.0,1277.300048828125,3,0.003851009368157632,0.0038436132139390324
2017-11-14,1276.9000244140625,1281.5,1276.9000244140625,1281.5,4,0.003288147664073371,0.0032827535277863674
2017-11-15,1281.4000244140625,1284.699951171875,1275.9000244140625,1276.5,13,-0.003901677721420249,-0.003909309122587321
2017-11-16,1277.5,1277.5,1277.4000244140625,1277.4000244140625,43,0.0007050720047492298,0.0007048235582582072
2017-11-17,1288.300048828125,1295.800048828125,1288.300048828125,1295.800048828125,1,0.014404277487392703,0.01430152145789673
2017-11-20,1274.5999755859375,1275.9000244140625,1274.5999755859375,1274.5999755859375,1,-0.016360605373768933,-0.016495917971793554
2017-11-21,1281.0999755859375,1281.0999755859375,1281.0999755859375,1281.0999755859375,4,0.0050996392001434465,0.005086680079378604
2017-11-22,1284.699951171875,1291.5999755859375,1282.9000244140625,1291.5999755859375,4,0.008196081648661036,0.008162676176655977
2017-11-24,1286.699951171875,1286.699951171875,1286.699951171875,1286.699951171875,0,-0.003793763167144415,-0.0038009777393278247
2017-11-27,1293.800048828125,1293.800048828125,1293.800048828125,1293.800048828125,1,0.005518067867946508,0.00550289910736466
2017-11-28,1294.699951171875,1294.699951171875,1294.699951171875,1294.699951171875,275442,0.0006955497834191249,0.000695308000776598
2017-11-29,1293.4000244140625,1296.199951171875,1281.0999755859375,1282.0999755859375,47244,-0.009731965753557725,-0.009779630834338625
2017-11-30,1283.0999755859375,1284.5,1269.699951171875,1273.199951171875,3049,-0.00694175538845565,-0.00696596145918346
2017-12-01,1274.0999755859375,1288.5999755859375,1271.0,1278.800048828125,823,0.004398443191185875,0.004388798311228533
2017-12-04,1272.5,1276.0999755859375,1270.300048828125,1274.300048828125,850,-0.0035189238568795744,-0.0035251298326162196
2017-12-05,1275.4000244140625,1275.800048828125,1260.0,1261.5999755859375,1499,-0.009966313078200728,-0.010016309238676628
2017-12-06,1264.9000244140625,1267.800048828125,1261.5999755859375,1262.800048828125,373,0.0009512311869142032,0.000950779053228449
2017-12-07,1262.300048828125,1262.4000244140625,1243.9000244140625,1249.800048828125,358,-0.010294583067259166,-0.010347938786658826
2017-12-08,1246.300048828125,1249.300048828125,1241.5,1245.199951171875,157,-0.0036806668879260096,-0.003687457209357425
2017-12-11,1248.4000244140625,1249.199951171875,1239.9000244140625,1243.699951171875,146,-0.0012046258101667817,-0.0012053519550518667
2017-12-12,1241.300048828125,1244.4000244140625,1236.5,1238.5,692,-0.004181033509710552,-0.004189798469908035
2017-12-13,1241.9000244140625,1254.5,1239.800048828125,1245.4000244140625,349,0.005571275263675846,0.005555813112327661
2017-12-14,1252.9000244140625,1257.699951171875,1250.300048828125,1253.800048828125,139,0.0067448404122318895,0.006722195742235451
2017-12-15,1253.0999755859375,1260.300048828125,1253.0999755859375,1254.300048828125,578,0.00039878766990586456,0.00039870817523665717
2017-12-18,1256.199951171875,1262.4000244140625,1255.699951171875,1262.199951171875,45,0.006298255629608507,0.006278504505989414
2017-12-19,1261.0999755859375,1264.300048828125,1259.5,1260.699951171875,329,-0.001188401250219795,-0.001189107958943395
2017-12-20,1261.300048828125,1266.5999755859375,1261.300048828125,1266.0999755859375,63,0.004283354186730204,0.004274206737060993
2017-12-21,1266.4000244140625,1267.4000244140625,1264.300048828125,1267.300048828125,226,0.0009478503003936822,0.0009474013739520169
2017-12-22,1266.300048828125,1276.300048828125,1266.300048828125,1275.4000244140625,119,0.006391521560681346,0.006371182406177087
2017-12-26,1282.4000244140625,1284.0999755859375,1281.800048828125,1284.0999755859375,84,0.006821350952907368,0.006798190801191451
2017-12-27,1284.0,1287.0,1284.0,1287.0,456,0.0022584101465614737,0.002255863771485303
2017-12-28,1288.199951171875,1294.0999755859375,1288.199951171875,1294.0999755859375,245,0.005516686546960026,0.005501525365828419
2017-12-29,1294.199951171875,1306.300048828125,1294.0,1306.300048828125,65,0.009427458057607696,0.009383296909513904
2018-01-02,1302.300048828125,1317.5999755859375,1302.300048828125,1313.699951171875,68,0.005664779964134947,0.005648795435594413
2018-01-03,1320.0,1320.0999755859375,1312.0999755859375,1316.199951171875,42,0.0019030220696665268,0.0019012136171542553
2018-01-04,1319.4000244140625,1322.0,1319.4000244140625,1319.4000244140625,2,0.002431297189563253,0.0024283463684654956
2018-01-05,1320.300048828125,1320.300048828125,1320.300048828125,1320.300048828125,1,0.0006821467313995466,0.0006819141750703172
2018-01-08,1319.9000244140625,1319.9000244140625,1314.5999755859375,1318.5999755859375,41,-0.0012876415809394137,-0.0012884713036933884
2018-01-09,1309.5999755859375,1311.699951171875,1309.5999755859375,1311.699951171875,16,-0.005232841302758584,-0.005246580568031189
2018-01-10,1320.300048828125,1320.699951171875,1315.300048828125,1317.4000244140625,70,0.004345561831495814,0.004336147142567866
2018-01-11,1317.0999755859375,1320.5999755859375,1316.300048828125,1320.5999755859375,9,0.0024289897620870526,0.002426044534775419
2018-01-12,1327.800048828125,1338.199951171875,1327.800048828125,1333.4000244140625,14,0.00969260113945225,0.009645929220218629
2018-01-16,1331.0999755859375,1335.4000244140625,1331.0,1335.4000244140625,13,0.001499924976286815,0.0014988012123869202
2018-01-17,1334.4000244140625,1338.0,1326.800048828125,1338.0,27,0.0019469638598204053,0.0019450709821960197
2018-01-18,1328.9000244140625,1328.9000244140625,1326.0,1326.0,211,-0.008968609865470878,-0.009009069942365968
2018-01-19,1330.0999755859375,1333.0,1330.0999755859375,1331.9000244140625,50,0.004449490508342757,0.004439620791428774
2018-01-22,1328.4000244140625,1330.9000244140625,1328.4000244140625,1330.9000244140625,162,-0.000750807103888973,-0.0007510891007015731
2018-01-23,1335.800048828125,1335.9000244140625,1335.699951171875,1335.699951171875,47,0.0036065269139398115,0.003600038990317503
2018-01-24,1355.9000244140625,1357.199951171875,1355.9000244140625,1355.9000244140625,18,0.015123211784551671,0.015009996047209607
2018-01-25,1356.300048828125,1362.4000244140625,1346.699951171875,1362.4000244140625,4,0.0047938637679492135,0.0047824097943095206
2018-01-26,1351.5999755859375,1352.0,1350.9000244140625,1351.5999755859375,280546,-0.007927223014231655,-0.007958810491319437
2018-01-30,1338.699951171875,1347.800048828125,1332.800048828125,1335.4000244140625,52100,-0.011985758704125549,-0.012058167071074382
2018-01-31,1337.5,1346.9000244140625,1331.800048828125,1339.0,4881,0.0026958031452164466,0.0026921759851948287
2018-02-01,1343.800048828125,1350.5999755859375,1336.800048828125,1344.300048828125,1680,0.003958214210698197,0.003950401091376265
2018-02-02,1348.5,1352.0999755859375,1327.699951171875,1333.699951171875,2841,-0.007885217043241521,-0.007916469765226359
2018-02-05,1331.0999755859375,1340.199951171875,1329.0,1333.0,641,-0.0005248190728807112,-0.0005249568386138391
2018-02-06,1338.199951171875,1343.699951171875,1319.5,1326.0999755859375,529,-0.005176312388644022,-0.005189755905578952
2018-02-07,1325.4000244140625,1331.0999755859375,1310.5,1311.5999755859375,491,-0.010934318880138072,-0.010994537916590984
2018-02-08,1317.0999755859375,1321.0999755859375,1307.0,1316.9000244140625,459,0.0040409034208446215,0.0040327608986760796
2018-02-09,1320.9000244140625,1322.0,1311.9000244140625,1313.0999755859375,451,-0.0028856016080763824,-0.002889772982946634
2018-02-12,1323.800048828125,1325.5,1318.0,1324.199951171875,140,0.008453260065734547,0.008417731344798464
2018-02-13,1324.5,1329.5999755859375,1323.4000244140625,1328.0999755859375,71,0.002945192990387202,0.002940864406439292
2018-02-14,1332.800048828125,1355.5,1324.0,1355.5,400,0.02063099534504098,0.020421058915214334
2018-02-15,1352.0,1355.9000244140625,1349.699951171875,1352.0999755859375,111,-0.0025083175315843143,-0.002511468630411128
2018-02-16,1354.0,1361.4000244140625,1344.9000244140625,1353.199951171875,110,0.0008135312519776949,0.0008132005147932578
2018-02-20,1348.4000244140625,1350.199951171875,1328.5,1328.800048828125,283,-0.018031261619999017,-0.018195805777987704
2018-02-21,1326.800048828125,1331.5,1324.4000244140625,1330.0,119,0.0009030336602811051,0.0009026261706847339
2018-02-22,1322.0,1331.4000244140625,1322.0,1330.5999755859375,70,0.0004511094631109991,0.00045100774382701627
2018-02-23,1328.0,1332.0999755859375,1327.699951171875,1328.199951171875,427,-0.001803715961294583,-0.001805344615643647
2018-02-26,1335.0,1340.5,1330.699951171875,1330.699951171875,652,0.0018822467187973313,0.0018804775121498492
2018-02-27,1331.699951171875,1332.5999755859375,1312.699951171875,1315.5,710,-0.011422523280690933,-0.011488261375785172
2018-02-28,1315.4000244140625,1321.0,1315.4000244140625,1315.5,58,0.0,0.0
2018-03-01,1310.4000244140625,1318.0999755859375,1301.800048828125,1302.9000244140625,43,-0.00957808862480991,-0.009624253533214297
2018-03-02,1314.300048828125,1323.199951171875,1314.300048828125,1321.0999755859375,155,0.013968801006093878,0.013872136457073265
2018-03-05,1323.5,1325.9000244140625,1318.0999755859375,1318.0999755859375,18,-0.00227083495226732,-0.0022734172079491807
2018-03-06,1321.5999755859375,1333.5999755859375,1321.4000244140625,1333.5999755859375,18,0.01175935079818946,0.011690746933441305
2018-03-07,1338.0999755859375,1338.0999755859375,1326.0,1326.0,27,-0.005698842025396944,-0.005715142383890748
2018-03-08,1324.800048828125,1326.800048828125,1319.300048828125,1319.9000244140625,62,-0.004600283247313319,-0.004610897113995902
2018-03-09,1316.800048828125,1322.4000244140625,1313.0,1322.4000244140625,88,0.0018940828500324525,0.0018922913369371754
2018-03-12,1319.4000244140625,1319.4000244140625,1319.4000244140625,1319.4000244140625,0,-0.0022686024989519993,-0.0022711796760658443
2018-03-13,1325.9000244140625,1325.9000244140625,1325.300048828125,1325.9000244140625,13,0.004926481642962388,0.004914386241190294
2018-03-14,1322.199951171875,1324.4000244140625,1322.199951171875,1324.4000244140625,19,-0.0011313070158988081,-0.001131947426727324
2018-03-15,1316.800048828125,1316.800048828125,1316.800048828125,1316.800048828125,0,-0.0057384290590751785,-0.0057549571034445565
2018-03-16,1310.0999755859375,1311.300048828125,1310.0999755859375,1311.300048828125,34,-0.004176792068693147,-0.004185539229898073
2018-03-19,1309.4000244140625,1316.9000244140625,1307.300048828125,1316.800048828125,6,0.004194310832913661,0.00418553922989804
2018-03-20,1311.0999755859375,1311.0999755859375,1311.0999755859375,1311.0999755859375,4,-0.004328731037988809,-0.004338127119398508
2018-03-21,1312.4000244140625,1328.800048828125,1312.4000244140625,1320.699951171875,34,0.007322077465257593,0.007295401194057268
2018-03-22,1326.5999755859375,1326.5999755859375,1326.5999755859375,1326.5999755859375,0,0.00446734658302006,0.0044573976096106815
2018-03-23,1343.199951171875,1349.300048828125,1343.199951171875,1349.300048828125,8,0.017111468159164644,0.016966715936515404
2018-03-26,1348.5,1354.4000244140625,1345.0999755859375,1354.4000244140625,10,0.0037797194110877896,0.003772594220179005
2018-03-27,1341.0,1341.300048828125,1341.0,1341.300048828125,290889,-0.00967216136281801,-0.00971924053303923
2018-03-28,1345.0,1346.4000244140625,1322.4000244140625,1324.199951171875,59284,-0.012748898109106954,-0.012830862694559693
2018-03-29,1324.0,1327.0999755859375,1321.699951171875,1322.800048828125,5585,-0.001057168400067643,-0.0010577275967254573
2018-04-02,1327.0,1344.199951171875,1324.699951171875,1342.0999755859375,649,0.014590207170698477,0.014484794192477413
2018-04-03,1340.4000244140625,1341.5,1328.5,1332.800048828125,702,-0.006929384492203927,-0.006953504164492984
2018-04-04,1331.800048828125,1347.300048828125,1331.5999755859375,1335.800048828125,718,0.002250900277680712,0.002248370796679207
2018-04-05,1333.5,1333.699951171875,1322.5999755859375,1324.300048828125,258,-0.00860907289986157,-0.008646345041192702
2018-04-06,1326.5,1333.0,1319.0,1331.9000244140625,348,0.0057388622711769255,0.005722457733424547
2018-04-09,1333.0,1337.5,1327.0,1336.300048828125,290,0.003303569587363109,0.003298124789570669
2018-04-10,1335.199951171875,1342.0,1333.0,1342.0,105,0.00426547254628451,0.004256401204819836
2018-04-11,1340.0999755859375,1365.4000244140625,1340.0999755859375,1356.5,118,0.0108047690014903,0.01074681456735932
2018-04-12,1351.199951171875,1351.5,1334.5999755859375,1338.4000244140625,34,-0.013343144552847352,-0.013432964185142135
2018-04-13,1335.9000244140625,1346.0,1335.9000244140625,1344.800048828125,67,0.004781847203614964,0.0047704504893987506
2018-04-16,1341.0,1348.800048828125,1341.0,1347.5,60,0.0020076971102340746,0.002005684379909184
2018-04-17,1348.0,1348.0999755859375,1339.0,1347.199951171875,409,-0.00022267074443416135,-0.00022269553924516243
2018-04-18,1343.5,1354.199951171875,1343.5,1351.199951171875,45,0.002969121247755835,0.0029647221128227827
2018-04-19,1348.5999755859375,1355.199951171875,1341.5999755859375,1346.800048828125,387,-0.0032562925568003775,-0.0032616058148920136
2018-04-20,1342.5,1343.4000244140625,1335.300048828125,1336.699951171875,310,-0.007499329737208016,-0.007527591093269497
2018-04-23,1334.0,1334.4000244140625,1322.5,1322.5,68,-0.01062314033858236,-0.010679968716113873
2018-04-24,1326.4000244140625,1331.699951171875,1326.199951171875,1331.4000244140625,28,0.006729697099480125,0.006707153771284317
2018-04-25,1324.0,1325.0,1320.0,1321.199951171875,278,-0.007661163478404176,-0.007690660944510987
2018-04-26,1315.699951171875,1316.300048828125,1315.699951171875,1316.300048828125,569,-0.0037086758438069634,-0.003715570032884322
2018-04-27,1315.300048828125,1321.699951171875,1312.800048828125,1320.300048828125,622,0.003038820824751154,0.0030342129414097896
2018-04-30,1309.5999755859375,1316.199951171875,1309.5999755859375,1316.199951171875,49,-0.003105428693946588,-0.003110260543535764
2018-05-01,1313.199951171875,1313.800048828125,1303.4000244140625,1303.800048828125,28,-0.009420986782980645,-0.009465644983154229
2018-05-02,1309.0,1309.300048828125,1302.5999755859375,1302.5999755859375,23,-0.0009204427038226326,-0.0009208665713252698
2018-05-03,1310.699951171875,1310.699951171875,1310.699951171875,1310.699951171875,4,0.006218313939622133,0.00619906000228972
2018-05-04,1312.699951171875,1312.699951171875,1312.699951171875,1312.699951171875,0,0.001525902246514832,0.0015247392406204264
2018-05-07,1310.5999755859375,1312.5,1310.199951171875,1312.199951171875,4,-0.0003808943540781762,-0.0003809669127580398
2018-05-08,1310.0999755859375,1312.0,1308.5,1312.0,337,-0.00015237858505967594,-0.00015239019585577444
2018-05-09,1311.300048828125,1311.300048828125,1311.300048828125,1311.300048828125,70,-0.0005334993688071998,-0.0005336417302308635
2018-05-10,1312.199951171875,1320.800048828125,1312.199951171875,1320.800048828125,8,0.007244718711396203,0.007218601800712527
2018-05-11,1319.0,1319.0,1319.0,1319.0,3,-0.001362847336144557,-0.0013637768572015564
2018-05-14,1319.9000244140625,1319.9000244140625,1316.5,1316.5,4,-0.0018953752843062777,-0.0018971737809504907
2018-05-15,1304.5999755859375,1304.699951171875,1288.9000244140625,1288.9000244140625,8,-0.020964660528627,-0.021187539583848607
2018-05-16,1290.9000244140625,1294.0,1285.4000244140625,1290.199951171875,26,0.0010085551502752033,0.001008046900233056
2018-05-17,1291.300048828125,1291.300048828125,1288.199951171875,1288.199951171875,2,-0.0015501473226560147,-0.0015513500441079692
2018-05-18,1285.199951171875,1290.199951171875,1285.199951171875,1290.199951171875,2,0.0015525540100980173,0.0015513500441079395
2018-05-21,1287.4000244140625,1292.0999755859375,1287.4000244140625,1290.199951171875,52,0.0,0.0
2018-05-22,1291.699951171875,1291.699951171875,1291.699951171875,1291.699951171875,50,0.0011626104919919555,0.0011619351837768423
2018-05-23,1289.300048828125,1289.300048828125,1289.300048828125,1289.300048828125,10,-0.001857941034659527,-0.0018596691479237644
2018-05-24,1303.699951171875,1303.699951171875,1303.699951171875,1303.699951171875,0,0.01116877514806447,0.011106864926633073
2018-05-25,1303.300048828125,1303.300048828125,1303.300048828125,1303.300048828125,1,-0.00030674415795639565,-0.0003067912135685513
2018-05-29,1298.699951171875,1298.699951171875,1298.699951171875,1298.699951171875,386334,-0.00352957683104993,-0.0035358204833160823
2018-05-30,1298.0,1303.699951171875,1295.199951171875,1301.5,50845,0.0021560398347582055,0.002153718916270126
2018-05-31,1301.0,1306.800048828125,1296.5999755859375,1300.0999755859375,4082,-0.0010757006638973943,-0.0010762796451007667
2018-06-01,1298.5999755859375,1299.5,1288.9000244140625,1294.800048828125,663,-0.004076553232318814,-0.004084885026490751
2018-06-04,1293.9000244140625,1297.0999755859375,1290.0,1293.0999755859375,144,-0.0013130006009237638,-0.0013138633414813785
2018-06-05,1292.0999755859375,1299.800048828125,1289.9000244140625,1297.5,357,0.0034026946849710082,0.0033969186184965657
2018-06-06,1296.0999755859375,1300.4000244140625,1294.0999755859375,1297.0999755859375,373,-0.00030830398000958326,-0.00030835151545212326
2018-06-07,1298.4000244140625,1302.800048828125,1296.199951171875,1298.699951171875,79,0.0012335021324896278,0.001232741993758485
2018-06-08,1295.300048828125,1299.4000244140625,1294.800048828125,1298.0999755859375,650,-0.000461981680523027,-0.0004620884269374544
2018-06-11,1299.300048828125,1302.0,1295.199951171875,1298.9000244140625,71,0.0006163229667759396,0.0006161331177777786
2018-06-12,1297.800048828125,1298.0999755859375,1292.699951171875,1295.0999755859375,153,-0.0029255899273996633,-0.0029298778307513215
2018-06-13,1294.0,1299.4000244140625,1290.9000244140625,1296.9000244140625,135,0.0013898917937285038,0.0013889267881947254
2018-06-14,1297.199951171875,1307.699951171875,1297.199951171875,1304.0,42,0.005474574332855919,0.005459643319964293
2018-06-15,1297.199951171875,1307.699951171875,1274.0,1274.5999755859375,589,-0.022546030992379174,-0.022804078760698156
2018-06-18,1280.699951171875,1280.699951171875,1276.199951171875,1276.199951171875,35,0.0012552766488183043,0.0012544894477869528
2018-06-19,1278.699951171875,1281.800048828125,1269.9000244140625,1275.5999755859375,34,-0.0004701266328889231,-0.0004702371770622632
2018-06-20,1274.4000244140625,1274.4000244140625,1271.199951171875,1271.199951171875,7,-0.00344937637055176,-0.0034553391851679326
2018-06-21,1262.699951171875,1268.9000244140625,1260.0,1267.199951171875,46,-0.0031466332234457717,-0.003151594283591868
2018-06-22,1268.0999755859375,1270.199951171875,1267.0,1267.4000244140625,74,0.00015788608735545218,0.00015787362465893563
2018-06-25,1270.5999755859375,1271.199951171875,1265.5999755859375,1265.5999755859375,37,-0.0014202688917867023,-0.0014212784296392148
2018-06-26,1267.199951171875,1267.199951171875,1256.5999755859375,1256.5999755859375,89,-0.007111251717457745,-0.007136657182704904
2018-06-27,1255.5,1255.5,1252.300048828125,1252.800048828125,1162,-0.003023974877956359,-0.003028556328446318
2018-06-28,1251.699951171875,1251.699951171875,1244.800048828125,1247.800048828125,378,-0.0039910598699904876,-0.003999045403677075
2018-06-29,1250.300048828125,1253.300048828125,1249.0999755859375,1251.300048828125,48,0.0028049365788109792,0.00280101008486938
2018-07-02,1249.9000244140625,1249.9000244140625,1239.800048828125,1239.800048828125,29,-0.009190441581753306,-0.009232934241235006
2018-07-03,1238.0999755859375,1254.0999755859375,1237.0,1251.5999755859375,36,0.009517604688728643,0.009472597636754327
2018-07-05,1255.5,1257.300048828125,1253.5999755859375,1257.300048828125,9,0.004554229269235099,0.004543890146389284
2018-07-06,1255.5,1255.5,1254.300048828125,1254.300048828125,7,-0.0023860652855268727,-0.0023889164756203734
2018-07-09,1258.199951171875,1262.300048828125,1257.699951171875,1258.0999755859375,37,0.003029519740003872,0.003024939992368851
2018-07-10,1256.199951171875,1256.9000244140625,1249.300048828125,1253.800048828125,65,-0.003417794166802879,-0.0034236481676053563
2018-07-11,1253.199951171875,1253.199951171875,1242.800048828125,1242.800048828125,30,-0.008773328737928576,-0.008812040976282251
2018-07-12,1240.9000244140625,1246.699951171875,1240.9000244140625,1245.0,7,0.0017701569725150357,0.0017685920911130215
2018-07-13,1244.699951171875,1247.0,1239.5999755859375,1239.5999755859375,2,-0.004337369007279102,-0.004346802680328338
2018-07-16,1242.699951171875,1243.800048828125,1238.0999755859375,1238.0999755859375,2,-0.0012100677876272226,-0.0012108005108086726
2018-07-17,1225.699951171875,1225.699951171875,1225.699951171875,1225.699951171875,0,-0.01001536601129005,-0.010065857197482181
2018-07-18,1226.699951171875,1226.699951171875,1222.199951171875,1226.300048828125,67,0.0004895958881911966,0.0004894760752293569
2018-07-19,1227.199951171875,1228.0,1211.699951171875,1222.4000244140625,33,-0.0031803182408656205,-0.00318538620092535
2018-07-20,1229.5,1229.5,1229.5,1229.5,0,0.005808225985058257,0.005791423271754504
2018-07-23,1222.0,1224.0,1222.0,1224.0,1,-0.004473363155754417,-0.004483398583975911
2018-07-24,1223.9000244140625,1223.9000244140625,1223.9000244140625,1223.9000244140625,0,-8.167940027570264e-05,-8.16827362195705e-05
2018-07-25,1231.4000244140625,1231.4000244140625,1231.4000244140625,1231.4000244140625,0,0.006127951507796325,0.006109251967322684
2018-07-26,1227.800048828125,1227.800048828125,1225.300048828125,1225.300048828125,1,-0.004953691298520191,-0.004966001498039611
2018-07-27,1222.5999755859375,1222.5999755859375,1222.5999755859375,1222.5999755859375,254428,-0.0022036016768054445,-0.0022060331796797134
2018-07-30,1222.5,1223.9000244140625,1218.0999755859375,1221.300048828125,62239,-0.0010632478192137418,-0.0010638134681618262
2018-07-31,1220.4000244140625,1228.0999755859375,1213.0,1223.699951171875,2722,0.001965039095882082,0.001963110932089534
2018-08-01,1222.9000244140625,1223.699951171875,1214.4000244140625,1217.9000244140625,1026,-0.004739664124574161,-0.004750931950486037
2018-08-02,1214.699951171875,1219.300048828125,1205.800048828125,1210.5999755859375,411,-0.005993963939393998,-0.006011999848421064
2018-08-03,1206.5,1218.5999755859375,1205.0999755859375,1214.199951171875,784,0.0029737119267618795,0.002969299191421566
2018-08-06,1214.4000244140625,1214.4000244140625,1206.5999755859375,1208.5999755859375,297,-0.004612070343548269,-0.0046227387549226465
2018-08-07,1207.800048828125,1214.800048828125,1207.800048828125,1209.5999755859375,715,0.0008274036241935345,0.0008270615145103922
2018-08-08,1212.0,1215.199951171875,1205.9000244140625,1212.5999755859375,209,0.0024801587802172342,0.0024770882622964334
2018-08-09,1214.5,1215.300048828125,1211.5999755859375,1211.9000244140625,44,-0.0005772317218930567,-0.0005773983842617266
2018-08-10,1212.5,1216.4000244140625,1205.5999755859375,1211.0999755859375,75,-0.0006601607492431327,-0.0006603787513001009
2018-08-13,1207.0,1207.4000244140625,1191.300048828125,1191.300048828125,78,-0.016348713695773287,-0.01648382857584301
2018-08-14,1193.0999755859375,1197.5,1192.800048828125,1193.0,92,0.0014269714615955387,0.0014259543053397558
2018-08-15,1187.800048828125,1188.0999755859375,1174.5999755859375,1177.5,71,-0.012992455993294239,-0.013077596207343322
2018-08-16,1173.199951171875,1180.199951171875,1161.4000244140625,1176.199951171875,123,-0.0011040754378981443,-0.0011046853781724766
2018-08-17,1174.699951171875,1181.199951171875,1174.699951171875,1176.5,66,0.00025510018753704955,0.0002550676550167926
2018-08-20,1184.800048828125,1190.0,1184.4000244140625,1186.800048828125,68,0.008754822633340487,0.008716721391922366
2018-08-21,1189.800048828125,1192.5999755859375,1189.800048828125,1192.5999755859375,22,0.004887029422976141,0.0048751266583741855
2018-08-22,1194.699951171875,1196.300048828125,1194.699951171875,1196.300048828125,17,0.00310252667946731,0.0030977237750973805
2018-08-23,1189.300048828125,1190.300048828125,1184.9000244140625,1187.0,95,-0.007774010238681517,-0.0078043853831430325
2018-08-24,1185.300048828125,1208.0,1185.300048828125,1206.300048828125,12,0.016259518810551876,0.01612874843926602
2018-08-27,1210.300048828125,1211.4000244140625,1205.199951171875,1209.0,154,0.002238208623549287,0.0022357075658587097
2018-08-28,1209.699951171875,1217.0,1202.300048828125,1207.4000244140625,136,-0.0013233875814205875,-0.001324264032107223
2018-08-29,1205.199951171875,1205.199951171875,1202.4000244140625,1204.5,817,-0.0024018753978987117,-0.002404764527759338
2018-08-30,1205.4000244140625,1205.5999755859375,1196.0,1197.699951171875,493,-0.005645536594541256,-0.0056615328697090395
2018-08-31,1207.0999755859375,1208.199951171875,1199.0999755859375,1200.300048828125,191,0.0021709090442110224,0.0021685560260155255
2018-09-04,1193.800048828125,1193.800048828125,1189.9000244140625,1192.699951171875,26,-0.0063318314980242985,-0.006351962565760579
2018-09-05,1192.5,1196.0,1192.5,1194.9000244140625,21,0.0018446158566753912,0.0018429166421238857
2018-09-06,1202.0,1202.0,1197.9000244140625,1197.9000244140625,7,0.002510670297685369,0.002507523830407757
2018-09-07,1198.300048828125,1198.300048828125,1193.0999755859375,1193.5999755859375,29,-0.003589655848139972,-0.003596114122648065
2018-09-10,1193.0,1193.0,1193.0,1193.0,11,-0.0005026605212881119,-0.0005027868974392518
2018-09-11,1190.4000244140625,1196.300048828125,1190.4000244140625,1195.4000244140625,21,0.0020117555859702207,0.0020097347155790214
2018-09-12,1205.0,1205.0,1204.699951171875,1204.699951171875,37,0.007779761224591786,0.0077496549279547884
2018-09-13,1203.4000244140625,1203.4000244140625,1200.0,1202.0,22,-0.002241181440447937,-0.002243696646296927
2018-09-14,1195.0,1195.0,1195.0,1195.0,1,-0.005823627287853572,-0.005840650729541842
2018-09-17,1199.699951171875,1199.699951171875,1199.699951171875,1199.699951171875,0,0.003933013532949836,0.003925299454991307
2018-09-18,1198.699951171875,1198.699951171875,1196.800048828125,1196.800048828125,2,-0.0024171896822345884,-0.0024201158014890986
2018-09-19,1202.199951171875,1202.199951171875,1202.199951171875,1202.199951171875,0,0.004511950303676349,0.004501801970305429
2018-09-20,1206.199951171875,1206.199951171875,1206.199951171875,1206.199951171875,0,0.003327233540561192,0.003321710546514391
2018-09-21,1196.199951171875,1196.199951171875,1196.199951171875,1196.199951171875,0,-0.008290499423652453,-0.008325056744842725
2018-09-24,1199.300048828125,1199.300048828125,1199.300048828125,1199.300048828125,0,0.0025916216207941822,0.0025882691604381183
2018-09-25,1202.0999755859375,1202.800048828125,1200.0,1200.0,21,0.0005836330721065153,0.0005834628245632641
2018-09-26,1194.0,1194.0,1194.0,1194.0,17857,-0.0050000000000000044,-0.005012541823544286
2018-09-27,1194.5999755859375,1197.300048828125,1180.5,1182.300048828125,4947,-0.009798954080297295,-0.009847279784212154
2018-09-28,1181.699951171875,1191.9000244140625,1180.0,1191.5,404,0.0077814013295471884,0.007751282370461494
2018-10-01,1191.5999755859375,1191.5999755859375,1185.800048828125,1187.0999755859375,180,-0.003692844661403738,-0.0036996800454468406
2018-10-02,1193.0,1206.0,1190.300048828125,1202.4000244140625,451,0.012888593330627529,0.01280624224985772
2018-10-03,1202.5999755859375,1202.5999755859375,1196.5999755859375,1198.300048828125,76,-0.0034098265990434307,-0.0034156533069074047
2018-10-04,1199.300048828125,1204.5999755859375,1197.199951171875,1197.199951171875,496,-0.0009180485783387704,-0.0009184702430270636
2018-10-05,1197.0999755859375,1205.300048828125,1196.9000244140625,1201.199951171875,34,0.003341129437972823,0.003335560266446415
2018-10-08,1201.0,1201.0,1183.699951171875,1184.4000244140625,250,-0.01398595358035326,-0.014084678619262271
2018-10-09,1185.5999755859375,1189.0999755859375,1185.5999755859375,1187.199951171875,9,0.002364004306059986,0.0023612144438462214
2018-10-10,1189.300048828125,1192.0,1189.300048828125,1189.300048828125,1078,0.0017689502549060876,0.0017673875050836347
2018-10-11,1198.0999755859375,1224.5999755859375,1196.300048828125,1223.5,126,0.028756369097582946,0.02835066409333902
2018-10-12,1221.5999755859375,1221.5999755859375,1216.0,1218.0999755859375,122,-0.004413587588118051,-0.004423356219554005
2018-10-15,1222.4000244140625,1232.300048828125,1222.4000244140625,1226.4000244140625,136,0.00681393070723324,0.006790820801527913
2018-10-16,1227.0999755859375,1230.5,1227.0999755859375,1227.300048828125,426,0.0007338750783967285,0.0007336059237572539
2018-10-17,1225.9000244140625,1225.9000244140625,1223.699951171875,1223.699951171875,1,-0.0029333476028844396,-0.002937658298874482
2018-10-18,1226.5,1226.5,1226.5,1226.5,165,0.00228818251193319,0.002285568608961214
2018-10-19,1225.300048828125,1225.300048828125,1225.300048828125,1225.300048828125,55,-0.000978353992560077,-0.0009788328932091772
2018-10-22,1224.5,1224.5,1219.5999755859375,1221.199951171875,18,-0.0033461988842417023,-0.0033518099283377867
2018-10-23,1224.800048828125,1237.800048828125,1224.800048828125,1233.4000244140625,33,0.009990233974772167,0.009940661474511047
2018-10-24,1231.5999755859375,1231.5999755859375,1227.800048828125,1227.800048828125,36,-0.004540275235196178,-0.004550613589319168
2018-10-25,1238.5999755859375,1238.5999755859375,1229.0999755859375,1229.0999755859375,7,0.0010587446702361447,0.0010581845953804216
2018-10-26,1234.300048828125,1234.800048828125,1232.5,1232.5,20,0.0027662716472203197,0.002762452559275811
2018-10-29,1224.5,1224.5,1224.5,1224.5,214,-0.006490872210953347,-0.006512029524622742
2018-10-30,1227.699951171875,1227.699951171875,1219.800048828125,1222.5999755859375,72,-0.001551673674203724,-0.0015528787665673905
2018-10-31,1216.0,1216.5999755859375,1212.0,1212.300048828125,121,-0.0084246090000748,-0.008460296595855924
2018-11-01,1215.4000244140625,1236.0,1215.4000244140625,1236.0,14,0.01954957536691082,0.019360936987837057
2018-11-02,1233.300048828125,1233.300048828125,1230.9000244140625,1230.9000244140625,18,-0.00412619383975521,-0.004134730067067751
2018-11-05,1230.5999755859375,1231.5,1226.699951171875,1229.800048828125,15,-0.0008936351971079448,-0.0008940347270811313
2018-11-06,1230.699951171875,1233.800048828125,1223.800048828125,1223.800048828125,4,-0.004878841894434327,-0.0048907822962693795
2018-11-07,1228.5999755859375,1228.5999755859375,1226.199951171875,1226.199951171875,1,0.0019610248798798136,0.001959104580683226
2018-11-08,1222.9000244140625,1222.9000244140625,1222.9000244140625,1222.9000244140625,2,-0.0026911816092136664,-0.0026948093485058135
2018-11-09,1207.9000244140625,1207.9000244140625,1206.4000244140625,1206.4000244140625,14,-0.013492517516226044,-0.013584368668582848
2018-11-12,1201.5999755859375,1201.5999755859375,1201.300048828125,1201.300048828125,1,-0.004227433258230051,-0.004236394117412716
2018-11-13,1196.300048828125,1201.300048828125,1196.300048828125,1199.199951171875,5,-0.0017481874393484587,-0.0017497173022614182
2018-11-14,1207.9000244140625,1207.9000244140625,1207.9000244140625,1207.9000244140625,0,0.0072548979289781546,0.007228707752084227
2018-11-15,1212.800048828125,1212.800048828125,1212.800048828125,1212.800048828125,0,0.004056647334235608,0.004048441325541188
2018-11-16,1216.699951171875,1223.800048828125,1216.699951171875,1220.800048828125,5,0.006596305803030056,0.0065746453782541325
2018-11-19,1223.0999755859375,1223.0999755859375,1223.0999755859375,1223.0999755859375,0,0.0018839504143370878,0.001882178005493029
2018-11-20,1225.300048828125,1228.800048828125,1219.0,1219.0,12,-0.0033521181160790503,-0.0033577490512391004
2018-11-21,1225.800048828125,1225.800048828125,1225.800048828125,1225.800048828125,0,0.005578382959905648,0.005562881404039089
2018-11-23,1224.800048828125,1224.800048828125,1221.0,1221.0,1,-0.003915849760908308,-0.0039235367746059515
2018-11-26,1220.199951171875,1222.0,1220.199951171875,1220.199951171875,2,-0.0006552406454750637,-0.0006554554094466516
2018-11-27,1221.9000244140625,1222.0,1211.199951171875,1211.199951171875,5,-0.0073758403213805,-0.007403176331916226
2018-11-28,1211.5,1221.4000244140625,1211.5,1221.4000244140625,247168,0.00842146107446462,0.008386198408281134
2018-11-29,1221.0,1228.699951171875,1220.5,1224.0999755859375,55478,0.0022105380038535127,0.002208098359343363
2018-11-30,1224.0999755859375,1225.0,1216.0999755859375,1220.199951171875,2060,-0.003186034222568912,-0.0031911204357085257
2018-12-03,1222.5,1234.0999755859375,1221.300048828125,1233.9000244140625,751,0.011227728069510334,0.011165164989324806
2018-12-04,1231.0,1241.4000244140625,1230.4000244140625,1241.0999755859375,474,0.005835117132195533,0.005818158773582782
2018-12-06,1237.5,1244.4000244140625,1234.800048828125,1238.0999755859375,434,-0.002417210586587615,-0.0024201367564945673
2018-12-07,1238.300048828125,1249.800048828125,1237.5999755859375,1246.800048828125,211,0.007026955345888153,0.0070023813482669945
2018-12-10,1249.5999755859375,1249.5999755859375,1241.699951171875,1243.699951171875,131,-0.0024864433227795857,-0.0024895396566155777
2018-12-11,1245.800048828125,1248.699951171875,1241.5,1241.9000244140625,117,-0.0014472355298531525,-0.0014482837866976904
2018-12-12,1245.300048828125,1245.5999755859375,1244.0999755859375,1244.4000244140625,84,0.0020130444889712162,0.0020110210300008265
2018-12-13,1243.5,1243.5,1241.0,1242.699951171875,194,-0.0013661790492072168,-0.0013671131226424276
2018-12-14,1241.699951171875,1241.699951171875,1234.0999755859375,1237.0,33,-0.004586747723374307,-0.00459729912749512
2018-12-17,1239.300048828125,1247.4000244140625,1239.300048828125,1247.4000244140625,10,0.00840745708493329,0.008372311271493809
2018-12-18,1248.199951171875,1249.199951171875,1245.5999755859375,1249.199951171875,31,0.0014429426988811223,0.0014419026574249351
2018-12-19,1255.800048828125,1255.800048828125,1252.0999755859375,1252.0999755859375,268,0.0023215053853804513,0.0023188148550025403
2018-12-20,1243.199951171875,1263.5999755859375,1243.199951171875,1263.5999755859375,49,0.00918457010161533,0.009142648430483463
2018-12-21,1260.300048828125,1261.300048828125,1253.800048828125,1253.800048828125,96,-0.007755561053464088,-0.0077857918229155085
2018-12-24,1260.300048828125,1268.5,1260.300048828125,1267.5,27,0.010926743211311596,0.010867477681360828
2018-12-26,1269.300048828125,1277.4000244140625,1269.199951171875,1269.199951171875,63,0.0013411843565089843,0.001340285772125058
2018-12-27,1276.699951171875,1277.300048828125,1276.699951171875,1277.300048828125,480,0.006382050084993374,0.006361771038876295
2018-12-28,1273.5,1280.0999755859375,1273.5,1279.9000244140625,805,0.0020355245334273686,0.0020334556603831245
2018-12-31,1278.0,1281.300048828125,1277.5999755859375,1278.300048828125,19,-0.0012500785650582102,-0.0012508605650431678
2019-01-02,1286.0,1286.0,1277.5999755859375,1281.0,149,0.0021121419609975156,0.002109914525054996
2019-01-03,1286.800048828125,1292.0,1286.699951171875,1291.800048828125,10,0.008430951466139813,0.008395609500155037
2019-01-04,1294.199951171875,1294.199951171875,1275.300048828125,1282.699951171875,34,-0.0070445094536923936,-0.007069439157760669
2019-01-07,1286.800048828125,1286.800048828125,1286.5999755859375,1286.800048828125,2,0.0031964588854191955,0.0031913610711298765
2019-01-08,1280.5,1283.199951171875,1278.199951171875,1283.199951171875,54,-0.002797713335128127,-0.0028016342498520465
2019-01-09,1279.4000244140625,1289.300048828125,1279.199951171875,1289.300048828125,102,0.004753816932956623,0.0047425532281951755
2019-01-10,1284.699951171875,1284.699951171875,1284.699951171875,1284.699951171875,0,-0.003567903111794002,-0.0035742832584524176
2019-01-11,1291.199951171875,1291.199951171875,1286.300048828125,1287.0999755859375,11,0.0018681594965994641,0.0018664166569111902
2019-01-14,1292.4000244140625,1293.9000244140625,1289.0999755859375,1289.0999755859375,7,0.0015538808468158471,0.0015526748231558635
2019-01-15,1290.0999755859375,1292.699951171875,1286.199951171875,1286.199951171875,3,-0.0022496505073195117,-0.0022521847725428135
2019-01-16,1291.5999755859375,1291.5999755859375,1291.5999755859375,1291.5999755859375,2,0.004198433073444363,0.004189644244261605
2019-01-17,1291.5999755859375,1292.699951171875,1288.5,1291.0,10,-0.00046452121189100026,-0.0004646291352922488
2019-01-18,1281.300048828125,1281.300048828125,1281.300048828125,1281.300048828125,3,-0.007513517561483329,-0.007541886222843759
2019-01-22,1282.5,1283.300048828125,1282.5,1282.5,7,0.0009365106736494155,0.00093607242112592
2019-01-23,1281.699951171875,1283.9000244140625,1278.699951171875,1283.0999755859375,14,0.0004678172210039744,0.0004677078286435974
2019-01-24,1279.0999755859375,1279.0999755859375,1278.5,1279.0999755859375,1,-0.0031174499852775206,-0.003122319355127618
2019-01-25,1297.4000244140625,1297.4000244140625,1297.4000244140625,1297.4000244140625,0,0.014306973010254298,0.01420559407819777
2019-01-28,1300.800048828125,1307.0999755859375,1298.4000244140625,1302.4000244140625,54,0.0038538614967715823,0.0038464543970783884
2019-01-29,1308.199951171875,1308.199951171875,1308.199951171875,1308.199951171875,213607,0.004453260633515255,0.0044433742087311885
2019-01-30,1310.4000244140625,1323.4000244140625,1308.0999755859375,1309.9000244140625,54958,0.0012995515254869971,0.0012987078392666725
2019-01-31,1320.0,1325.4000244140625,1316.699951171875,1319.699951171875,1970,0.007481431082647871,0.007453583981655651
2019-02-01,1320.300048828125,1320.699951171875,1315.4000244140625,1316.9000244140625,878,-0.0021216389038479777,-0.002123892768155545
2019-02-04,1318.0999755859375,1318.0999755859375,1308.300048828125,1314.300048828125,675,-0.001974315086746503,-0.0019762666158226303
2019-02-05,1311.0999755859375,1315.0999755859375,1311.0,1314.199951171875,362,-7.616042952995894e-05,-7.616332988273438e-05
2019-02-06,1312.5,1313.5,1305.0,1309.5,358,-0.003576283173412076,-0.0035826933617428332
2019-02-07,1302.9000244140625,1310.4000244140625,1302.199951171875,1309.4000244140625,203,-7.634638101372548e-05,-7.634929554701608e-05
2019-02-08,1309.5,1314.0,1307.800048828125,1313.699951171875,122,0.003283890848968518,0.0032785106548437006
2019-02-11,1313.4000244140625,1313.4000244140625,1304.699951171875,1307.0,119,-0.0051000619783067025,-0.005113111682841348
2019-02-12,1310.0,1312.0,1307.5999755859375,1309.199951171875,109,0.0016832067114576077,0.001681791706648733
2019-02-13,1311.5999755859375,1316.0,1308.0999755859375,1310.800048828125,143,0.001222195016748806,0.001221448744417649
2019-02-14,1305.0,1311.800048828125,1301.5999755859375,1309.800048828125,858,-0.0007628928614200614,-0.0007631840122664169
2019-02-15,1313.5999755859375,1318.800048828125,1313.5999755859375,1318.0999755859375,190,0.0063367891650625285,0.0063167961332353875
2019-02-19,1320.9000244140625,1340.0999755859375,1320.5,1340.0999755859375,390,0.016690691455494733,0.01655293261183519
2019-02-20,1342.199951171875,1344.0,1338.0,1343.300048828125,581,0.002387936199154339,0.002385089610256545
2019-02-21,1331.300048828125,1334.9000244140625,1320.9000244140625,1323.5,414,-0.014739855660243828,-0.014849566751193068
2019-02-22,1324.199951171875,1331.300048828125,1321.0,1329.199951171875,718,0.004306725479316098,0.004297478078310308
2019-02-25,1329.199951171875,1331.5999755859375,1325.5999755859375,1325.9000244140625,185,-0.0024826413474535736,-0.0024857282115930447
2019-02-26,1323.300048828125,1325.5,1323.300048828125,1325.0999755859375,939,-0.0006034005682129528,-0.0006035826876001255
2019-02-27,1327.699951171875,1327.9000244140625,1316.5,1317.699951171875,604,-0.005584502717080109,-0.005600154350637701
2019-02-28,1321.0999755859375,1323.699951171875,1311.5,1312.800048828125,141,-0.003718526618591955,-0.00372545752587554
2019-03-01,1312.199951171875,1312.199951171875,1288.9000244140625,1296.4000244140625,110,-0.012492400825778516,-0.01257108687016906
2019-03-04,1285.5,1287.0,1281.9000244140625,1284.800048828125,28,-0.008947836599417225,-0.008988108902638492
2019-03-05,1287.0,1287.0,1282.0,1282.0,114,-0.0021793654434236753,-0.0021817437163371535
2019-03-06,1287.0999755859375,1287.0999755859375,1282.5999755859375,1284.9000244140625,14,0.0022621095273498426,0.00225955480956854
2019-03-07,1281.0,1284.5999755859375,1281.0,1283.800048828125,11,-0.0008560787337824616,-0.0008564453784477475
2019-03-08,1292.0999755859375,1297.4000244140625,1291.5999755859375,1297.0,10,0.01028193696045121,0.010229437404707756
2019-03-11,1291.0,1291.0,1288.800048828125,1288.800048828125,9,-0.006322244542694699,-0.0063423145671770475
2019-03-12,1294.699951171875,1296.300048828125,1294.699951171875,1296.300048828125,1,0.005819366632410894,0.0058024995240326446
2019-03-13,1307.5,1307.5,1307.5,1307.5,0,0.008639937321609947,0.008602826665778341
2019-03-14,1293.4000244140625,1293.4000244140625,1293.4000244140625,1293.4000244140625,1,-0.010783920142208414,-0.01084248805070627
2019-03-15,1300.9000244140625,1304.699951171875,1300.5,1301.800048828125,26,0.006494529345526967,0.006473530758076257
2019-03-18,1297.300048828125,1302.199951171875,1297.300048828125,1300.300048828125,8,-0.0011522506865400128,-0.0011529150377441156
2019-03-19,1306.9000244140625,1306.9000244140625,1304.800048828125,1305.0,20,0.0036145128011881855,0.0036079961480897727
2019-03-20,1300.699951171875,1300.699951171875,1300.5,1300.5,2,-0.0034482758620689724,-0.0034542348680875576
2019-03-21,1306.0999755859375,1306.0999755859375,1306.0999755859375,1306.0999755859375,0,0.004306017367118331,0.004296773002431159
2019-03-22,1311.5999755859375,1311.5999755859375,1311.5999755859375,1311.5999755859375,0,0.004211009955445988,0.0042021684654013165
2019-03-25,1320.699951171875,1322.9000244140625,1320.699951171875,1321.9000244140625,19,0.007853041338708122,0.007822366697732926
2019-03-26,1315.5999755859375,1315.5999755859375,1314.300048828125,1314.300048828125,1,-0.005749281674539808,-0.005765872414879459
2019-03-27,1309.9000244140625,1309.9000244140625,1309.9000244140625,1309.9000244140625,206263,-0.003347808149277376,-0.0033534245976774187
2019-03-28,1308.4000244140625,1311.0999755859375,1287.699951171875,1289.800048828125,87798,-0.015344663876106557,-0.015463611608309486
2019-03-29,1289.5999755859375,1298.5,1286.0999755859375,1293.0,1265,0.0024809668558956055,0.002477894338452264
2019-04-01,1291.800048828125,1295.9000244140625,1285.699951171875,1288.4000244140625,675,-0.0035575990610499097,-0.0035639423656812787
2019-04-02,1286.300048828125,1290.9000244140625,1284.5,1290.0,525,0.0012418313843676199,0.0012410609495414877
2019-04-03,1291.4000244140625,1293.0999755859375,1287.5,1289.9000244140625,172,-7.750045421506258e-05,-7.750345753043755e-05
2019-04-04,1290.5999755859375,1292.5999755859375,1279.5,1289.0,269,-0.0006977474199765243,-0.0006979909589999726
2019-04-05,1292.0,1292.0,1283.5999755859375,1290.4000244140625,181,0.0010861322064099621,0.0010855427915747453
2019-04-08,1292.199951171875,1302.0999755859375,1291.800048828125,1297.0999755859375,63,0.005192150530931139,0.005178717793829374
2019-04-09,1298.5,1304.9000244140625,1298.5,1303.5,30,0.004934102640138827,0.004921969848964953
2019-04-10,1304.0,1309.0999755859375,1301.5,1309.0999755859375,66,0.004296107085490997,0.004286905162995197
2019-04-11,1307.0,1307.0999755859375,1288.5999755859375,1288.5999755859375,420,-0.015659613766950464,-0.015783520778201384
2019-04-12,1293.4000244140625,1293.4000244140625,1289.199951171875,1290.5999755859375,607,0.0015520720455473036,0.0015508688265574986
2019-04-15,1284.800048828125,1287.300048828125,1282.300048828125,1286.800048828125,523,-0.0029443102663064824,-0.002948653274649578
2019-04-16,1285.199951171875,1285.199951171875,1272.199951171875,1272.5999755859375,643,-0.011035182393037135,-0.011096521695962844
2019-04-17,1273.5,1273.5,1271.5999755859375,1272.199951171875,308,-0.00031433633642674597,-0.00031438575044829805
2019-04-18,1270.800048828125,1273.5999755859375,1270.0999755859375,1271.9000244140625,27,-0.00023575441701295663,-0.00023578221145405452
2019-04-22,1273.5,1273.5,1273.5,1273.5,147,0.001257941312387878,0.0012571507671187557
2019-04-23,1266.4000244140625,1269.800048828125,1266.0,1269.300048828125,206,-0.0032979593026108978,-0.0033034095568352825
2019-04-24,1268.4000244140625,1275.5,1267.800048828125,1275.5,518,0.004884543396653118,0.004872652719189608
2019-04-25,1280.5999755859375,1280.800048828125,1275.800048828125,1275.800048828125,95,0.00023524016317133523,0.00023521249854262027
2019-04-26,1284.9000244140625,1284.9000244140625,1284.9000244140625,1284.9000244140625,804,0.007132760023246698,0.0071074422097751645
2019-04-29,1284.800048828125,1284.9000244140625,1277.0999755859375,1278.5999755859375,568,-0.004903143208358163,-0.004915203051928451
2019-04-30,1281.699951171875,1283.300048828125,1280.800048828125,1282.800048828125,114,0.003284900142644487,0.0032795166444519316
2019-05-01,1278.699951171875,1283.300048828125,1278.699951171875,1281.4000244140625,70,-0.0010913816345279326,-0.001091977625138958
2019-05-02,1269.199951171875,1270.800048828125,1266.5999755859375,1269.699951171875,63,-0.009130695348267603,-0.009172635638250213
2019-05-03,1270.0999755859375,1279.199951171875,1270.0999755859375,1279.199951171875,15,0.007482082669399093,0.007454230729596022
2019-05-06,1282.199951171875,1282.199951171875,1280.300048828125,1281.699951171875,12,0.0019543465411406835,0.0019524392904874438
2019-05-07,1280.5,1283.5,1280.5,1283.5,8,0.001404422951314821,0.001403437671793296
2019-05-08,1279.4000244140625,1279.4000244140625,1279.4000244140625,1279.4000244140625,5,-0.0031943713174424904,-0.003199484212726764
2019-05-09,1278.9000244140625,1285.0,1278.800048828125,1283.5,38,0.0032046080254024556,0.0031994842127267375
2019-05-10,1285.4000244140625,1286.5,1283.300048828125,1285.699951171875,6,0.001714025065738145,0.0017125578011547432
2019-05-13,1286.699951171875,1300.0999755859375,1281.800048828125,1300.0999755859375,56,0.011200143860110812,0.011137886677169313
2019-05-14,1297.800048828125,1297.800048828125,1294.699951171875,1294.699951171875,6,-0.004153545508397416,-0.004162195438771078
2019-05-15,1296.9000244140625,1296.9000244140625,1296.0,1296.300048828125,55,0.0012358829972933805,0.0012351199225512385
2019-05-16,1285.199951171875,1285.4000244140625,1285.0,1285.0,3,-0.00871715529004291,-0.008755371943979367
2019-05-17,1280.0,1280.0,1274.5,1274.5,1,-0.008171206225680905,-0.00820477351315001
2019-05-20,1276.0999755859375,1276.0999755859375,1276.0999755859375,1276.0999755859375,20,0.0012553751164672278,0.0012545877919818633
2019-05-21,1272.0,1272.0,1272.0,1272.0,0,-0.003212895278095207,-0.003218067708084531
2019-05-22,1273.5999755859375,1273.5999755859375,1273.5999755859375,1273.5999755859375,0,0.001257842441774848,0.0012570520207180209
2019-05-23,1284.800048828125,1284.800048828125,1284.800048828125,1284.800048828125,0,0.008794027525820924,0.00875558527616713
2019-05-24,1283.0,1283.0,1283.0,1283.0,9,-0.0014010342152204203,-0.0014020165813160776
2019-05-28,1276.5,1276.5,1276.5,1276.5,0,-0.005066250974279041,-0.005079127934097918
2019-05-29,1280.5999755859375,1280.5999755859375,1280.5999755859375,1280.5999755859375,189694,0.0032118884339502607,0.0032067413386132966
2019-05-30,1279.4000244140625,1288.300048828125,1273.9000244140625,1287.0999755859375,55573,0.005075745840949164,0.005062907666908317
2019-05-31,1287.699951171875,1306.4000244140625,1287.5,1305.800048828125,2814,0.014528842822543409,0.014424310458736921
2019-06-03,1307.0,1327.800048828125,1307.0,1322.699951171875,812,0.012942182349370057,0.012859147970708999
2019-06-04,1324.300048828125,1328.5999755859375,1320.800048828125,1323.4000244140625,302,0.0005292759265373981,0.0005291359094371339
2019-06-05,1328.9000244140625,1343.300048828125,1326.300048828125,1328.300048828125,622,0.0037026026323612182,0.003695764872375826
2019-06-06,1330.800048828125,1338.699951171875,1326.199951171875,1337.5999755859375,161,0.007001375002596122,0.006976979179977753
2019-06-07,1333.0999755859375,1347.699951171875,1329.800048828125,1341.199951171875,240,0.0026913693567918173,0.0026877541074792105
2019-06-10,1335.800048828125,1336.5,1324.0999755859375,1324.699951171875,268,-0.012302416194977517,-0.012378717355321674
2019-06-11,1328.4000244140625,1328.4000244140625,1319.0999755859375,1326.4000244140625,201,0.0012833647654955094,0.001282541956835377
2019-06-12,1326.9000244140625,1334.5,1326.9000244140625,1331.9000244140625,139,0.0041465620467171505,0.004137988749946852
2019-06-13,1331.5999755859375,1341.0999755859375,1331.5999755859375,1339.199951171875,157,0.005480836867634897,0.0054658717373067345
2019-06-14,1345.4000244140625,1355.4000244140625,1339.300048828125,1340.0999755859375,914,0.0006720612655899405,0.0006718355335490992
2019-06-17,1339.0,1340.300048828125,1335.0,1338.699951171875,76,-0.0010447163939767412,-0.0010452624905258059
2019-06-18,1349.300048828125,1349.300048828125,1341.5999755859375,1346.5999755859375,29,0.005901265931284261,0.005883921663461859
2019-06-19,1344.0,1344.5999755859375,1344.0,1344.5999755859375,129,-0.0014852220676223604,-0.001486326103211523
2019-06-20,1381.5,1392.9000244140625,1379.5,1392.9000244140625,76,0.0359215005987763,0.03529136934367409
2019-06-21,1406.0,1406.0,1390.300048828125,1396.199951171875,35,0.0023691052480243613,0.0023663033426528273
2019-06-24,1406.0,1420.5999755859375,1402.0999755859375,1414.300048828125,125,0.012963829171500851,0.012880517986897823
2019-06-25,1418.0999755859375,1433.300048828125,1414.9000244140625,1414.9000244140625,105,0.00042422086206861387,0.00042413090583868053
2019-06-26,1407.199951171875,1413.300048828125,1405.800048828125,1411.5999755859375,1333,-0.002332354775024914,-0.002335078951077535
2019-06-27,1407.0,1410.800048828125,1399.800048828125,1408.4000244140625,437,-0.002266896590549128,-0.0022694698902970736
2019-06-28,1408.300048828125,1422.0,1408.300048828125,1409.699951171875,356,0.0009229812093713985,0.0009225555241278228
2019-07-01,1386.5999755859375,1395.800048828125,1382.800048828125,1385.5999755859375,214,-0.0170958192670031,-0.017243639951311836
2019-07-02,1391.0999755859375,1418.4000244140625,1390.800048828125,1404.5999755859375,38,0.013712471373251489,0.013619306155092862
2019-07-03,1431.0,1434.0,1413.0999755859375,1417.699951171875,46,0.009326481427904598,0.009283258338381215
2019-07-05,1418.300048828125,1418.300048828125,1390.199951171875,1396.699951171875,20,-0.014812725346178723,-0.014923529329707681
2019-07-08,1395.9000244140625,1397.0,1393.5999755859375,1397.0,14,0.0002148269768844635,0.00021480390487373257
2019-07-09,1394.5,1397.5,1386.199951171875,1397.5,53,0.0003579098067287845,0.0003578457722924877
2019-07-10,1409.9000244140625,1410.0999755859375,1409.9000244140625,1410.0999755859375,50,0.00901608270907861,0.008975680500219938
2019-07-11,1424.0,1424.0,1404.300048828125,1404.300048828125,6,-0.004113131592249353,-0.0041216137849031005
2019-07-12,1405.5999755859375,1410.0999755859375,1405.5999755859375,1409.9000244140625,8,0.00398773438098976,0.0039798044429101
2019-07-15,1414.4000244140625,1415.0,1411.4000244140625,1411.4000244140625,25,0.0010639052230836388,0.0010633396770111903
2019-07-16,1413.5999755859375,1413.699951171875,1405.0,1409.199951171875,13,-0.001558787873126799,-0.001560004046945811
2019-07-17,1404.5999755859375,1421.300048828125,1404.5999755859375,1421.300048828125,6,0.008586501614755049,0.008549847281970965
2019-07-18,1422.300048828125,1444.199951171875,1419.5,1426.0999755859375,66,0.00337713824872532,0.0033714485237431127
2019-07-19,1440.5,1442.0,1425.0999755859375,1425.0999755859375,22,-0.0007012131106650665,-0.0007014590755676152
2019-07-22,1425.300048828125,1425.300048828125,1424.0,1425.300048828125,1,0.00014039242552454922,0.00014038257143025957
2019-07-23,1418.5999755859375,1421.300048828125,1416.300048828125,1420.0999755859375,5,-0.003648405994557402,-0.003655077659947234
2019-07-24,1422.800048828125,1422.800048828125,1422.800048828125,1422.800048828125,20,0.0019013261661902092,0.001899520933457056
2019-07-25,1413.9000244140625,1413.9000244140625,1413.9000244140625,1413.9000244140625,4,-0.006255288240531676,-0.006274934527660716
2019-07-26,1422.800048828125,1423.0,1418.5,1418.5,5,0.003253395223501654,0.003248114383933726
2019-07-29,1419.5999755859375,1419.5999755859375,1419.5999755859375,1419.5999755859375,224267,0.0007754498314680447,0.0007751493255889368
2019-07-30,1426.300048828125,1433.9000244140625,1422.0999755859375,1429.699951171875,73874,0.007114663116113862,0.00708947330791591
2019-07-31,1431.300048828125,1435.800048828125,1411.199951171875,1426.0999755859375,3294,-0.0025179937811333764,-0.0025211692591502522
2019-08-01,1411.300048828125,1445.199951171875,1400.9000244140625,1420.9000244140625,2431,-0.0036462739365369368,-0.003652937797119556
2019-08-02,1448.0,1448.0,1432.300048828125,1445.5999755859375,1873,0.017383313918979404,0.0172339525633451
2019-08-05,1440.4000244140625,1469.699951171875,1440.4000244140625,1464.5999755859375,1008,0.013143331710626871,0.013057707568042691
2019-08-06,1469.699951171875,1475.0,1457.699951171875,1472.4000244140625,460,0.0053257196218403635,0.0053115881284716455
2019-08-07,1473.5,1509.9000244140625,1473.199951171875,1507.300048828125,824,0.023702814340790912,0.023426264124913006
2019-08-08,1498.4000244140625,1508.5,1492.0,1497.699951171875,367,-0.006369068762197561,-0.006389437814637304
2019-08-09,1506.199951171875,1507.5,1495.5999755859375,1496.5999755859375,74,-0.0007344432274815071,-0.000734713063036057
2019-08-12,1496.0,1514.9000244140625,1488.0999755859375,1505.300048828125,257,0.005813225567360636,0.005796393970688471
2019-08-13,1510.4000244140625,1531.4000244140625,1483.699951171875,1502.199951171875,672,-0.0020594549629248116,-0.0020615785564280236
2019-08-14,1500.0,1520.5,1497.0,1515.9000244140625,328,0.009120006448875229,0.009078670323797037
2019-08-15,1519.800048828125,1522.699951171875,1510.5999755859375,1519.5999755859375,87,0.0024407619976820616,0.0024377881760616533
2019-08-16,1524.5999755859375,1524.5999755859375,1504.699951171875,1512.5,1815,-0.004672266188474938,-0.004683215342362713
2019-08-19,1507.199951171875,1507.5999755859375,1492.9000244140625,1500.4000244140625,205,-0.007999983858471116,-0.008032155425561887
2019-08-20,1497.5,1506.0999755859375,1497.5,1504.5999755859375,486,0.0027992209434382076,0.0027953104204053326
2019-08-21,1504.9000244140625,1505.0,1498.800048828125,1504.5999755859375,350,0.0,0.0
2019-08-22,1495.0999755859375,1497.300048828125,1493.800048828125,1497.300048828125,686,-0.0048517392504739965,-0.0048635471453845345
2019-08-23,1493.5,1527.5999755859375,1493.5,1526.5999755859375,983,0.019568507181138672,0.019379505617472023
2019-08-26,1543.199951171875,1543.300048828125,1524.300048828125,1526.300048828125,334,-0.00019646715748000698,-0.00019648645968019812
2019-08-27,1530.5,1542.0999755859375,1528.5,1541.0,166,0.009631101815898768,0.009585018407868445
2019-08-28,1538.0999755859375,1538.0999755859375,1537.800048828125,1537.800048828125,2756,-0.002076541967472423,-0.002078700970101249
2019-08-29,1537.5,1549.300048828125,1519.5999755859375,1526.5,704,-0.007348191227290024,-0.007375322175081968
2019-08-30,1524.5999755859375,1530.4000244140625,1516.699951171875,1519.0999755859375,276,-0.004847706789428474,-0.004859495032714913
2019-09-03,1522.9000244140625,1547.300048828125,1521.0,1545.9000244140625,139,0.017642057309485315,0.017488242652852915
2019-09-04,1549.0,1553.199951171875,1534.800048828125,1550.300048828125,46,0.002846254184988517,0.0028422112731653843
2019-09-05,1551.0,1551.0999755859375,1511.0999755859375,1515.4000244140625,125,-0.022511786954043878,-0.0227690454603242
2019-09-06,1517.300048828125,1526.0,1504.5,1506.199951171875,54,-0.006071052589394554,-0.006089556358749777
2019-09-09,1509.0,1513.0,1498.0,1502.199951171875,69,-0.002655689901521985,-0.002659222501661612
2019-09-10,1498.5,1498.5,1486.9000244140625,1490.300048828125,23,-0.007921650066934682,-0.007953193028797172
2019-09-11,1491.699951171875,1496.5999755859375,1490.199951171875,1494.4000244140625,8,0.0027511074626627163,0.0027473300929079327
2019-09-12,1499.5,1515.4000244140625,1498.699951171875,1498.699951171875,27,0.0028773599354687818,0.00287322825901904
2019-09-13,1490.9000244140625,1490.9000244140625,1486.9000244140625,1490.9000244140625,1,-0.005204461874915967,-0.005218052260891263
2019-09-16,1506.5999755859375,1506.800048828125,1496.9000244140625,1503.0999755859375,21,0.008182943840697732,0.008149645086967567
2019-09-17,1497.9000244140625,1505.0999755859375,1497.9000244140625,1505.0999755859375,3,0.001330583482459513,0.0013296990407197322
2019-09-18,1508.9000244140625,1509.4000244140625,1489.300048828125,1507.5,8,0.0015945946800830502,0.0015933246639142726
2019-09-19,1496.0999755859375,1502.4000244140625,1496.0999755859375,1498.4000244140625,10,-0.006036468050373167,-0.006054761178040599
2019-09-20,1503.0,1507.300048828125,1503.0,1507.300048828125,2,0.005939685176889142,0.005922114787613536
2019-09-23,1515.5,1523.699951171875,1515.5,1523.699951171875,5,0.010880316998928219,0.010821552218634716
2019-09-24,1515.0999755859375,1533.0,1515.0999755859375,1532.0999755859375,25,0.0055129124389627915,0.005497771957127581
2019-09-25,1527.5999755859375,1527.9000244140625,1504.5999755859375,1504.5999755859375,25,-0.01794922031082391,-0.01811226148683577
2019-09-26,1507.5,1507.5,1507.5,1507.5,8178,0.001927438828339234,0.0019255837015005862
2019-09-27,1504.199951171875,1506.0999755859375,1485.5999755859375,1499.0999755859375,7827,-0.005572155498548947,-0.0055877378688848015
2019-09-30,1495.9000244140625,1495.9000244140625,1463.5,1465.699951171875,1078,-0.022280051336141082,-0.022532001013061617
2019-10-01,1468.699951171875,1485.5,1458.300048828125,1482.0,219,0.01112099977563119,0.011059616136638108
2019-10-02,1476.5999755859375,1503.699951171875,1474.0999755859375,1501.0,205,0.012820512820512775,0.012739025777429712
2019-10-03,1497.4000244140625,1518.199951171875,1496.5999755859375,1507.0999755859375,1213,0.004063941096560608,0.004055705592803874
2019-10-04,1505.5999755859375,1508.699951171875,1497.0999755859375,1506.199951171875,233,-0.0005971895883765121,-0.0005973679771035407
2019-10-07,1504.800048828125,1505.800048828125,1489.0999755859375,1497.699951171875,121,-0.005643341040734162,-0.005659324852886079
2019-10-08,1489.4000244140625,1506.300048828125,1489.300048828125,1497.199951171875,46,-0.0003338452402357195,-0.00033390097896368473
2019-10-09,1507.699951171875,1507.699951171875,1498.4000244140625,1506.0999755859375,120,0.005944446102269962,0.005926847590369729
2019-10-10,1511.199951171875,1511.199951171875,1490.5999755859375,1494.800048828125,78,-0.007502773349037706,-0.007531060731030875
2019-10-11,1491.9000244140625,1494.9000244140625,1476.9000244140625,1482.699951171875,57,-0.00809479345798525,-0.008127734184569402
2019-10-14,1484.4000244140625,1493.5,1481.300048828125,1491.699951171875,400,0.006070007618794726,0.006051659334595071
2019-10-15,1488.9000244140625,1495.4000244140625,1476.5999755859375,1477.5999755859375,367,-0.009452286684638267,-0.00949724306442893
2019-10-16,1482.0,1488.0,1480.0,1488.0,383,0.007038457353749195,0.007013803030788963
2019-10-17,1486.199951171875,1493.199951171875,1485.800048828125,1492.300048828125,271,0.0028898177608367437,0.0028856502644308848
2019-10-18,1487.300048828125,1489.0999755859375,1486.5999755859375,1488.199951171875,82,-0.0027475021926520737,-0.0027512835044978985
2019-10-21,1489.9000244140625,1489.9000244140625,1481.5,1482.4000244140625,72,-0.0038972765408609167,-0.0039048907125390424
2019-10-22,1483.4000244140625,1483.5,1481.699951171875,1481.699951171875,99,-0.00047225663158245723,-0.0004723681798664878
2019-10-23,1486.4000244140625,1490.300048828125,1486.4000244140625,1489.9000244140625,67,0.005534233321464299,0.005518975719105269
2019-10-24,1490.5,1501.199951171875,1485.9000244140625,1498.9000244140625,115,0.006040673771744887,0.006022502044866212
2019-10-25,1501.4000244140625,1514.300048828125,1499.0,1499.5,93,0.000400277254096304,0.00040019716452753957
2019-10-28,1504.0999755859375,1504.0999755859375,1490.0,1490.0,37,-0.006335445148382801,-0.006355599249558961
2019-10-29,1485.9000244140625,1487.0,1485.9000244140625,1487.0,425,-0.00201342281879191,-0.0020154524793497153
2019-10-30,1487.199951171875,1495.4000244140625,1481.0,1493.199951171875,320,0.004169435892316775,0.004160767879948392
2019-10-31,1496.0999755859375,1513.0999755859375,1496.0999755859375,1511.4000244140625,210,0.012188637715869088,0.012114954399792637
2019-11-01,1511.0,1511.5999755859375,1503.0,1508.0,235,-0.002249586052098018,-0.0022521201719947464
2019-11-04,1511.5999755859375,1511.5999755859375,1508.0,1508.0,101,0.0,0.0
2019-11-05,1507.0999755859375,1507.0999755859375,1480.800048828125,1480.800048828125,31,-0.018037102899121304,-0.018201754334461643
2019-11-06,1483.199951171875,1491.0,1483.199951171875,1490.199951171875,567,0.006347853885599886,0.0063277911200314285
2019-11-07,1489.0999755859375,1489.0999755859375,1464.199951171875,1464.199951171875,581,-0.01744732307872776,-0.017601321488917986
2019-11-08,1469.0999755859375,1469.0999755859375,1461.300048828125,1461.300048828125,21,-0.0019805371127277205,-0.001982500969778094
2019-11-11,1461.0,1461.0,1449.300048828125,1455.5,22,-0.0039691019190591925,-0.003976999709097086
2019-11-12,1454.9000244140625,1454.9000244140625,1447.0999755859375,1452.0999755859375,6,-0.00233598379530231,-0.00233871646192102
2019-11-13,1456.800048828125,1463.300048828125,1456.800048828125,1461.699951171875,56,0.006611098235205004,0.00658934076646455
2019-11-14,1463.800048828125,1471.800048828125,1463.699951171875,1471.800048828125,83,0.006909829646058796,0.006886066178064791
2019-11-15,1469.0999755859375,1469.0999755859375,1467.300048828125,1467.300048828125,13,-0.003057480534521595,-0.003062164177331961
2019-11-18,1472.0,1472.0,1469.699951171875,1470.9000244140625,141,0.0024534692742719244,0.0024504644323866277
2019-11-19,1467.699951171875,1474.300048828125,1467.699951171875,1473.300048828125,18,0.0016316706602941267,0.0016303409319782403
2019-11-20,1472.5999755859375,1474.5,1467.300048828125,1473.300048828125,31,0.0,0.0
2019-11-21,1463.0999755859375,1463.0999755859375,1463.0999755859375,1463.0999755859375,16,-0.0069232830408855195,-0.006947360157733074
2019-11-22,1468.5999755859375,1468.5999755859375,1463.0999755859375,1463.0999755859375,19,0.0,0.0
2019-11-25,1457.0999755859375,1457.0999755859375,1455.5,1456.5999755859375,14,-0.004442621904492183,-0.004452519674764632
2019-11-26,1459.800048828125,1459.800048828125,1459.800048828125,1459.800048828125,346362,0.0021969472029548243,0.0021945374432130837
2019-11-27,1461.0999755859375,1461.9000244140625,1452.0,1453.4000244140625,88364,-0.00438417879160935,-0.0043938174856029385
2019-11-29,1453.5999755859375,1465.5999755859375,1452.0999755859375,1465.5999755859375,7020,0.008394076625114488,0.008359042281367265
2019-12-02,1462.800048828125,1464.4000244140625,1453.300048828125,1462.300048828125,2172,-0.0022515876178922367,-0.0022541262526476727
2019-12-03,1461.5999755859375,1480.4000244140625,1459.5,1478.199951171875,1460,0.010873214670608755,0.010814526309483834
2019-12-04,1477.5,1483.4000244140625,1471.199951171875,1474.0,613,-0.002841260526727396,-0.0028453045693533395
2019-12-05,1474.699951171875,1478.0,1472.300048828125,1476.9000244140625,907,0.001967452112661139,0.0019655192135956674
2019-12-06,1475.0,1476.0,1458.199951171875,1459.0999755859375,899,-0.012052304512072065,-0.01212552242517598
2019-12-09,1458.800048828125,1464.199951171875,1458.5999755859375,1459.300048828125,1461,0.0001371209961862352,0.00013711159596173993
2019-12-10,1460.699951171875,1467.199951171875,1460.699951171875,1462.5999755859375,367,0.002261307919822597,0.0022587550109528006
2019-12-11,1463.0999755859375,1475.4000244140625,1463.0999755859375,1469.4000244140625,393,0.004649288213888214,0.0046385136565482935
2019-12-12,1475.0999755859375,1483.9000244140625,1463.699951171875,1466.699951171875,955,-0.001837534502059257,-0.0018392248396021497
2019-12-13,1463.0999755859375,1475.9000244140625,1463.0999755859375,1475.5999755859375,468,0.006068060755679117,0.006049724215781696
2019-12-16,1473.800048828125,1475.300048828125,1473.800048828125,1475.0,99,-0.0004065977201573867,-0.0004066804034237166
2019-12-17,1474.0999755859375,1476.9000244140625,1474.0,1474.5999755859375,410,-0.00027120299258476255,-0.00027123977476679824
2019-12-18,1472.5999755859375,1472.5999755859375,1472.5999755859375,1472.5999755859375,250,-0.0013563000360183874,-0.0013572206434196252
2019-12-19,1475.9000244140625,1478.9000244140625,1473.300048828125,1478.199951171875,319,0.003802781256810217,0.0037955689629014283
2019-12-20,1476.699951171875,1478.0999755859375,1474.699951171875,1474.699951171875,118,-0.0023677446323991935,-0.002370552172288522
2019-12-23,1482.300048828125,1482.5,1479.9000244140625,1482.5,391,0.00528924465070113,0.005275305725533864
2019-12-24,1488.699951171875,1499.0999755859375,1488.699951171875,1499.0999755859375,52,0.011197285386804312,0.011135059860575142
2019-12-26,1505.199951171875,1512.300048828125,1505.0,1509.300048828125,126,0.00680413141771985,0.006781087784430196
2019-12-27,1513.800048828125,1513.800048828125,1513.800048828125,1513.800048828125,839,0.0029815145129650222,0.0029770786135146807
2019-12-30,1512.5999755859375,1515.0999755859375,1510.0,1514.5,446,0.0004623802016765488,0.00046227333689126925
2019-12-31,1513.800048828125,1523.4000244140625,1513.800048828125,1519.5,301,0.003301419610432399,0.003295981889555684
2020-01-02,1518.0999755859375,1528.699951171875,1518.0,1524.5,214,0.0032905561039815456,0.0032851540714616823
2020-01-03,1530.0999755859375,1552.699951171875,1530.0999755859375,1549.199951171875,107,0.01620200142464734,0.016072149694003442
2020-01-06,1580.0,1580.0,1560.4000244140625,1566.199951171875,416,0.010973405974574524,0.010913635018349008
2020-01-07,1558.300048828125,1576.300048828125,1558.300048828125,1571.800048828125,47,0.003575595601353454,0.0035692183565126895
2020-01-08,1579.699951171875,1604.199951171875,1552.300048828125,1557.4000244140625,236,-0.009161486173001832,-0.009203710678121977
2020-01-09,1555.699951171875,1555.699951171875,1543.300048828125,1551.699951171875,54,-0.0036599930350791343,-0.0036667071971181846
2020-01-10,1551.199951171875,1558.800048828125,1545.4000244140625,1557.5,16,0.0037378675070167677,0.0037308990396736773
2020-01-13,1557.4000244140625,1558.0,1548.4000244140625,1548.4000244140625,48,-0.005842680954052937,-0.00585981619083129
2020-01-14,1546.699951171875,1546.699951171875,1534.9000244140625,1542.4000244140625,32,-0.0038749676475047234,-0.003882494785876494
2020-01-15,1548.0,1553.9000244140625,1545.5999755859375,1552.0999755859375,11,0.0062888686581550335,0.006269176242541576
2020-01-16,1555.699951171875,1556.0999755859375,1548.5,1549.0,98,-0.001997278290509108,-0.001999275510573253
2020-01-17,1554.0999755859375,1558.800048828125,1553.5999755859375,1558.800048828125,108,0.006326693885167822,0.006306764371860662
2020-01-21,1559.300048828125,1566.199951171875,1551.0,1556.4000244140625,45,-0.001539661495306488,-0.0015408479920918832
2020-01-22,1549.800048828125,1557.0999755859375,1549.800048828125,1555.300048828125,42,-0.000706743490544226,-0.0007069933514569245
2020-01-23,1553.0999755859375,1564.5999755859375,1552.199951171875,1564.5999755859375,15,0.005979506504111276,0.00596170020177131
2020-01-24,1556.300048828125,1571.0999755859375,1556.300048828125,1571.0999755859375,43,0.004154416529097649,0.004145810767128866
2020-01-27,1584.300048828125,1584.5,1576.800048828125,1576.800048828125,22,0.0036280779904294125,0.0036215123910229036
2020-01-28,1576.4000244140625,1576.4000244140625,1569.199951171875,1569.199951171875,3,-0.004819950165462217,-0.004831603586278797
2020-01-29,1569.800048828125,1569.800048828125,1569.800048828125,1569.800048828125,251274,0.000382422683483874,0.0003823495785668443
2020-01-30,1576.800048828125,1585.0,1571.4000244140625,1583.5,62336,0.008727195022131706,0.00868933318130266
2020-01-31,1573.4000244140625,1589.0,1570.0,1582.9000244140625,1095,-0.00037889206563779254,-0.000378963863372795
2020-02-03,1592.9000244140625,1593.300048828125,1568.199951171875,1577.199951171875,1062,-0.003601031748229011,-0.0036075310705902057
2020-02-04,1577.699951171875,1577.699951171875,1547.800048828125,1550.4000244140625,978,-0.01699209205395924,-0.017138114161285474
2020-02-05,1553.199951171875,1560.699951171875,1547.699951171875,1557.800048828125,1305,0.004772977488090024,0.004761622946685296
2020-02-06,1553.5999755859375,1565.5999755859375,1551.5999755859375,1565.0999755859375,110,0.004686048612788207,0.0046751032672821095
2020-02-07,1564.9000244140625,1571.9000244140625,1560.5,1568.5999755859375,431,0.0022362788669072486,0.002233782116915276
2020-02-10,1569.300048828125,1574.699951171875,1568.5999755859375,1574.699951171875,128,0.003888802550604975,0.0038812607041441385
2020-02-11,1570.9000244140625,1571.0999755859375,1561.9000244140625,1565.5999755859375,440,-0.005778863191787997,-0.005795625430667941
2020-02-12,1565.199951171875,1568.699951171875,1561.0,1567.4000244140625,36,0.001149750163640162,0.0011490897071122928
2020-02-13,1570.199951171875,1575.0999755859375,1570.199951171875,1575.0999755859375,74,0.004912562876061788,0.004900535612764321
2020-02-14,1575.800048828125,1582.699951171875,1574.800048828125,1582.699951171875,68,0.004825075045227001,0.004813471680398959
2020-02-18,1579.800048828125,1604.300048828125,1579.800048828125,1600.0,310,0.0109307192530812,0.010871410739791924
2020-02-19,1600.5999755859375,1610.5,1599.699951171875,1607.5,542,0.004687499999999956,0.004676547883901803
2020-02-20,1606.5,1621.0,1603.0,1616.5999755859375,117,0.0056609490425738596,0.005644986085864686
2020-02-21,1619.300048828125,1645.0,1619.300048828125,1644.5999755859375,186,0.017320302129691267,0.01717201549417072
2020-02-24,1657.0,1686.5999755859375,1650.0,1672.4000244140625,435,0.01690383633759951,0.01676255638881947
2020-02-25,1645.0999755859375,1653.699951171875,1632.300048828125,1646.9000244140625,409,-0.015247548210802098,-0.015364987376213718
2020-02-26,1644.0,1648.0999755859375,1636.4000244140625,1640.0,1990,-0.004189704482223999,-0.004198505886171601
2020-02-27,1641.0999755859375,1658.0,1638.5,1640.0,707,0.0,0.0
2020-02-28,1640.300048828125,1642.5,1564.0999755859375,1564.0999755859375,289,-0.046280502691501524,-0.047385678747064744
2020-03-02,1583.9000244140625,1608.300048828125,1574.300048828125,1592.300048828125,537,0.01802958486181372,0.017868979456354687
2020-03-03,1594.5,1645.300048828125,1594.0,1642.0999755859375,610,0.03127546645147916,0.030796353102671873
2020-03-04,1645.4000244140625,1645.9000244140625,1631.300048828125,1641.0999755859375,83,-0.0006089763198755538,-0.0006091618212690988
2020-03-05,1637.300048828125,1672.9000244140625,1637.199951171875,1666.4000244140625,154,0.015416518922981348,0.01529889178860684
2020-03-06,1670.800048828125,1686.199951171875,1647.199951171875,1670.800048828125,175,0.0026404370796919707,0.002636957249874577
2020-03-09,1696.0999755859375,1701.5999755859375,1657.699951171875,1674.5,161,0.0022144787309947844,0.0022120303868409007
2020-03-10,1671.5999755859375,1674.5999755859375,1643.0,1659.0999755859375,48,-0.009196789736675148,-0.009239341300194449
2020-03-11,1656.5999755859375,1666.5,1635.0,1641.4000244140625,47,-0.010668405420007354,-0.010725720864527515
2020-03-12,1637.0,1647.5,1566.4000244140625,1589.300048828125,256,-0.031741181193497225,-0.03225585264372553
2020-03-13,1574.9000244140625,1589.800048828125,1513.800048828125,1515.699951171875,89,-0.04630975611591981,-0.047416352203101815
2020-03-16,1569.0999755859375,1569.0999755859375,1452.0999755859375,1485.9000244140625,193,-0.019660835071461547,-0.019856680529920206
2020-03-17,1469.300048828125,1537.699951171875,1469.300048828125,1524.9000244140625,122,0.026246718728858642,0.02590818443844778
2020-03-18,1537.5,1542.0,1477.300048828125,1477.300048828125,333,-0.031215145139910194,-0.03171271975140128
2020-03-19,1481.5,1491.5999755859375,1471.0,1478.5999755859375,262,0.0008799341466505517,0.0008795472315558977
2020-03-20,1483.5,1484.0,1483.5,1484.0,14,0.003652119912907814,0.0036454671159334207
2020-03-23,1505.300048828125,1567.0,1490.199951171875,1567.0,51,0.055929919137466255,0.05442181862869502
2020-03-24,1592.699951171875,1685.5,1592.699951171875,1660.199951171875,442,0.059476675923340716,0.05777508425392426
2020-03-25,1676.5,1676.5,1631.0999755859375,1632.300048828125,476,-0.016805145864542737,-0.016947954536260905
2020-03-26,1660.5,1660.5,1650.0999755859375,1650.0999755859375,3,0.010904812978834055,0.010845784249569976
2020-03-27,1623.9000244140625,1623.9000244140625,1623.9000244140625,1623.9000244140625,100638,-0.01587779623023844,-0.016005198817997043
2020-03-30,1641.199951171875,1652.800048828125,1607.199951171875,1622.0,16389,-0.0011700378012791113,-0.0011707228298990415
2020-03-31,1618.699951171875,1621.0,1576.0,1583.4000244140625,2874,-0.023797765466052723,-0.02408550651926629
2020-04-01,1570.0,1600.0,1570.0,1578.199951171875,2158,-0.0032841184552284686,-0.003289523008281446
2020-04-02,1590.9000244140625,1631.199951171875,1586.0,1625.699951171875,1294,0.03009758045216593,0.0296535360572285
2020-04-03,1624.5,1636.0,1619.800048828125,1633.699951171875,643,0.004920957273962578,0.00490888893936245
2020-04-06,1629.0999755859375,1696.699951171875,1625.9000244140625,1677.0,1063,0.026504284827250757,0.02615913167880727
2020-04-07,1695.699951171875,1724.4000244140625,1658.0,1664.800048828125,1144,-0.007274866530635027,-0.007301457414060284
2020-04-08,1669.699951171875,1677.0,1662.5,1665.4000244140625,747,0.0003603889766581325,0.00036032405214913405
2020-04-09,1662.699951171875,1736.199951171875,1662.699951171875,1736.199951171875,825,0.04251226475316172,0.041633439372849586
2020-04-13,1722.0,1756.800048828125,1710.699951171875,1744.800048828125,696,0.004953402775092375,0.004941175038212751
2020-04-14,1756.800048828125,1775.0,1739.5,1756.699951171875,675,0.006820209772313124,0.006797057351607868
2020-04-15,1739.4000244140625,1744.9000244140625,1722.699951171875,1727.199951171875,642,-0.016792850697309403,-0.016935449293475353
2020-04-16,1731.0,1750.5999755859375,1715.0,1720.4000244140625,162,-0.0039369655801569925,-0.003944735829989091
2020-04-17,1715.699951171875,1725.0,1684.9000244140625,1689.199951171875,223,-0.018135359683463026,-0.018301820946780283
2020-04-20,1686.0,1701.5999755859375,1680.0,1701.5999755859375,106,0.007340767684405947,0.007313955384594793
2020-04-21,1697.0,1707.0999755859375,1659.9000244140625,1678.199951171875,666,-0.013751777591560432,-0.013847209197883095
2020-04-22,1696.0,1728.699951171875,1684.800048828125,1728.699951171875,453,0.030091765861830932,0.029647891342731346
2020-04-23,1734.0,1745.0999755859375,1733.300048828125,1733.300048828125,482,0.002661015668526945,0.0026574814347122173
2020-04-24,1744.0,1744.0,1714.5,1723.5,221,-0.005653982895085452,-0.005670027160958046
2020-04-27,1731.9000244140625,1731.9000244140625,1711.9000244140625,1711.9000244140625,169,-0.006730476116006634,-0.006753227914803885
2020-04-28,1716.5999755859375,1716.5999755859375,1707.0999755859375,1710.5,1255,-0.0008178190280367925,-0.0008181536244567528
2020-04-29,1710.0,1713.5,1702.0,1703.4000244140625,373,-0.004150818816683666,-0.004159457378130776
2020-04-30,1719.300048828125,1719.300048828125,1680.800048828125,1684.199951171875,327,-0.011271617334156159,-0.011335623435517613
2020-05-01,1686.5999755859375,1701.5,1670.5,1694.5,337,0.006115692392080874,0.006097067443094948
2020-05-04,1702.5999755859375,1709.0,1699.5999755859375,1706.9000244140625,320,0.007317807267077203,0.007291162026340241
2020-05-05,1701.5,1704.4000244140625,1697.199951171875,1704.4000244140625,82,-0.0014646434848216705,-0.001465717123550518
2020-05-06,1704.0,1704.0,1684.199951171875,1684.199951171875,469,-0.01185172081250807,-0.011922512345884834
2020-05-07,1686.199951171875,1721.800048828125,1685.5999755859375,1721.800048828125,853,0.022325198163132498,0.02207963897860998
2020-05-08,1726.199951171875,1728.9000244140625,1703.800048828125,1709.9000244140625,330,-0.006911385803573311,-0.006935380050009182
2020-05-11,1702.300048828125,1704.5,1690.199951171875,1695.300048828125,749,-0.008538496624058811,-0.00857515842664911
2020-05-12,1699.300048828125,1713.0999755859375,1699.300048828125,1704.4000244140625,324,0.005367766957965925,0.005353411843933332
2020-05-13,1702.0,1721.300048828125,1701.9000244140625,1713.9000244140625,431,0.005573808885191767,0.0055583326933722026
2020-05-14,1724.300048828125,1743.0999755859375,1720.5,1738.0999755859375,672,0.01411981494086767,0.014021058879757815
2020-05-15,1739.699951171875,1753.4000244140625,1739.699951171875,1753.4000244140625,719,0.00880274382546209,0.008764225555300193
2020-05-18,1755.699951171875,1770.5,1731.800048828125,1731.800048828125,229,-0.01231890913949063,-0.012395415869611638
2020-05-19,1744.199951171875,1749.5,1744.199951171875,1744.199951171875,167,0.007160123567464316,0.007134611589602911
2020-05-20,1751.5999755859375,1752.0999755859375,1745.5999755859375,1750.5999755859375,16,0.0036693180789062474,0.0036626025539089747
2020-05-21,1746.800048828125,1746.800048828125,1720.5,1720.5,528,-0.017194091172006765,-0.01734362611469108
2020-05-22,1726.5999755859375,1734.5999755859375,1726.5999755859375,1734.5999755859375,6,0.008195277876162477,0.008161878938069567
2020-05-26,1726.4000244140625,1726.4000244140625,1704.800048828125,1704.800048828125,39,-0.017179711274783238,-0.017328994749641426
2020-05-27,1685.5999755859375,1710.300048828125,1685.5999755859375,1710.300048828125,137416,0.003226184797320286,0.003220991829132791
2020-05-28,1709.300048828125,1727.800048828125,1705.0,1713.300048828125,23355,0.0017540781818112805,0.001752541583290877
2020-05-29,1732.699951171875,1754.5,1725.300048828125,1751.699951171875,150112,0.022412829772587184,0.02216535324450722
2020-06-01,1749.800048828125,1761.0,1737.5999755859375,1750.300048828125,146131,-0.0007991678842106387,-0.0007994873891009217
2020-06-02,1750.300048828125,1757.0,1728.0,1734.0,175351,-0.009312716890477302,-0.009356351353305621
2020-06-03,1733.699951171875,1738.9000244140625,1690.300048828125,1704.800048828125,256523,-0.016839648888047898,-0.016983047914524027
2020-06-04,1702.800048828125,1729.0,1698.9000244140625,1727.4000244140625,198723,0.013256672300937966,0.013169571553637746
2020-06-05,1720.800048828125,1723.199951171875,1671.699951171875,1683.0,273683,-0.02570338299556474,-0.026039486788794926
2020-06-08,1686.699951171875,1707.5999755859375,1680.699951171875,1705.0999755859375,154767,0.013131298625037147,0.013045830515041369
2020-06-09,1703.9000244140625,1729.4000244140625,1697.5999755859375,1721.9000244140625,182910,0.009852823335096073,0.009804600764852654
2020-06-10,1718.9000244140625,1749.4000244140625,1714.0999755859375,1720.699951171875,198763,-0.0006969471079459888,-0.0006971900884845744
2020-06-11,1746.5999755859375,1754.9000244140625,1727.5,1739.800048828125,205348,0.011100190735312099,0.011039035756591188
2020-06-12,1733.5999755859375,1753.0,1728.199951171875,1737.300048828125,151397,-0.001436946735163036,-0.0014379801332001416
2020-06-15,1740.699951171875,1743.800048828125,1706.199951171875,1727.199951171875,200225,-0.005813674881931297,-0.0058306400751142375
2020-06-16,1732.300048828125,1741.300048828125,1721.800048828125,1736.5,182423,0.0053844656617869635,0.005370021253636352
2020-06-17,1735.300048828125,1739.300048828125,1717.300048828125,1735.5999755859375,140069,-0.0005182979637561314,-0.0005184323265744041
2020-06-18,1735.5,1749.199951171875,1722.699951171875,1731.0999755859375,155912,-0.0025927633459897903,-0.0025961303780780865
2020-06-19,1729.800048828125,1760.9000244140625,1728.300048828125,1753.0,181151,0.01265092988442218,0.012571575441758352
2020-06-22,1765.800048828125,1779.0,1753.5,1766.4000244140625,228682,0.007644052717662664,0.007614984982908569
2020-06-23,1764.9000244140625,1786.800048828125,1758.300048828125,1782.0,194678,0.008831507795699967,0.008792738126611584
2020-06-24,1784.4000244140625,1796.0999755859375,1770.5999755859375,1775.0999755859375,239533,-0.0038720675724256415,-0.003879583433623188
2020-06-25,1772.300048828125,1779.5999755859375,1764.0999755859375,1770.5999755859375,152200,-0.0025350684817144753,-0.002538287208764374
2020-06-26,1774.800048828125,1786.199951171875,1754.0,1780.300048828125,201233,0.005478410355776342,0.0054634584493578045
2020-06-29,1789.199951171875,1790.4000244140625,1776.5,1781.199951171875,130505,0.0005054779076945071,0.0005053501967718111
2020-06-30,1784.199951171875,1804.0,1774.800048828125,1800.5,199417,0.010835419580731198,0.010777137054433285
2020-07-01,1798.9000244140625,1807.699951171875,1767.9000244140625,1779.9000244140625,263254,-0.011441252755311049,-0.011507207439686752
2020-07-02,1779.0,1791.699951171875,1766.300048828125,1790.0,186306,0.005674462299792626,0.005658423185557523
2020-07-06,1787.9000244140625,1799.0,1779.199951171875,1793.5,184653,0.001955307262569761,0.001953398137536515
2020-07-07,1793.9000244140625,1810.800048828125,1781.199951171875,1809.9000244140625,221733,0.009144145198808129,0.0091025906316659
2020-07-08,1807.9000244140625,1829.800048828125,1803.800048828125,1820.5999755859373,247500,0.005911901777745365,0.005894495057285814
2020-07-09,1818.800048828125,1825.5,1799.5999755859375,1803.800048828125,283371,-0.009227687016971076,-0.009270525860092336
2020-07-10,1808.4000244140625,1817.0,1796.5,1801.9000244140625,223832,-0.001053345361253788,-0.001053900519361877
2020-07-13,1803.4000244140625,1818.800048828125,1802.0999755859373,1814.0999755859373,230398,0.006770603810742459,0.006747786207494503
2020-07-14,1805.199951171875,1815.0,1791.0999755859375,1813.4000244140625,253207,-0.00038583935907321454,-0.00038591381423115574
2020-07-15,1811.0999755859373,1819.5,1804.0,1813.800048828125,183055,0.000220593585903206,0.00022056925871568377
2020-07-16,1813.0999755859373,1816.199951171875,1794.0999755859375,1800.300048828125,196566,-0.007442937278958728,-0.00747077414802157
2020-07-17,1796.9000244140625,1813.9000244140625,1795.199951171875,1810.0,167012,0.005387963622057956,0.005373500474079257
2020-07-20,1812.300048828125,1823.4000244140625,1806.5999755859373,1817.4000244140625,177739,0.00408841127848758,0.004080076434885893
2020-07-21,1819.5999755859373,1844.9000244140625,1817.199951171875,1843.9000244140625,271085,0.014581269750199244,0.014475985256809883
2020-07-22,1842.800048828125,1871.800048828125,1842.0999755859373,1865.0999755859373,382234,0.01149734307238881,0.011431750901885845
2020-07-23,1871.5999755859373,1897.699951171875,1863.0999755859373,1890.0,418749,0.013350503855022566,0.0132621712002349
2020-07-24,1884.9000244140625,1904.5999755859373,1880.5,1897.5,300174,0.003968253968253954,0.003960401216096914
2020-07-27,1901.199951171875,1941.9000244140625,1899.0,1931.0,428229,0.01765480895915683,0.017500773158729496
2020-07-28,1937.0999755859373,1974.699951171875,1900.199951171875,1944.5999755859373,434445,0.007042970267186588,0.007018284392242885
2020-07-29,1950.5999755859373,1974.9000244140625,1935.199951171875,1953.4000244140625,209835,0.004525377423947319,0.004515168690859453
2020-07-30,1963.4000244140625,1965.0999755859373,1930.0,1942.300048828125,28853,-0.005682387348831419,-0.0056985935341977295
2020-07-31,1948.5999755859373,1981.0999755859373,1948.0,1962.800048828125,2914,0.010554496980200723,0.01049918711509946
2020-08-03,1984.300048828125,1984.300048828125,1955.5,1966.0,178754,0.0016302991095733521,0.0016289716145934227
2020-08-04,1993.5,2037.699951171875,1982.5999755859373,2021.0,274420,0.027975584944048837,0.027591416696509156
2020-08-05,2037.0,2070.300048828125,2027.5,2049.300048828125,366379,0.014002992987691698,0.013905856829025502
2020-08-06,2055.0,2081.800048828125,2049.0,2069.39990234375,312758,0.009808155485634629,0.0097603677475917
2020-08-07,2076.39990234375,2089.199951171875,2024.800048828125,2028.0,398127,-0.02000575253572856,-0.02020857726916448
2020-08-10,2044.800048828125,2060.800048828125,2027.800048828125,2039.699951171875,251306,0.0057692066922461205,0.005752628550573825
2020-08-11,2038.4000244140625,2040.5,1911.300048828125,1946.300048828125,565001,-0.04579100092152699,-0.04687255492545212
2020-08-12,1921.5999755859373,1961.0,1874.199951171875,1949.0,459842,0.0013872224755380191,0.0013862611713655055
2020-08-13,1927.300048828125,1974.800048828125,1923.0,1970.4000244140625,349891,0.01098000226478324,0.010920159689176595
2020-08-14,1963.800048828125,1970.0,1939.0999755859373,1949.800048828125,241798,-0.01045471748411253,-0.01050975195893395
2020-08-17,1956.4000244140625,2000.800048828125,1939.0999755859373,1998.699951171875,289437,0.025079444619534152,0.024770116532750342
2020-08-18,1993.5999755859373,2024.5999755859373,1985.199951171875,2013.0999755859373,361475,0.007204695434959829,0.007178865606633312
2020-08-19,2010.5,2015.5999755859373,1930.5,1970.300048828125,443256,-0.021260706014044284,-0.021489970193188913
2020-08-20,1934.4000244140625,1963.0999755859373,1928.9000244140625,1946.5,383338,-0.012079403257529542,-0.012152952133487747
2020-08-21,1955.5999755859373,1963.0999755859373,1916.5999755859373,1947.0,355065,0.00025687130747487075,0.0002568383216891825
2020-08-24,1947.9000244140625,1970.300048828125,1930.800048828125,1939.199951171875,286258,-0.004006188406843858,-0.004014234676724589
2020-08-25,1935.9000244140625,1944.0999755859373,1919.0999755859373,1923.0999755859373,274113,-0.00830238035856401,-0.008337037073833774
2020-08-26,1939.0,1963.4000244140625,1908.4000244140625,1952.5,342207,0.015287829435443268,0.015172148092199845
2020-08-27,1963.0,1987.0,1914.699951171875,1932.5999755859373,467170,-0.010192073963668502,-0.010244368781388194
2020-08-28,1937.5,1983.0,1928.199951171875,1974.9000244140625,334102,0.02188763808470018,0.021651542571664437
2020-08-31,1973.9000244140625,1985.800048828125,1962.300048828125,1978.5999755859373,245105,0.0018734878354018658,0.001871735045945534
2020-09-01,1973.699951171875,2001.199951171875,1969.199951171875,1978.9000244140625,304894,0.00015164703923353784,0.00015163554198361828
2020-09-02,1976.800048828125,1980.4000244140625,1938.9000244140625,1944.699951171875,332591,-0.017282365364725272,-0.017433448689517447
2020-09-03,1948.9000244140625,1956.5999755859373,1927.199951171875,1937.800048828125,303029,-0.003548054978657289,-0.0035543642539143
2020-09-04,1938.0,1956.5999755859373,1921.5999755859373,1934.300048828125,304742,-0.001806171902058007,-0.0018078049972579365
2020-09-08,1938.0,1948.300048828125,1911.699951171875,1943.199951171875,416013,0.004601097099254048,0.004590544408916773
2020-09-09,1939.4000244140625,1959.699951171875,1926.300048828125,1954.9000244140625,227182,0.006021034137599468,0.006002980144450495
2020-09-10,1955.300048828125,1975.199951171875,1948.5999755859373,1964.300048828125,271478,0.004808442527325596,0.004796918893279967
2020-09-11,1953.800048828125,1963.4000244140625,1944.0,1947.9000244140625,205234,-0.00834904241021961,-0.008384090881923677
2020-09-14,1948.9000244140625,1972.5,1945.199951171875,1963.699951171875,200091,0.008111261645763923,0.008078542174734863
2020-09-15,1966.199951171875,1982.4000244140625,1955.5999755859373,1966.199951171875,239538,0.001273106921710676,0.001272297208255298
2020-09-16,1961.4000244140625,1983.800048828125,1957.199951171875,1970.5,298385,0.002186984505600398,0.0021845965359877737
2020-09-17,1967.5999755859373,1969.300048828125,1938.199951171875,1949.9000244140625,273140,-0.01045418705198553,-0.010509215922843226
2020-09-18,1951.0999755859373,1968.199951171875,1951.0999755859373,1962.0999755859373,176074,0.0062567059947296055,0.00623721407101787
2020-09-21,1957.300048828125,1962.9000244140625,1885.4000244140625,1910.5999755859373,386667,-0.026247388329241783,-0.026597999725542703
2020-09-22,1918.0999755859373,1925.5,1898.9000244140625,1907.5999755859373,282714,-0.0015701873957576495,-0.0015714214319344176
2020-09-23,1905.0999755859373,1909.9000244140625,1856.0,1868.4000244140625,411558,-0.020549356088051973,-0.020763431930974262
2020-09-24,1866.9000244140625,1880.9000244140625,1851.0,1876.9000244140625,345036,0.00454934697545073,0.004539029975074966
2020-09-25,1872.699951171875,1879.300048828125,1854.0999755859373,1866.300048828125,230857,-0.005647597340325383,-0.005663605317709589
2020-09-28,1862.699951171875,1888.199951171875,1851.0999755859373,1882.300048828125,235915,0.008573112351385692,0.008536571918656283
2020-09-29,1886.4000244140625,1904.800048828125,1880.800048828125,1903.199951171875,217795,0.011103385114802355,0.01104219506214124
2020-09-30,1903.199951171875,1908.199951171875,1885.800048828125,1895.5,259868,-0.004045792018402383,-0.004053998376554666
2020-10-01,1891.199951171875,1917.9000244140625,1890.0,1916.300048828125,262086,0.010973383713070328,0.010913612998477555
2020-10-02,1911.0,1923.5999755859373,1895.199951171875,1907.5999755859373,212728,-0.004540037061267155,-0.0045503743291114415
2020-10-05,1910.9000244140625,1924.9000244140625,1891.199951171875,1920.0999755859373,177587,0.006552736506594048,0.006531360658119527
2020-10-06,1917.800048828125,1927.0,1878.199951171875,1908.800048828125,219440,-0.005885072080355602,-0.005902457359689111
2020-10-07,1882.5999755859373,1902.4000244140625,1877.0999755859373,1890.800048828125,188588,-0.00943000814100503,-0.009474752181049323
2020-10-08,1890.5999755859373,1905.300048828125,1885.300048828125,1895.0999755859373,185453,0.002274130868822999,0.0022715489468967077
2020-10-09,1898.4000244140625,1936.800048828125,1898.0,1926.199951171875,229847,0.016410730825070052,0.016277530087272347
2020-10-12,1935.0,1939.4000244140625,1923.800048828125,1928.9000244140625,157212,0.00140176166059236,0.0014007801098755127
2020-10-13,1927.300048828125,1930.5999755859373,1889.300048828125,1894.5999755859373,267538,-0.01778218072164961,-0.017942183331877984
2020-10-14,1895.4000244140625,1917.5,1885.0,1907.300048828125,188302,0.006703300647019184,0.006680933427729803
2020-10-15,1906.0,1913.199951171875,1892.699951171875,1908.9000244140625,213574,0.000838869367680628,0.0008385177134201947
2020-10-16,1912.699951171875,1918.699951171875,1901.0999755859373,1906.4000244140625,146910,-0.0013096547582513995,-0.0013105131055519037
2020-10-19,1903.199951171875,1923.4000244140625,1900.199951171875,1911.699951171875,159852,0.002780070651458022,0.0027762134023407528
2020-10-20,1906.4000244140625,1917.5999755859373,1896.5999755859373,1915.4000244140625,163912,0.0019354884849578369,0.0019336178404717969
2020-10-21,1911.5999755859373,1936.0,1911.5999755859373,1929.5,201272,0.0073613738155040576,0.0073344111439592906
2020-10-22,1927.4000244140625,1929.4000244140625,1894.199951171875,1904.5999755859373,215581,-0.012904910294927574,-0.012988902036200407
2020-10-23,1906.5,1917.300048828125,1895.199951171875,1905.199951171875,172958,0.0003150139628418369,0.00031496435636099355
2020-10-26,1906.0,1911.0999755859373,1892.5,1905.699951171875,166313,0.0002624396456090139,0.00026240521434917356
2020-10-27,1904.4000244140625,1913.800048828125,1898.699951171875,1911.9000244140625,153297,0.003253436218211947,0.0032481552457036943
2020-10-28,1909.800048828125,1912.5999755859373,1869.0999755859373,1879.199951171875,297085,-0.017103443079984793,-0.017251396396648036
2020-10-29,1877.5,1885.0999755859373,1859.199951171875,1868.0,225159,-0.005959957142873895,-0.00597778857245111
2020-10-30,1867.9000244140625,1890.9000244140625,1863.300048828125,1879.9000244140625,213173,0.006370462748427563,0.006350257118022085
2020-11-02,1877.0,1897.0999755859373,1873.300048828125,1892.5,164943,0.006702471100751506,0.006680109404793823
2020-11-03,1896.4000244140625,1912.199951171875,1887.5999755859373,1910.4000244140625,171368,0.009458401275594497,0.0094139506662344
2020-11-04,1910.300048828125,1917.9000244140625,1881.800048828125,1896.199951171875,293946,-0.007433036568633256,-0.007460799244494012
2020-11-05,1903.4000244140625,1954.300048828125,1902.199951171875,1946.800048828125,297512,0.02668500103323934,0.02633516630717766
2020-11-06,1950.0,1961.800048828125,1937.199951171875,1951.699951171875,246779,0.002516900668201316,0.0025137385783804904
2020-11-09,1956.0,1966.0999755859373,1848.0,1854.4000244140625,496088,-0.049853937178914176,-0.0511395558679373
2020-11-10,1864.0999755859373,1888.9000244140625,1858.9000244140625,1876.4000244140625,264872,0.011863675426207587,0.011793853714455942
2020-11-11,1876.0999755859373,1882.5,1853.9000244140625,1861.5999755859373,215170,-0.007887469961394222,-0.007918740591898229
2020-11-12,1863.9000244140625,1883.0,1860.699951171875,1873.300048828125,209934,0.006284955627217981,0.006265287658788931
2020-11-13,1875.5999755859373,1895.800048828125,1872.0999755859373,1886.199951171875,162538,0.006886191217375881,0.006862589690437344
2020-11-16,1886.5999755859373,1898.0,1861.5,1887.800048828125,222937,0.0008483181516656391,0.000847958533188633
2020-11-17,1888.199951171875,1892.699951171875,1876.300048828125,1885.0999755859373,160884,-0.0014302750144877807,-0.0014312988341418735
2020-11-18,1879.5,1884.199951171875,1860.300048828125,1873.9000244140625,209000,-0.005941303547252752,-0.005959023311699357
2020-11-19,1872.0,1872.5999755859373,1850.0,1861.5,222347,-0.006617228375318307,-0.006639219297325107
2020-11-20,1864.800048828125,1879.199951171875,1859.0999755859373,1872.4000244140625,186166,0.005855505997347521,0.005838429152057746
2020-11-23,1869.800048828125,1875.0,1828.0,1837.800048828125,319657,-0.018478944207857007,-0.018651812829253715
2020-11-24,1835.699951171875,1836.9000244140625,1797.0999755859375,1804.5999755859373,367879,-0.018065117183644563,-0.0182302836039701
2020-11-25,1805.199951171875,1816.300048828125,1798.5999755859375,1805.5,205754,0.0004987390148725179,0.0004986146859067929
2020-11-27,1806.0999755859373,1817.0,1770.699951171875,1781.9000244140625,71804,-0.013071157898608465,-0.01315733728300291
2020-11-30,1785.0,1787.199951171875,1762.300048828125,1775.699951171875,3145,-0.0034794731226440723,-0.0034855405676794873
2020-12-01,1775.0,1815.9000244140625,1774.9000244140625,1814.0999755859373,203653,0.02162528888324866,0.02139477962249914
2020-12-02,1819.0999755859373,1835.699951171875,1810.5,1830.199951171875,185323,0.008874910866330632,0.008835760312828487
2020-12-03,1833.9000244140625,1847.4000244140625,1826.699951171875,1841.0999755859373,180357,0.005955646762575206,0.005937982000418301
2020-12-04,1844.699951171875,1852.699951171875,1832.0,1840.0,171259,-0.0005974556517970298,-0.0005976341995447443
2020-12-07,1841.0999755859373,1873.0,1824.800048828125,1866.0,209042,0.01413043478260878,0.014031530804257916
2020-12-08,1866.0999755859373,1879.800048828125,1863.9000244140625,1874.9000244140625,151792,0.004769573640976743,0.004758235263143714
2020-12-09,1875.4000244140625,1875.9000244140625,1828.199951171875,1838.5,219587,-0.019414381535057146,-0.019605315929106134
2020-12-10,1843.0,1854.199951171875,1831.5,1837.4000244140625,164803,-0.0005983005634688787,-0.0005984796166729862
2020-12-11,1840.0,1851.800048828125,1826.800048828125,1843.5999755859373,153800,0.0033743066776392716,0.003368626479096568
2020-12-14,1845.0,1845.5999755859373,1820.0,1832.0999755859373,168491,-0.006237795699875259,-0.006257332032277657
2020-12-15,1830.5,1859.300048828125,1828.5,1855.300048828125,173607,0.0126631043891412,0.012583597779542164
2020-12-16,1857.699951171875,1870.0,1848.199951171875,1859.0999755859373,199679,0.0020481467459736447,0.0020460521529620844
2020-12-17,1868.4000244140625,1902.0,1865.9000244140625,1890.4000244140625,219866,0.01683612997642059,0.016695973283481137
2020-12-18,1891.300048828125,1895.699951171875,1881.9000244140625,1888.9000244140625,153231,-0.0007934828505226088,-0.0007937978246683896
2020-12-21,1892.9000244140625,1912.0,1859.0,1882.800048828125,232045,-0.0032293798015221586,-0.0032346055020207316
2020-12-22,1883.0,1889.4000244140625,1863.699951171875,1870.300048828125,176016,-0.006639048053870722,-0.006661184564706523
2020-12-23,1865.5999755859373,1883.699951171875,1860.9000244140625,1878.0999755859373,162537,0.004170414668330569,0.004161742591487896
2020-12-24,1877.300048828125,1887.4000244140625,1873.0999755859373,1883.199951171875,89405,0.0027154973921696968,0.0027118170901877106
2020-12-28,1887.0,1904.0999755859373,1873.0,1880.4000244140625,196760,-0.0014867920722226868,-0.0014878984443218559
2020-12-29,1878.0,1891.300048828125,1875.5999755859373,1882.9000244140625,149267,0.0013295043435128662,0.0013286213351687932
2020-12-30,1881.800048828125,1899.0,1879.5,1893.4000244140625,133658,0.005576504256123549,0.005561013120503056
2020-12-31,1899.0,1904.9000244140625,1889.0999755859373,1895.0999755859373,130631,0.000897829909134451,0.0008974271009457121
2021-01-04,1908.199951171875,1948.699951171875,1906.0999755859373,1946.5999755859373,273370,0.027175347297483388,0.026812653760459396
2021-01-05,1946.0,1957.0,1938.4000244140625,1954.4000244140625,201945,0.0040070116746906415,0.003999004984882971
2021-01-06,1952.800048828125,1962.5,1902.5999755859373,1908.5999755859373,366605,-0.023434326778549952,-0.023713277243830412
2021-01-07,1921.5,1929.5999755859373,1907.5,1913.5999755859373,199982,0.002619721295168187,0.0026162958065820423
2021-01-08,1915.199951171875,1918.4000244140625,1827.800048828125,1835.4000244140625,443506,-0.040865359620382624,-0.04172381731144822
2021-01-11,1849.4000244140625,1856.0,1817.0999755859373,1850.800048828125,268363,0.008390554761477098,0.008355549728337474
2021-01-12,1845.4000244140625,1864.0,1835.800048828125,1844.199951171875,240656,-0.003566078172749676,-0.003572451786565007
2021-01-13,1855.0,1863.0,1841.5999755859373,1854.9000244140625,225988,0.005802013624058633,0.005785246766110099
2021-01-14,1845.5999755859373,1857.5999755859373,1826.5999755859373,1851.4000244140625,257661,-0.0018868941473574319,-0.0018886765746397522
2021-01-15,1847.300048828125,1856.5999755859373,1822.0999755859373,1829.9000244140625,231105,-0.011612833378245369,-0.01168078894453386
2021-01-19,1828.800048828125,1845.0,1800.800048828125,1840.199951171875,331589,0.005628682780694838,0.005612900938731958
2021-01-20,1839.9000244140625,1872.0,1831.0999755859373,1866.5,274396,0.014291951704148653,0.014190784540518423
2021-01-21,1871.0,1874.5999755859373,1857.5,1865.9000244140625,196937,-0.00032144419284085846,-0.00032149586709930423
2021-01-22,1870.0999755859373,1870.800048828125,1836.300048828125,1856.199951171875,249715,-0.005198602880791325,-0.005212162631669515
2021-01-25,1855.300048828125,1867.4000244140625,1846.199951171875,1855.199951171875,211978,-0.0005387350642740429,-0.0005388802341498585
2021-01-26,1854.9000244140625,1860.800048828125,1847.199951171875,1850.9000244140625,170259,-0.00231776998220401,-0.0023204601686753865
2021-01-27,1849.699951171875,1851.5,1828.4000244140625,1844.9000244140625,195540,-0.003241666173676494,-0.003246931756053497
2021-01-28,1843.4000244140625,1862.9000244140625,1831.5,1837.9000244140625,27283,-0.0037942435402282815,-0.0038014599418898284
2021-01-29,1842.0,1876.0,1838.699951171875,1847.300048828125,276173,0.005114546106532281,0.005101511241647846
2021-02-01,1865.0,1876.0,1851.699951171875,1863.9000244140625,242045,0.008986074350221696,0.008945939839384515
2021-02-02,1863.5999755859373,1866.300048828125,1830.4000244140625,1833.4000244140625,235995,-0.01636353860212436,-0.016498899992181237
2021-02-03,1838.5,1845.9000244140625,1830.0999755859373,1835.0999755859373,137228,0.0009272123645891472,0.0009267827687351737
2021-02-04,1834.5,1835.699951171875,1784.5999755859375,1791.199951171875,279616,-0.023922415671138175,-0.024213203588150038
2021-02-05,1794.300048828125,1816.0,1792.199951171875,1813.0,205758,0.012170639472082634,0.012097172730313561
2021-02-08,1818.0999755859373,1840.5999755859373,1807.300048828125,1834.199951171875,177562,0.011693299046814598,0.011625460749054056
2021-02-09,1832.4000244140625,1849.5,1830.300048828125,1837.5,154392,0.0017991761618010305,0.0017975595830865857
2021-02-10,1838.300048828125,1856.5999755859373,1834.0,1842.699951171875,176443,0.002829905399659882,0.0028259087556818216
2021-02-11,1844.300048828125,1848.5999755859373,1821.699951171875,1826.800048828125,147019,-0.008628589984841728,-0.008666031803055632
2021-02-12,1825.4000244140625,1831.5,1810.0999755859373,1823.199951171875,171902,-0.001970712480853898,-0.0019726568896954793
2021-02-16,1826.0,1827.0999755859373,1788.0999755859375,1799.0,355922,-0.013273339085118074,-0.01336221719938938
2021-02-17,1793.0999755859375,1794.199951171875,1767.9000244140625,1772.800048828125,257335,-0.014563619328446409,-0.014670709854628315
2021-02-18,1776.0,1788.800048828125,1766.5999755859375,1775.0,224767,0.001240947152121974,0.0012401778136113077
2021-02-19,1774.5999755859375,1790.9000244140625,1759.0,1777.4000244140625,251783,0.0013521264304576786,0.0013512131306875166
2021-02-22,1782.0,1812.4000244140625,1778.5999755859375,1808.4000244140625,221198,0.017441206016760136,0.017290853880612675
2021-02-23,1809.300048828125,1815.199951171875,1794.5,1805.9000244140625,191147,-0.001382437495160982,-0.001383393943463284
2021-02-24,1805.0,1813.0,1782.199951171875,1797.9000244140625,224060,-0.004429924077660741,-0.0044397652658934245
2021-02-25,1804.9000244140625,1805.0,1763.9000244140625,1775.4000244140625,316252,-0.012514600197156556,-0.012593567325938243
2021-02-26,1770.9000244140625,1773.800048828125,1714.9000244140625,1728.800048828125,362549,-0.02624759206101568,-0.026598208948904745
2021-03-01,1732.800048828125,1757.4000244140625,1717.199951171875,1723.0,241917,-0.0033549564231309947,-0.0033605969086871372
2021-03-02,1722.800048828125,1737.800048828125,1704.5999755859375,1733.5999755859375,235964,0.0061520461903292745,0.00613319961135002
2021-03-03,1736.5,1739.0999755859375,1699.4000244140625,1715.800048828125,255653,-0.010267609026584301,-0.010320684542480205
2021-03-04,1708.4000244140625,1721.5999755859375,1687.5999755859375,1700.699951171875,277449,-0.008800616171192654,-0.008839570309036659
2021-03-05,1695.300048828125,1705.699951171875,1683.0,1698.5,269333,-0.001293556320948408,-0.001294393687124243
2021-03-08,1701.5999755859375,1712.0,1673.300048828125,1678.0,273905,-0.012069473064468594,-0.012142900573487067
2021-03-09,1679.300048828125,1718.699951171875,1676.699951171875,1716.9000244140625,248946,0.023182374501825143,0.02291774527586593
2021-03-10,1714.5,1725.300048828125,1705.5999755859375,1721.800048828125,226890,0.002853995191557379,0.0028499302796034668
2021-03-11,1725.0,1738.0,1716.800048828125,1722.5999755859375,215341,0.00046458748700639596,0.0004644795996539704
2021-03-12,1720.5,1728.0,1696.5999755859375,1719.800048828125,232207,-0.0016254074059534052,-0.001626729813732933
2021-03-15,1726.5,1733.199951171875,1719.199951171875,1729.199951171875,163045,0.005465694892935469,0.005450812187527001
2021-03-16,1730.699951171875,1740.5,1724.4000244140625,1730.9000244140625,173891,0.0009831559624065012,0.0009826729811213246
2021-03-17,1730.0,1750.5999755859375,1722.0,1727.0999755859375,220553,-0.0021954178603766916,-0.0021978313231874394
2021-03-18,1744.0,1754.199951171875,1716.5999755859375,1732.5,251758,0.0031266426323874885,0.0031217648500555437
2021-03-19,1733.699951171875,1746.0999755859375,1727.0999755859375,1741.699951171875,213282,0.005310217126623273,0.0052961676389299455
2021-03-22,1745.5999755859375,1747.0,1726.4000244140625,1738.0999755859375,196311,-0.002066932127726906,-0.002069071179962667
2021-03-23,1738.5,1742.0,1722.699951171875,1725.0999755859375,226204,-0.007479431668260372,-0.0075075428755865484
2021-03-24,1725.9000244140625,1737.699951171875,1722.300048828125,1733.199951171875,186524,0.004695365892163128,0.004684377046075653
2021-03-25,1733.199951171875,1744.800048828125,1720.300048828125,1725.0999755859375,226207,-0.00467342246372715,-0.004684377046075529
2021-03-26,1725.5,1735.5,1718.800048828125,1732.300048828125,172944,0.004173713607376284,0.004165027824331483
2021-03-29,1731.5,1732.5999755859375,1703.300048828125,1712.199951171875,135457,-0.011603127108290145,-0.011670968681155277
2021-03-30,1711.0,1712.5999755859375,1676.5,1683.9000244140625,25316,-0.01652840063360783,-0.01666651867582937
2021-03-31,1683.699951171875,1713.800048828125,1676.5,1713.800048828125,210770,0.017756413077116395,0.017600609611377438
2021-04-01,1709.0,1732.0,1706.4000244140625,1728.4000244140625,170430,0.008519065917824475,0.008482983456853287
2021-04-05,1730.0,1734.4000244140625,1721.5999755859375,1728.800048828125,101746,0.0002314420321753996,0.00023141525359998311
2021-04-06,1729.199951171875,1746.699951171875,1728.199951171875,1743.0,152598,0.008213761436147937,0.008180212083404288
2021-04-07,1744.4000244140625,1745.4000244140625,1731.199951171875,1741.5999755859375,122802,-0.0008032268583261226,-0.0008035496178634172
2021-04-08,1738.5999755859375,1759.4000244140625,1733.5999755859375,1758.199951171875,144574,0.00953145143468026,0.009486313743264805
2021-04-09,1756.5,1758.199951171875,1730.800048828125,1744.800048828125,171395,-0.007621375677333342,-0.007650566773062282
2021-04-12,1744.5,1746.199951171875,1727.0,1732.699951171875,125360,-0.0069349480270687325,-0.006959106535928039
2021-04-13,1732.199951171875,1749.5,1723.199951171875,1747.5999755859375,175594,0.00859931022909377,0.00856254677079712
2021-04-14,1746.4000244140625,1750.699951171875,1732.300048828125,1736.300048828125,145260,-0.006465968708899705,-0.0064869636351968935
2021-04-15,1736.5999755859375,1770.5999755859375,1734.4000244140625,1766.800048828125,198143,0.01756608831554507,0.017413587886814526
2021-04-16,1764.800048828125,1784.699951171875,1760.300048828125,1780.199951171875,173498,0.007584277775313453,0.007555661737535059
2021-04-19,1778.800048828125,1790.4000244140625,1766.5999755859375,1770.5999755859375,180726,-0.005392638944641037,-0.0054072317080146315
2021-04-20,1770.5,1780.800048828125,1763.5,1778.4000244140625,169041,0.004405313981518555,0.00439563898972505
2021-04-21,1779.0999755859375,1798.4000244140625,1776.5999755859375,1793.0999755859375,173968,0.008265829380382561,0.008231854504664907
2021-04-22,1794.5,1798.0999755859375,1777.0999755859375,1782.0,163753,-0.006190382988717769,-0.0062096228520024
2021-04-23,1784.0,1796.300048828125,1769.5,1777.800048828125,175847,-0.002356874956158772,-0.002359656757703406
2021-04-26,1776.0999755859375,1783.0999755859375,1768.199951171875,1780.0999755859375,143358,0.0012936925945796762,0.00129285649534095
2021-04-27,1781.0999755859375,1785.9000244140625,1773.9000244140625,1778.800048828125,147945,-0.0007302549158142435,-0.0007305216818146407
2021-04-28,1776.4000244140625,1782.699951171875,1761.800048828125,1773.9000244140625,198578,-0.0027546797164136327,-0.002758480828753144
2021-04-29,1781.9000244140625,1789.9000244140625,1754.5999755859375,1768.300048828125,231520,-0.0031568721511163744,-0.0031618655838607855
2021-04-30,1772.4000244140625,1773.300048828125,1763.300048828125,1767.699951171875,167292,-0.0003393641574842565,-0.00033942175453123314
2021-05-03,1768.0999755859375,1798.9000244140625,1765.5999755859375,1791.800048828125,204543,0.013633590723512334,0.013541489494924465
2021-05-04,1793.199951171875,1799.5,1769.199951171875,1776.0,246585,-0.008817975442325987,-0.008857083862241242
2021-05-05,1778.4000244140625,1788.0999755859375,1769.300048828125,1784.300048828125,178811,0.0046734509167369875,0.004662564250690669
2021-05-06,1787.0,1818.5999755859373,1781.800048828125,1815.699951171875,287629,0.017597882354132288,0.01744483258163815
2021-05-07,1815.4000244140625,1844.5999755859373,1813.4000244140625,1831.300048828125,367695,0.008591781723726655,0.008555082425552701
2021-05-10,1835.4000244140625,1846.300048828125,1830.5,1837.5999755859373,269707,0.0034401390213709693,0.0034342352790495516
2021-05-11,1836.199951171875,1842.5,1817.800048828125,1836.0999755859373,311104,-0.0008162821179411583,-0.0008166154576010075
2021-05-12,1838.199951171875,1844.699951171875,1813.0,1822.800048828125,339207,-0.007243574388463236,-0.007269936454289833
2021-05-13,1816.199951171875,1829.0999755859373,1808.4000244140625,1824.0,249928,0.0006583010422049895,0.0006580844571208173
2021-05-14,1826.4000244140625,1847.0999755859373,1819.0,1838.0999755859373,224380,0.0077302497729918596,0.0077005244832140255
2021-05-17,1845.9000244140625,1869.300048828125,1841.0999755859373,1867.5999755859373,267705,0.01604918143290668,0.015921754906865145
2021-05-18,1867.300048828125,1875.9000244140625,1863.5,1868.0,229016,0.00021419170019920664,0.0002141687644320317
2021-05-19,1870.199951171875,1891.300048828125,1852.199951171875,1881.5,398212,0.007226980728051391,0.007200991244704014
2021-05-20,1869.9000244140625,1885.300048828125,1864.199951171875,1881.9000244140625,223568,0.00021260930856370486,0.00021258671040765635
2021-05-21,1878.0999755859373,1890.300048828125,1870.300048828125,1876.699951171875,234291,-0.0027632037699806267,-0.0027670284647499472
2021-05-24,1883.5,1887.9000244140625,1875.699951171875,1884.5,183312,0.004156257809488695,0.004147644428040571
2021-05-25,1881.199951171875,1901.199951171875,1873.199951171875,1898.0,316673,0.007163703900238794,0.007138166462683057
2021-05-26,1900.0,1913.300048828125,1890.699951171875,1901.199951171875,170526,0.0016859595215357182,0.001684539887188307
2021-05-27,1896.800048828125,1903.9000244140625,1888.199951171875,1895.699951171875,35794,-0.0028929098155140442,-0.0028971023668486313
2021-05-28,1897.5,1905.4000244140625,1881.9000244140625,1902.5,198141,0.0035870913136444305,0.0035806730456278716
2021-06-01,1906.800048828125,1919.199951171875,1894.5,1905.0,290653,0.0013140604467805073,0.0013131978249603929
2021-06-02,1903.0,1911.800048828125,1896.4000244140625,1909.9000244140625,166036,0.0025721912934710822,0.002568888871208314
2021-06-03,1910.5,1912.300048828125,1866.699951171875,1873.300048828125,278578,-0.01916329395155958,-0.019349289899697694
2021-06-04,1872.699951171875,1899.0,1855.5999755859373,1892.0,228826,0.009982357702693179,0.00993286307951155
2021-06-07,1894.300048828125,1902.9000244140625,1883.699951171875,1898.800048828125,146018,0.0035941061459434653,0.003587662780593446
2021-06-08,1901.5999755859373,1906.9000244140625,1885.699951171875,1894.4000244140625,173604,-0.0023172657999340762,-0.002319954815239825
2021-06-09,1894.4000244140625,1901.699951171875,1889.300048828125,1895.5,147332,0.0005806458888100163,0.0005804773792123685
2021-06-10,1891.4000244140625,1903.0,1871.800048828125,1896.4000244140625,250551,0.0004748216375956016,0.0004747089454728648
2021-06-11,1901.9000244140625,1906.199951171875,1876.0999755859373,1879.5999755859373,220455,-0.008858916163173913,-0.00889838966216899
2021-06-14,1879.5999755859373,1879.699951171875,1845.699951171875,1865.9000244140625,242302,-0.007288758964579145,-0.0073154517521541555
2021-06-15,1867.800048828125,1870.9000244140625,1853.0,1856.4000244140625,155343,-0.00509137674886051,-0.005104381969224384
2021-06-16,1861.0,1866.0,1804.4000244140625,1861.4000244140625,234104,0.0026933850109047697,0.002689764349263051
2021-06-17,1812.300048828125,1826.4000244140625,1767.9000244140625,1774.800048828125,385888,-0.046524107902705,-0.047641137850921084
2021-06-18,1773.9000244140625,1797.9000244140625,1761.199951171875,1769.0,264605,-0.0032680012782029255,-0.003273352856871479
2021-06-21,1764.300048828125,1786.9000244140625,1764.0999755859375,1782.9000244140625,195523,0.007857560437570577,0.00782685057439506
2021-06-22,1783.199951171875,1790.0999755859375,1771.199951171875,1777.4000244140625,172745,-0.003084861699863106,-0.003089629693976632
2021-06-23,1779.0999755859375,1795.5999755859375,1773.0999755859375,1783.4000244140625,179273,0.0033757172935664492,0.0033700323501919486
2021-06-24,1778.199951171875,1788.5999755859375,1772.699951171875,1776.699951171875,152232,-0.0037569099195167155,-0.0037639848310173337
2021-06-25,1775.699951171875,1791.0,1773.5999755859375,1777.800048828125,161203,0.0006191803267199258,0.0006189887136727003
2021-06-28,1782.0,1786.0999755859375,1770.4000244140625,1780.699951171875,160788,0.0016311746338748545,0.0016298457134696583
2021-06-29,1778.800048828125,1779.199951171875,1750.0999755859375,1763.5999755859375,239910,-0.009602951679020366,-0.009649357346048939
2021-06-30,1761.9000244140625,1774.699951171875,1753.199951171875,1771.5999755859375,177887,0.0045361760664246464,0.0045259186277727065
2021-07-01,1770.800048828125,1783.4000244140625,1765.9000244140625,1776.800048828125,171443,0.0029352412022176644,0.0029309417929076183
2021-07-02,1777.5,1795.9000244140625,1774.4000244140625,1783.300048828125,205858,0.0036582619435918673,0.003651586778083917
2021-07-06,1787.5,1815.699951171875,1784.699951171875,1794.199951171875,276597,0.006112208851736911,0.006093605071519827
2021-07-07,1797.0,1810.199951171875,1794.0999755859375,1802.0999755859373,171075,0.0044030903071323735,0.004393425065906895
2021-07-08,1803.800048828125,1819.5,1793.5,1800.199951171875,249340,-0.0010543390709744083,-0.0010548952774005133
2021-07-09,1803.199951171875,1813.0,1796.5999755859375,1810.5999755859373,185581,0.00577714959235065,0.005760525858115115
2021-07-12,1808.5,1811.0,1791.0,1805.9000244140625,201416,-0.0025957976556106876,-0.002599172580024175
2021-07-13,1806.699951171875,1818.0,1798.699951171875,1809.9000244140625,242177,0.002214962038830315,0.0022125126266500953
2021-07-14,1808.300048828125,1831.0999755859373,1804.9000244140625,1825.0,229879,0.00834298877410422,0.008308378412588633
2021-07-15,1828.699951171875,1835.0,1820.5999755859373,1829.0,175611,0.0021917808219178436,0.0021893823742738534
2021-07-16,1830.699951171875,1832.699951171875,1809.5,1815.0,184655,-0.007654455986878084,-0.007683901691914551
2021-07-19,1811.5999755859373,1818.0,1795.0,1809.199951171875,249675,-0.0031956191890495367,-0.0032007360840567677
2021-07-20,1813.5,1825.9000244140625,1805.199951171875,1811.4000244140625,221136,0.0012160475909599455,0.0012153088039609844
2021-07-21,1810.5999755859373,1814.4000244140625,1794.300048828125,1803.4000244140625,218636,-0.004416473386428144,-0.0044262548152524785
2021-07-22,1803.9000244140625,1808.4000244140625,1791.9000244140625,1805.4000244140625,193318,0.0011090162875260212,0.0011084017832512251
2021-07-23,1807.699951171875,1810.699951171875,1789.0999755859375,1801.800048828125,236764,-0.0019940043963972975,-0.001995995069878364
2021-07-26,1802.300048828125,1812.0,1796.0,1799.199951171875,204547,-0.001443055603168153,-0.001444097810667984
2021-07-27,1797.0999755859375,1805.4000244140625,1792.800048828125,1799.800048828125,177043,0.00033353583400175246,0.0003334802232905705
2021-07-28,1798.5999755859375,1809.0,1790.699951171875,1799.699951171875,209783,-5.5615987073265316e-05,-5.561753369961942e-05
2021-07-29,1806.5999755859373,1832.5999755859373,1806.0999755859373,1831.199951171875,30496,0.017502917627735037,0.017351505777907325
2021-07-30,1828.0,1830.5,1808.9000244140625,1812.5999755859373,157136,-0.010157260857305395,-0.010209197822209345
2021-08-02,1817.0,1823.199951171875,1808.199951171875,1822.199951171875,159755,0.005296246118967618,0.0052822703319121145
2021-08-03,1816.800048828125,1818.199951171875,1809.5,1814.0999755859373,103450,-0.004445162881674181,-0.004455071994179463
2021-08-04,1813.699951171875,1835.9000244140625,1808.300048828125,1814.5,244683,0.0002205084722155526,0.0002204841637958025
2021-08-05,1814.9000244140625,1817.9000244140625,1799.699951171875,1808.9000244140625,169840,-0.0030862362005718014,-0.003091008448901137
2021-08-06,1806.699951171875,1807.0,1759.5,1763.0999755859375,323149,-0.025319281447276465,-0.025645329764745903
2021-08-09,1765.0,1765.699951171875,1677.9000244140625,1726.5,289543,-0.020758877030653933,-0.020977371609430886
2021-08-10,1732.0,1739.4000244140625,1718.5,1731.699951171875,182561,0.0030118454514189708,0.003007318931415632
2021-08-11,1730.4000244140625,1756.699951171875,1724.5999755859375,1753.300048828125,185442,0.01247334888566165,0.012396197563889502
2021-08-12,1752.9000244140625,1759.5999755859375,1742.5999755859375,1751.800048828125,137119,-0.0008555295489797166,-0.000855895723247806
2021-08-13,1754.4000244140625,1781.9000244140625,1753.0,1778.199951171875,144809,0.015070157328406442,0.014957730625635022
2021-08-16,1780.699951171875,1791.300048828125,1772.0,1789.800048828125,137698,0.006523505778191829,0.006502319802348364
2021-08-17,1789.0999755859375,1797.5999755859375,1782.0999755859375,1787.800048828125,144815,-0.0011174432592676586,-0.0011180680644861224
2021-08-18,1787.800048828125,1795.699951171875,1778.800048828125,1784.4000244140625,132725,-0.001901792326435614,-0.0019036030295471154
2021-08-19,1789.5,1795.0,1774.5999755859375,1783.0999755859375,151245,-0.000728563556566808,-0.0007288290879736241
2021-08-20,1782.800048828125,1791.0,1780.0,1784.0,107966,0.0005047526366359634,0.0005046252918738022
2021-08-23,1781.199951171875,1809.0999755859373,1778.0,1806.300048828125,156318,0.012500027370025313,0.012422547030680554
2021-08-24,1807.5999755859373,1812.199951171875,1802.5999755859373,1808.5,114785,0.0012179322993997044,0.001217191221517505
2021-08-25,1805.0999755859373,1805.300048828125,1784.0,1791.0,163463,-0.0096765275089854,-0.009723649331440912
2021-08-26,1793.0,1800.4000244140625,1781.300048828125,1795.199951171875,134534,0.0023450313634143516,0.0023422860683975973
2021-08-27,1795.199951171875,1821.9000244140625,1785.199951171875,1819.5,203642,0.013536123824124724,0.013445328923105283
2021-08-30,1821.5999755859373,1826.5,1810.0,1812.199951171875,104875,-0.00401211806986812,-0.004020188208369543
2021-08-31,1812.199951171875,1821.9000244140625,1803.4000244140625,1818.0999755859373,170387,0.003255724849924535,0.003250436453043282
2021-09-01,1816.699951171875,1822.699951171875,1810.5999755859373,1816.0,140116,-0.001155038564510491,-0.0011557061356496936
2021-09-02,1816.199951171875,1819.5999755859373,1806.5,1811.5,113025,-0.0024779735682819437,-0.002481048826106686
2021-09-03,1811.5,1836.9000244140625,1810.9000244140625,1833.699951171875,184984,0.012255010307411052,0.012180525591789563
2021-09-07,1833.5,1833.5,1793.699951171875,1798.5,252475,-0.019196134650807828,-0.01938277279124282
2021-09-08,1796.0999755859375,1804.4000244140625,1783.0999755859375,1793.5,161258,-0.0027800945232138163,-0.002783966163341387
2021-09-09,1790.9000244140625,1803.4000244140625,1785.0999755859375,1800.0,154126,0.003624198494563746,0.0036176469119188373
2021-09-10,1796.199951171875,1806.0,1788.199951171875,1792.0999755859375,136246,-0.004388902452256982,-0.004398561958071793
2021-09-13,1789.800048828125,1800.199951171875,1784.4000244140625,1794.4000244140625,114310,0.0012834377877679604,0.0012826148855110727
2021-09-14,1794.800048828125,1810.5999755859373,1780.5999755859375,1807.0999755859373,197954,0.007077547369083392,0.007052619082344529
2021-09-15,1806.5999755859373,1808.5,1791.699951171875,1794.800048828125,139297,-0.0068064450910216845,-0.006829714586882631
2021-09-16,1795.5,1797.300048828125,1745.5,1756.699951171875,255267,-0.021228045809964513,-0.021456601083189433
2021-09-17,1754.5999755859375,1767.800048828125,1747.0999755859375,1751.4000244140625,183254,-0.0030169789406989667,-0.0030215391961026833
2021-09-20,1754.199951171875,1768.4000244140625,1742.300048828125,1763.800048828125,152451,0.007080064086564697,0.0070551181096967005
2021-09-21,1765.5,1782.800048828125,1758.300048828125,1778.199951171875,141622,0.008164135358379898,0.00813098909017772
2021-09-22,1775.0,1788.4000244140625,1764.5999755859375,1778.800048828125,172348,0.00033747479064683006,0.000337417858838009
2021-09-23,1769.199951171875,1777.0999755859375,1737.5,1749.800048828125,225456,-0.016303125255199502,-0.016437483509438865
2021-09-24,1743.699951171875,1758.0,1740.199951171875,1751.699951171875,151552,0.0010857825412808886,0.001085193505755183
2021-09-27,1751.800048828125,1760.9000244140625,1744.699951171875,1752.0,137574,0.00017129008191396622,0.00017127541344290367
2021-09-28,1750.0,1754.300048828125,1727.800048828125,1737.5,215840,-0.008276255707762581,-0.008310694057389576
2021-09-29,1734.0,1746.0,1721.0999755859375,1722.9000244140625,177389,-0.008402863646582714,-0.008438366730256204
2021-09-30,1726.0,1765.0,1721.800048828125,1757.0,246365,0.01979219635656726,0.019598877478406305
2021-10-01,1757.199951171875,1765.199951171875,1749.9000244140625,1758.4000244140625,151195,0.0007968266443156846,0.0007965093465081828
2021-10-04,1762.5999755859375,1771.5,1747.699951171875,1767.5999755859375,166180,0.005232001276240128,0.00521836191099578
2021-10-05,1770.800048828125,1771.0999755859375,1748.5999755859375,1760.9000244140625,151424,-0.003790422756514311,-0.0037976246133322295
2021-10-06,1760.5,1765.9000244140625,1745.4000244140625,1761.800048828125,159218,0.0005111161346949,0.0005109855593342152
2021-10-07,1763.800048828125,1767.699951171875,1752.0,1759.199951171875,146406,-0.0014758188126851035,-0.001476908905921119
2021-10-08,1757.0,1782.4000244140625,1753.5999755859375,1757.4000244140625,240371,-0.0010231507547584506,-0.0010236745307903052
2021-10-11,1757.4000244140625,1761.0999755859375,1749.9000244140625,1755.699951171875,114771,-0.0009673797761293734,-0.0009678479899297348
2021-10-12,1753.5999755859375,1770.0,1750.5,1759.300048828125,168110,0.0020505198817413195,0.0020484204353298074
2021-10-13,1760.4000244140625,1797.4000244140625,1757.9000244140625,1794.699951171875,299041,0.02012158322130997,0.019921819429093608
2021-10-14,1793.5999755859375,1801.9000244140625,1787.5999755859375,1797.9000244140625,164651,0.0017830686628692582,0.0017814808830744196
2021-10-15,1797.300048828125,1797.699951171875,1765.0999755859375,1768.300048828125,202631,-0.016463638235715727,-0.016600670037496174
2021-10-18,1767.5,1772.5,1760.300048828125,1765.699951171875,152741,-0.0014703939288884804,-0.001471476018904006
2021-10-19,1764.800048828125,1786.0,1763.4000244140625,1770.5,166972,0.0027184963248931826,0.00271480789689876
2021-10-20,1769.4000244140625,1789.5999755859375,1767.0999755859375,1784.9000244140625,174076,0.008133309468546956,0.00810041236161574
2021-10-21,1782.5,1790.300048828125,1776.800048828125,1781.9000244140625,138729,-0.0016807664065021655,-0.0016821804790646796
2021-10-22,1783.699951171875,1815.5,1783.4000244140625,1796.300048828125,312812,0.008081275165141566,0.008048796522891513
2021-10-25,1794.199951171875,1811.5,1793.0,1806.800048828125,153589,0.005845348613584989,0.005828330847690735
2021-10-26,1808.699951171875,1809.800048828125,1783.0,1793.4000244140625,197929,-0.007416440143863001,-0.007444078673861256
2021-10-27,1795.0,1801.0,1784.300048828125,1798.800048828125,182801,0.0030110540540595476,0.0030065299101540914
2021-10-28,1798.699951171875,1812.699951171875,1793.0999755859375,1802.5999755859373,220876,0.0021124786828241593,0.0021102505371198865
2021-10-29,1801.5,1802.9000244140625,1772.4000244140625,1783.9000244140625,254513,-0.010373877413260457,-0.010428061135502882
2021-11-01,1785.300048828125,1797.5,1780.199951171875,1795.800048828125,143332,0.006670791104434803,0.006648639833886123
2021-11-02,1794.800048828125,1797.800048828125,1787.4000244140625,1789.4000244140625,145786,-0.0035638847533381313,-0.0035702505196778134
2021-11-03,1789.199951171875,1789.300048828125,1758.5,1763.9000244140625,257427,-0.014250586594436898,-0.014353101298822437
2021-11-04,1769.9000244140625,1800.300048828125,1769.300048828125,1793.5,222609,0.01678098258191829,0.016641737513949834
2021-11-05,1792.5999755859375,1820.0999755859373,1785.300048828125,1816.800048828125,299618,0.012991384905561842,0.012907720694905605
2021-11-08,1820.5999755859373,1828.300048828125,1813.800048828125,1828.0,200412,0.006164658119147015,0.0061457343468525345
2021-11-09,1826.9000244140625,1834.800048828125,1821.0,1830.800048828125,224407,0.001531755376436017,0.001530583435767707
2021-11-10,1834.5,1870.5999755859373,1823.0,1848.300048828125,352787,0.009558662624682412,0.009513267656628377
2021-11-11,1851.5,1868.699951171875,1845.0999755859373,1863.9000244140625,205312,0.008440174849223325,0.008404755729642121
2021-11-12,1864.300048828125,1871.4000244140625,1847.5,1868.5,201358,0.0024679304285022408,0.002464890089405113
2021-11-15,1872.5999755859373,1873.0,1858.5,1866.5999755859373,221208,-0.0010168715087304214,-0.0010173888733216669
2021-11-16,1864.9000244140625,1879.5,1851.0,1854.0999755859373,220431,-0.006696667825722091,-0.00671919111601777
2021-11-17,1851.5999755859373,1870.5999755859373,1851.0999755859373,1870.199951171875,172417,0.008683445228378162,0.00864596095664247
2021-11-18,1869.5,1873.300048828125,1856.5999755859373,1861.4000244140625,186062,-0.004705340063931862,-0.004716445025263749
2021-11-19,1860.800048828125,1868.0999755859373,1844.199951171875,1851.5999755859373,234083,-0.005264880573540354,-0.0052787888958494966
2021-11-22,1848.300048828125,1850.4000244140625,1802.4000244140625,1806.300048828125,352857,-0.024465288050933953,-0.024769535801093118
2021-11-23,1807.0999755859373,1812.5,1781.699951171875,1783.800048828125,311348,-0.012456402254208743,-0.012534633565434583
2021-11-24,1789.800048828125,1796.199951171875,1777.4000244140625,1784.300048828125,203236,0.0002803004744440507,0.00028026119760543686
2021-11-26,1789.5999755859375,1816.300048828125,1778.5999755859375,1785.5,186800,0.0006725052620286665,0.0006722792316969862
2021-11-29,1791.699951171875,1798.9000244140625,1779.0999755859375,1782.300048828125,26926,-0.0017921877187762059,-0.001793795608566617
2021-11-30,1783.9000244140625,1808.0999755859373,1768.699951171875,1773.5999755859375,242861,-0.004881374069370614,-0.0048933268890934195
2021-12-01,1777.4000244140625,1795.699951171875,1773.699951171875,1784.300048828125,180336,0.006032968758162394,0.006014843265963028
2021-12-02,1783.800048828125,1785.199951171875,1762.199951171875,1762.699951171875,172719,-0.012105642024970109,-0.012179512077656062
2021-12-03,1769.4000244140625,1788.0,1766.0,1783.9000244140625,175176,0.012027045912206047,0.011955295717851517
2021-12-06,1787.699951171875,1789.0,1776.4000244140625,1779.5,104477,-0.002466519622089103,-0.002469566492754184
2021-12-07,1779.5,1789.300048828125,1772.4000244140625,1784.699951171875,129894,0.002922141709398751,0.002917880552431902
2021-12-08,1785.0999755859375,1794.300048828125,1780.0999755859375,1785.5,109692,0.00044828198017254905,0.0004481815318240106
2021-12-09,1784.300048828125,1788.4000244140625,1773.300048828125,1776.699951171875,123974,-0.004928618778003324,-0.004940804475124692
2021-12-10,1776.300048828125,1791.0,1770.4000244140625,1784.800048828125,141995,0.004559068992435966,0.004548707916701256
2021-12-13,1784.199951171875,1792.800048828125,1782.199951171875,1788.300048828125,106057,0.0019610039804167645,0.001959083722124112
2021-12-14,1787.5999755859375,1789.800048828125,1766.0999755859375,1772.300048828125,153249,-0.008947044435012375,-0.008987309586399135
2021-12-15,1771.9000244140625,1781.300048828125,1753.0,1764.5,161101,-0.004401088197950709,-0.004410801496479757
2021-12-16,1777.9000244140625,1800.699951171875,1775.699951171875,1798.199951171875,167777,0.019098867198569014,0.018918773281457413
2021-12-17,1801.5,1815.699951171875,1796.5,1804.9000244140625,156607,0.0037259890024026188,0.00371906469996612
2021-12-20,1800.199951171875,1804.5999755859373,1789.0,1794.5999755859375,105386,-0.005706714326999207,-0.005723059836971693
2021-12-21,1791.4000244140625,1801.699951171875,1785.0,1788.699951171875,134154,-0.003287654348783864,-0.003293070558684475
2021-12-22,1789.4000244140625,1806.300048828125,1785.800048828125,1802.199951171875,110408,0.0075473809853661145,0.007519042006222661
2021-12-23,1805.5999755859373,1812.0,1799.0,1811.699951171875,104844,0.005271335177776892,0.005257490323098948
2021-12-27,1810.199951171875,1814.5999755859373,1803.5999755859373,1808.800048828125,84225,-0.0016006526587772907,-0.0016019350718923166
2021-12-28,1812.0999755859373,1821.5999755859373,1805.5,1810.9000244140625,100542,0.0011609771833531735,0.001160303770503947
2021-12-29,1806.5999755859373,1808.0,1789.0999755859375,1805.800048828125,138685,-0.0028162656784919138,-0.0028202388160384322
2021-12-30,1805.5999755859373,1818.0999755859373,1796.199951171875,1814.0999755859373,113430,0.004596260124811957,0.0045857295763422545
2021-12-31,1817.0,1831.4000244140625,1815.4000244140625,1828.5999755859373,106604,0.007992944267207092,0.007961169889765016
2022-01-03,1830.0999755859373,1833.0,1798.199951171875,1800.0999755859375,168305,-0.015585694181619703,-0.015708428045049877
2022-01-04,1801.0999755859375,1817.199951171875,1798.0999755859375,1814.5999755859373,167708,0.00805510815880095,0.008022838947244825
2022-01-05,1815.199951171875,1830.699951171875,1808.199951171875,1825.0999755859373,173344,0.005786399284288368,0.005769722377850174
2022-01-06,1810.5999755859373,1811.5999755859373,1785.4000244140625,1789.199951171875,238644,-0.019670168699956747,-0.01986620139092553
2022-01-07,1791.0,1798.4000244140625,1781.300048828125,1797.4000244140625,238931,0.004583094939621946,0.004572624539047286
2022-01-10,1796.4000244140625,1802.0,1789.300048828125,1798.800048828125,173043,0.0007789164320941566,0.0007786132341237689
2022-01-11,1801.300048828125,1823.0999755859373,1799.699951171875,1818.5,184152,0.010951718166068103,0.010892182385659189
2022-01-12,1821.300048828125,1828.199951171875,1814.4000244140625,1827.300048828125,192979,0.004839179998968879,0.004827508804965122
2022-01-13,1825.699951171875,1828.300048828125,1811.800048828125,1821.4000244140625,215522,-0.003228820804687338,-0.00323404469428147
2022-01-14,1822.0999755859373,1829.300048828125,1814.199951171875,1816.5,174944,-0.0026902516461966286,-0.002693876876470766
2022-01-18,1818.699951171875,1822.9000244140625,1804.699951171875,1812.4000244140625,362944,-0.002257074366054268,-0.0022596253977028454
2022-01-19,1812.9000244140625,1843.9000244140625,1809.0,1843.199951171875,318489,0.016994000409909393,0.016851217747064617
2022-01-20,1840.0999755859373,1848.5,1836.199951171875,1842.5999755859373,233862,-0.00032550759647986816,-0.00032556058557676554
2022-01-21,1840.5999755859373,1843.699951171875,1828.4000244140625,1831.800048828125,225249,-0.005861243298007746,-0.005878487800338305
2022-01-24,1835.199951171875,1844.9000244140625,1829.300048828125,1841.699951171875,244325,0.005404466688426757,0.005389914964327385
2022-01-25,1843.5999755859373,1854.199951171875,1834.4000244140625,1852.5,197804,0.005864173923256555,0.005847046581211125
2022-01-26,1848.0,1850.199951171875,1814.0999755859373,1829.699951171875,270028,-0.012307718665654499,-0.012384085886132296
2022-01-27,1819.0,1821.4000244140625,1790.5999755859375,1793.0999755859375,196036,-0.020003266416712795,-0.02020604040135253
2022-01-28,1797.5,1798.4000244140625,1778.800048828125,1784.9000244140625,28521,-0.0045730585486152275,-0.004583546969182844
2022-01-31,1788.5,1798.5,1785.0999755859375,1795.0,139421,0.005658566557111833,0.005642617008805025
2022-02-01,1798.9000244140625,1809.699951171875,1796.199951171875,1801.5,128880,0.0036211699164345745,0.0036146292657687094
2022-02-02,1800.800048828125,1812.0,1794.5999755859375,1810.300048828125,123021,0.0048848453111989265,0.004872953166143875
2022-02-03,1807.4000244140625,1809.5,1788.5,1804.0999755859373,173722,-0.003424887076703853,-0.0034307654280787336
2022-02-04,1805.4000244140625,1815.800048828125,1792.0999755859375,1807.800048828125,177709,0.00205092472272006,0.002048824447791183
2022-02-07,1808.0,1824.5999755859373,1807.5,1821.800048828125,139808,0.00774421928413771,0.007714386738837248
2022-02-08,1821.5,1829.9000244140625,1816.0,1827.9000244140625,142408,0.003348323318940194,0.0033427301660614436
2022-02-09,1827.0,1837.0999755859373,1825.5,1836.5999755859373,136722,0.004759533374733449,0.004748242607443108
2022-02-10,1834.0,1843.300048828125,1821.800048828125,1837.4000244140625,227458,0.00043561409058057166,0.00043551923830760687
2022-02-11,1827.0,1867.4000244140625,1821.0999755859373,1842.0999755859373,239093,0.0025579357295228977,0.002554669780131577
2022-02-14,1862.199951171875,1876.5,1851.9000244140625,1869.4000244140625,231016,0.014820069046166617,0.014711324903536596
2022-02-15,1873.800048828125,1881.5999755859373,1845.4000244140625,1856.199951171875,214880,-0.007061128206802492,-0.007086175952451912
2022-02-16,1855.5,1874.5999755859373,1851.800048828125,1871.5,141486,0.008242672788815408,0.008208887488613887
2022-02-17,1872.0,1904.0,1869.699951171875,1902.0,268547,0.01629708789740847,0.01616571576085193
2022-02-18,1901.4000244140625,1905.0,1888.0,1899.800048828125,161745,-0.001156651509923723,-0.0011573209475352298
2022-02-22,1903.5,1918.300048828125,1889.699951171875,1907.4000244140625,334589,0.0040004081432809535,0.00399242778666693
2022-02-23,1901.199951171875,1912.9000244140625,1891.0999755859373,1910.4000244140625,154843,0.0015728216218942048,0.0015715860333709527
2022-02-24,1911.9000244140625,1976.5,1878.5999755859373,1926.300048828125,423048,0.00832287699480072,0.008288432838415394
2022-02-25,1906.5,1925.0,1884.4000244140625,1887.5999755859373,229780,-0.020090366122209824,-0.020294921897938717
2022-02-28,1921.0,1935.199951171875,1892.199951171875,1900.699951171875,249273,0.006940016823146822,0.0069160457489282415
2022-03-01,1908.4000244140625,1952.5999755859373,1903.0,1943.800048828125,223998,0.022675908225112895,0.022422631522059543
2022-03-02,1945.300048828125,1951.4000244140625,1916.0,1922.300048828125,227975,-0.011060808447330706,-0.011122434029601213
2022-03-03,1931.699951171875,1944.5999755859373,1923.0999755859373,1935.9000244140625,180207,0.007074845362579296,0.007049936061423324
2022-03-04,1938.5,1974.9000244140625,1931.5,1966.5999755859373,241533,0.015858231718947735,0.015733803710580207
2022-03-07,1978.5,2007.5,1964.199951171875,1995.9000244140625,372185,0.014898835142818312,0.014788937716353852
2022-03-08,2001.0,2078.800048828125,1985.800048828125,2043.300048828125,447651,0.02374869674545832,0.023471083164022504
2022-03-09,2060.199951171875,2068.5,1981.0,1988.199951171875,360345,-0.026966229305309786,-0.027336489592996917
2022-03-10,1992.800048828125,2015.0999755859373,1975.0,2000.4000244140625,303267,0.006136240590387532,0.006117490530254732
2022-03-11,2000.300048828125,2004.0,1960.5999755859373,1985.0,262088,-0.007698472418572022,-0.007728258628048078
2022-03-14,1988.699951171875,1994.800048828125,1952.0,1960.800048828125,162203,-0.012191411169710342,-0.012266336005243761
2022-03-15,1953.699951171875,1956.9000244140625,1908.0999755859373,1929.699951171875,220374,-0.015860922522333176,-0.015988053017216994
2022-03-16,1920.0999755859373,1930.0999755859373,1895.199951171875,1909.199951171875,195460,-0.01062341323455529,-0.010680244542264345
2022-03-17,1928.4000244140625,1951.0,1924.0,1943.199951171875,149829,0.017808506636054933,0.017651793003707908
2022-03-18,1943.9000244140625,1946.199951171875,1918.0,1929.300048828125,150882,-0.007153099368578886,-0.007178805442620793
2022-03-21,1922.4000244140625,1941.800048828125,1917.199951171875,1929.5,146411,0.00010363923019451882,0.00010363386002053842
2022-03-22,1936.0999755859373,1939.5,1909.800048828125,1921.5,153282,-0.0041461518528116414,-0.004154770972774851
2022-03-23,1920.9000244140625,1948.800048828125,1915.5999755859373,1937.300048828125,153306,0.008222768060434538,0.008189145292215882
2022-03-24,1944.0999755859373,1967.199951171875,1937.4000244140625,1962.199951171875,181204,0.012852888925911188,0.012770991547798476
2022-03-25,1957.800048828125,1965.0999755859373,1942.5999755859373,1954.199951171875,147904,-0.004077056466759266,-0.004085390320917975
2022-03-28,1958.699951171875,1959.800048828125,1915.699951171875,1939.800048828125,181367,-0.007368694454789493,-0.007395977392821269
2022-03-29,1922.4000244140625,1929.4000244140625,1888.300048828125,1912.199951171875,128051,-0.014228320941080397,-0.014330514014879546
2022-03-30,1918.4000244140625,1937.0,1914.5,1933.5,17765,0.011139028015909824,0.011077445931057573
2022-03-31,1933.5,1949.9000244140625,1919.0999755859373,1949.199951171875,155299,0.008119964402314439,0.00808717487165785
2022-04-01,1942.4000244140625,1944.5,1921.4000244140625,1923.699951171875,135154,-0.013082290498042104,-0.013168617389275319
2022-04-04,1927.0999755859373,1941.5999755859373,1918.199951171875,1934.0,108435,0.005354290736375278,0.005340007483505415
2022-04-05,1937.300048828125,1948.9000244140625,1920.9000244140625,1927.5,147256,-0.0033609100310237894,-0.003366570575755085
2022-04-06,1927.5999755859373,1937.5999755859373,1916.199951171875,1923.0999755859373,153971,-0.002282762341926148,-0.0022853718158432302
2022-04-07,1928.0999755859373,1941.699951171875,1923.300048828125,1937.800048828125,122809,0.007643946455622386,0.007614879526973415
2022-04-08,1934.300048828125,1952.199951171875,1930.4000244140625,1945.5999755859373,142498,0.004025145299448862,0.004017066074886668
2022-04-11,1949.5999755859373,1974.5999755859373,1942.9000244140625,1948.199951171875,184385,0.0013363361526332884,0.001335444050154291
2022-04-12,1957.4000244140625,1982.699951171875,1953.0,1976.0999755859373,172386,0.014320924501245447,0.014219348686431722
2022-04-13,1970.5,1985.800048828125,1966.300048828125,1984.699951171875,132029,0.0043519941765028936,0.004342551635855431
2022-04-14,1981.5999755859373,1984.0,1962.699951171875,1974.9000244140625,139424,-0.004937737188951963,-0.004949968091825553
2022-04-18,1978.5,2003.0,1974.4000244140625,1986.4000244140625,138130,0.00582307957761663,0.0058061909804470145
2022-04-19,1981.199951171875,1985.0999755859373,1945.5,1959.0,181440,-0.013793809946284541,-0.01388982854002343
2022-04-20,1952.699951171875,1960.9000244140625,1941.0,1955.5999755859373,139507,-0.0017355918397461423,-0.0017370997242304863
2022-04-21,1960.0,1960.0999755859373,1938.0,1948.199951171875,154919,-0.0037840174403995785,-0.003791194946654607
2022-04-22,1953.0999755859373,1957.800048828125,1928.0,1934.300048828125,176681,-0.007134741141631262,-0.007160315122298775
2022-04-25,1931.9000244140625,1935.5,1891.800048828125,1896.0,231494,-0.019800469348759342,-0.019999125336389693
2022-04-26,1899.800048828125,1912.199951171875,1896.300048828125,1904.0999755859373,166199,0.004272139022118759,0.0042630393437283415
2022-04-27,1907.4000244140625,1908.0999755859373,1881.5999755859373,1888.699951171875,178197,-0.00808782343969272,-0.008120707309664557
2022-04-28,1886.800048828125,1897.800048828125,1870.9000244140625,1891.300048828125,170910,0.0013766599901887666,0.00137571326260619
2022-04-29,1895.800048828125,1921.300048828125,1893.5,1911.699951171875,177136,0.010786179779559646,0.010728423881605224
2022-05-02,1896.199951171875,1900.4000244140625,1853.4000244140625,1863.5999755859373,193825,-0.0251608394698406,-0.025482785151085183
2022-05-03,1863.5999755859373,1878.4000244140625,1849.699951171875,1870.5999755859373,167434,0.0037561709013218536,0.0037491341068324373
2022-05-04,1868.300048828125,1892.0,1861.0999755859373,1868.800048828125,161479,-0.0009622189571816264,-0.0009626821870185995
2022-05-05,1884.0999755859373,1910.699951171875,1872.300048828125,1875.699951171875,218392,0.003692156551513781,0.0036853572723761344
2022-05-06,1877.5,1894.0,1865.0,1882.800048828125,194279,0.003785305667793004,0.003778159426421836
2022-05-09,1883.699951171875,1885.5999755859373,1851.0,1858.5999755859373,218821,-0.012853235932965945,-0.012936553473257425
2022-05-10,1853.9000244140625,1864.699951171875,1834.5,1841.0,260811,-0.009469480155561039,-0.00951460075443371
2022-05-11,1836.5999755859373,1857.800048828125,1830.5999755859373,1853.699951171875,243561,0.006898398246537152,0.0068747131610660175
2022-05-12,1852.300048828125,1858.800048828125,1820.0999755859373,1824.5999755859373,255608,-0.01569832030666085,-0.015822843863271357
2022-05-13,1821.4000244140625,1827.5999755859373,1797.199951171875,1808.199951171875,179483,-0.008988284902719967,-0.009028923231326034
2022-05-16,1809.4000244140625,1826.0,1785.0,1814.0,159493,0.0032076368680167278,0.0032025033755353613
2022-05-17,1823.9000244140625,1834.800048828125,1811.0,1818.9000244140625,137288,0.002701226248104982,0.0026975844931451864
2022-05-18,1813.199951171875,1822.9000244140625,1805.0,1815.9000244140625,150353,-0.001649348485201374,-0.0016507101578686644
2022-05-19,1815.0999755859373,1848.199951171875,1808.4000244140625,1841.199951171875,175242,0.013932444747874362,0.013836280412998598
2022-05-20,1839.5999755859373,1847.800048828125,1830.5999755859373,1842.0999755859373,143045,0.0004888249174075376,0.0004887054814282018
2022-05-23,1844.4000244140625,1864.300048828125,1843.300048828125,1847.800048828125,163266,0.0030943343562961356,0.0030895567568646927
2022-05-24,1852.300048828125,1869.0999755859373,1847.5999755859373,1865.4000244140625,174762,0.009524826886490922,0.009479751718956231
2022-05-25,1865.4000244140625,1866.699951171875,1838.699951171875,1846.300048828125,182823,-0.010239077589771606,-0.010291857532434992
2022-05-26,1851.800048828125,1852.800048828125,1836.300048828125,1847.5999755859373,123355,0.0007040712362205159,0.0007038234943461443
2022-05-27,1848.300048828125,1860.699951171875,1845.9000244140625,1851.300048828125,30091,0.002002637633189197,0.002000635027660673
2022-05-31,1850.300048828125,1862.0999755859373,1832.800048828125,1842.699951171875,201803,-0.004645436952099624,-0.004656260527504244
2022-06-01,1840.0,1853.0,1830.199951171875,1848.699951171875,158036,0.0032560916909909476,0.003250802103585071
2022-06-02,1849.9000244140625,1874.4000244140625,1846.5,1871.4000244140625,127471,0.012278938628087266,0.012204163941435326
2022-06-03,1872.5999755859373,1878.5999755859373,1849.699951171875,1850.199951171875,115343,-0.011328456217598482,-0.011393111941204037
2022-06-06,1853.699951171875,1861.199951171875,1843.0,1843.699951171875,103179,-0.0035131338079882335,-0.0035193193539142156
2022-06-07,1843.5,1858.199951171875,1838.5,1852.0999755859373,119211,0.0045560691199906245,0.004545721654352785
2022-06-08,1855.0,1862.4000244140625,1846.5999755859373,1856.5,114141,0.002375694871801226,0.002372877370206354
2022-06-09,1855.0999755859373,1857.800048828125,1841.9000244140625,1852.800048828125,131293,-0.0019929712749124917,-0.0019949598847646263
2022-06-10,1850.4000244140625,1879.5999755859373,1826.5,1875.5,267204,0.012251700439144697,0.01217725578957178
2022-06-13,1879.0,1882.5,1819.0,1831.800048828125,252543,-0.023300427177752603,-0.02357617389723854
2022-06-14,1820.9000244140625,1833.300048828125,1806.0999755859373,1813.5,165146,-0.009990199989257653,-0.01004043690174638
2022-06-15,1809.699951171875,1845.4000244140625,1808.4000244140625,1819.5999755859373,203421,0.003363647965777483,0.003358003555622952
2022-06-16,1835.800048828125,1860.199951171875,1816.300048828125,1849.9000244140625,180893,0.016652038489046506,0.01651491347626729
2022-06-17,1859.300048828125,1861.5,1836.0999755859373,1840.5999755859373,141718,-0.005027325101566449,-0.00504000461427789
2022-06-21,1840.5999755859373,1848.4000244140625,1830.699951171875,1838.800048828125,176299,-0.00097790219585292,-0.000978380654154295
2022-06-22,1834.9000244140625,1850.300048828125,1824.5,1838.4000244140625,149553,-0.00021754644520344257,-0.0002175701118638137
2022-06-23,1839.699951171875,1848.9000244140625,1823.5,1829.800048828125,167071,-0.004677967510731795,-0.004688943444164837
2022-06-24,1824.199951171875,1833.699951171875,1817.699951171875,1830.300048828125,139723,0.0002732539002390233,0.0002732165731917114
2022-06-27,1839.5999755859373,1842.800048828125,1821.800048828125,1824.800048828125,143820,-0.00300497178237058,-0.0030094957753309393
2022-06-28,1823.5999755859373,1830.9000244140625,1819.0999755859373,1821.199951171875,111397,-0.001972872402410286,-0.0019748210785831594
2022-06-29,1821.4000244140625,1834.9000244140625,1810.699951171875,1817.5,155542,-0.002031600741859374,-0.0020336672419896972
2022-06-30,1819.199951171875,1826.800048828125,1802.5,1807.300048828125,208898,-0.0056120776736588995,-0.005627884548915392
2022-07-01,1808.0999755859373,1813.5999755859373,1783.4000244140625,1801.5,249489,-0.003209234034982633,-0.00321439467061114
2022-07-05,1814.4000244140625,1815.199951171875,1763.0,1763.9000244140625,310369,-0.02087148242350123,-0.021092370729760397
2022-07-06,1764.199951171875,1771.5,1730.699951171875,1736.5,258824,-0.015533774043211102,-0.01565568727425885
2022-07-07,1737.199951171875,1748.199951171875,1734.699951171875,1739.699951171875,151256,0.0018427590969622987,0.0018410632993955713
2022-07-08,1738.699951171875,1751.699951171875,1726.0,1742.300048828125,189178,0.0014945667237034055,0.0014934509704310629
2022-07-11,1741.5,1743.0,1729.0,1731.699951171875,171902,-0.006083967949940483,-0.006102550692492657
2022-07-12,1731.300048828125,1742.199951171875,1721.5999755859375,1724.800048828125,255170,-0.003984467597334507,-0.0039924267373435
2022-07-13,1723.5999755859375,1744.300048828125,1704.5,1735.5,300550,0.006203589325698866,0.006184426277721688
2022-07-14,1733.5999755859375,1734.800048828125,1695.0,1705.800048828125,266354,-0.017113195719893448,-0.017261318792066806
2022-07-15,1708.199951171875,1714.199951171875,1696.5999755859375,1703.5999755859375,176797,-0.001289760334863943,-0.001290592791581392
2022-07-18,1706.4000244140625,1722.0,1704.4000244140625,1710.199951171875,157535,0.003874134585889255,0.003866649452541994
2022-07-19,1707.199951171875,1716.5,1702.5999755859375,1710.699951171875,131771,0.00029236347460859236,0.00029232074473618287
2022-07-20,1709.5,1712.699951171875,1690.0999755859375,1700.199951171875,174466,-0.006137838486993119,-0.006156752451260583
2022-07-21,1693.699951171875,1719.5,1678.4000244140625,1713.4000244140625,248875,0.007763835796542162,0.007733852314631522
2022-07-22,1717.199951171875,1738.300048828125,1711.699951171875,1727.4000244140625,200622,0.008170888175858204,0.00813768720075906
2022-07-25,1726.300048828125,1734.5999755859375,1712.9000244140625,1719.0999755859375,160719,-0.004804937310881607,-0.004816518133806615
2022-07-26,1717.9000244140625,1726.4000244140625,1711.5,1717.699951171875,147367,-0.0008143938304607801,-0.0008147256292718271
2022-07-27,1715.199951171875,1739.5999755859375,1709.0999755859375,1719.0999755859375,144865,0.0008150576083485461,0.0008147256292718839
2022-07-28,1732.300048828125,1755.0,1732.0,1750.300048828125,37236,0.01814907433266244,0.017986345847998488
2022-07-29,1754.0,1765.699951171875,1750.0,1762.9000244140625,140666,0.007198751776515966,0.007172964446712137
2022-08-01,1782.5,1792.5,1774.300048828125,1787.699951171875,133742,0.014067687568417364,0.013969655967159949
2022-08-02,1789.199951171875,1805.0,1776.0,1789.699951171875,174165,0.0011187559739480601,0.0011181306328427129
2022-08-03,1777.300048828125,1789.4000244140625,1770.0,1776.4000244140625,151734,-0.007431372364459121,-0.007459122578999097
2022-08-04,1782.0999755859375,1812.0,1779.4000244140625,1806.9000244140625,153292,0.01716955617024407,0.017023825067850256
2022-08-05,1807.699951171875,1811.5999755859373,1780.199951171875,1791.199951171875,168901,-0.008688955133131171,-0.008726924204821187
2022-08-08,1790.300048828125,1806.4000244140625,1786.9000244140625,1805.199951171875,103683,0.00781598949399287,0.007785602879712545
2022-08-09,1805.5,1817.0,1799.4000244140625,1812.300048828125,120510,0.003933136410534832,0.0039254218511829055
2022-08-10,1811.5,1824.5999755859373,1803.300048828125,1813.699951171875,154592,0.0007724451283082079,0.0007721469461131268
2022-08-11,1807.9000244140625,1814.9000244140625,1798.5999755859375,1807.199951171875,121259,-0.0035838342476660623,-0.0035902715664145007
2022-08-12,1805.199951171875,1819.0999755859373,1799.5999755859375,1815.5,118649,0.004592767293260858,0.004582252719258686
2022-08-15,1818.9000244140625,1818.9000244140625,1787.5999755859375,1798.0999755859375,137765,-0.009584150049056772,-0.009630373594498693
2022-08-16,1795.5,1798.0,1785.4000244140625,1789.699951171875,94403,-0.004671611438805123,-0.004682557519384192
2022-08-17,1790.800048828125,1796.5999755859375,1773.9000244140625,1776.699951171875,137832,-0.0072637874250863765,-0.007290297181129194
2022-08-18,1777.0999755859375,1786.300048828125,1768.800048828125,1771.199951171875,124319,-0.0030956268087767302,-0.003100428172827585
2022-08-19,1773.0999755859375,1773.300048828125,1759.0999755859375,1762.9000244140625,138699,-0.004686047305004215,-0.004697061246045844
2022-08-22,1760.5999755859375,1762.0999755859375,1740.199951171875,1748.4000244140625,142857,-0.00822508355504692,-0.008259096187685952
2022-08-23,1750.0,1767.5,1743.0999755859375,1761.199951171875,145260,0.007320937187759391,0.0072942692044294195
2022-08-24,1761.300048828125,1769.5,1754.800048828125,1761.5,112645,0.00017036613470566841,0.00017035162404380132
2022-08-25,1764.4000244140625,1778.800048828125,1763.0,1771.4000244140625,117570,0.005620223908068489,0.005604489376544636
2022-08-26,1771.800048828125,1772.300048828125,1746.199951171875,1749.800048828125,176904,-0.012193731109991557,-0.012268684580698283
2022-08-29,1748.4000244140625,1757.9000244140625,1731.4000244140625,1749.699951171875,156220,-5.7205196854925866e-05,-5.7206833134602236e-05
2022-08-30,1749.800048828125,1752.800048828125,1732.9000244140625,1736.300048828125,130664,-0.007658400135849175,-0.007687876271971931
2022-08-31,1735.5,1738.0,1720.5999755859375,1726.199951171875,176731,-0.005817023194272686,-0.005834007972957111
2022-09-01,1723.0,1723.0,1699.0999755859375,1709.300048828125,198618,-0.009790234516156127,-0.009838473970700113
2022-09-02,1707.800048828125,1729.5,1705.9000244140625,1722.5999755859375,174684,0.007780919895796323,0.007750804653899921
2022-09-06,1724.199951171875,1737.4000244140625,1710.5999755859375,1712.9000244140625,206268,-0.005630994606612316,-0.005646908425277876
2022-09-07,1712.9000244140625,1731.199951171875,1701.699951171875,1727.800048828125,173624,0.008698712243383477,0.00866109642807416
2022-09-08,1729.5,1739.4000244140625,1713.699951171875,1720.199951171875,184176,-0.004398713648263164,-0.004408416452836483
2022-09-09,1719.5999755859375,1740.5,1719.4000244140625,1728.5999755859375,154706,0.004883167452911508,0.0048712834626987375
2022-09-12,1728.4000244140625,1746.4000244140625,1722.300048828125,1740.5999755859375,154374,0.006942034114013174,0.006918049134246079
2022-09-13,1736.0,1742.9000244140625,1706.699951171875,1717.4000244140625,232696,-0.013328709351535628,-0.013418333875083928
2022-09-14,1711.5999755859375,1717.300048828125,1703.300048828125,1709.0999755859375,163288,-0.004832915284810668,-0.004844631584383828
2022-09-15,1707.199951171875,1707.800048828125,1668.9000244140625,1677.300048828125,268094,-0.018606241420669578,-0.018781515057856833
2022-09-16,1673.699951171875,1689.9000244140625,1661.9000244140625,1683.5,217226,0.003696387641678456,0.003689572789274366
2022-09-19,1685.4000244140625,1688.800048828125,1667.5999755859375,1678.199951171875,141171,-0.0031482321521384415,-0.0031531982606945014
2022-09-20,1684.9000244140625,1688.800048828125,1668.0999755859375,1671.0999755859375,143933,-0.004230708969440555,-0.004239683740673932
2022-09-21,1673.199951171875,1696.9000244140625,1661.300048828125,1675.699951171875,227938,0.0027526633074868023,0.0027488816679752674
2022-09-22,1682.800048828125,1693.5,1663.300048828125,1681.0999755859375,241279,0.0032225485298165157,0.003217367248605638
2022-09-23,1680.0999755859375,1685.0,1646.5999755859375,1655.5999755859375,243045,-0.015168639801515726,-0.015284860388117735
2022-09-26,1651.0,1657.199951171875,1627.699951171875,1633.4000244140625,219861,-0.013409006704060977,-0.013499719257273632
2022-09-27,1629.199951171875,1650.0999755859375,1628.699951171875,1636.199951171875,197058,0.0017141708803494193,0.0017127033662531774
2022-09-28,1636.5,1671.5999755859375,1622.199951171875,1670.0,279817,0.020657651776555097,0.020447176173597384
2022-09-29,1669.0,1673.0999755859375,1649.300048828125,1668.5999755859375,201961,-0.0008383379724925533,-0.0008386895742917755
2022-09-30,1669.5,1684.4000244140625,1667.5,1672.0,179989,0.002037651003122365,0.0020355778081379613
2022-10-03,1670.5,1710.4000244140625,1666.5,1702.0,215493,0.017942583732057482,0.017783515488672578
2022-10-04,1708.4000244140625,1738.699951171875,1704.0,1730.5,205084,0.01674500587544059,0.01660635394207943
2022-10-05,1734.4000244140625,1736.5999755859375,1708.800048828125,1720.800048828125,173222,-0.005605288166353639,-0.0056210567466320575
2022-10-06,1725.5,1734.199951171875,1714.800048828125,1720.800048828125,139443,0.0,0.0
2022-10-07,1721.0,1722.800048828125,1698.4000244140625,1709.300048828125,157445,-0.0066829379786638166,-0.006705368800392089
2022-10-10,1703.4000244140625,1707.4000244140625,1672.5,1675.199951171875,157149,-0.019949743568795086,-0.02015142655974191
2022-10-11,1675.5999755859375,1691.300048828125,1667.5,1686.0,171814,0.006447020739565934,0.006426327593167822
2022-10-12,1673.4000244140625,1685.0999755859375,1668.0,1677.5,131769,-0.005041518386714072,-0.005054269715963864
2022-10-13,1680.199951171875,1688.9000244140625,1648.300048828125,1677.0,237007,-0.00029806259314457684,-0.00029810702262802357
2022-10-14,1672.800048828125,1677.800048828125,1645.5999755859375,1648.9000244140625,183170,-0.01675609754677254,-0.016898069110014066
2022-10-17,1649.9000244140625,1674.300048828125,1649.0999755859375,1664.0,148889,0.009157605289807247,0.009115928667959095
2022-10-18,1655.9000244140625,1666.0,1650.5999755859375,1655.800048828125,163168,-0.004927855271559478,-0.004940037187304603
2022-10-19,1657.199951171875,1659.800048828125,1632.199951171875,1634.199951171875,179246,-0.013045112344052145,-0.013130947122158903
2022-10-20,1634.5999755859375,1650.300048828125,1626.300048828125,1636.800048828125,163734,0.0015910523399449428,0.0015897879571258823
2022-10-21,1632.4000244140625,1663.0999755859375,1621.0999755859375,1656.300048828125,271095,0.011913489380673603,0.01184308240953397
2022-10-24,1662.9000244140625,1675.5,1648.0,1654.0999755859375,171022,-0.00132830596952771,-0.0013291889499007312
2022-10-25,1654.5,1666.800048828125,1641.199951171875,1658.0,182795,0.00235779243795764,0.002355017206790731
2022-10-26,1657.699951171875,1679.4000244140625,1653.800048828125,1669.199951171875,186926,0.006755097208609673,0.006732383769745391
2022-10-27,1668.800048828125,1674.800048828125,1658.5,1665.5999755859375,189287,-0.002156707219773235,-0.0021590362620999555
2022-10-28,1667.199951171875,1670.9000244140625,1640.699951171875,1644.800048828125,196363,-0.012487948524672277,-0.012566578255680305
2022-10-31,1647.199951171875,1648.5,1634.5,1640.699951171875,128413,-0.002492763578874624,-0.0024958756869135315
2022-11-01,1636.0999755859375,1660.300048828125,1633.5999755859375,1649.699951171875,197976,0.005485463684917979,0.005470473323401756
2022-11-02,1651.4000244140625,1673.0999755859375,1637.4000244140625,1650.0,220926,0.00018188084924886105,0.00018186431093250428
2022-11-03,1639.0999755859375,1643.199951171875,1618.300048828125,1630.9000244140625,254699,-0.011575742779356024,-0.01164326326206729
2022-11-04,1631.699951171875,1686.4000244140625,1631.0999755859375,1676.5999755859375,293521,0.02802130755273846,0.02763589400954793
2022-11-07,1678.5999755859375,1685.5999755859375,1670.0,1680.5,187589,0.0023261508236032125,0.0023234495230534382
2022-11-08,1678.0,1720.4000244140625,1667.0999755859375,1716.0,297618,0.021124665278191124,0.020904632882747343
2022-11-09,1715.199951171875,1725.800048828125,1705.0999755859375,1713.699951171875,239645,-0.0013403547949446537,-0.0013412538739124894
2022-11-10,1709.699951171875,1760.5999755859375,1705.5,1753.699951171875,305717,0.02334130894538844,0.023073066658333495
2022-11-11,1758.300048828125,1775.5999755859375,1750.300048828125,1769.4000244140625,227044,0.00895254244130883,0.008912706014889629
2022-11-14,1769.4000244140625,1778.4000244140625,1755.800048828125,1776.9000244140625,191347,0.004238724933036897,0.004229766843504821
2022-11-15,1774.0,1791.800048828125,1770.199951171875,1776.800048828125,283019,-5.6264046690235325e-05,-5.626562957108344e-05
2022-11-16,1782.0,1788.199951171875,1773.4000244140625,1775.800048828125,200755,-0.0005628095297833813,-0.0005629679665160464
2022-11-17,1777.0,1777.5999755859375,1756.5999755859375,1763.0,169097,-0.007208046219264297,-0.0072341496967658426
2022-11-18,1763.0999755859375,1769.9000244140625,1749.199951171875,1754.4000244140625,137327,-0.004878034932465969,-0.004889971378287589
2022-11-21,1752.0,1755.0,1733.9000244140625,1739.5999755859375,166082,-0.008435960226954475,-0.008471744330396075
2022-11-22,1739.699951171875,1751.0,1737.5999755859375,1739.9000244140625,153092,0.00017248150858595324,0.00017246663536076416
2022-11-23,1740.800048828125,1754.9000244140625,1719.0,1745.5999755859375,167770,0.0032760222379988324,0.0032706677682013373
2022-11-25,1751.0,1761.199951171875,1745.9000244140625,1754.0,134299,0.004812113045111088,0.004800571839379985
2022-11-28,1755.0,1763.5,1738.199951171875,1740.300048828125,132767,-0.0078106905198831456,-0.007841353734697092
2022-11-29,1739.5,1758.199951171875,1737.9000244140625,1748.4000244140625,19416,0.004654355776977592,0.0046435577553877545
2022-11-30,1748.0999755859375,1769.4000244140625,1745.0999755859375,1746.0,192239,-0.0013726975409227293,-0.001373640553271435
2022-12-01,1783.0999755859375,1818.4000244140625,1782.9000244140625,1815.199951171875,226148,0.03963341991516334,0.038868170166500134
2022-12-02,1817.0,1818.699951171875,1791.800048828125,1809.5999755859373,183724,-0.0030850461307705412,-0.0030898146956055664
2022-12-05,1810.5,1822.9000244140625,1778.0999755859375,1781.300048828125,179818,-0.015638774944528255,-0.015762350660491826
2022-12-06,1780.800048828125,1793.199951171875,1779.0999755859375,1782.4000244140625,127856,0.0006175128028886867,0.0006173222203119057
2022-12-07,1783.300048828125,1803.199951171875,1780.5,1798.0,155568,0.008752230347991441,0.008714151601303576
2022-12-08,1799.5,1806.9000244140625,1793.199951171875,1801.5,116274,0.0019466073414904361,0.0019447151565822316
2022-12-09,1801.9000244140625,1819.0,1800.0999755859375,1810.699951171875,150938,0.005106828294129784,0.0050938326720128616
2022-12-12,1808.0,1809.300048828125,1789.0,1792.300048828125,107782,-0.01016176221346976,-0.010213745379332772
2022-12-13,1792.300048828125,1836.9000244140625,1791.800048828125,1825.5,230911,0.018523656903085106,0.01835418361486342
2022-12-14,1822.5999755859373,1825.4000244140625,1806.199951171875,1818.699951171875,143804,-0.0037250335952478952,-0.003731988810536828
2022-12-15,1818.699951171875,1819.699951171875,1782.0,1787.800048828125,185317,-0.01699010456553851,-0.017136092319553105
2022-12-16,1786.9000244140625,1804.199951171875,1783.9000244140625,1800.199951171875,128751,0.0069358440569895485,0.006911901733660632
2022-12-19,1801.5999755859373,1808.5999755859373,1793.199951171875,1797.699951171875,86090,-0.0013887346227137165,-0.0013896998083344945
2022-12-20,1796.800048828125,1832.4000244140625,1793.699951171875,1825.4000244140625,197496,0.015408618787651651,0.015291111566486246
2022-12-21,1827.9000244140625,1833.800048828125,1821.300048828125,1825.4000244140625,110177,0.0,0.0
2022-12-22,1823.800048828125,1829.300048828125,1792.699951171875,1795.300048828125,175774,-0.01648952294475803,-0.016626988382878665
2022-12-23,1801.0,1812.199951171875,1798.9000244140625,1804.199951171875,105457,0.004957334206925124,0.004945087084415018
2022-12-27,1808.199951171875,1841.9000244140625,1808.0,1823.0999755859373,159616,0.010475570848888616,0.010421082258958443
2022-12-28,1822.4000244140625,1822.800048828125,1804.199951171875,1815.800048828125,118076,-0.004004128602692836,-0.004012166589556657
2022-12-29,1812.300048828125,1827.300048828125,1811.199951171875,1826.0,105992,0.005617331698199779,0.005601613326561728
2022-12-30,1821.800048828125,1832.4000244140625,1819.800048828125,1826.199951171875,107496,0.00010950228470707479,0.00010949628976953234
2023-01-03,1831.800048828125,1856.5999755859373,1831.300048828125,1846.0999755859373,212272,0.0108969581350018,0.010838014107170736
2023-01-04,1845.199951171875,1871.300048828125,1842.0,1859.0,198354,0.006987717125107595,0.0069634161695899385
2023-01-05,1861.199951171875,1864.300048828125,1829.9000244140625,1840.5999755859373,188603,-0.009897807646080059,-0.00994711658087472
2023-01-06,1835.9000244140625,1875.199951171875,1835.199951171875,1869.699951171875,215367,0.015810048881845784,0.015686371915172408
2023-01-09,1872.800048828125,1886.4000244140625,1869.300048828125,1877.800048828125,204550,0.004332298158949532,0.004322940771540769
2023-01-10,1875.699951171875,1885.199951171875,1872.0,1876.5,170514,-0.0006923254842475801,-0.0006925652522070156
2023-01-11,1881.300048828125,1890.9000244140625,1870.9000244140625,1878.9000244140625,222250,0.001278989828970234,0.0012781726182075487
2023-01-12,1879.699951171875,1906.5,1872.4000244140625,1898.800048828125,265174,0.010591316278399932,0.01053562119913412
2023-01-13,1898.800048828125,1925.300048828125,1895.0999755859373,1921.699951171875,247878,0.012060196837409443,0.011988052137146297
2023-01-17,1923.800048828125,1931.800048828125,1906.199951171875,1909.9000244140625,268368,-0.006140358566703807,-0.006159288097553695
2023-01-18,1911.0999755859373,1929.800048828125,1898.5999755859373,1907.0,218967,-0.0015184168684181376,-0.0015195708315906462
2023-01-19,1907.0,1936.9000244140625,1902.0,1923.9000244140625,214246,0.008862099850059035,0.008823061912389055
2023-01-20,1933.699951171875,1939.0,1922.0,1928.199951171875,165272,0.00223500530341858,0.002232511394307548
2023-01-23,1928.4000244140625,1936.699951171875,1912.5,1928.5999755859373,190094,0.0002074600270678406,0.00020743851021229863
2023-01-24,1932.0,1943.800048828125,1918.199951171875,1935.4000244140625,201713,0.0035258990533064694,0.003519697643993175
2023-01-25,1938.699951171875,1949.5,1920.5999755859373,1942.5999755859373,190302,0.003720135931100099,0.0037132333391840418
2023-01-26,1948.0,1949.800048828125,1918.4000244140625,1930.0,223255,-0.00648614009280879,-0.006507266501573822
2023-01-27,1929.300048828125,1935.4000244140625,1916.5,1929.4000244140625,150902,-0.00031086817924219634,-0.0003109165087709636
2023-01-30,1928.300048828125,1933.5999755859373,1920.300048828125,1922.9000244140625,27220,-0.003368922938608354,-0.0033746105371382884
2023-01-31,1923.0,1930.4000244140625,1900.5999755859373,1929.5,194077,0.0034323030329923565,0.0034264261246514465
2023-02-01,1944.0,1970.800048828125,1936.0999755859373,1942.800048828125,210613,0.006893002761401812,0.006869354626778254
2023-02-02,1967.0999755859373,1975.199951171875,1925.5999755859373,1930.800048828125,259844,-0.00617665209924112,-0.006195806529050164
2023-02-03,1926.300048828125,1932.4000244140625,1874.5,1876.5999755859373,310612,-0.028071303020260285,-0.02847283422918421
2023-02-06,1878.0,1894.0,1873.199951171875,1879.5,164540,0.0015453609995690343,0.0015441681580152878
2023-02-07,1880.300048828125,1897.199951171875,1877.5,1884.800048828125,179673,0.002819924888600722,0.0028159563592978446
2023-02-08,1885.0999755859373,1898.9000244140625,1881.4000244140625,1890.699951171875,131904,0.0031302537090966975,0.003125364664930496
2023-02-09,1888.300048828125,1902.300048828125,1870.199951171875,1878.5,183551,-0.006452610930842484,-0.006473519014437468
2023-02-10,1873.5,1883.5,1863.5,1874.5,155270,-0.0021293585307425866,-0.0021316288380568444
2023-02-13,1876.699951171875,1877.199951171875,1860.800048828125,1863.5,131217,-0.0058682315284075415,-0.005885517256653577
2023-02-14,1864.0999755859373,1881.5999755859373,1852.5,1865.4000244140625,217012,0.0010195999002213796,0.0010190804612930499
2023-02-15,1865.0999755859373,1870.9000244140625,1839.300048828125,1845.300048828125,169531,-0.010775155635720068,-0.010833628037368394
2023-02-16,1846.5,1854.9000244140625,1836.5999755859373,1851.800048828125,168509,0.003522462379019542,0.0035162730386344102
2023-02-17,1845.699951171875,1853.0999755859373,1827.699951171875,1850.199951171875,165081,-0.0008640769057450814,-0.0008644504353823255
2023-02-21,1850.5,1856.4000244140625,1839.0,1842.5,210165,-0.0041616859664265204,-0.004170369882998191
2023-02-22,1843.699951171875,1855.0,1831.9000244140625,1841.5,141500,-0.0005427408412482793,-0.0005428881783716534
2023-02-23,1834.699951171875,1841.199951171875,1824.800048828125,1826.800048828125,179972,-0.00798259634638876,-0.008014627845502035
2023-02-24,1829.699951171875,1835.0999755859373,1815.5,1817.0999755859373,169473,-0.0053098713504032835,-0.005324018820335586
2023-02-27,1818.0,1827.300048828125,1812.0,1824.9000244140625,130427,0.0042925809988028085,0.004283394153788474
2023-02-28,1823.9000244140625,1838.5999755859373,1810.800048828125,1836.699951171875,184507,0.006466067510520812,0.00644525217671455
2023-03-01,1834.0,1852.5,1829.5999755859373,1845.4000244140625,182583,0.004736796141708632,0.004725612824355862
2023-03-02,1843.800048828125,1845.300048828125,1835.9000244140625,1840.5,139755,-0.002655264088672782,-0.0026587955550655454
2023-03-03,1842.0999755859373,1864.4000244140625,1842.0,1854.5999755859373,158961,0.007660948430283865,0.007631752382991407
2023-03-06,1861.0,1864.300048828125,1850.5999755859373,1854.5999755859373,136224,0.0,0.0
2023-03-07,1852.5999755859373,1856.9000244140625,1817.0999755859373,1820.0,248226,-0.01865630111151373,-0.018832525131226085
2023-03-08,1818.0,1828.699951171875,1813.4000244140625,1818.5999755859373,208292,-0.0007692441835509545,-0.0007695402036754928
2023-03-09,1818.0,1839.4000244140625,1815.4000244140625,1834.5999755859373,228473,0.00879797658352266,0.008759499900822362
2023-03-10,1835.0999755859373,1874.300048828125,1830.0,1867.199951171875,345814,0.017769527973271693,0.017613495613850796
2023-03-13,1877.0999755859373,1919.5,1875.699951171875,1916.5,452332,0.02640319736361585,0.026060649438771077
2023-03-14,1919.4000244140625,1919.4000244140625,1899.800048828125,1910.9000244140625,261275,-0.002921980477922026,-0.002926257797072778
2023-03-15,1908.199951171875,1942.5,1889.5,1931.300048828125,385454,0.010675610525630486,0.010619028537533215
2023-03-16,1922.800048828125,1938.0,1911.5,1923.0,248084,-0.004297648536363496,-0.004306909972290581
2023-03-17,1925.9000244140625,1993.699951171875,1922.300048828125,1973.5,351092,0.026261050442017764,0.025922149514122153
2023-03-20,1989.699951171875,2014.9000244140625,1970.0,1982.800048828125,338016,0.00471246456960972,0.004701395669361375
2023-03-21,1983.0999755859373,1988.699951171875,1938.5999755859373,1941.0999755859373,248934,-0.021030901863671736,-0.021255201672654638
2023-03-22,1943.5,1982.300048828125,1936.5,1949.5999755859373,245031,0.0043789604383639436,0.0043694006887868035
2023-03-23,1974.0,2006.0999755859373,1967.300048828125,1995.9000244140625,262247,0.0237484865654094,0.02347087785966298
2023-03-24,1996.0999755859373,2006.5,1977.699951171875,1983.800048828125,285442,-0.006062415671090338,-0.00608086672273411
2023-03-27,1982.5999755859373,1984.0,1945.0,1953.800048828125,206630,-0.015122491814495986,-0.015238002715119546
2023-03-28,1957.800048828125,1977.0999755859373,1949.9000244140625,1973.5,183582,0.010082890101108744,0.010032396892696901
2023-03-29,1975.4000244140625,1976.0,1959.5,1966.9000244140625,88563,-0.003344299764853065,-0.003349904434597501
2023-03-30,1965.9000244140625,1984.4000244140625,1954.9000244140625,1980.300048828125,10119,0.006812763357433083,0.006789661351463412
2023-03-31,1981.300048828125,1986.800048828125,1968.0,1969.0,162212,-0.005706230646619459,-0.005722573380642285
2023-04-03,1990.0,2008.0,1965.9000244140625,2000.4000244140625,187986,0.015947193709529017,0.015821373110213414
2023-04-04,2001.300048828125,2043.4000244140625,1994.0,2038.199951171875,233301,0.018896183911457642,0.01871986868876058
2023-04-05,2038.199951171875,2049.199951171875,2026.0999755859373,2035.5999755859373,197371,-0.001275623416850169,-0.0012764377169681735
2023-04-06,2037.0999755859373,2037.699951171875,2016.5,2026.4000244140625,0,-0.004519528041960541,-0.004529771985668251
2023-04-10,2008.5999755859373,2021.5,1996.5,2003.800048828125,136231,-0.011152771078589141,-0.011215429542537
2023-04-11,2007.0,2022.5,2003.699951171875,2019.0,126376,0.007585562831363468,0.007556937119911394
2023-04-12,2019.0999755859373,2043.9000244140625,2015.699951171875,2024.9000244140625,228494,0.002922250824201278,0.002917989349308602
2023-04-13,2029.5,2063.39990234375,2028.300048828125,2055.300048828125,198461,0.015013098941938807,0.014901517771993259
2023-04-14,2054.699951171875,2061.60009765625,2006.0,2015.800048828125,262825,-0.01921860509978668,-0.01940568329065897
2023-04-17,2014.0999755859373,2028.0,1993.4000244140625,2007.0,183425,-0.004365536568590178,-0.004375093347142274
2023-04-18,2007.9000244140625,2024.5999755859373,2003.300048828125,2019.699951171875,164975,0.0063278281872820585,0.006307891542074722
2023-04-19,2017.9000244140625,2020.300048828125,1980.9000244140625,2007.300048828125,218808,-0.006139477468697918,-0.006158401556256924
2023-04-20,2007.699951171875,2024.199951171875,2002.199951171875,2019.0999755859373,162840,0.005878506685984108,0.005861295682615541
2023-04-21,2016.0999755859373,2016.800048828125,1982.300048828125,1990.5,210502,-0.014164714938217804,-0.014265992024399534
2023-04-24,1992.0,2001.5,1984.4000244140625,1999.800048828125,139878,0.004672217446935356,0.004661336517880877
2023-04-25,1999.4000244140625,2014.5,1986.199951171875,2004.5,222551,0.0023502105496142622,0.0023474531243087788
2023-04-26,2007.699951171875,2020.199951171875,1993.699951171875,1996.0,241399,-0.004240458967323502,-0.004249475211152341
2023-04-27,1999.800048828125,2013.300048828125,1982.0,1999.0,203898,0.0015030060120240218,0.0015018776289907531
2023-04-28,1997.199951171875,2004.0999755859373,1984.4000244140625,1999.0999755859373,172445,5.001279936833747e-05,5.001154876998425e-05
2023-05-01,2000.199951171875,2015.4000244140625,1985.699951171875,1992.199951171875,173016,-0.003451565453618688,-0.0034575358477552227
2023-05-02,1990.5,2028.800048828125,1986.9000244140625,2023.300048828125,245637,0.015610931843440756,0.015490334716647838
2023-05-03,2026.4000244140625,2050.0,2016.0,2037.0,229674,0.006771092196538042,0.006748271308743264
2023-05-04,2054.699951171875,2085.39990234375,2038.5,2055.699951171875,311003,0.009180142941519476,0.009138261552267398
2023-05-05,2058.0,2061.300048828125,2007.0,2024.800048828125,283299,-0.01503132902549087,-0.015145444433123057
2023-05-08,2024.5999755859373,2037.0999755859373,2022.0,2033.199951171875,182213,0.004148509552146518,0.0041399282113904505
2023-05-09,2028.4000244140625,2045.0999755859373,2026.4000244140625,2042.9000244140625,199701,0.004770840780611296,0.004759496386956363
2023-05-10,2041.5999755859373,2056.0,2028.300048828125,2037.0999755859373,260807,-0.0028391251450441413,-0.0028431631054997887
2023-05-11,2036.800048828125,2047.5999755859373,2016.699951171875,2020.5,296976,-0.008148827148830806,-0.008182210320268533
2023-05-12,2020.5,2027.800048828125,2005.699951171875,2019.800048828125,220500,-0.0003464247324300729,-0.00034648475133944914
2023-05-15,2013.4000244140625,2027.5,2011.199951171875,2022.699951171875,163251,0.001435737337184717,0.001434707651788042
2023-05-16,2021.300048828125,2022.699951171875,1989.0999755859373,1993.0,229938,-0.014683320259471944,-0.014792187206182148
2023-05-17,1993.0,1997.0,1978.0999755859373,1984.9000244140625,206552,-0.004064212536847744,-0.004072493894367409
2023-05-18,1985.5999755859373,1988.800048828125,1954.4000244140625,1959.800048828125,227733,-0.012645460868159875,-0.0127260952018586
2023-05-19,1960.5,1987.4000244140625,1956.300048828125,1981.5999755859373,234604,0.011123546389769645,0.011062134738202183
2023-05-22,1979.4000244140625,1984.800048828125,1970.699951171875,1977.199951171875,165768,-0.0022204402847558757,-0.002222909117559204
2023-05-23,1973.9000244140625,1980.0,1955.800048828125,1974.5,214358,-0.0013655428072789633,-0.001366476010507602
2023-05-24,1977.300048828125,1987.9000244140625,1958.4000244140625,1964.5999755859373,229885,-0.005013939941282741,-0.005026551912924062
2023-05-25,1959.5,1965.4000244140625,1939.0,1943.699951171875,253875,-0.010638310431531406,-0.010695301810984085
2023-05-26,1941.699951171875,1957.0999755859373,1936.0,1944.300048828125,166036,0.0003087398628003335,0.00030869221245634733
2023-05-30,1942.699951171875,1962.5999755859373,1931.0,1958.0,37838,0.0070462124300887385,0.0070215038752032295
2023-05-31,1958.199951171875,1973.0,1953.0,1963.9000244140625,207753,0.0030132913248530624,0.0030087604621398334
2023-06-01,1981.300048828125,2000.699951171875,1970.0999755859373,1995.5,176911,0.01609041967162539,0.015962340936193007
2023-06-02,1994.5999755859373,2000.5,1963.699951171875,1969.5999755859373,209694,-0.012979215441775382,-0.013064181454041701
2023-06-05,1962.300048828125,1980.4000244140625,1953.800048828125,1974.300048828125,179985,0.0023863085400321893,0.0023834658273030065
2023-06-06,1978.0,1982.9000244140625,1970.300048828125,1981.5,135995,0.003646837356940047,0.003640203768439867
2023-06-07,1980.0,1986.5,1955.4000244140625,1958.4000244140625,189529,-0.011657822652504368,-0.011726307846151852
2023-06-08,1956.199951171875,1985.699951171875,1955.199951171875,1978.5999755859373,191843,0.01031451742241396,0.010261685765725023
2023-06-09,1980.5,1987.800048828125,1971.0,1977.199951171875,130408,-0.0007075833575949098,-0.0007078338128511656
2023-06-12,1975.5999755859373,1981.4000244140625,1963.0999755859373,1969.699951171875,122542,-0.003793243063532792,-0.003800455655188392
2023-06-13,1971.4000244140625,1985.9000244140625,1953.0,1958.5999755859373,198397,-0.00563536369046147,-0.005651302260387358
2023-06-14,1957.199951171875,1973.9000244140625,1952.5,1968.9000244140625,199710,0.005258883363890465,0.0052451037259995835
2023-06-15,1955.699951171875,1972.800048828125,1936.0999755859373,1970.699951171875,266353,0.0009141788488464808,0.0009137612418549146
2023-06-16,1970.300048828125,1980.4000244140625,1965.4000244140625,1971.199951171875,160514,0.0002537169596532607,0.0002536847789485315
2023-06-20,1970.699951171875,1971.800048828125,1940.800048828125,1947.699951171875,250140,-0.01192167237323094,-0.011993305402218438
2023-06-21,1948.0,1950.4000244140625,1929.300048828125,1944.9000244140625,182021,-0.0014375554900680765,-0.0014385897642981561
2023-06-22,1943.300048828125,1945.0999755859373,1922.0,1923.699951171875,171779,-0.01090034087925651,-0.01096018487218796
2023-06-23,1923.5,1949.0,1919.5,1929.5999755859373,186861,0.003067019059010745,0.003062325350736191
2023-06-26,1936.300048828125,1943.4000244140625,1931.0999755859373,1933.800048828125,147769,0.0021766549001496216,0.0021742894188082483
2023-06-27,1932.699951171875,1940.300048828125,1919.800048828125,1923.800048828125,180436,-0.005171165450150839,-0.005184582199682201
2023-06-28,1923.0999755859373,1926.0999755859373,1911.4000244140625,1922.199951171875,162493,-0.0008317380266336105,-0.0008320841126213093
2023-06-29,1916.5,1921.300048828125,1900.5999755859373,1917.9000244140625,205252,-0.002236982034668711,-0.002239487816603993
2023-06-30,1916.4000244140625,1930.800048828125,1908.0999755859373,1929.4000244140625,180688,0.005996141536894539,0.0059782362197890624
2023-07-03,1927.800048828125,1939.9000244140625,1917.699951171875,1929.5,152959,5.181692996392151e-05,5.1815587513180315e-05
2023-07-05,1929.0999755859373,1942.9000244140625,1922.0999755859373,1927.0999755859373,245932,-0.0012438582088949435,-0.0012446324426080941
2023-07-06,1922.4000244140625,1934.0,1908.5,1915.4000244140625,231513,-0.0060712735821177866,-0.006089778701351203
2023-07-07,1916.5999755859373,1941.0999755859373,1915.4000244140625,1932.5,214272,0.008927626275440081,0.008888010627862895
2023-07-10,1930.699951171875,1933.699951171875,1918.0,1931.0,208085,-0.0007761966364812078,-0.000776498033062551
2023-07-11,1930.800048828125,1944.5,1929.800048828125,1937.0999755859373,189372,0.003158972338652033,0.003153993268607814
2023-07-12,1938.0,1965.0999755859373,1937.5,1961.699951171875,270869,0.012699383560983657,0.012619422647497585
2023-07-13,1962.699951171875,1968.5,1956.5999755859373,1963.800048828125,241215,0.0010705498845506867,0.0010699772546724918
2023-07-14,1965.199951171875,1967.800048828125,1954.699951171875,1964.4000244140625,209306,0.00030551765506658946,0.00030547099405141146
2023-07-17,1958.5999755859373,1963.5999755859373,1949.0,1956.4000244140625,165833,-0.004072490277221563,-0.00408080544906653
2023-07-18,1958.300048828125,1988.300048828125,1958.0999755859373,1980.800048828125,264086,0.01247189946308147,0.012394765996708749
2023-07-19,1982.5,1984.5999755859373,1973.300048828125,1980.800048828125,159409,0.0,0.0
2023-07-20,1980.0,1989.800048828125,1967.699951171875,1970.9000244140625,189926,-0.004997992816043961,-0.005010524555271393
2023-07-21,1972.0999755859373,1975.9000244140625,1958.800048828125,1966.5999755859373,156540,-0.0021817691282456364,-0.0021841526540097985
2023-07-24,1963.5999755859373,1969.800048828125,1955.300048828125,1962.199951171875,197213,-0.002237376420566317,-0.0022398830867918526
2023-07-25,1957.0,1967.0999755859373,1951.5999755859373,1963.699951171875,188848,0.0007644480875172999,0.0007641560459023374
2023-07-26,1966.300048828125,1979.9000244140625,1963.199951171875,1970.0999755859373,208106,0.0032591661522642923,0.003253866581925148
2023-07-27,1973.300048828125,1982.5999755859373,1941.699951171875,1945.699951171875,194253,-0.012385170659578004,-0.012462506090813013
2023-07-28,1945.5,1962.199951171875,1944.199951171875,1960.4000244140625,23155,0.007555159382788501,0.007526762107077682
2023-07-31,1959.199951171875,1971.5999755859373,1950.0,1970.5,139955,0.005151997276145792,0.005138771146053185
2023-08-01,2004.199951171875,2004.4000244140625,1978.300048828125,1978.800048828125,167756,0.004212153680855035,0.004203307394118885
2023-08-02,1988.9000244140625,1992.199951171875,1969.0999755859373,1975.0,169658,-0.0019203803994120028,-0.0019222266939551192
2023-08-03,1970.800048828125,1974.5,1964.5,1968.800048828125,141345,-0.0031392157832278444,-0.003144153457419003
2023-08-04,1969.5999755859373,1984.199951171875,1954.5,1976.0999755859373,156416,0.0037078050471186508,0.0037009480822840163
2023-08-07,1977.5999755859373,1981.699951171875,1966.0999755859373,1970.0,104407,-0.0030868759988362804,-0.003091650228052972
2023-08-08,1971.5,1972.800048828125,1956.5,1959.9000244140625,142336,-0.005126891160374347,-0.005140078760430012
2023-08-09,1959.300048828125,1966.0999755859373,1947.199951171875,1950.5999755859373,139259,-0.004745164912636546,-0.004756458949870561
2023-08-10,1947.699951171875,1963.5,1944.4000244140625,1948.9000244140625,168264,-0.0008715016882762106,-0.0008718816666564521
2023-08-11,1944.9000244140625,1953.5999755859373,1942.699951171875,1946.5999755859373,122320,-0.0011801779461810824,-0.0011808749045839966
2023-08-14,1945.5999755859373,1948.199951171875,1934.199951171875,1944.0,120983,-0.0013356496550631647,-0.0013365424301086993
2023-08-15,1939.4000244140625,1944.300048828125,1927.5,1935.199951171875,167153,-0.00452677408854163,-0.004537050956132381
2023-08-16,1933.0999755859373,1938.199951171875,1922.0,1928.300048828125,128612,-0.0035654725701970147,-0.0035718440168420362
2023-08-17,1922.4000244140625,1933.5,1914.199951171875,1915.199951171875,152329,-0.0067935991933471,-0.00681678073875421
2023-08-18,1919.199951171875,1926.0,1915.9000244140625,1916.5,114737,0.0006788057964024485,0.0006785755119542197
2023-08-21,1918.4000244140625,1927.9000244140625,1913.5999755859373,1923.0,138109,0.0033915992695017216,0.003385860768169978
2023-08-22,1924.0,1933.199951171875,1917.5,1926.0,131088,0.0015600624024960652,0.0015588467692910996
2023-08-23,1926.800048828125,1949.699951171875,1926.199951171875,1948.0999755859373,170040,0.011474545994775376,0.011409212696844436
2023-08-24,1944.9000244140625,1951.300048828125,1939.199951171875,1947.0999755859373,137393,-0.000513320677856477,-0.0005134524720193436
2023-08-25,1944.9000244140625,1950.4000244140625,1931.0,1939.9000244140625,166988,-0.0036977819640248155,-0.0037046356606186453
2023-08-28,1944.0,1954.199951171875,1940.0999755859373,1946.800048828125,115553,0.003556896915936081,0.0035505861182447886
2023-08-29,1948.0999755859373,1966.5,1941.699951171875,1965.0999755859373,174220,0.009400003235477516,0.0093560981293722
2023-08-30,1966.0,1977.0999755859373,1962.800048828125,1973.0,142380,0.004020164119999725,0.00401210485272123
2023-08-31,1970.199951171875,1974.9000244140625,1965.5,1965.9000244140625,133712,-0.003598568467277019,-0.003605058890283277
2023-09-01,1966.4000244140625,1980.199951171875,1960.699951171875,1967.0999755859373,160725,0.0006103826018479808,0.0006101963941557657
2023-09-05,1966.699951171875,1972.5999755859373,1950.5999755859373,1952.5999755859373,192789,-0.007371257272107301,-0.007398559238277777
2023-09-06,1951.5,1954.5,1940.0,1944.199951171875,148775,-0.004301968923021038,-0.004311249016006176
2023-09-07,1942.199951171875,1947.9000244140625,1940.300048828125,1942.5,117168,-0.0008743705455039885,-0.0008747530304013497
2023-09-08,1943.800048828125,1954.0,1940.800048828125,1942.699951171875,138694,0.00010293496621627263,0.00010292966877616241
2023-09-11,1943.300048828125,1954.5999755859373,1939.5,1947.199951171875,131076,0.0023163638817644827,0.0023136852466131117
2023-09-12,1945.5999755859373,1947.5,1929.9000244140625,1935.0999755859373,161993,-0.006214038562734947,-0.0062334260585246845
2023-09-13,1935.199951171875,1938.4000244140625,1927.199951171875,1932.5,161003,-0.0013435872144796912,-0.001344490637089863
2023-09-14,1930.699951171875,1934.5,1921.699951171875,1932.800048828125,201744,0.0001552645941138575,0.00015525254181427897
2023-09-15,1932.5,1952.4000244140625,1931.199951171875,1946.199951171875,199773,0.0069328963189310144,0.006908974295541714
2023-09-18,1945.699951171875,1955.699951171875,1943.800048828125,1953.4000244140625,138031,0.00369955473375283,0.003692728212683889
2023-09-19,1955.300048828125,1958.9000244140625,1950.9000244140625,1953.699951171875,131097,0.0001535408795247939,0.00015352909333037762
2023-09-20,1953.0,1968.9000244140625,1948.5999755859373,1967.0999755859373,220980,0.0068587934426802555,0.006835378921540566
2023-09-21,1952.0,1952.199951171875,1933.0999755859373,1939.5999755859373,225908,-0.013979970688479448,-0.014078610882454413
2023-09-22,1939.5999755859373,1949.0999755859373,1939.5999755859373,1945.5999755859373,139926,0.003093421362921678,0.003088646579467931
2023-09-25,1944.699951171875,1946.800048828125,1933.800048828125,1936.5999755859373,164259,-0.004625822426467474,-0.004636554652733318
2023-09-26,1935.0999755859373,1935.5,1917.199951171875,1919.800048828125,212263,-0.008674959707530405,-0.008712806207367434
2023-09-27,1918.800048828125,1921.699951171875,1890.300048828125,1890.9000244140625,238525,-0.015053663756131042,-0.015168120264881572
2023-09-28,1893.300048828125,1896.800048828125,1874.5,1878.5999755859373,231419,-0.006504864704275803,-0.006526113533985626
2023-09-29,1882.300048828125,1896.699951171875,1862.300048828125,1866.0999755859373,245131,-0.0066538912820443,-0.006676127108041416
2023-10-02,1864.4000244140625,1864.699951171875,1842.699951171875,1847.199951171875,202147,-0.010128087809511799,-0.010179725849795481
2023-10-03,1844.9000244140625,1849.300048828125,1830.9000244140625,1841.5,216784,-0.003085725055513855,-0.0030904957215765996
2023-10-04,1838.699951171875,1846.800048828125,1831.5999755859373,1834.800048828125,195048,-0.0036383117957506927,-0.0036449465498704222
2023-10-05,1837.5999755859373,1843.5,1826.199951171875,1831.800048828125,172464,-0.0016350555483776175,-0.0016363937105459971
2023-10-06,1834.300048828125,1849.0,1823.5,1845.199951171875,231024,0.0073151555773363075,0.0072885295967217425
2023-10-09,1861.0,1877.300048828125,1857.5,1864.300048828125,187802,0.010351234642142604,0.01029802747112105
2023-10-10,1875.4000244140625,1879.0999755859373,1866.0999755859373,1875.300048828125,157340,0.005900337773908415,0.005882998950830417
2023-10-11,1873.699951171875,1890.9000244140625,1871.699951171875,1887.300048828125,169964,0.006398975997200518,0.006378589472663391
2023-10-12,1888.0999755859373,1898.300048828125,1880.5999755859373,1883.0,163475,-0.002278412926866036,-0.0022810124588875445
2023-10-13,1881.699951171875,1946.199951171875,1881.5,1941.5,312994,0.031067445565586826,0.030594620514569588
2023-10-16,1941.300048828125,1943.0,1921.199951171875,1934.300048828125,182823,-0.003708447680594862,-0.003715341020365149
2023-10-17,1933.300048828125,1944.5,1924.5999755859373,1935.699951171875,165063,0.0007237255381336016,0.0007234637750951115
2023-10-18,1936.699951171875,1975.800048828125,1935.9000244140625,1968.300048828125,270045,0.016841503579371198,0.016701257899746722
2023-10-19,1960.0999755859373,1990.199951171875,1957.0,1980.5,264821,0.006198217176867082,0.006179087235772473
2023-10-20,1988.0,2009.199951171875,1983.699951171875,1994.4000244140625,289109,0.007018442016694104,0.006993927388683712
2023-10-23,1987.699951171875,1994.300048828125,1971.0,1987.800048828125,212290,-0.0033092536628285263,-0.0033147413528477995
2023-10-24,1984.0999755859373,1992.0,1964.5999755859373,1986.0999755859373,200943,-0.0008552536474631944,-0.0008556195855253962
2023-10-25,1982.699951171875,1998.5999755859373,1973.5999755859373,1994.9000244140625,240655,0.004430818657821689,0.004421031480322075
2023-10-26,1991.199951171875,2003.699951171875,1981.5999755859373,1997.4000244140625,214053,0.0012531956335677386,0.0012524110393513626
2023-10-27,1995.0,2019.699951171875,1986.4000244140625,1998.5,213757,0.0005507037010576976,0.0005505521194230099
2023-10-30,2013.5,2016.800048828125,1999.699951171875,2005.5999755859373,181339,0.0035526522821802686,0.0035463565197582344
2023-10-31,2005.5999755859373,2017.699951171875,1987.4000244140625,1994.300048828125,214776,-0.005634187722061035,-0.005650119628119349
2023-11-01,1993.300048828125,2005.9000244140625,1978.199951171875,1987.5,197629,-0.003409742095789814,-0.003415568514530067
2023-11-02,1992.0,1999.199951171875,1986.300048828125,1993.5,158650,0.0030188679245282124,0.003014320292922657
2023-11-03,1993.5,2011.9000244140625,1989.300048828125,1999.199951171875,222189,0.0028592682076122866,0.0028551882755006304
2023-11-06,1999.4000244140625,2000.0999755859373,1984.199951171875,1988.5999755859373,146279,-0.005302108765921298,-0.005316214827947537
2023-11-07,1984.800048828125,1985.199951171875,1962.800048828125,1973.5,218948,-0.007593269521934953,-0.007622245166061016
2023-11-08,1975.300048828125,1977.5,1953.199951171875,1957.800048828125,189359,-0.007955384429630064,-0.007987197335269248
2023-11-09,1955.5,1971.5,1948.300048828125,1969.800048828125,214077,0.006129328685624769,0.006110620756335897
2023-11-10,1964.0999755859373,1965.5999755859373,1936.9000244140625,1937.699951171875,229637,-0.01629611983985224,-0.01643036201644378
2023-11-13,1943.4000244140625,1953.5,1935.5999755859373,1950.199951171875,183702,0.006450947161577014,0.006430228855997531
2023-11-14,1950.300048828125,1975.300048828125,1938.800048828125,1966.5,180741,0.0083581423629564,0.008323406508342138
2023-11-15,1966.9000244140625,1979.199951171875,1958.800048828125,1964.300048828125,142924,-0.0011187140462115552,-0.0011193402738601621
2023-11-16,1963.0,1991.0999755859373,1959.0,1987.300048828125,186810,0.011709005461625566,0.011640985506316898
2023-11-17,1984.199951171875,1996.4000244140625,1981.0999755859373,1984.699951171875,133120,-0.0013083568622580533,-0.0013092135083783059
2023-11-20,1980.9000244140625,1987.800048828125,1967.199951171875,1980.300048828125,177887,-0.0022169105920277765,-0.0022193715761749198
2023-11-21,1980.0,2009.800048828125,1979.9000244140625,2001.5999755859373,230024,0.01075590881816968,0.01069847549560528
2023-11-22,2000.300048828125,2008.300048828125,1988.5999755859373,1992.800048828125,199370,-0.004396446275553245,-0.004406139065132029
2023-11-23,1991.199951171875,1999.5,1990.9000244140625,1993.300048828125,199370,0.00025090324555843146,0.00025087177460311543
2023-11-24,1991.199951171875,2004.5,1990.9000244140625,2003.0,214880,0.004866277496746063,0.0048544754409741535
2023-11-27,2002.5,2018.9000244140625,2001.4000244140625,2012.4000244140625,251250,0.004692972747909474,0.004681995083159241
2023-11-28,2014.300048828125,2044.0999755859373,2011.5,2040.0,174665,0.013714954905138077,0.013621756089284733
2023-11-29,2041.699951171875,2052.10009765625,2036.0,2047.0999755859373,15290,0.0034803801891849506,0.003474337682143426
2023-11-30,2046.0999755859373,2047.0999755859373,2033.0999755859373,2038.0999755859373,151918,-0.004396463341964529,-0.004406156206906349
2023-12-01,2056.5,2095.699951171875,2052.60009765625,2089.699951171875,241615,0.02531768618028818,0.025002502306459694
2023-12-04,2094.39990234375,2152.300048828125,2038.4000244140625,2042.199951171875,378224,-0.02273053601468611,-0.02299285740809215
2023-12-05,2049.0,2059.60009765625,2027.5999755859373,2036.300048828125,209549,-0.002888993479979507,-0.002893174676551352
2023-12-06,2037.800048828125,2053.39990234375,2035.300048828125,2047.9000244140625,154219,0.005696594464363436,0.005680430228462185
2023-12-07,2043.4000244140625,2057.199951171875,2036.5999755859373,2046.4000244140625,173977,-0.0007324576308012087,-0.0007327260089500857
2023-12-08,2045.699951171875,2050.39990234375,2010.5999755859373,2014.5,237289,-0.015588362017927682,-0.015711138123425655
2023-12-11,2020.0,2023.699951171875,1991.199951171875,1993.699951171875,160072,-0.010325166953648601,-0.010378841273830952
2023-12-12,1997.800048828125,2012.5,1992.300048828125,1993.199951171875,148532,-0.00025078999460581564,-0.00025082144767536615
2023-12-13,1995.0999755859373,2043.300048828125,1987.9000244140625,1997.300048828125,192679,0.0020570428239472527,0.0020549300082961905
2023-12-14,2043.199951171875,2062.89990234375,2039.0999755859373,2044.9000244140625,231095,0.02383216062797655,0.023552607546577557
2023-12-15,2051.300048828125,2059.60009765625,2029.199951171875,2035.699951171875,172147,-0.004499033269278585,-0.0045091843776831385
2023-12-18,2033.300048828125,2048.0,2029.5,2040.5,141406,0.002357935326059213,0.002355159758774131
2023-12-19,2041.0999755859373,2061.0,2034.800048828125,2052.10009765625,134781,0.005684929015559836,0.005668830789303027
2023-12-20,2053.800048828125,2056.89990234375,2040.5999755859373,2047.699951171875,122567,-0.0021442163028014827,-0.002146518426000173
2023-12-21,2044.4000244140625,2058.0,2043.300048828125,2051.300048828125,119952,0.0017581177624141908,0.0017565740824302316
2023-12-22,2061.199951171875,2083.0,2058.199951171875,2069.10009765625,170150,0.008677447669488414,0.008640015011213588
2023-12-26,2066.0,2080.5,2065.10009765625,2069.800048828125,79573,0.0003382877284032748,0.0003382305220107974
2023-12-27,2079.300048828125,2095.800048828125,2072.800048828125,2093.10009765625,128179,0.0112571496175764,0.011194259444757064
2023-12-28,2089.5,2098.199951171875,2074.60009765625,2083.5,129544,-0.004586544937339454,-0.004597095407066712
2023-12-29,2076.10009765625,2084.10009765625,2067.60009765625,2071.800048828125,105724,-0.00561552732031434,-0.0056313536705344435
2024-01-02,2072.699951171875,2088.10009765625,2064.300048828125,2073.39990234375,157555,0.0007722045940339317,0.0007719065974660861
2024-01-03,2067.89990234375,2074.300048828125,2038.300048828125,2042.800048828125,221680,-0.014758297943891718,-0.014868285113403344
2024-01-04,2049.300048828125,2058.10009765625,2043.300048828125,2050.0,130263,0.0035245501271674584,0.0035183534564172604
2024-01-05,2051.39990234375,2071.10009765625,2030.800048828125,2049.800048828125,214684,-9.753715701221743e-05,-9.754191407004556e-05
2024-01-08,2052.60009765625,2053.300048828125,2022.699951171875,2033.5,220988,-0.00795201894811337,-0.007983804871104597
2024-01-09,2034.5,2048.60009765625,2031.9000244140625,2033.0,218745,-0.0002458814851241664,-0.0002459117189325872
2024-01-10,2036.0,2046.199951171875,2025.9000244140625,2027.800048828125,205007,-0.0025577723422897103,-0.002561049030508092
2024-01-11,2029.4000244140625,2056.10009765625,2017.300048828125,2019.199951171875,301337,-0.004241097469752986,-0.004250116432860881
2024-01-12,2033.199951171875,2067.300048828125,2033.0999755859373,2051.60009765625,272352,0.01604603172933472,0.01591865495017851
2024-01-16,2053.39990234375,2062.800048828125,2027.5999755859373,2030.199951171875,285254,-0.010430954116653846,-0.01048573781571965
2024-01-17,2031.699951171875,2036.0999755859373,2004.5999755859373,2006.5,254292,-0.01167370295629988,-0.011742375592464997
2024-01-18,2009.0999755859373,2025.5999755859373,2007.699951171875,2021.5999755859373,171928,0.0075255298210501476,0.007497354290408866
2024-01-19,2027.4000244140625,2041.9000244140625,2022.199951171875,2029.300048828125,172805,0.003808900541738547,0.0038016650471031964
2024-01-22,2031.800048828125,2034.0999755859373,2017.4000244140625,2022.199951171875,152756,-0.0034987914479922555,-0.0035049265332265478
2024-01-23,2023.199951171875,2039.300048828125,2020.800048828125,2025.800048828125,156699,0.0017802876783592492,0.00177870484457161
2024-01-24,2030.699951171875,2037.9000244140625,2011.699951171875,2016.0,234459,-0.00483761901071833,-0.004849358164569392
2024-01-25,2014.800048828125,2025.5999755859373,2004.0,2017.800048828125,196670,0.0008928813631572385,0.0008924829817135099
2024-01-26,2021.0,2028.0999755859373,2015.5999755859373,2017.300048828125,119588,-0.000247794621816122,-0.00024782532797607476
2024-01-29,2024.4000244140625,2037.199951171875,2018.800048828125,2025.4000244140625,150708,0.004015255732850775,0.004007216107133944
2024-01-30,2032.5,2048.5,2028.0999755859373,2031.5,26907,0.003011738675031461,0.00300721247565075
2024-01-31,2035.4000244140625,2055.0,2030.0,2048.39990234375,238373,0.008318928055008667,0.008284516486208303
2024-02-01,2057.89990234375,2083.199951171875,2046.4000244140625,2071.10009765625,260921,0.011081915834172174,0.011020961319990199
2024-02-02,2072.0,2074.699951171875,2044.199951171875,2053.699951171875,219800,-0.008401402956846882,-0.008436893663618114
2024-02-05,2057.89990234375,2059.10009765625,2030.800048828125,2042.9000244140625,170431,-0.0052587656496022595,-0.005272641626065159
2024-02-06,2041.4000244140625,2055.300048828125,2038.800048828125,2051.39990234375,126384,0.0041606920691703575,0.004152060324328194
2024-02-07,2052.60009765625,2061.300048828125,2046.4000244140625,2051.699951171875,125631,0.00014626540041362546,0.0001462547046728782
2024-02-08,2051.0,2053.800048828125,2034.5999755859373,2047.9000244140625,137076,-0.0018520869757988612,-0.0018538042095202032
2024-02-09,2049.699951171875,2051.89990234375,2034.300048828125,2038.699951171875,116031,-0.004492442566779942,-0.00450256391130273
2024-02-12,2038.199951171875,2041.800048828125,2025.4000244140625,2033.0,116025,-0.0027958754639684225,-0.002799791224128319
2024-02-13,2033.699951171875,2047.300048828125,2002.800048828125,2007.199951171875,217571,-0.01269062903498519,-0.01277184290262149
2024-02-14,2006.300048828125,2008.800048828125,1996.4000244140625,2004.300048828125,193607,-0.0014447501067629265,-0.0014457947644992396
2024-02-15,2004.800048828125,2020.199951171875,2001.800048828125,2014.9000244140625,204249,0.005288617137007456,0.005274681513255792
2024-02-16,2016.0999755859373,2027.199951171875,2006.5999755859373,2024.0999755859373,162356,0.004565959134647413,0.004555566765319449
2024-02-20,2027.699951171875,2042.699951171875,2023.9000244140625,2039.800048828125,202432,0.007756570046715705,0.007726642514318487
2024-02-21,2036.199951171875,2043.5,2030.9000244140625,2034.300048828125,120599,-0.0026963427141595275,-0.0026999843937928654
2024-02-22,2036.5,2045.5,2029.300048828125,2030.699951171875,147947,-0.001769698456392299,-0.0017712662226276033
2024-02-23,2034.0999755859373,2053.199951171875,2025.4000244140625,2049.39990234375,212029,0.009208623440938979,0.009166482576775416
2024-02-26,2044.199951171875,2046.800048828125,2034.0999755859373,2038.9000244140625,129021,-0.005123391446286041,-0.005136561017411664
2024-02-27,2041.199951171875,2049.10009765625,2038.0999755859373,2044.0999755859373,148780,0.002550370841929439,0.0025471241651952646
2024-02-28,2039.699951171875,2047.4000244140625,2033.4000244140625,2042.699951171875,137077,-0.0006849099509729228,-0.0006851446089458986
2024-02-29,2043.800048828125,2059.39990234375,2036.0,2054.699951171875,227074,0.005874577905147449,0.005857389854542746
2024-03-01,2052.800048828125,2097.10009765625,2047.0,2095.699951171875,330592,0.01995425170308507,0.019757775018846135
2024-03-04,2091.60009765625,2128.39990234375,2088.10009765625,2126.300048828125,328253,0.014601373464335321,0.014495799849847096
2024-03-05,2123.300048828125,2150.5,2118.5,2141.89990234375,283148,0.007336619083568419,0.007309837007265717
2024-03-06,2136.39990234375,2160.699951171875,2131.89990234375,2158.199951171875,319763,0.007610088973013518,0.00758127832135186
2024-03-07,2156.699951171875,2172.199951171875,2151.699951171875,2165.199951171875,267795,0.0032434436837973646,0.003238195066333614
2024-03-08,2166.60009765625,2203.0,2161.199951171875,2185.5,389682,0.009375600076629409,0.009331921931869856
2024-03-11,2187.60009765625,2195.5,2180.89990234375,2188.60009765625,242418,0.0014184844000229013,0.001417479301391898
2024-03-12,2189.10009765625,2190.800048828125,2156.199951171875,2166.10009765625,316254,-0.010280544181687223,-0.010333753973923127
2024-03-13,2163.60009765625,2185.60009765625,2161.300048828125,2180.800048828125,232273,0.006786367438781138,0.006763443701435902
2024-03-14,2179.5,2181.300048828125,2157.0,2167.5,207225,-0.006098701637168413,-0.00611737467757698
2024-03-15,2166.199951171875,2176.89990234375,2158.699951171875,2161.5,187847,-0.0027681660899654403,-0.002772004547010489
2024-03-18,2159.89990234375,2167.199951171875,2149.199951171875,2164.300048828125,211858,0.0012954193051699647,0.0012945809734977805
2024-03-19,2164.0,2166.300048828125,2150.199951171875,2159.699951171875,178162,-0.0021254435856713494,-0.002127705546571144
2024-03-20,2161.39990234375,2192.199951171875,2152.300048828125,2161.0,233572,0.0006019580763612087,0.0006017769722727617
2024-03-21,2190.199951171875,2225.300048828125,2168.199951171875,2184.699951171875,391750,0.010967122245199024,0.010907419475124249
2024-03-22,2183.39990234375,2188.0,2158.39990234375,2160.0,205808,-0.011305878026236948,-0.011370275303799512
2024-03-25,2166.60009765625,2182.5,2164.39990234375,2176.39990234375,211610,0.007592547381365833,0.0075638690630155745
2024-03-26,2173.0,2200.60009765625,2168.300048828125,2177.199951171875,202373,0.0003676019408305198,0.000367534391790667
2024-03-27,2179.39990234375,2196.199951171875,2172.10009765625,2190.60009765625,31200,0.006154761521633523,0.006135898336309696
2024-03-28,2193.60009765625,2234.10009765625,2187.10009765625,2217.39990234375,250248,0.012234001411838502,0.012159770828042574
2024-04-01,2259.199951171875,2286.39990234375,2249.10009765625,2257.10009765625,220767,0.017903940227713466,0.017745552406589656
2024-04-02,2272.699951171875,2301.89990234375,2267.10009765625,2281.800048828125,277228,0.010943223651234346,0.010883779857260585
2024-04-03,2301.699951171875,2321.800048828125,2285.699951171875,2315.0,254574,0.014549895022101467,0.014445060959115408
2024-04-04,2321.0,2325.300048828125,2298.699951171875,2308.5,236227,-0.0028077753779697234,-0.002811724573290802
2024-04-05,2309.5,2350.0,2286.199951171875,2345.39990234375,293212,0.015984363155187253,0.015857958442565587
2024-04-08,2343.60009765625,2372.5,2321.699951171875,2351.0,285570,0.0023876941627967163,0.002384848150460289
2024-04-09,2358.10009765625,2384.5,2355.699951171875,2362.39990234375,279608,0.004848958887175625,0.004837240551913922
2024-04-10,2372.39990234375,2378.10009765625,2337.10009765625,2348.39990234375,353847,-0.005926177014361711,-0.005943806486117121
2024-04-11,2351.699951171875,2395.60009765625,2343.10009765625,2372.699951171875,260415,0.010347491840666967,0.010294323008474946
2024-04-12,2389.39990234375,2448.800048828125,2350.60009765625,2374.10009765625,479894,0.0005901068458671332,0.000589932801288929
2024-04-15,2369.39990234375,2404.300048828125,2340.199951171875,2383.0,343730,0.0037487477265747415,0.003741738683111912
2024-04-16,2399.10009765625,2414.800048828125,2379.199951171875,2407.800048828125,297592,0.01040707042724498,0.010353289681328487
2024-04-17,2398.0,2412.0,2370.699951171875,2388.39990234375,284352,-0.008057208277662875,-0.008089842994962381
2024-04-18,2377.89990234375,2408.0,2377.199951171875,2398.0,200546,0.004019468283694705,0.004011411802351316
2024-04-19,2394.0,2433.300048828125,2386.800048828125,2413.800048828125,275405,0.006588844382037218,0.006567232825074723
2024-04-22,2403.699951171875,2404.300048828125,2338.199951171875,2346.39990234375,262673,-0.02792283748486002,-0.028320092368902487
2024-04-23,2342.300048828125,2347.89990234375,2304.60009765625,2342.10009765625,270225,-0.001832511450075125,-0.0018341925532569412
2024-04-24,2335.699951171875,2350.89990234375,2324.800048828125,2338.39990234375,187699,-0.0015798621571310179,-0.0015811114553348016
2024-04-25,2327.39990234375,2357.60009765625,2316.39990234375,2342.5,224471,0.00175337744931503,0.0017518420775373235
2024-04-26,2344.199951171875,2364.39990234375,2338.0,2347.199951171875,171011,0.0020063825707044014,0.0020043724734280853
2024-04-29,2347.60009765625,2358.89990234375,2331.0,2357.699951171875,187309,0.004473415225983546,0.004463439244166436
2024-04-30,2347.0,2347.60009765625,2296.199951171875,2302.89990234375,229064,-0.023243012242031513,-0.02351739098197313
2024-05-01,2298.199951171875,2339.5,2291.699951171875,2311.0,227384,0.003517346823457723,0.0035111754261821066
2024-05-02,2329.89990234375,2336.10009765625,2294.300048828125,2309.60009765625,193658,-0.0006057560985504029,-0.0006059396429016847
2024-05-03,2313.5,2330.699951171875,2285.199951171875,2308.60009765625,231400,-0.0004329753886894716,-0.0004330691495981643
2024-05-06,2312.800048828125,2341.89990234375,2300.60009765625,2331.199951171875,191895,0.009789418937722782,0.009741813013569765
2024-05-07,2334.800048828125,2338.699951171875,2318.199951171875,2324.199951171875,204623,-0.0030027454300868284,-0.0030072627152504454
2024-05-08,2322.0,2329.60009765625,2311.39990234375,2322.300048828125,214693,-0.0008174435864659602,-0.000817777875661942
2024-05-09,2316.5,2354.199951171875,2312.89990234375,2340.300048828125,249092,0.007750936408533082,0.007721052221883858
2024-05-10,2353.5,2385.300048828125,2352.0,2375.0,275241,0.014827137737851492,0.014718290342319529
2024-05-13,2369.10009765625,2370.800048828125,2337.60009765625,2343.0,243075,-0.013473684210526304,-0.013565277960945915
2024-05-14,2342.300048828125,2365.199951171875,2340.5,2359.89990234375,192076,0.007212933138604383,0.007187044351227036
2024-05-15,2362.89990234375,2396.10009765625,2357.10009765625,2394.89990234375,249843,0.014831137526316152,0.014722231684084703
2024-05-16,2391.5,2402.699951171875,2375.199951171875,2385.5,191026,-0.003924966690487142,-0.003932689586945634
2024-05-17,2381.39990234375,2427.39990234375,2377.800048828125,2417.39990234375,218553,0.013372417666631664,0.01328379607196971
2024-05-20,2422.199951171875,2454.199951171875,2411.10009765625,2438.5,281430,0.008728426618944019,0.008690554121975756
2024-05-21,2431.5,2438.199951171875,2408.5,2425.89990234375,229421,-0.005167150976522428,-0.005180546866779568
2024-05-22,2425.39990234375,2430.5,2378.0,2392.89990234375,253852,-0.013603199360417761,-0.013696570608894532
2024-05-23,2383.0,2385.699951171875,2328.10009765625,2337.199951171875,273658,-0.023277175579855647,-0.023552367885870104
2024-05-24,2330.39990234375,2349.0,2326.300048828125,2334.5,178343,-0.0011552076109369036,-0.0011558753775713574
2024-05-28,2338.0,2365.5,2333.800048828125,2356.5,316223,0.009423859498822074,0.00937973195279388
2024-05-29,2362.5,2363.699951171875,2334.199951171875,2341.199951171875,119317,-0.006492700542382823,-0.00651386980274466
2024-05-30,2336.89990234375,2349.5,2320.800048828125,2342.89990234375,32587,0.0007261025146629851,0.0007258390297690667
2024-05-31,2344.10009765625,2354.0,2319.0,2322.89990234375,183406,-0.008536429567474357,-0.00857307357068379
2024-06-03,2348.0,2375.5,2334.800048828125,2369.300048828125,173149,0.019975095111743002,0.019778210440976027
2024-06-04,2371.300048828125,2373.10009765625,2335.10009765625,2347.39990234375,171547,-0.009243298034458336,-0.009286282396958376
2024-06-05,2347.10009765625,2377.60009765625,2345.300048828125,2375.5,171862,0.011970733077135032,0.011899650562831965
2024-06-06,2375.300048828125,2397.800048828125,2372.199951171875,2390.89990234375,172202,0.006482804606924963,0.006461881606936423
2024-06-07,2395.699951171875,2406.699951171875,2304.199951171875,2325.0,314551,-0.027562802725095148,-0.027949784212455663
2024-06-10,2311.0,2331.300048828125,2304.5,2327.0,142888,0.0008602150537635467,0.0008598452808351514
2024-06-11,2329.5,2337.300048828125,2314.5,2326.60009765625,145501,-0.00017185317737433703,-0.0001718679458236514
2024-06-12,2334.0,2358.800048828125,2327.199951171875,2354.800048828125,241670,0.012120669641629833,0.012047802533210035
2024-06-13,2340.89990234375,2342.39990234375,2310.89990234375,2318.0,182657,-0.015627674564742233,-0.01575107398998111
2024-06-14,2319.60009765625,2352.300048828125,2316.699951171875,2349.10009765625,163367,0.013416780697260489,0.013327572731793752
2024-06-17,2348.5,2348.699951171875,2324.300048828125,2329.0,122702,-0.008556509650782584,-0.00859332674714986
2024-06-18,2333.699951171875,2348.199951171875,2320.199951171875,2346.89990234375,154251,0.007685660087483948,0.007656275864060995
2024-06-20,2344.199951171875,2379.5,2338.5,2369.0,252687,0.009416719321595046,0.009372658410383485
2024-06-21,2373.800048828125,2382.60009765625,2329.199951171875,2331.199951171875,194824,-0.01595612023137405,-0.016084789663334795
2024-06-24,2333.5,2347.5,2329.5,2344.39990234375,117625,0.005662299008388105,0.005646328451708221
2024-06-25,2346.800048828125,2349.699951171875,2327.10009765625,2330.800048828125,144271,-0.00580099559892866,-0.005817886729156012
2024-06-26,2331.800048828125,2335.800048828125,2304.699951171875,2313.199951171875,191628,-0.007551097171590859,-0.0075797510424151695
2024-06-27,2309.39990234375,2342.0,2306.800048828125,2336.60009765625,140228,0.010115920360676212,0.010065096901626084
2024-06-28,2338.60009765625,2350.60009765625,2329.699951171875,2339.60009765625,135383,0.001283916748531011,0.0012830932322313122
2024-07-01,2336.199951171875,2348.800048828125,2328.199951171875,2338.89990234375,142601,-0.0002992799124950096,-0.0002993247056653748
2024-07-02,2341.60009765625,2346.10009765625,2327.39990234375,2333.39990234375,153709,-0.002351532869999562,-0.0023543020655068603
2024-07-03,2338.60009765625,2374.5,2335.699951171875,2369.39990234375,193642,0.015428131270529555,0.015310327766781958
2024-07-05,2365.800048828125,2401.5,2356.0,2397.699951171875,293254,0.011943973155452259,0.01187320683810194
2024-07-08,2396.199951171875,2399.300048828125,2358.300048828125,2363.5,240781,-0.014263649275698453,-0.014366352909865657
2024-07-09,2366.5,2378.300048828125,2356.0,2367.89990234375,252489,0.0018616045456949504,0.001859873907462469
2024-07-10,2371.0,2393.39990234375,2369.699951171875,2379.699951171875,163900,0.0049833393786811175,0.00497096364097134
2024-07-11,2377.39990234375,2430.39990234375,2376.800048828125,2421.89990234375,303520,0.01773330757564362,0.017577906965189318
2024-07-12,2421.0,2423.199951171875,2396.10009765625,2420.699951171875,220933,-0.0004954586152440266,-0.0004955813954204087
2024-07-15,2419.300048828125,2445.0,2406.10009765625,2428.89990234375,193535,0.003387429808434206,0.0033817053918110394
2024-07-16,2427.10009765625,2474.5,2424.5,2467.800048828125,246085,0.01601554121140958,0.01588864550722319
2024-07-17,2473.199951171875,2488.39990234375,2455.5,2459.89990234375,259540,-0.003201291161383346,-0.003206426256150975
2024-07-18,2462.5,2478.5,2442.89990234375,2456.39990234375,192770,-0.0014228221224226179,-0.0014238352949755629
2024-07-19,2448.0,2448.39990234375,2395.699951171875,2399.10009765625,254408,-0.023326741151889818,-0.023603115988079747
2024-07-22,2403.699951171875,2414.39990234375,2385.199951171875,2394.699951171875,197562,-0.0018340820746385322,-0.0018357660625298044
2024-07-23,2398.0,2413.5,2389.199951171875,2407.300048828125,171191,0.005261660296975501,0.005247866128098674
2024-07-24,2410.699951171875,2433.0,2397.0,2415.699951171875,245884,0.003489345812059952,0.0034832721695538804
2024-07-25,2398.10009765625,2400.800048828125,2351.89990234375,2353.5,294897,-0.02574821063423105,-0.02608549810524739
2024-07-26,2363.800048828125,2389.699951171875,2354.60009765625,2381.0,154523,0.011684724877841557,0.01161698564566585
2024-07-29,2386.89990234375,2402.10009765625,2367.300048828125,2377.800048828125,126409,-0.0013439526131352464,-0.0013448565274178327
2024-07-30,2380.89990234375,2409.300048828125,2373.800048828125,2405.0,25944,0.011439124658644051,0.011374192580416529
2024-07-31,2407.10009765625,2447.60009765625,2402.800048828125,2426.5,176268,0.008939708939708968,0.008899986305409351
2024-08-01,2493.39990234375,2506.60009765625,2474.0,2480.800048828125,219834,0.022377930693643133,0.022131218623379058
2024-08-02,2490.800048828125,2522.5,2453.10009765625,2469.800048828125,309937,-0.004434053443846175,-0.004443913014855649
2024-08-05,2490.300048828125,2500.800048828125,2403.800048828125,2444.39990234375,352229,-0.010284292648073623,-0.010337541384045116
2024-08-06,2451.699951171875,2459.5,2421.800048828125,2431.60009765625,186107,-0.005236379151883908,-0.005250137033868963
2024-08-07,2432.60009765625,2447.300048828125,2418.800048828125,2432.39990234375,166078,0.0003289211446697582,0.00032886706196902366
2024-08-08,2422.800048828125,2467.89990234375,2420.199951171875,2463.300048828125,178509,0.01270356344555057,0.0126235501072439
2024-08-09,2467.300048828125,2476.5,2456.10009765625,2473.39990234375,152173,0.004100131252962713,0.004091748620267941
2024-08-12,2470.10009765625,2513.39990234375,2462.699951171875,2504.0,171204,0.012371674158818458,0.01229577039462815
2024-08-13,2512.60009765625,2517.300048828125,2498.199951171875,2507.800048828125,155078,0.001517591385034045,0.0015164410069502558
2024-08-14,2506.300048828125,2519.699951171875,2476.199951171875,2479.699951171875,187384,-0.011205078997179596,-0.011268328818176587
2024-08-15,2486.199951171875,2508.0,2469.199951171875,2492.39990234375,169322,0.005121567698492369,0.005108497079691344
2024-08-16,2494.39990234375,2548.300048828125,2488.199951171875,2537.800048828125,223934,0.018215434225335336,0.01805152071469598
2024-08-19,2549.699951171875,2549.89990234375,2523.699951171875,2541.300048828125,155994,0.0013791472663955417,0.0013781971163019469
2024-08-20,2542.39990234375,2570.39990234375,2535.10009765625,2550.60009765625,191196,0.003659563471229532,0.0036528835609064337
2024-08-21,2552.199951171875,2558.0,2528.199951171875,2547.5,148894,-0.0012154385389927524,-0.0012161777834786558
2024-08-22,2549.89990234375,2551.39990234375,2506.39990234375,2516.699951171875,177369,-0.01209030375981357,-0.01216398597816849
2024-08-23,2521.10009765625,2554.5,2519.800048828125,2546.300048828125,164613,0.011761472654881588,0.011692844126282154
2024-08-26,2545.10009765625,2563.199951171875,2544.0,2555.199951171875,127485,0.0034952292240051364,0.003489135106437783
2024-08-27,2553.800048828125,2561.39990234375,2538.5,2552.89990234375,146222,-0.0009001443613326776,-0.0009005497345494971
2024-08-28,2559.800048828125,2564.300048828125,2527.800048828125,2537.800048828125,165123,-0.00591478479111629,-0.005932346413731874
2024-08-29,2539.199951171875,2562.199951171875,2536.5,2560.300048828125,159965,0.008865946712543371,0.00882687497579063
2024-08-30,2553.60009765625,2560.10009765625,2526.60009765625,2527.60009765625,175644,-0.012771921473360925,-0.012854183643682232
2024-09-03,2536.0,2539.5,2504.39990234375,2523.0,273539,-0.001819946778968462,-0.0018216048942006602
2024-09-04,2524.60009765625,2531.5,2502.699951171875,2526.0,167957,0.0011890606420927874,0.0011883542693787133
2024-09-05,2526.39990234375,2554.0,2523.699951171875,2543.10009765625,152709,0.006769634859956408,0.0067468237725081615
2024-09-06,2547.10009765625,2559.800048828125,2513.89990234375,2524.60009765625,228117,-0.007274585855684523,-0.007301174682313739
2024-09-09,2526.5,2536.5,2514.199951171875,2532.699951171875,140583,0.003208370911157221,0.003203235071392698
2024-09-10,2536.0,2547.5,2528.89990234375,2543.10009765625,156108,0.0041063476467329,0.004097939610921066
2024-09-11,2545.699951171875,2558.0,2529.0,2542.39990234375,194085,-0.00027533140089341934,-0.0002753693115423994
2024-09-12,2540.60009765625,2588.5,2538.699951171875,2580.60009765625,233679,0.015025250464053563,0.014913489488801918
2024-09-13,2587.5,2614.60009765625,2585.0,2610.699951171875,174674,0.011663896914117844,0.01159639802818844
2024-09-16,2608.0,2617.39990234375,2602.5,2608.89990234375,127576,-0.0006894889729924802,-0.0006897267798308309
2024-09-17,2609.800048828125,2613.699951171875,2587.300048828125,2592.39990234375,159525,-0.006324504817213139,-0.0063445892252105025
2024-09-18,2596.0,2627.199951171875,2572.5,2598.60009765625,233128,0.002391681664119183,0.002388826145615818
2024-09-19,2585.10009765625,2620.5,2575.300048828125,2614.60009765625,204475,0.00615716131713806,0.006138283449151599
2024-09-20,2611.199951171875,2651.0,2608.699951171875,2646.199951171875,207209,0.012085922257843995,0.012013470678024597
2024-09-23,2646.199951171875,2659.800048828125,2638.60009765625,2652.5,170494,0.0023807909244859538,0.0023779613319950743
2024-09-24,2653.300048828125,2689.39990234375,2647.10009765625,2677.0,216553,0.009236569274269524,0.009194173032214275
2024-09-25,2682.800048828125,2694.89990234375,2673.39990234375,2684.699951171875,189943,0.0028763358878876044,0.002872207149016042
2024-09-26,2681.199951171875,2708.699951171875,2677.5,2694.89990234375,217643,0.003799289066706679,0.003792089996471613
2024-09-27,2695.10009765625,2696.89990234375,2665.300048828125,2668.10009765625,196732,-0.009944638264371974,-0.009994416471940389
2024-09-30,2680.5,2687.699951171875,2646.199951171875,2659.39990234375,173252,-0.0032608204317906564,-0.0032661484924537704
2024-10-01,2656.10009765625,2694.699951171875,2653.800048828125,2690.300048828125,202756,0.011619217725451048,0.011552232989345601
2024-10-02,2684.60009765625,2684.800048828125,2662.10009765625,2669.699951171875,128680,-0.0076571747694920145,-0.007686641449607562
2024-10-03,2679.89990234375,2683.39990234375,2657.800048828125,2679.199951171875,138551,0.003558452325636896,0.0035521360139210917
2024-10-04,2675.699951171875,2690.60009765625,2651.60009765625,2667.800048828125,192656,-0.004254965120749521,-0.00426404324539312
2024-10-07,2671.699951171875,2679.199951171875,2657.300048828125,2666.0,130705,-0.0006747315372888085,-0.0006749592710577139
2024-10-08,2662.800048828125,2672.39990234375,2623.39990234375,2635.39990234375,233849,-0.011477906097618118,-0.011544285683073101
2024-10-09,2640.699951171875,2642.89990234375,2622.800048828125,2626.0,143000,-0.0035667840525418493,-0.003573160192839358
2024-10-10,2625.800048828125,2648.89990234375,2618.800048828125,2639.300048828125,195581,0.005064755837062007,0.005051973103997822
2024-10-11,2647.39990234375,2679.0,2645.300048828125,2676.300048828125,168597,0.014018868380057281,0.013921512865746133
2024-10-14,2673.10009765625,2684.199951171875,2660.0,2665.60009765625,123361,-0.003998038701437889,-0.004006052224214478
2024-10-15,2663.5,2685.89990234375,2654.39990234375,2678.89990234375,160564,0.004989422344032102,0.004977016424836719
2024-10-16,2679.5,2702.5,2674.89990234375,2691.300048828125,156877,0.004628820387624799,0.004618140343191121
2024-10-17,2690.39990234375,2712.699951171875,2688.199951171875,2707.5,181816,0.0060193775788504045,0.00600133349884694
2024-10-18,2707.800048828125,2737.800048828125,2707.300048828125,2730.0,178959,0.008310249307479145,0.008275909303859661
2024-10-21,2736.300048828125,2755.39990234375,2728.5,2738.89990234375,210450,0.0032600374885531913,0.003254735087232566
2024-10-22,2734.699951171875,2763.300048828125,2733.5,2759.800048828125,173695,0.007630854441409207,0.007601886743847724
2024-10-23,2762.60009765625,2772.60009765625,2722.10009765625,2729.39990234375,214515,-0.01101534384611802,-0.01107646198545663
2024-10-24,2729.199951171875,2756.300048828125,2728.699951171875,2748.89990234375,175872,0.0071444276022927244,0.007119027089073639
2024-10-25,2748.60009765625,2760.89990234375,2729.10009765625,2754.60009765625,153487,0.0020736278202200253,0.0020714808215900366
2024-10-28,2749.199951171875,2758.300048828125,2736.89990234375,2755.89990234375,161907,0.0004718669285628252,0.0004717556343730115
2024-10-29,2754.300048828125,2787.699951171875,2752.0,2781.10009765625,207424,0.009144089482737927,0.009102535420453504
2024-10-30,2786.89990234375,2801.800048828125,2782.39990234375,2800.800048828125,191549,0.007083510294533024,0.0070585400839714455
2024-10-31,2799.10009765625,2801.199951171875,2741.800048828125,2749.300048828125,242571,-0.01838760322128241,-0.01855875651000971
2024-11-01,2754.0,2772.39990234375,2742.60009765625,2749.199951171875,180660,-3.6408414677224776e-05,-3.6409077479642205e-05
2024-11-04,2743.5,2757.5,2739.39990234375,2746.199951171875,145248,-0.0010912265580105274,-0.0010918223792010246
2024-11-05,2746.0,2759.5,2733.39990234375,2749.699951171875,151434,0.0012744884066093753,0.0012736769356604515
2024-11-06,2752.60009765625,2758.800048828125,2660.699951171875,2676.300048828125,361313,-0.02669378610290485,-0.02705653521057543
2024-11-07,2667.699951171875,2718.300048828125,2650.300048828125,2705.800048828125,292924,0.011022680365348814,0.010962373382500085
2024-11-08,2713.60009765625,2717.800048828125,2687.300048828125,2694.800048828125,233110,-0.0040653410457155426,-0.004073627009093648
2024-11-11,2692.10009765625,2693.39990234375,2617.10009765625,2617.699951171875,281919,-0.028610693283079858,-0.02902795724625618
2024-11-12,2625.699951171875,2633.39990234375,2595.699951171875,2606.300048828125,282766,-0.004354930876873997,-0.004364441209616735
2024-11-13,2604.699951171875,2625.0,2578.10009765625,2586.5,262752,-0.007596995149130148,-0.00762599930644927
2024-11-14,2578.10009765625,2585.800048828125,2541.5,2572.89990234375,266162,-0.00525810850811903,-0.005271981010778009
2024-11-15,2570.39990234375,2580.800048828125,2558.89990234375,2570.10009765625,179892,-0.001088190288689228,-0.0010887827976220732
2024-11-18,2571.5,2619.5,2568.5,2614.60009765625,195294,0.017314500723369042,0.017166312842948884
2024-11-19,2616.300048828125,2643.39990234375,2614.199951171875,2631.0,202241,0.006272432391649874,0.006252842562174224
2024-11-20,2635.800048828125,2659.0,2621.89990234375,2651.699951171875,182012,0.007867712342027655,0.007836923280824113
2024-11-21,2653.5,2676.5,2651.60009765625,2674.89990234375,186297,0.008749086095363845,0.008711034624276625
2024-11-22,2672.0,2718.5,2670.10009765625,2712.199951171875,220554,0.013944465284642105,0.013848135705307924
2024-11-25,2716.89990234375,2723.199951171875,2616.60009765625,2618.5,305339,-0.034547582353354755,-0.035158460931159215
2024-11-26,2626.199951171875,2642.699951171875,2605.300048828125,2621.300048828125,177858,0.0010693331403952566,0.0010687618109707342
2024-11-27,2633.5,2657.89990234375,2627.199951171875,2639.89990234375,61653,0.007095659851660274,0.007070604112144784
2024-11-29,2636.39990234375,2664.300048828125,2620.699951171875,2657.0,180756,0.00647755531983174,0.006456666117155565
2024-12-02,2673.800048828125,2678.5,2644.5,2658.5,163543,0.0005645464809935774,0.0005643871845796432
2024-12-03,2662.0,2678.39990234375,2656.60009765625,2667.89990234375,140965,0.0035357917411134032,0.003529555525145895
2024-12-04,2665.800048828125,2682.0,2654.199951171875,2676.199951171875,171792,0.00311107955018608,0.0031062501560293644
2024-12-05,2674.199951171875,2680.0,2646.300048828125,2648.39990234375,156116,-0.010387881823236578,-0.010442212448556485
2024-12-06,2655.0,2667.89990234375,2635.60009765625,2659.60009765625,167166,0.004229042337068556,0.004220125069684794
2024-12-09,2665.0,2700.0,2649.699951171875,2685.800048828125,182150,0.0098510867084729,0.009802881080482547
2024-12-10,2684.39990234375,2721.699951171875,2680.699951171875,2718.39990234375,181509,0.012137855731237046,0.012064782666322688
2024-12-11,2721.199951171875,2759.699951171875,2719.10009765625,2756.699951171875,264985,0.014089188568283673,0.013990858468919152
2024-12-12,2753.60009765625,2761.300048828125,2696.699951171875,2709.39990234375,219468,-0.01715821441068255,-0.017307122359282525
2024-12-13,2704.89990234375,2716.39990234375,2663.300048828125,2675.800048828125,178685,-0.012401216035536011,-0.012478752815572584
2024-12-16,2668.0,2683.39990234375,2661.39990234375,2670.0,115996,-0.002167594260514827,-0.0021699468932709167
2024-12-17,2670.199951171875,2675.800048828125,2646.10009765625,2662.0,147053,-0.002996254681647992,-0.003000752439238324
2024-12-18,2663.300048828125,2667.60009765625,2598.10009765625,2653.300048828125,156334,-0.0032682010412753426,-0.003273553274930387
2024-12-19,2600.60009765625,2640.89990234375,2596.699951171875,2608.10009765625,191587,-0.017035371175543546,-0.017182142366951453
2024-12-20,2609.699951171875,2653.800048828125,2603.699951171875,2645.10009765625,153567,0.014186572069549763,0.01408688436759705
2024-12-23,2639.10009765625,2646.800048828125,2623.199951171875,2628.199951171875,105131,-0.006389227575678391,-0.0064097260497768685
2024-12-24,2629.39990234375,2635.800048828125,2624.199951171875,2635.5,53366,0.0027775850253972667,0.0027737346642663615
2024-12-26,2638.0,2655.699951171875,2634.10009765625,2653.89990234375,79265,0.006981560365680206,0.00695730211462771
2024-12-27,2653.699951171875,2654.60009765625,2625.199951171875,2631.89990234375,93897,-0.00828968718095624,-0.008324237712290235
2024-12-30,2636.10009765625,2640.699951171875,2608.39990234375,2618.10009765625,110915,-0.00524328629489712,-0.005257080559796575
2024-12-31,2620.0,2642.0,2614.300048828125,2641.0,86292,0.008746763488626907,0.008708732159329878
2025-01-02,2641.0,2674.199951171875,2636.10009765625,2669.0,144517,0.010602044680045442,0.010546237107391925
2025-01-03,2671.10009765625,2681.0,2649.699951171875,2654.699951171875,121173,-0.005357830209113845,-0.005372234856195909
2025-01-06,2652.800048828125,2663.800048828125,2624.60009765625,2647.39990234375,169923,-0.0027498583502449936,-0.0027536461562651204
2025-01-07,2647.10009765625,2678.5,2643.5,2665.39990234375,161617,0.00679912391930837,0.006776114115065868
2025-01-08,2662.89990234375,2687.0,2658.39990234375,2672.39990234375,197370,0.0026262475637688354,0.002622805001665362
2025-01-09,2679.89990234375,2696.800048828125,2673.699951171875,2690.800048828125,156645,0.006885251892217781,0.0068616567889789246
2025-01-10,2692.89990234375,2735.0,2686.89990234375,2715.0,298408,0.008993589539443514,0.008953388070262488
2025-01-13,2716.800048828125,2723.800048828125,2675.199951171875,2678.60009765625,211094,-0.013406962189226546,-0.013497646957070305
2025-01-14,2682.0,2693.699951171875,2672.0,2682.300048828125,179414,0.0013813003199367735,0.0013803472022434057
2025-01-15,2693.300048828125,2722.699951171875,2685.39990234375,2717.800048828125,193720,0.013234910097216668,0.01314809383923601
2025-01-16,2722.300048828125,2757.89990234375,2720.39990234375,2750.89990234375,186543,0.012178914166219634,0.012105347893661389
2025-01-17,2746.800048828125,2759.199951171875,2729.199951171875,2748.699951171875,156868,-0.0007997205459931989,-0.0008000404930592417
2025-01-21,2739.60009765625,2762.0,2715.60009765625,2759.199951171875,294121,0.0038199876983748826,0.0038127100731051556
2025-01-22,2758.699951171875,2774.39990234375,2756.199951171875,2770.89990234375,158141,0.0042403419030598855,0.004231376987269512
2025-01-23,2765.89990234375,2767.10009765625,2741.0,2765.0,194742,-0.0021292369091931995,-0.0021315069569863717
2025-01-24,2761.800048828125,2794.800048828125,2761.0,2778.89990234375,199562,0.005027089455244216,0.0050144958296032055
2025-01-27,2778.10009765625,2778.10009765625,2732.0,2738.39990234375,215514,-0.014574112570892472,-0.014681358231854872
2025-01-28,2742.39990234375,2774.0,2737.39990234375,2767.5,171359,0.010626679336112943,0.010570613028608572
2025-01-29,2771.60009765625,2778.10009765625,2761.0,2769.800048828125,125692,0.0008310926208221492,0.0008307474545801286
2025-01-30,2772.5,2829.5,2770.0,2823.0,40141,0.019207145004702886,0.019025016216117338
2025-01-31,2829.0,2838.0,2804.0,2812.5,165676,-0.0037194473963868546,-0.0037263817408137866
2025-02-03,2846.5,2872.0,2802.199951171875,2857.10009765625,181344,0.015857812499999957,0.01573339103583762
2025-02-04,2850.39990234375,2877.10009765625,2837.39990234375,2875.800048828125,145862,0.0065450808626603685,0.006523754824098287
2025-02-05,2873.699951171875,2906.0,2870.10009765625,2893.0,167383,0.005980927352332355,0.0059631126035235215
2025-02-06,2885.0,2894.199951171875,2855.0,2876.699951171875,167701,-0.005634306542732448,-0.0056502391220490935
2025-02-07,2880.199951171875,2910.60009765625,2876.10009765625,2887.60009765625,192551,0.003789114843185004,0.003781954230094454
2025-02-10,2884.800048828125,2938.10009765625,2879.89990234375,2934.39990234375,167232,0.016207162731946667,0.016077228698163002
2025-02-11,2937.0,2968.5,2907.0,2932.60009765625,218478,-0.0006133467650617508,-0.0006135349391367641
2025-02-12,2927.0,2936.5,2886.5,2928.699951171875,204625,-0.0013299278300822337,-0.0013308129689664412
2025-02-13,2928.800048828125,2958.800048828125,2925.800048828125,2945.39990234375,169496,0.005702172107181047,0.005685976262307212
2025-02-14,2957.300048828125,2964.10009765625,2889.89990234375,2900.699951171875,228078,-0.015176190892213226,-0.015292527812157442
2025-02-18,2895.10009765625,2956.5,2887.60009765625,2949.0,218757,0.016651170283438654,0.016514059490886156
2025-02-19,2954.10009765625,2964.39990234375,2933.699951171875,2936.10009765625,159341,-0.004374331076212323,-0.0043839264548606515
2025-02-20,2949.5,2973.39990234375,2939.300048828125,2956.10009765625,172197,0.006811756866179408,0.0067886616702978655
2025-02-21,2955.699951171875,2964.699951171875,2930.10009765625,2953.199951171875,163686,-0.0009810718137299723,-0.0009815533796747671
2025-02-24,2950.39990234375,2974.0,2936.800048828125,2963.199951171875,162775,0.0033861574445821496,0.0033804373226475437
2025-02-25,2968.5,2970.39990234375,2897.0,2918.800048828125,234850,-0.01498376858645356,-0.01509715935338575
2025-02-26,2929.0,2942.0,2903.300048828125,2930.60009765625,163371,0.0040427739587241,0.00403462390657814
2025-02-27,2931.39990234375,2935.800048828125,2879.0,2895.89990234375,207650,-0.01184064497242443,-0.011911303726445225
2025-02-28,2889.0,2896.10009765625,2844.10009765625,2848.5,210560,-0.01636793533691816,-0.016503369879983094
2025-03-03,2872.0,2906.39990234375,2866.300048828125,2901.10009765625,177018,0.018465893507547904,0.01829746914076016
2025-03-04,2904.199951171875,2939.800048828125,2892.5,2920.60009765625,188515,0.006721588136773926,0.006699098982210747
2025-03-05,2929.0,2941.300048828125,2903.39990234375,2926.0,183016,0.0018489016514391388,0.0018471945366484777
2025-03-06,2929.5,2935.89990234375,2897.60009765625,2926.60009765625,166364,0.00020509147513680936,0.0002050704467553345
2025-03-07,2919.199951171875,2938.800048828125,2905.300048828125,2914.10009765625,237577,-0.0042711677656303015,-0.004280315258949213
2025-03-10,2919.60009765625,2926.39990234375,2885.199951171875,2899.39990234375,221609,-0.005044505960630219,-0.005057272432616646
2025-03-11,2893.199951171875,2929.0,2882.5,2920.89990234375,194119,0.007415327558857987,0.007387969181760722
2025-03-12,2922.300048828125,2948.89990234375,2911.0,2946.800048828125,209823,0.008867180441066269,0.008828097861519467
2025-03-13,2943.300048828125,3001.5,2942.199951171875,2991.300048828125,256564,0.015101126395629327,0.01498823944769705
2025-03-14,3001.39990234375,3017.10009765625,2988.60009765625,3001.10009765625,181492,0.003276183822470191,0.0032708288250339187
2025-03-17,2994.800048828125,3010.89990234375,2991.39990234375,3006.10009765625,142155,0.0016660557253338482,0.001664669394083707
2025-03-18,3009.39990234375,3047.5,3008.199951171875,3040.800048828125,177098,0.011543178884471983,0.011477064687342478
2025-03-19,3041.39990234375,3061.60009765625,3031.300048828125,3041.199951171875,145404,0.00013151221301255234,0.00013150356603958
2025-03-20,3058.0,3065.199951171875,3032.800048828125,3043.800048828125,141231,0.0008549578120464751,0.0008545925437940899
2025-03-21,3052.60009765625,3055.0,3004.10009765625,3021.39990234375,190470,-0.007359270032536891,-0.007386483054429262
2025-03-24,3027.60009765625,3038.39990234375,3007.699951171875,3015.60009765625,202822,-0.0019195753210294875,-0.0019214200668664523
2025-03-25,3017.5,3042.39990234375,3010.800048828125,3025.89990234375,172592,0.0034155074790935824,0.0034096878809129934
2025-03-26,3025.800048828125,3036.10009765625,3017.800048828125,3022.5,172002,-0.0011236004010299894,-0.0011242321131996183
2025-03-27,3025.60009765625,3071.300048828125,3022.300048828125,3061.0,124359,0.012737799834574126,0.012657356456464864
2025-03-28,3069.699951171875,3094.89990234375,3066.800048828125,3086.5,31206,0.008330610911466918,0.008296102888538149
2025-03-31,3091.0,3132.5,3086.0,3122.800048828125,228393,0.011760910036651584,0.01169228804819296
2025-04-01,3157.300048828125,3177.0,3130.5,3146.0,197314,0.007429214425874298,0.007401753736079589
2025-04-02,3147.5,3201.60009765625,3135.699951171875,3166.199951171875,223124,0.00642083635469648,0.006400310599773401
2025-04-03,3196.60009765625,3196.60009765625,3073.5,3121.699951171875,382860,-0.014054703015054293,-0.014154405649851239
2025-04-04,3138.0,3160.199951171875,3032.699951171875,3035.39990234375,341150,-0.027645209398080794,-0.028034530214648867
2025-04-07,3055.10009765625,3084.39990234375,2970.39990234375,2973.60009765625,328515,-0.020359691202395447,-0.020569806529369742
2025-04-08,2997.5,3037.89990234375,2988.60009765625,2990.199951171875,197577,0.005582409527329801,0.005566885626316294
2025-04-09,2998.300048828125,3118.5,2983.300048828125,3079.39990234375,298325,0.029830764707529767,0.029394482632622496
2025-04-10,3099.10009765625,3195.0,3086.10009765625,3177.5,234973,0.03185688795456065,0.03135998298054365
2025-04-11,3194.199951171875,3263.0,3193.39990234375,3244.60009765625,247317,0.021117261260818143,0.020897382010774932
2025-04-14,3246.0,3261.60009765625,3208.699951171875,3226.300048828125,189619,-0.005640155420492121,-0.005656121158205238
2025-04-15,3226.10009765625,3250.89990234375,3225.5,3240.39990234375,123474,0.004370285869953916,0.004360763903059541
2025-04-16,3248.39990234375,3358.39990234375,3245.199951171875,3346.39990234375,258376,0.03271201184870143,0.03218836312627002
2025-04-17,3357.5,3371.89990234375,3296.39990234375,3328.39990234375,242065,-0.005378914811524194,-0.005393433259532784
2025-04-21,3347.0,3442.300048828125,3344.0,3425.300048828125,243457,0.02911313223394263,0.028697394670475305
2025-04-22,3435.10009765625,3509.89990234375,3379.10009765625,3419.39990234375,423078,-0.0017225196042004454,-0.0017240048469120467
2025-04-23,3367.699951171875,3396.0,3270.800048828125,3294.10009765625,377411,-0.036643799574778035,-0.037332049359869744
2025-04-24,3301.800048828125,3377.0,3301.300048828125,3348.60009765625,239603,0.016544730999151103,0.016409358036080308
2025-04-25,3362.0,3384.10009765625,3274.800048828125,3298.39990234375,241249,-0.014991397553752672,-0.015104904400217676
2025-04-28,3336.5,3363.800048828125,3278.0,3347.699951171875,217995,0.014946656041644246,0.014836055488659641
2025-04-29,3354.89990234375,3359.300048828125,3309.199951171875,3333.60009765625,170152,-0.004211803244400514,-0.004220697871416776
2025-04-30,3324.5,3337.60009765625,3275.60009765625,3319.10009765625,207722,-0.004349651900416807,-0.004359139157081943
2025-05-01,3299.0,3300.60009765625,3209.39990234375,3222.199951171875,214691,-0.029194704478120448,-0.029629350342467217
2025-05-02,3247.60009765625,3277.0,3229.5,3243.300048828125,210994,0.006548351429456201,0.006527004118684789
2025-05-05,3247.10009765625,3346.699951171875,3243.10009765625,3322.300048828125,184904,0.024357906703249554,0.024065983814928443
2025-05-06,3345.699951171875,3444.5,3332.10009765625,3422.800048828125,268098,0.03025012747883782,0.029801614972611017
2025-05-07,3448.10009765625,3448.199951171875,3367.0,3391.89990234375,304244,-0.009027739290512815,-0.009068736255325886
2025-05-08,3373.10009765625,3422.0,3293.300048828125,3306.0,327126,-0.02532501100176765,-0.025651208173154392
2025-05-09,3310.199951171875,3352.699951171875,3278.89990234375,3344.0,232464,0.011494252873563315,0.01142869582362285
2025-05-12,3281.0,3295.5,3211.199951171875,3228.0,308534,-0.03468899521531099,-0.03530494481475281
2025-05-13,3240.699951171875,3270.39990234375,3220.10009765625,3247.800048828125,214423,0.006133844122715226,0.006115108675363073
2025-05-14,3254.10009765625,3261.300048828125,3170.699951171875,3188.300048828125,233929,-0.018320093326394504,-0.018489984381890222
2025-05-15,3180.800048828125,3244.300048828125,3123.300048828125,3226.60009765625,253064,0.012012686460360689,0.011941106814722855
2025-05-16,3243.5,3255.800048828125,3156.39990234375,3187.199951171875,245486,-0.012211041124369437,-0.012286208427825511
2025-05-19,3220.0,3252.89990234375,3209.10009765625,3233.5,185135,0.014526872972340898,0.01442236881643782
2025-05-20,3233.0,3298.5,3207.39990234375,3284.60009765625,224088,0.015803339309184983,0.015679766748362793
2025-05-21,3293.0,3327.199951171875,3287.0,3313.5,229503,0.008798606066038772,0.008760123893271125
2025-05-22,3318.0,3346.800048828125,3277.800048828125,3295.0,234658,-0.005583220159951718,-0.005598864591673968
2025-05-23,3295.10009765625,3366.5,3285.5,3365.800048828125,247200,0.02148711648805013,0.021259522849503266
2025-05-27,3355.60009765625,3356.0,3283.0,3300.39990234375,297309,-0.0194307877876303,-0.019622047145139567
2025-05-28,3300.89990234375,3324.5,3273.5,3294.89990234375,127758,-0.0016664647202583316,-0.0016678548171698982
2025-05-29,3283.699951171875,3328.800048828125,3242.39990234375,3317.10009765625,24370,0.00673774499088986,0.006715147832913069
2025-05-30,3315.10009765625,3318.0,3270.89990234375,3288.89990234375,184770,-0.008501460457109866,-0.008537804000789136
2025-06-02,3323.0,3408.10009765625,3319.39990234375,3397.199951171875,180995,0.032928958631713856,0.0323984158768791
2025-06-03,3406.5,3417.800048828125,3357.199951171875,3377.10009765625,168220,-0.00591659419655044,-0.005934166586744392
2025-06-04,3377.800048828125,3409.699951171875,3366.89990234375,3399.199951171875,167220,0.006544032713440284,0.006522713489948679
2025-06-05,3398.0,3427.699951171875,3362.300048828125,3375.10009765625,224859,-0.007089860514771007,-0.0071151130043700965
2025-06-06,3377.39990234375,3398.300048828125,3328.800048828125,3346.60009765625,185366,-0.008444194001769323,-0.008480048190430004
2025-06-09,3333.39990234375,3359.0,3313.10009765625,3354.89990234375,142005,0.0024800706523950833,0.0024770003525006606
2025-06-10,3346.300048828125,3370.39990234375,3321.300048828125,3343.39990234375,158897,-0.003427822091492505,-0.003433710533844027
2025-06-11,3344.300048828125,3382.300048828125,3335.39990234375,3343.699951171875,201534,8.974362531821711e-05,8.973959859998755e-05
2025-06-12,3377.5,3419.800048828125,3358.5,3402.39990234375,230166,0.017555388350950052,0.017403072578792086
2025-06-13,3406.699951171875,3468.0,3399.60009765625,3452.800048828125,270627,0.014813116603270782,0.014704473968160667
2025-06-16,3473.0,3476.300048828125,3400.89990234375,3417.300048828125,192505,-0.010281510512619607,-0.010334730342931992
2025-06-17,3404.199951171875,3422.699951171875,3384.39990234375,3406.89990234375,209083,-0.0030433811300654146,-0.003048021632019277
2025-06-18,3409.0,3419.0,3380.10009765625,3408.10009765625,0,0.00035228370275119936,0.0003522216654169875
2025-06-20,3387.10009765625,3405.199951171875,3356.199951171875,3385.699951171875,280833,-0.006572619888652764,-0.006594314668028684
2025-06-23,3400.699951171875,3413.800048828125,3361.39990234375,3395.0,193872,0.002746861494594688,0.0027430957649417546
2025-06-24,3383.800048828125,3385.0,3308.300048828125,3333.89990234375,227429,-0.01799708325662741,-0.018161000424981824
2025-06-25,3338.10009765625,3351.300048828125,3325.5,3343.10009765625,130010,0.0027595895443748297,0.002755788867747501
2025-06-26,3347.5,3363.89990234375,3322.5,3348.0,155584,0.0014656762288347558,0.0014646031738037408
2025-06-27,3341.300048828125,3341.39990234375,3266.5,3287.60009765625,218869,-0.018040592097894215,-0.018205307630601745
2025-06-30,3284.300048828125,3321.60009765625,3250.5,3307.699951171875,144201,0.006113837729216032,0.0060952240521327545
2025-07-01,3315.699951171875,3370.5,3313.699951171875,3349.800048828125,168854,0.01272790708883198,0.012647588089902637
2025-07-02,3350.0,3371.0,3337.199951171875,3359.699951171875,132187,0.002955371126468709,0.002951012602480181
2025-07-03,3369.0,3376.89990234375,3321.39990234375,3342.89990234375,0,-0.005000461074586515,-0.005013005215195885
2025-07-04,3335.0,3355.0,3332.800048828125,3346.5,0,0.0010769385148881039,0.0010763590326128834
2025-07-07,3344.5,3352.89990234375,3304.39990234375,3342.800048828125,235762,-0.0011056181598311232,-0.0011062298064621076
2025-07-08,3348.89990234375,3355.60009765625,3295.39990234375,3316.89990234375,218029,-0.007748039399920081,-0.007778211407505572
2025-07-09,3310.60009765625,3325.60009765625,3290.199951171875,3321.0,167968,0.0012361234215578776,0.0012353600500174169
2025-07-10,3322.199951171875,3339.39990234375,3319.199951171875,3325.699951171875,168190,0.0014152216717480126,0.0014142211893828976
2025-07-11,3333.10009765625,3381.60009765625,3332.300048828125,3364.0,216883,0.011516387344152612,0.011450578526709174
2025-07-14,3376.5,3389.300048828125,3348.5,3359.10009765625,195336,-0.0014565702567628236,-0.0014576320864308596
2025-07-15,3352.0,3375.39990234375,3327.300048828125,3336.699951171875,179884,-0.006668496273750324,-0.006690830038818713
2025-07-16,3330.5,3385.800048828125,3326.10009765625,3359.10009765625,235160,0.006713263647367462,0.006690830038818678
2025-07-17,3354.699951171875,3358.199951171875,3314.300048828125,3345.300048828125,161740,-0.0041082576960875805,-0.00411671977094435
2025-07-18,3347.5,3368.0,3337.199951171875,3358.300048828125,115413,0.003886049027068239,0.003878517843275477
2025-07-21,3355.60009765625,3416.89990234375,3351.0,3406.39990234375,191195,0.014322678979327375,0.014221078392013241
2025-07-22,3410.699951171875,3447.5,3394.89990234375,3443.699951171875,227372,0.01094999116294626,0.010890474089836623
2025-07-23,3444.300048828125,3451.699951171875,3390.60009765625,3397.60009765625,263025,-0.013386721889036113,-0.01347713181881251
2025-07-24,3398.60009765625,3401.10009765625,3355.199951171875,3373.5,215271,-0.00709327082750999,-0.0071185476742964245
2025-07-25,3372.10009765625,3376.60009765625,3325.5,3335.60009765625,196380,-0.01123459384726544,-0.011298178577683532
2025-07-28,3321.10009765625,3345.39990234375,3300.0,3310.0,180215,-0.0076748102010902874,-0.00770441311868792
2025-07-29,3313.39990234375,3332.300048828125,3305.800048828125,3324.0,113144,0.004229607250755274,0.004220687604230213
2025-07-30,3325.800048828125,3331.800048828125,3263.89990234375,3295.800048828125,19252,-0.008483739823067049,-0.008519931583451865
2025-07-31,3272.89990234375,3312.0,3272.89990234375,3293.199951171875,158029,-0.0007889124393861691,-0.0007892237945701002
2025-08-01,3342.699951171875,3416.89990234375,3331.39990234375,3399.800048828125,229954,0.03236976170193273,0.0318568991094105
2025-08-04,3416.60009765625,3439.5,3397.89990234375,3426.39990234375,138229,0.007823946447907737,0.007793498093309997
2025-08-05,3428.89990234375,3444.89990234375,3403.300048828125,3434.699951171875,154163,0.0024223818190187707,0.002419452581713986
2025-08-06,3434.89990234375,3440.5,3411.699951171875,3433.39990234375,151580,-0.000378504337091079,-0.0003785759879383521
2025-08-07,3431.800048828125,3483.800048828125,3430.0,3453.699951171875,249091,0.005912520942948474,0.005895110583368623
2025-08-08,3487.89990234375,3534.10009765625,3445.0,3491.300048828125,321346,0.010886903375463053,0.010828067683390978
2025-08-11,3458.10009765625,3466.300048828125,3393.0,3404.699951171875,224513,-0.02480454170225721,-0.025117358026758067
2025-08-12,3393.60009765625,3410.800048828125,3379.10009765625,3399.0,193820,-0.001674141995952727,-0.0016755449376984748
2025-08-13,3399.60009765625,3422.60009765625,3392.699951171875,3408.300048828125,135846,0.0027361132180421244,0.002732376874092824
2025-08-14,3407.199951171875,3423.800048828125,3375.5,3383.199951171875,165697,-0.007364403748689963,-0.007391654844456962
2025-08-15,3383.199951171875,3394.800048828125,3377.699951171875,3382.60009765625,118486,-0.0001773035954960589,-0.00017731931563673257
2025-08-18,3382.39990234375,3403.60009765625,3368.0,3378.0,119141,-0.0013599294990375155,-0.0013608550423696423
2025-08-19,3378.300048828125,3389.699951171875,3358.10009765625,3358.699951171875,133497,-0.005713454360013359,-0.005729838577164113
2025-08-20,3359.0,3394.300048828125,3353.39990234375,3388.5,135521,0.008872495090765042,0.008833365785586416
2025-08-21,3392.199951171875,3394.39990234375,3367.39990234375,3381.60009765625,123500,-0.0020362704275490584,-0.0020383464448766497
2025-08-22,3383.300048828125,3423.39990234375,3362.800048828125,3418.5,186037,0.010911965128379553,0.01085285922255761
2025-08-25,3417.60009765625,3421.5,3405.5,3417.5,97780,-0.00029252596167905764,-0.00029256875574397255
2025-08-26,3410.800048828125,3443.300048828125,3396.10009765625,3433.0,176297,0.004535479151426491,0.00452522485958744
2025-08-27,3443.0,3452.5,3422.199951171875,3448.60009765625,153806,0.004544158944436383,0.004533865425989448
2025-08-28,3452.60009765625,3478.699951171875,3442.5,3474.300048828125,156602,0.0074522851139919855,0.007424654028850121
2025-08-29,3477.199951171875,3518.5,3463.0,3516.10009765625,0,0.012031214414605307,0.011959414672805504
2025-09-02,3517.89990234375,3602.39990234375,3506.0,3592.199951171875,374141,0.02164325571002701,0.021412365981205005
2025-09-03,3600.0,3640.10009765625,3592.39990234375,3635.5,220786,0.012053908305966976,0.011981838523569367
2025-09-04,3619.800048828125,3621.60009765625,3573.699951171875,3606.699951171875,232579,-0.007921894877767843,-0.007953439794451702
2025-09-05,3602.0,3655.5,3595.39990234375,3653.300048828125,237651,0.01292042539915439,0.012837668774505576
2025-09-08,3635.0,3685.699951171875,3621.699951171875,3677.39990234375,227640,0.006596735333402437,0.006575072093788713
2025-09-09,3676.60009765625,3715.199951171875,3663.699951171875,3682.199951171875,262656,0.0013052833402931174,0.001304432198567463
2025-09-10,3662.0,3697.5,3651.39990234375,3682.0,182028,-5.4302095086167235e-05,-5.430356949830863e-05
2025-09-11,3680.60009765625,3687.5,3651.0,3673.60009765625,214612,-0.0022813422986828202,-0.002283948524574761
2025-09-12,3672.800048828125,3695.5,3667.300048828125,3686.39990234375,154559,0.0034842672983557144,0.003478211302115392
2025-09-15,3680.199951171875,3724.89990234375,3662.800048828125,3719.0,189452,0.008843342697444134,0.008804469354506315
2025-09-16,3720.300048828125,3739.89990234375,3711.800048828125,3725.10009765625,192295,0.0016402521259075709,0.0016389083815749595
2025-09-17,3727.300048828125,3744.0,3679.5,3717.800048828125,256047,-0.001959691991288537,-0.0019616146999941143
2025-09-18,3692.5,3707.300048828125,3660.5,3678.300048828125,224128,-0.010624562774012136,-0.010681406425555337
2025-09-19,3677.699951171875,3719.60009765625,3664.39990234375,3705.800048828125,186954,0.0074762797039249484,0.007448470843354675
2025-09-22,3721.300048828125,3783.300048828125,3718.10009765625,3775.10009765625,219170,0.01870042849452691,0.01852772524256409
2025-09-23,3781.199951171875,3824.60009765625,3772.39990234375,3815.699951171875,291564,0.010754642914192258,0.010697223061897887
2025-09-24,3796.89990234375,3812.60009765625,3749.699951171875,3768.10009765625,236560,-0.012474737040318429,-0.012553199790111593
2025-09-25,3768.300048828125,3792.300048828125,3751.89990234375,3771.10009765625,262183,0.0007961571938777112,0.0007958404288577125
2025-09-26,3781.5,3814.39990234375,3764.0,3809.0,214083,0.010050091846489195,0.009999925510945777
2025-09-29,3788.800048828125,3863.699951171875,3785.5,3855.199951171875,258145,0.012129154941421527,0.012056186181995571
2025-09-30,3863.10009765625,3899.199951171875,3820.60009765625,3873.199951171875,312257,0.0046690185276974105,0.004658152470113703
2025-10-01,3887.699951171875,3922.699951171875,3880.300048828125,3897.5,290470,0.0062738947470999396,0.006254295801218062
2025-10-02,3892.699951171875,3923.300048828125,3842.800048828125,3868.10009765625,284217,-0.007543271929121187,-0.007571866292281061
2025-10-03,3880.39990234375,3916.800048828125,3861.10009765625,3908.89990234375,218284,0.010547763412901645,0.010492523852748951
2025-10-06,3913.5,3994.5,3909.199951171875,3976.300048828125,278143,0.017242740455943206,0.01709577143373889
2025-10-07,3983.0,4014.60009765625,3963.39990234375,4004.39990234375,297512,0.0070668342857844735,0.007041981231953469
2025-10-08,4007.10009765625,4081.0,4005.60009765625,4070.5,348778,0.016506867263072822,0.016372109855940637
2025-10-09,4061.800048828125,4077.89990234375,3957.89990234375,3972.60009765625,461023,-0.024051075382324094,-0.024345025272725074
2025-10-10,3990.10009765625,4038.60009765625,3961.199951171875,4000.39990234375,357542,0.006997886523715691,0.006973514949432017
2025-10-13,4018.300048828125,4137.2001953125,4011.300048828125,4133.0,357542,0.033146710552253156,0.032609203820993034
2025-10-14,4130.89990234375,4190.89990234375,4105.0,4163.39990234375,405991,0.0073554082612508065,0.007328489165936037
2025-10-15,4160.10009765625,4235.7998046875,4157.2998046875,4201.60009765625,309914,0.009175240478579871,0.009133403673442007
2025-10-16,4225.10009765625,4346.7001953125,4214.5,4304.60009765625,375196,0.024514470108056186,0.024218812665454535
2025-10-17,4348.10009765625,4392.0,4196.0,4213.2998046875,569847,-0.021209936091034498,-0.02143809876370929
2025-10-20,4269.0,4398.0,4229.7001953125,4359.39990234375,338235,0.034675932031636325,0.034088268540251064
2025-10-21,4371.0,4393.60009765625,4093.0,4109.10009765625,535325,-0.0574161146704919,-0.05913036061837281
2025-10-22,4137.0,4175.0,4021.199951171875,4065.39990234375,468711,-0.01063497950254988,-0.010691935071186633
2025-10-23,4114.7998046875,4171.5,4079.60009765625,4145.60009765625,271973,0.0197275046093901,0.019535439260900275
2025-10-24,4144.0,4159.0,4055.699951171875,4137.7998046875,297599,-0.001881583554853683,-0.0018833559568211852
2025-10-27,4103.2001953125,4123.7998046875,3985.89990234375,4019.699951171875,330749,-0.028541703100724125,-0.02895693759216049
2025-10-28,3999.89990234375,4034.199951171875,3901.300048828125,3983.10009765625,338428,-0.009105120770259267,-0.009146825727850414
2025-10-29,3967.199951171875,4046.199951171875,3930.0,4000.699951171875,288266,0.004418631991192301,0.004408898498803126
2025-10-30,3942.800048828125,4041.5,3925.10009765625,4015.89990234375,246321,0.0037993229578294763,0.003792123759319021
2025-10-31,4038.199951171875,4059.89990234375,3982.300048828125,3996.5,237172,-0.004830773379692066,-0.004842479279663863
2025-11-03,4001.0,4043.10009765625,3971.300048828125,4014.0,0,0.0043788314775428105,0.0043692722902096805
2025-11-04,4013.699951171875,4018.0,3937.10009765625,3960.5,250259,-0.013328350772296993,-0.013417970451949117
2025-11-05,3939.5,4000.699951171875,3935.699951171875,3992.89990234375,175161,0.00818076059683115,0.008147479561113499
2025-11-06,3992.39990234375,4028.699951171875,3973.199951171875,3991.0,188688,-0.0004758201783707783,-0.00047593341671400114
2025-11-07,3986.89990234375,4035.800048828125,3981.60009765625,4009.800048828125,208649,0.004710611081965688,0.004699550873542623
2025-11-10,4007.199951171875,4124.0,4004.199951171875,4122.0,253812,0.027981432940693773,0.027597105528127795
2025-11-11,4124.0,4155.0,4102.7998046875,4116.2998046875,252249,-0.001382871254852036,-0.0013838283037244535
2025-11-12,4132.2001953125,4218.5,4104.39990234375,4213.60009765625,296796,0.023637805209899332,0.023362758198939928
2025-11-13,4202.39990234375,4250.0,4148.5,4194.5,319216,-0.004532964024486885,-0.004543269059270653
2025-11-14,4174.89990234375,4215.10009765625,4032.60009765625,4094.199951171875,342176,-0.02391227770368931,-0.02420281720599833
2025-11-17,4084.39990234375,4107.60009765625,4006.800048828125,4074.5,235352,-0.004811672953646595,-0.004823286320076406
2025-11-18,4045.60009765625,4083.699951171875,3997.39990234375,4066.5,233302,-0.0019634310958399626,-0.0019653611534445575
2025-11-19,4067.800048828125,4134.2998046875,4055.60009765625,4082.800048828125,233696,0.0040083730058095846,0.00400036088198349
2025-11-20,4079.89990234375,4109.60009765625,4034.0,4060.0,272355,-0.005584414753465383,-0.005600065893035144
2025-11-21,4074.89990234375,4101.0,4018.10009765625,4079.5,257813,0.004802955665024644,0.004791458273076578
2025-11-24,4069.199951171875,4138.2001953125,4036.39990234375,4094.199951171875,223055,0.0036033707983516017,0.0035968942114961056
2025-11-25,4133.5,4156.2998046875,4106.7001953125,4140.0,132704,0.011186568651835316,0.011124461739009155
2025-11-26,4128.60009765625,4171.0,4127.5,4165.2001953125,25088,0.006087003698671545,0.006068552727885582
2025-11-28,4198.60009765625,4263.10009765625,4174.60009765625,4254.89990234375,154806,0.02153550917725333,0.021306896469946157
2025-12-01,4258.5,4299.60009765625,4241.10009765625,4274.7998046875,227572,0.004676937836490147,0.004666034944276695
2025-12-02,4265.2998046875,4269.2001953125,4194.0,4220.7998046875,215921,-0.012632170503233064,-0.012712634712284829
2025-12-03,4241.60009765625,4273.2998046875,4225.10009765625,4232.5,176443,0.002772032755381071,0.002768197758106589
2025-12-04,4234.5,4251.10009765625,4203.2998046875,4243.0,161251,0.0024808033077377,0.0024777311950344304
2025-12-05,4239.5,4290.5,4221.39990234375,4243.0,193599,0.0,0.0
2025-12-08,4228.10009765625,4247.89990234375,4204.0,4217.7001953125,149813,-0.0059627161648597715,-0.0059805641405327285
2025-12-09,4219.60009765625,4251.7001953125,4197.7998046875,4236.2001953125,177366,0.004386276677645462,0.0043766850036946565
2025-12-10,4237.5,4268.7998046875,4207.7998046875,4224.7001953125,186178,-0.002714697009061351,-0.0027183884813195454
2025-12-11,4258.2998046875,4317.2998046875,4231.2001953125,4313.0,228282,0.020900845173693616,0.02068541906367583
2025-12-12,4309.10009765625,4387.7998046875,4286.0,4328.2998046875,292175,0.003547369507883147,0.003541092433026351
2025-12-15,4330.0,4384.2998046875,4315.89990234375,4335.2001953125,207700,0.0015942496907277448,0.0015929802237420196
2025-12-16,4334.2998046875,4367.89990234375,4297.39990234375,4332.2998046875,212277,-0.0006690326846119365,-0.0006692565868493225
2025-12-17,4333.5,4383.60009765625,4330.7001953125,4373.89990234375,212413,0.009602312751125552,0.009556503562019045
2025-12-18,4371.5,4409.5,4338.0,4364.5,234460,-0.0021490894976158303,-0.0021514021043768814
2025-12-19,4363.60009765625,4389.0,4336.2998046875,4387.2998046875,165214,0.0052239213397868856,0.005210323996448743
2025-12-22,4369.89990234375,4484.5,4367.89990234375,4469.39990234375,203043,0.01871312682313886,0.018540190388463378
2025-12-23,4481.7998046875,4530.7998046875,4457.7001953125,4505.7001953125,248418,0.008121961283821255,0.00808915566719769
2025-12-24,4516.7001953125,4555.10009765625,4474.2998046875,4502.7998046875,151576,-0.0006437158486526373,-0.0006439231226546872
2025-12-26,4523.5,4584.0,4518.0,4552.7001953125,181246,0.011082080658583404,0.011021124337837926
2025-12-29,4568.0,4581.2998046875,4316.0,4343.60009765625,316961,-0.045928808989342484,-0.04701698661716152
2025-12-30,4350.2998046875,4420.5,4338.7998046875,4386.2998046875,189751,0.009830487630362317,0.009782482738117076
2025-12-31,4353.0,4384.89990234375,4284.2998046875,4341.10009765625,161782,-0.010304746379384833,-0.01035820786686775
2026-01-02,4340.0,4414.7998046875,4319.7001953125,4329.60009765625,154807,-0.002649098095252156,-0.002652613164826404
2026-01-05,4368.2998046875,4467.60009765625,4354.60009765625,4451.5,211711,0.028155002677900498,0.027765936481767103
2026-01-06,4459.7998046875,4508.2998046875,4437.89990234375,4496.10009765625,176584,0.01001911662501409,0.009969258025547125
2026-01-07,4505.39990234375,4512.39990234375,4432.89990234375,4462.5,202783,-0.0074731649488331,-0.0075012289513783775
2026-01-08,4467.10009765625,4489.2998046875,4415.0,4460.7001953125,208958,-0.00040331757703082616,-0.00040339893143997464
2026-01-09,4489.2998046875,4527.0,4461.7998046875,4500.89990234375,217946,0.009011972396955503,0.008971606907573183
2026-01-12,4529.10009765625,4640.5,4520.7998046875,4614.7001953125,307991,0.025283897762198748,0.024969547666848495
2026-01-13,4610.0,4644.0,4576.7001953125,4599.10009765625,267451,-0.00338052245996312,-0.0033862493362126138
2026-01-14,4594.2998046875,4650.5,4594.2998046875,4635.7001953125,306299,0.007958099819332487,0.007926601145667499
2026-01-15,4635.7001953125,4637.2001953125,4584.0,4623.7001953125,226481,-0.002588605710984959,-0.002591961943975512
2026-01-16,4621.60009765625,4625.5,4539.10009765625,4595.39990234375,246155,-0.006120702418690671,-0.006139510703623363
2026-01-20,4633.7001953125,4771.5,4622.2001953125,4765.7998046875,414495,0.037080538356812465,0.03640959099230665
2026-01-21,4767.5,4891.10009765625,4757.10009765625,4837.5,400518,0.015044735039432044,0.014932685452998438
2026-01-22,4836.2001953125,4944.2998046875,4772.7001953125,4913.39990234375,265088,0.01568990229328171,0.015568088290666629
2026-01-23,4940.0,4991.39990234375,4901.2001953125,4979.7001953125,276594,0.013493770970509411,0.0134035408333191
2026-01-26,5013.39990234375,5107.89990234375,4983.60009765625,5082.5,433111,0.02064377385294547,0.02043357904047868
2026-01-27,5005.5,5190.7998046875,5004.5,5082.60009765625,325759,1.9694570831285674e-05,1.9694376895771874e-05
2026-01-28,5179.0,5415.2001953125,5154.7998046875,5303.60009765625,112054,0.04348168176794198,0.04256289277436651
2026-01-29,5415.7001953125,5586.2001953125,5097.5,5318.39990234375,570055,0.0027905204794833605,0.0027866342053497763
2026-01-30,5410.0,5480.2001953125,4700.39990234375,4745.10009765625,508003,-0.10779554287274529,-0.11405996064112038
2026-02-02,4816.0,4905.60009765625,4423.2001953125,4652.60009765625,385977,-0.019493793196415088,-0.019686303122442145
2026-02-03,4691.0,5018.10009765625,4690.2001953125,4935.0,260114,0.06069722228781482,0.058926448772030716
2026-02-04,4966.10009765625,5113.89990234375,4867.7001953125,4950.7998046875,245957,0.0032015814969605927,0.003196467347589788
2026-02-05,4986.60009765625,5045.0,4779.60009765625,4889.5,234592,-0.012381798316599357,-0.01245909146284185
2026-02-06,4800.0,4995.60009765625,4670.0,4979.7998046875,177809,0.018468106081910296,0.018299641596384978
2026-02-09,5003.60009765625,5111.10009765625,4988.60009765625,5079.39990234375,124150,0.020000823640037968,0.019803434786086996
2026-02-10,5084.2998046875,5102.7001953125,5011.0,5031.0,105658,-0.009528665447549711,-0.009574353643483177
2026-02-11,5048.0,5144.5,5036.2998046875,5098.5,129968,0.013416815742397059,0.013327607312961768
2026-02-12,5107.2998046875,5122.7998046875,4900.0,4948.39990234375,161618,-0.02944005053569676,-0.029882106550518355
2026-02-13,4950.0,5069.10009765625,4907.10009765625,5046.2998046875,123016,0.019784153317394804,0.019590990507983467
2026-02-17,5050.0,5074.39990234375,4854.2001953125,4905.89990234375,166706,-0.027822346625805405,-0.02821672026116965
2026-02-18,4898.5,5031.89990234375,4868.5,5009.5,98203,0.02111745035946533,0.020897567198741928
2026-02-19,4993.7001953125,5042.7998046875,4971.5,4997.39990234375,87026,-0.0024154302138437167,-0.0024183520713796174
2026-02-20,5015.0,5131.0,4999.2998046875,5080.89990234375,136737,0.016708688844540687,0.016570634386725833
2026-02-23,5128.7998046875,5257.2998046875,5120.39990234375,5225.60009765625,140957,0.02847924542771474,0.02808125044952713
2026-02-24,5247.5,5269.39990234375,5109.5,5176.2998046875,145961,-0.00943437921911816,-0.009479164880599267
2026-02-25,5160.0,5237.2998046875,5135.89990234375,5226.2001953125,110992,0.009640166239948345,0.009593996324003868
2026-02-26,5175.2998046875,5221.89990234375,5144.7998046875,5194.2001953125,131633,-0.006122995446806945,-0.006141817855776584
2026-02-27,5201.89990234375,5299.0,5182.89990234375,5247.89990234375,151664,0.01033839763814104,0.010285321903876413
2026-03-02,5360.0,5434.10009765625,5272.89990234375,5311.60009765625,227839,0.012138226051920498,0.01206514854594433
2026-03-03,5335.7001953125,5394.2001953125,5005.0,5123.7001953125,273216,-0.03537538573859522,-0.03601625408895964
2026-03-04,5110.0,5218.2998046875,5092.7998046875,5134.7001953125,146885,0.0021468859575475285,0.0021445846910061257
2026-03-05,5155.7001953125,5204.2998046875,5058.89990234375,5078.7001953125,151852,-0.0109061868989202,-0.01096609533518948
2026-03-06,5099.7001953125,5185.0,5071.0,5158.7001953125,160268,0.0157520619299083,0.015629285841707433
2026-03-09,5186.7001953125,5210.39990234375,5021.2001953125,5103.7001953125,181749,-0.010661600387240178,-0.010718842473702186
2026-03-10,5152.39990234375,5248.7001953125,5127.10009765625,5242.10009765625,179577,0.027117561190381778,0.026756394882401557
2026-03-11,5194.0,5230.89990234375,5155.89990234375,5179.10009765625,140336,-0.012018084131618867,-0.012090885178727579
2026-03-12,5185.39990234375,5197.7998046875,5058.2001953125,5125.7998046875,153533,-0.010291419737739838,-0.010344742558357102
2026-03-13,5084.0,5132.39990234375,5014.10009765625,5061.7001953125,160333,-0.012505289285075327,-0.012584138459255777
2026-03-16,5010.0,5044.5,4970.10009765625,5002.2001953125,170909,-0.011754943537568896,-0.011824579132621192
2026-03-17,5012.2001953125,5049.39990234375,4977.0,5008.2001953125,119419,0.0011994721853840762,0.0011987533933456099
2026-03-18,5010.60009765625,5022.0,4809.2998046875,4896.2001953125,217316,-0.022363323276259672,-0.022617174161619544
2026-03-19,4828.0,4868.7001953125,4505.0,4605.7001953125,303828,-0.05933172427837352,-0.06116472469150908
2026-03-20,4653.89990234375,4738.2001953125,4478.39990234375,4574.89990234375,226870,-0.006687428982046439,-0.006709890029017639
2026-03-23,4450.0,4537.10009765625,4100.0,4407.2998046875,398666,-0.036634702667568186,-0.03732260647233202
2026-03-24,4414.7998046875,4485.60009765625,4306.2998046875,4402.0,209745,-0.0012025060518604525,-0.0012032296424023367
2026-03-25,4473.5,4601.0,4458.2001953125,4552.2998046875,245178,0.03414352673500676,0.033573573740637866
2026-03-26,4508.89990234375,4541.60009765625,4348.2001953125,4376.2998046875,247440,-0.03866177702504847,-0.0394289829459794
2026-03-27,4371.7998046875,4552.10009765625,4369.10009765625,4492.5,74348,0.02655215604471084,0.026205765776648658
2026-03-30,4482.7998046875,4579.10009765625,4413.39990234375,4526.0,10816,0.007456872565386741,0.007429207535768564
2026-03-31,4510.0,4684.10009765625,4508.60009765625,4647.60009765625,176389,0.026867012297006276,0.026512431127413087
2026-04-01,4698.39990234375,4821.0,4690.0,4813.10009765625,166758,0.035609776341011035,0.03499040911817492
2026-04-02,4783.0,4825.89990234375,4580.39990234375,4679.7001953125,0,-0.0277160041630361,-0.02810734041002322
2026-04-06,4675.0,4733.10009765625,4626.2001953125,4684.7001953125,89405,0.0010684445138191556,0.0010678741332234593
2026-04-07,4678.60009765625,4745.7001953125,4631.89990234375,4684.7001953125,145711,0.0,0.0
2026-04-08,4747.2001953125,4888.0,4720.60009765625,4777.2001953125,215119,0.019745126933107704,0.01955272051630473
2026-04-09,4744.7998046875,4826.0,4718.60009765625,4818.0,133629,0.008540526463080456,0.00850426249624097
2026-04-10,4790.5,4820.0,4752.7001953125,4787.39990234375,121566,-0.006351203332555011,-0.006371458031125033
2026-04-13,4710.0,4774.39990234375,4626.0,4767.39990234375,127322,-0.004177633038386586,-0.004186383727236395
2026-04-14,4769.2998046875,4870.2998046875,4767.60009765625,4850.10009765625,129586,0.017347022906939902,0.017198280994109087
2026-04-15,4862.7001953125,4895.39990234375,4807.89990234375,4823.60009765625,106707,-0.005463804759989532,-0.005478785935615379
2026-04-16,4813.60009765625,4861.2998046875,4792.10009765625,4808.2998046875,108864,-0.0031719654737100145,-0.0031770068196661392
2026-04-17,4811.7998046875,4917.7001953125,4785.89990234375,4879.60009765625,135440,0.014828587206488386,0.014719718632466553
2026-04-20,4811.7998046875,4847.89990234375,4752.0,4828.7998046875,123214,-0.010410749231919647,-0.010465320161640049
2026-04-21,4842.39990234375,4854.7998046875,4685.7998046875,4719.60009765625,177092,-0.02261425435886688,-0.02287387820870831
2026-04-22,4738.7001953125,4790.7998046875,4733.10009765625,4753.0,100063,0.007076850083195918,0.0070519266966085035
2026-04-23,4759.2001953125,4771.2998046875,4680.10009765625,4724.0,153536,-0.00610140963601935,-0.0061200992967565026
2026-04-24,4715.60009765625,4757.10009765625,4672.2001953125,4740.89990234375,103218,0.0035774560422840995,0.003571072167241396
2026-04-27,4713.10009765625,4745.7998046875,4681.2001953125,4693.7001953125,85748,-0.009955853952519855,-0.010005744880541992
2026-04-28,4697.5,4716.5,4567.60009765625,4608.39990234375,144757,-0.018173357781551047,-0.01834052163097715
2026-04-29,4611.39990234375,4624.2998046875,4522.2001953125,4561.5,126415,-0.010177046987588367,-0.010229187187446151
2026-04-30,4557.0,4658.7998046875,4550.7998046875,4629.60009765625,119642,0.014929320981311056,0.014818975567984847
2026-05-01,4636.89990234375,4673.0,4570.0,4644.5,93230,0.0032183994361183466,0.0032132314740617807
2026-05-04,4644.0,4650.60009765625,4510.10009765625,4533.2998046875,117006,-0.02394233939336854,-0.02423361582370876
2026-05-05,4534.0,4597.5,4522.7001953125,4568.5,88281,0.0077648063946933465,0.007734815434808399
2026-05-06,4569.2998046875,4734.60009765625,4556.10009765625,4694.2998046875,160439,0.027536347748166712,0.027164041699962806
2026-05-07,4702.2001953125,4775.2001953125,4693.2998046875,4710.89990234375,159525,0.0035362244311012425,0.0035299866905294515
2026-05-08,4682.5,4760.39990234375,4671.0,4730.7001953125,122010,0.00420308080816989,0.004194272536655741
2026-05-11,4690.0,4758.39990234375,4655.10009765625,4728.7001953125,147404,-0.0004227703970718366,-0.0004228597896720747
2026-05-12,4745.2998046875,4783.39990234375,4645.2001953125,4686.7001953125,146315,-0.008881933357000271,-0.008921612855586278
2026-05-13,4722.2998046875,4734.7998046875,4676.0,4706.7001953125,120048,0.004267394790902879,0.0042583152831499735
2026-05-14,4696.7998046875,4725.7998046875,4649.2998046875,4685.2998046875,102965,-0.004546792813851397,-0.004557160915975845
2026-05-15,4654.5,4670.10009765625,4513.7998046875,4561.89990234375,169760,-0.02633767474608395,-0.026690724101016
2026-05-18,4547.60009765625,4588.60009765625,4483.5,4558.0,151971,-0.0008548855580426951,-0.0008552511810934655
2026-05-19,4570.60009765625,4593.2001953125,4467.10009765625,4511.2001953125,140957,-0.010267618404453671,-0.010320694017636823
2026-05-20,4486.60009765625,4558.39990234375,4455.0,4535.2998046875,152270,0.005342172444495308,0.005327953658274186
2026-05-21,4548.0,4572.39990234375,4488.2998046875,4542.5,153243,0.001587589712384263,0.0015863308240594716
2026-05-22,4544.2001953125,4547.0,4488.0,4523.2001953125,108508,-0.0042487186984039305,-0.00425777015084119
2026-05-26,4532.0,4583.2998046875,4480.0,4502.2998046875,254516,-0.004620708728890532,-0.004631417203363537
2026-05-27,4507.39990234375,4528.10009765625,4398.5,4448.39990234375,81062,-0.01197163775891441,-0.012043874924552741
2026-05-28,4453.60009765625,4512.60009765625,4363.5,4499.2998046875,153472,0.0114422946365349,0.011377326701735371
2026-05-29,4527.60009765625,4627.10009765625,4519.5,4593.0,133439,0.02082550605204836,0.020611619632489354
2026-06-01,4575.2001953125,4577.2998046875,4476.0,4506.2998046875,116787,-0.01887659379762685,-0.019057030995774785
2026-06-02,4515.7998046875,4571.2998046875,4492.2998046875,4519.89990234375,100306,0.0030180188282420417,0.0030134737518727112
2026-06-03,4520.0,4525.10009765625,4454.0,4466.89990234375,106691,-0.011725923393240967,-0.011795214231624811
2026-06-04,4462.60009765625,4543.2001953125,4450.10009765625,4505.0,109643,0.008529427228995967,0.008493257192171784
2026-06-05,4503.0,4508.7001953125,4336.60009765625,4365.2998046875,179306,-0.03101003225582688,-0.03150102035015332
2026-06-08,4354.0,4377.5,4293.0,4363.39990234375,144089,-0.00043522837577159024,-0.00043532311513096416
2026-06-09,4354.7001953125,4388.60009765625,4259.89990234375,4286.39990234375,138100,-0.0176467895960305,-0.017804350569623165
2026-06-10,4276.10009765625,4281.10009765625,4090.10009765625,4133.2998046875,206026,-0.035717642110932535,-0.036371124884566265
2026-06-11,4094.39990234375,4241.2998046875,4046.199951171875,4114.0,206270,-0.004669345462337993,-0.004680280910062282
2026-06-12,4234.89990234375,4267.7998046875,4191.10009765625,4238.7998046875,136146,0.030335392486023238,0.02988437301046769
2026-06-15,4289.39990234375,4391.5,4283.39990234375,4351.60009765625,132136,0.026611375428490236,0.026263451765015426
2026-06-16,4331.2998046875,4376.5,4326.7001953125,4354.39990234375,89925,0.0006433965954288912,0.0006431897045765433
2026-06-17,4352.60009765625,4403.60009765625,4237.39990234375,4381.39990234375,160543,0.006200624794582499,0.006181480019613532
2026-06-18,4275.10009765625,4350.2001953125,4220.2998046875,4245.89990234375,139534,-0.03092618866575425,-0.03141449730480256
2026-06-22,4163.89990234375,4238.10009765625,4151.39990234375,4202.7001953125,177657,-0.010174452536529044,-0.010226566064495585
2026-06-23,4210.7998046875,4216.0,4108.2001953125,4149.39990234375,118495,-0.012682392388635888,-0.012763500419267708
2026-06-24,4130.0,4132.39990234375,3975.699951171875,4008.800048828125,189386,-0.03388438251907422,-0.03447176509826013
2026-06-25,4019.0,4060.0,3976.300048828125,4047.60009765625,147347,0.009678718907286887,0.009632180156806893
2026-06-26,4044.39990234375,4111.5,3998.10009765625,4096.2998046875,118966,0.012031748655073171,0.01195994256198446
2026-06-29,4101.10009765625,4102.89990234375,4012.0,4038.89990234375,107421,-0.014012622386199824,-0.01411172607016486
2026-06-30,4032.5,4078.10009765625,3955.39990234375,4038.5,125413,-9.901268994505497e-05,-9.901759202502146e-05
2026-07-01,4025.0,4131.0,3973.0,4082.39990234375,146949,0.01087034848180024,0.010811690946126428
2026-07-02,4049.199951171875,4157.10009765625,4042.800048828125,4125.7001953125,0,0.010606577994451527,0.010550722853549186
2026-07-06,4187.5,4215.5,4140.60009765625,4167.5,147556,0.010131566209050202,0.010080585942922573
2026-07-07,4176.39990234375,4192.39990234375,4102.7001953125,4157.39990234375,110330,-0.0024235387297540933,-0.002426480253299979
2026-07-08,4106.5,4144.7001953125,4032.5,4082.39990234375,170826,-0.018040121653372432,-0.01820482854317175
2026-07-09,4087.60009765625,4148.39990234375,4063.39990234375,4140.7998046875,125061,0.01430528702252376,0.014203931870230524
2026-07-10,4135.39990234375,4144.60009765625,4081.699951171875,4113.7001953125,98745,-0.006544535030242882,-0.00656604439685363
2026-07-13,4106.60009765625,4111.60009765625,3992.89990234375,4005.699951171875,154814,-0.02625379561293495,-0.026604579738470423
2026-07-14,4005.89990234375,4112.5,3990.39990234375,4069.699951171875,151122,0.015977232638524574,0.015850940084858954
2026-07-15,4059.800048828125,4089.10009765625,4023.300048828125,4051.800048828125,113034,-0.0043983346582088245,-0.004408035788420516
2026-07-16,4068.89990234375,4071.89990234375,3973.39990234375,3992.10009765625,125063,-0.014734179982336837,-0.014843806179640429
2026-07-17,3980.10009765625,4028.89990234375,3963.0,4018.800048828125,112279,0.006688196818398939,0.006665930057903775
2026-07-20,4005.60009765625,4046.0,3986.5,4015.89990234375,102847,-0.0007216448813422982,-0.0007219053923481778
2026-07-21,4013.39990234375,4092.5,4003.300048828125,4076.39990234375,119957,0.015065116529595635,0.014952764652307306
2026-07-22,4084.699951171875,4171.39990234375,4081.0,4151.89990234375,132783,0.018521244678813442,0.01835181525835857
2026-07-23,4126.0,4144.0,4042.5,4050.199951171875,159889,-0.024494798420950703,-0.02479978671478728
2026-07-24,4053.39990234375,4085.199951171875,4024.0,4070.800048828125,120072,0.005086192757048913,0.005073301770884964
2026-07-27,4097.5,4119.2998046875,4067.10009765625,4077.0,135087,0.0015230301408835079,0.0015218715067524344
2026-07-28,4083.0,4085.699951171875,4011.10009765625,4038.699951171875,167757,-0.009394174350778717,-0.009438577915329392
2026-07-29,4020.89990234375,4115.2001953125,3993.800048828125,4036.300048828125,89664,-0.0005942264522655893,-0.00059440307477652
2026-07-30,4060.699951171875,4118.5,4028.5,4100.10009765625,149370,0.015806567414790695,0.01568294462773327
2026-07-31,4163.89990234375,4170.7001953125,4076.39990234375,4107.0,110633,0.001682861925174528,0.001681447499677798
2026-08-03,4135.2001953125,4145.5,4074.0,4090.5,93289,-0.0040175310445580426,-0.004025623002805644
2026-08-04,4109.60009765625,4163.7998046875,4098.2001953125,4152.60009765625,118831,0.01518154202573041,0.01506745563901258
2026-08-05,4133.7998046875,4328.2001953125,4121.60009765625,4305.2001953125,211902,0.03674808410816599,0.03608897216402639
2026-08-06,4307.0,4363.7001953125,4281.2001953125,4299.60009765625,167624,-0.0013007752025904207,-0.0013016219450149402
2026-08-07,4298.2998046875,4432.2998046875,4288.0,4399.7001953125,190635,0.023281257647848497,0.023014383344138307
2026-08-10,4400.0,4453.7998046875,4373.89990234375,4419.7001953125,118606,0.00454576428214537,0.0045354635005110805
2026-08-11,4446.89990234375,4495.0,4415.7001953125,4441.10009765625,138129,0.004841935289286559,0.004830250822389399
2026-08-12,4430.0,4502.7001953125,4421.39990234375,4467.5,153093,0.005944451096178138,0.005926852554767298
2026-08-13,4468.7998046875,4509.10009765625,4400.0,4420.39990234375,139219,-0.010542831036653655,-0.010598800411131155
2026-08-14,4408.2001953125,4454.60009765625,4365.5,4437.2998046875,126955,0.0038231614146018167,0.0038158717069127763
2026-08-17,4440.0,4486.5,4422.2998046875,4473.7001953125,121052,0.008203275015708167,0.008169811040117807
2026-08-18,4473.39990234375,4493.10009765625,4383.2998046875,4420.60009765625,131150,-0.011869391183586209,-0.01194039481296564
2026-08-19,4391.39990234375,4582.7998046875,4378.0,4545.2998046875,250482,0.028208773532209852,0.027818233507170564
2026-08-20,4580.0,4597.10009765625,4506.0,4571.39990234375,186475,0.005742216966487801,0.005725793280893032
2026-08-21,4577.0,4690.39990234375,4565.5,4680.60009765625,195566,0.02388769253298384,0.023606845341786878
2026-08-24,4673.39990234375,4738.5,4651.7998046875,4697.7998046875,206802,0.003674679885569132,0.0036679447440550925
2026-08-25,4710.10009765625,4755.0,4659.5,4694.5,176784,-0.000702414922876704,-0.0007026617318202684
2026-08-26,4715.7001953125,4730.89990234375,4638.2001953125,4653.2998046875,151459,-0.008776269104803447,-0.008815007372689115
2026-08-27,4650.0,4697.7001953125,4616.0,4664.0,140302,0.002299485475172114,0.002296845704415356
2026-08-28,4656.0,4688.0,4495.0,4529.89990234375,274603,-0.028752165020636822,-0.0291736064102411
2026-08-31,4483.2001953125,4521.5,4445.60009765625,4481.5,152216,-0.010684541245317147,-0.010742030822670839
2026-09-01,4498.7001953125,4510.5,4369.7001953125,4396.39990234375,198560,-0.018989199521644573,-0.019171809815447714
2026-09-02,4377.2001953125,4444.39990234375,4329.2001953125,4414.60009765625,187568,0.004139795222631415,0.004131249846342525
2026-09-03,4436.39990234375,4558.5,4426.7001953125,4539.89990234375,209167,0.028383047595641253,0.027987712022117656
2026-09-04,4522.0,4537.7998046875,4412.0,4476.60009765625,189656,-0.013942995671517133,-0.01404111233007951
2026-09-08,4466.5,4488.7998046875,4381.0,4439.0,217162,-0.008399253191263556,-0.008434725686314178
2026-09-09,4399.0,4479.0,4384.10009765625,4460.7001953125,164390,0.004888532397499423,0.004876622322419299
2026-09-10,4448.0,4479.89990234375,4354.7001953125,4407.2998046875,201300,-0.011971302326283961,-0.012043535427645233
2026-09-11,4359.39990234375,4444.89990234375,4333.0,4408.89990234375,187975,0.0003630562310619201,0.00036299034209558113
2026-09-14,4375.0,4396.7998046875,4293.0,4351.89990234375,164499,-0.012928395124075953,-0.013012694180211297
2026-09-15,4340.2998046875,4358.2001953125,4301.60009765625,4332.7998046875,146019,-0.004388910150705305,-0.00439856969045683
2026-09-16,4333.5,4413.10009765625,4273.2998046875,4387.5,249081,0.01262467637053577,0.012545649573884569
2026-09-17,4301.39990234375,4423.2998046875,4294.5,4399.7001953125,169188,0.002780671296296333,0.0027768123817939784
2026-09-18,4381.60009765625,4439.7998046875,4372.2001953125,4424.89990234375,142919,0.005727596407159252,0.005711256090991798
2026-09-21,4413.0,4422.10009765625,4360.2998046875,4383.89990234375,138203,-0.009265746323048663,-0.009308940374303529
2026-09-22,4382.5,4414.10009765625,4327.60009765625,4376.39990234375,178132,-0.0017108054853146593,-0.001712270584256936
2026-09-23,4394.7001953125,4407.5,4310.7001953125,4318.39990234375,178132,-0.013252902224254792,-0.013341505638595612
2026-09-24,4309.5,4312.7998046875,4305.2998046875,4305.60009765625,504,-0.0029640156022958664,-0.0029684169958923427
